token_id,dst_rank,arrival_cycle,enqueue_cycle,dispatch_cycle,completion_cycle,queue_delay,total_latency,queue_depth_at_enqueue,aggregation_size,credit_stalled,counter_stalled
0,1,0,0,4116,6952,4116,6952,1,1,false,false
1,1,0,0,13904,16740,13904,16740,2,1,false,false
2,1,0,0,23692,26272,23692,26272,3,1,false,false
3,1,0,0,32712,35292,32712,35292,4,1,false,false
4,2,0,0,6952,9788,6952,9788,1,1,false,false
5,2,0,0,16740,19576,16740,19576,2,1,false,false
6,2,0,0,26272,28852,26272,28852,3,1,false,false
7,2,0,0,35292,37872,35292,37872,4,1,false,false
8,2,0,0,41476,43032,41476,43032,5,1,false,false
9,2,0,0,46380,47680,46380,47680,6,1,false,false
10,2,0,0,51028,52328,51028,52328,7,1,false,false
11,2,0,0,55676,56976,55676,56976,8,1,false,false
12,2,0,0,59812,61368,59812,61368,9,1,false,false
13,2,0,0,68340,69640,68340,69640,10,1,false,false
14,2,0,0,76356,77656,76356,77656,11,1,false,false
15,2,0,0,84372,85672,84372,85672,12,1,false,false
16,2,0,0,92644,94200,92644,94200,13,1,false,false
17,2,0,0,101940,103240,101940,103240,14,1,false,false
18,2,0,0,110724,112024,110724,112024,15,1,false,false
19,2,0,0,119508,120808,119508,120808,16,1,false,false
20,2,0,0,128804,130360,128804,130360,17,1,false,false
21,2,0,0,137844,139144,137844,139144,18,1,false,false
22,2,0,0,146628,147928,146628,147928,19,1,false,false
23,2,0,0,155412,156712,155412,156712,20,1,false,false
24,2,0,0,163684,167288,163684,167288,21,1,false,false
25,2,0,0,173748,177096,173748,177096,22,1,false,false
26,2,0,0,183300,186648,183300,186648,23,1,false,false
27,2,0,0,192596,195944,192596,195944,24,1,false,false
28,1,0,0,37872,41476,37872,41476,5,1,false,false
29,1,0,0,43032,46380,43032,46380,6,1,false,false
30,1,0,0,47680,51028,47680,51028,7,1,false,false
31,1,0,0,52328,55676,52328,55676,8,1,false,false
32,1,0,0,56976,59812,56976,59812,9,1,false,false
33,1,0,0,65504,68340,65504,68340,10,1,false,false
34,1,0,0,73776,76356,73776,76356,11,1,false,false
35,1,0,0,81792,84372,81792,84372,12,1,false,false
36,1,0,0,89808,92644,89808,92644,13,1,false,false
37,1,0,0,99104,101940,99104,101940,14,1,false,false
38,1,0,0,108144,110724,108144,110724,15,1,false,false
39,1,0,0,116928,119508,116928,119508,16,1,false,false
40,1,0,0,125200,128804,125200,128804,17,1,false,false
41,1,0,0,134496,137844,134496,137844,18,1,false,false
42,1,0,0,143280,146628,143280,146628,19,1,false,false
43,1,0,0,152064,155412,152064,155412,20,1,false,false
44,2,0,0,201892,204728,201892,204728,25,1,false,false
45,2,0,0,211188,214024,211188,214024,26,1,false,false
46,2,0,0,219972,222552,219972,222552,27,1,false,false
47,2,0,0,228244,230824,228244,230824,28,1,false,false
48,2,0,0,235492,238328,235492,238328,29,1,false,false
49,2,0,0,242484,245320,242484,245320,30,1,false,false
50,2,0,0,249476,252056,249476,252056,31,1,false,false
51,2,0,0,256212,258792,256212,258792,32,1,false,false
52,1,0,0,160848,163684,160848,163684,21,1,false,false
53,1,0,0,170912,173748,170912,173748,22,1,false,false
54,1,0,0,180720,183300,180720,183300,23,1,false,false
55,1,0,0,190016,192596,190016,192596,24,1,false,false
56,1,0,0,199056,201892,199056,201892,25,1,false,false
57,1,0,0,208352,211188,208352,211188,26,1,false,false
58,1,0,0,217392,219972,217392,219972,27,1,false,false
59,1,0,0,225664,228244,225664,228244,28,1,false,false
60,1,0,0,233936,235492,233936,235492,29,1,false,false
61,1,0,0,241184,242484,241184,242484,30,1,false,false
62,1,0,0,248176,249476,248176,249476,31,1,false,false
63,1,0,0,254912,256212,254912,256212,32,1,false,false
64,1,0,0,261392,264228,261392,264228,33,1,false,false
65,1,0,0,270688,273524,270688,273524,34,1,false,false
66,1,0,0,279728,282564,279728,282564,35,1,false,false
67,1,0,0,288512,291092,288512,291092,36,1,false,false
68,0,0,0,0,4116,0,4116,1,1,false,false
69,0,0,0,9788,13904,9788,13904,2,1,false,false
70,0,0,0,19576,23692,19576,23692,3,1,false,false
71,0,0,0,28852,32712,28852,32712,4,1,false,false
72,1,0,0,297040,299108,297040,299108,37,1,false,false
73,1,0,0,304800,306868,304800,306868,38,1,false,false
74,1,0,0,312560,314628,312560,314628,39,1,false,false
75,1,0,0,320064,321876,320064,321876,40,1,false,false
76,1,0,0,327056,331172,327056,331172,41,1,false,false
77,1,0,0,338912,343028,338912,343028,42,1,false,false
78,1,0,0,350512,354628,350512,354628,43,1,false,false
79,1,0,0,361856,365716,361856,365716,44,1,false,false
80,1,0,0,372944,375780,372944,375780,45,1,false,false
81,1,0,0,384288,387124,384288,387124,46,1,false,false
82,1,0,0,395632,398212,395632,398212,47,1,false,false
83,1,0,0,406464,409044,406464,409044,48,1,false,false
84,2,0,0,264228,267064,264228,267064,33,1,false,false
85,2,0,0,273524,276360,273524,276360,34,1,false,false
86,2,0,0,282564,285144,282564,285144,35,1,false,false
87,2,0,0,291092,293672,291092,293672,36,1,false,false
88,1,0,0,417040,419876,417040,419876,49,1,false,false
89,1,0,0,425568,428404,425568,428404,50,1,false,false
90,1,0,0,434096,436676,434096,436676,51,1,false,false
91,1,0,0,442112,444692,442112,444692,52,1,false,false
92,2,0,0,299108,301944,299108,301944,37,1,false,false
93,2,0,0,306868,309704,306868,309704,38,1,false,false
94,2,0,0,314628,317208,314628,317208,39,1,false,false
95,2,0,0,321876,324456,321876,324456,40,1,false,false
96,2,0,0,331172,335288,331172,335288,41,1,false,false
97,2,0,0,343028,347144,343028,347144,42,1,false,false
98,2,0,0,354628,358488,354628,358488,43,1,false,false
99,2,0,0,365716,369576,365716,369576,44,1,false,false
100,1,0,0,449872,453476,449872,453476,53,1,false,false
101,1,0,0,460448,463796,460448,463796,54,1,false,false
102,1,0,0,470768,474116,470768,474116,55,1,false,false
103,1,0,0,480832,484180,480832,484180,56,1,false,false
104,1,0,0,490896,492964,490896,492964,57,1,false,false
105,1,0,0,499424,501492,499424,501492,58,1,false,false
106,1,0,0,507952,510020,507952,510020,59,1,false,false
107,1,0,0,515968,518036,515968,518036,60,1,false,false
108,2,0,0,375780,381432,375780,381432,45,1,false,false
109,2,0,0,387124,392776,387124,392776,46,1,false,false
110,2,0,0,398212,403608,398212,403608,47,1,false,false
111,2,0,0,409044,414440,409044,414440,48,1,false,false
112,1,0,0,523728,527332,523728,527332,61,1,false,false
113,1,0,0,533024,536372,533024,536372,62,1,false,false
114,1,0,0,542064,545412,542064,545412,63,1,false,false
115,1,0,0,550848,554196,550848,554196,64,1,false,false
116,2,0,0,419876,422712,419876,422712,49,1,false,false
117,2,0,0,428404,431240,428404,431240,50,1,false,false
118,2,0,0,436676,439256,436676,439256,51,1,false,false
119,2,0,0,444692,447272,444692,447272,52,1,false,false
120,2,0,0,453476,456312,453476,456312,53,1,false,false
121,2,0,0,463796,466632,463796,466632,54,1,false,false
122,2,0,0,474116,476696,474116,476696,55,1,false,false
123,2,0,0,484180,486760,484180,486760,56,1,false,false
124,1,0,0,559376,562212,559376,562212,65,1,false,false
125,1,0,0,568672,571508,568672,571508,66,1,false,false
126,1,0,0,577712,580292,577712,580292,67,1,false,false
127,1,0,0,586240,588820,586240,588820,68,1,false,false
128,2,0,0,492964,495800,492964,495800,57,1,false,false
129,2,0,0,501492,504328,501492,504328,58,1,false,false
130,2,0,0,510020,512600,510020,512600,59,1,false,false
131,2,0,0,518036,520616,518036,520616,60,1,false,false
132,1,0,0,594768,597604,594768,597604,69,1,false,false
133,1,0,0,605344,608180,605344,608180,70,1,false,false
134,1,0,0,615920,618500,615920,618500,71,1,false,false
135,1,0,0,625728,628308,625728,628308,72,1,false,false
136,1,0,0,635536,638884,635536,638884,73,1,false,false
137,1,0,0,645344,648692,645344,648692,74,1,false,false
138,1,0,0,654896,658244,654896,658244,75,1,false,false
139,1,0,0,664448,667796,664448,667796,76,1,false,false
140,2,0,0,527332,530168,527332,530168,61,1,false,false
141,2,0,0,536372,539208,536372,539208,62,1,false,false
142,2,0,0,545412,547992,545412,547992,63,1,false,false
143,2,0,0,554196,556776,554196,556776,64,1,false,false
144,1,0,0,673744,677348,673744,677348,77,1,false,false
145,1,0,0,681760,685108,681760,685108,78,1,false,false
146,1,0,0,692080,695428,692080,695428,79,1,false,false
147,1,0,0,702400,705748,702400,705748,80,1,false,false
148,1,0,0,712464,716068,712464,716068,81,1,false,false
149,1,0,0,721504,724852,721504,724852,82,1,false,false
150,1,0,0,732080,735428,732080,735428,83,1,false,false
151,1,0,0,742656,746004,742656,746004,84,1,false,false
152,1,0,0,752976,756580,752976,756580,85,1,false,false
153,1,0,0,765088,768436,765088,768436,86,1,false,false
154,1,0,0,775408,778756,775408,778756,87,1,false,false
155,1,0,0,785728,789076,785728,789076,88,1,false,false
156,1,0,0,795792,798628,795792,798628,89,1,false,false
157,1,0,0,803552,806388,803552,806388,90,1,false,false
158,1,0,0,811312,813892,811312,813892,91,1,false,false
159,1,0,0,818816,821396,818816,821396,92,1,false,false
160,2,0,0,562212,565048,562212,565048,65,1,false,false
161,2,0,0,571508,574344,571508,574344,66,1,false,false
162,2,0,0,580292,582872,580292,582872,67,1,false,false
163,2,0,0,588820,591400,588820,591400,68,1,false,false
164,1,0,0,825808,828644,825808,828644,93,1,false,false
165,1,0,0,835616,838452,835616,838452,94,1,false,false
166,1,0,0,846192,848772,846192,848772,95,1,false,false
167,1,0,0,856000,858580,856000,858580,96,1,false,false
168,2,0,0,597604,600440,597604,600440,69,1,false,false
169,2,0,0,608180,611016,608180,611016,70,1,false,false
170,2,0,0,618500,621080,618500,621080,71,1,false,false
171,2,0,0,628308,630888,628308,630888,72,1,false,false
172,2,0,0,638884,642488,638884,642488,73,1,false,false
173,2,0,0,648692,652040,648692,652040,74,1,false,false
174,2,0,0,658244,661592,658244,661592,75,1,false,false
175,2,0,0,667796,671144,667796,671144,76,1,false,false
176,1,0,0,865808,869924,865808,869924,97,1,false,false
177,1,0,0,877664,881780,877664,881780,98,1,false,false
178,1,0,0,890032,894148,890032,894148,99,1,false,false
179,1,0,0,902144,906004,902144,906004,100,1,false,false
180,1,0,0,914000,917348,914000,917348,101,1,false,false
181,1,0,0,924832,928180,924832,928180,102,1,false,false
182,1,0,0,934384,937732,934384,937732,103,1,false,false
183,1,0,0,943936,947284,943936,947284,104,1,false,false
184,1,0,0,953232,956580,953232,956580,105,1,false,false
185,1,0,0,963296,966644,963296,966644,106,1,false,false
186,1,0,0,973616,976964,973616,976964,107,1,false,false
187,1,0,0,983936,987284,983936,987284,108,1,false,false
188,2,0,0,677348,677624,677348,677624,77,1,false,false
189,2,0,0,685108,687944,685108,687944,78,1,false,false
190,2,0,0,695428,698264,695428,698264,79,1,false,false
191,2,0,0,705748,708328,705748,708328,80,1,false,false
192,2,0,0,716068,718648,716068,718648,81,1,false,false
193,2,0,0,724852,729224,724852,729224,82,1,false,false
194,2,0,0,735428,739800,735428,739800,83,1,false,false
195,2,0,0,746004,750376,746004,750376,84,1,false,false
196,2,0,0,756580,760952,756580,760952,85,1,false,false
197,2,0,0,768436,771272,768436,771272,86,1,false,false
198,2,0,0,778756,781592,778756,781592,87,1,false,false
199,2,0,0,789076,791656,789076,791656,88,1,false,false
200,2,0,0,798628,801208,798628,801208,89,1,false,false
201,1,0,0,994000,997604,994000,997604,109,1,false,false
202,1,0,0,1004320,1007668,1004320,1007668,110,1,false,false
203,1,0,0,1016176,1019524,1016176,1019524,111,1,false,false
204,1,0,0,1027520,1030868,1027520,1030868,112,1,false,false
205,1,0,0,1038608,1038884,1038608,1038884,113,1,false,false
206,2,0,0,806388,809224,806388,809224,90,1,false,false
207,2,0,0,813892,816728,813892,816728,91,1,false,false
208,2,0,0,821396,823976,821396,823976,92,1,false,false
209,2,0,0,828644,831224,828644,831224,93,1,false,false
210,1,0,0,1045856,1049460,1045856,1049460,114,1,false,false
211,1,0,0,1055152,1058500,1055152,1058500,115,1,false,false
212,1,0,0,1064192,1067540,1064192,1067540,116,1,false,false
213,1,0,0,1072720,1076068,1072720,1076068,117,1,false,false
214,2,0,0,838452,842056,838452,842056,94,1,false,false
215,2,0,0,848772,852120,848772,852120,95,1,false,false
216,2,0,0,858580,861928,858580,861928,96,1,false,false
217,2,0,0,869924,873272,869924,873272,97,1,false,false
218,1,0,0,1082784,1086388,1082784,1086388,118,1,false,false
219,1,0,0,1093360,1096708,1093360,1096708,119,1,false,false
220,1,0,0,1103680,1107028,1103680,1107028,120,1,false,false
221,1,0,0,1113744,1117092,1113744,1117092,121,1,false,false
222,2,0,0,881780,885896,881780,885896,98,1,false,false
223,2,0,0,894148,898264,894148,898264,99,1,false,false
224,2,0,0,906004,910120,906004,910120,100,1,false,false
225,2,0,0,917348,921208,917348,921208,101,1,false,false
226,1,0,0,1123296,1125364,1123296,1125364,122,1,false,false
227,1,0,0,1131568,1133636,1131568,1133636,123,1,false,false
228,1,0,0,1139840,1141908,1139840,1141908,124,1,false,false
229,1,0,0,1147856,1149924,1147856,1149924,125,1,false,false
230,2,0,0,928180,931016,928180,931016,102,1,false,false
231,2,0,0,937732,940568,937732,940568,103,1,false,false
232,2,0,0,947284,949864,947284,949864,104,1,false,false
233,2,0,0,956580,959160,956580,959160,105,1,false,false
234,1,0,0,1156640,1159476,1156640,1159476,126,1,false,false
235,1,0,0,1167216,1170052,1167216,1170052,127,1,false,false
236,1,0,0,1177536,1180116,1177536,1180116,128,1,false,false
237,1,0,0,1187600,1190180,1187600,1190180,129,1,false,false
238,2,0,0,966644,969480,966644,969480,106,1,false,false
239,2,0,0,976964,979800,976964,979800,107,1,false,false
240,2,0,0,987284,989864,987284,989864,108,1,false,false
241,2,0,0,997604,1000184,997604,1000184,109,1,false,false
242,2,0,0,1007668,1012040,1007668,1012040,110,1,false,false
243,2,0,0,1019524,1023640,1019524,1023640,111,1,false,false
244,2,0,0,1030868,1034984,1030868,1034984,112,1,false,false
245,2,0,0,1038884,1043000,1038884,1043000,113,1,false,false
246,2,0,0,1049460,1052296,1049460,1052296,114,1,false,false
247,2,0,0,1058500,1061336,1058500,1061336,115,1,false,false
248,2,0,0,1067540,1070120,1067540,1070120,116,1,false,false
249,2,0,0,1076068,1078648,1076068,1078648,117,1,false,false
250,1,0,0,1197152,1199988,1197152,1199988,130,1,false,false
251,1,0,0,1206192,1209028,1206192,1209028,131,1,false,false
252,1,0,0,1215232,1217812,1215232,1217812,132,1,false,false
253,1,0,0,1223760,1226340,1223760,1226340,133,1,false,false
254,2,0,0,1086388,1089224,1086388,1089224,118,1,false,false
255,2,0,0,1096708,1099544,1096708,1099544,119,1,false,false
256,2,0,0,1107028,1109608,1107028,1109608,120,1,false,false
257,2,0,0,1117092,1119672,1117092,1119672,121,1,false,false
258,1,0,0,1233056,1235892,1233056,1235892,134,1,false,false
259,1,0,0,1241584,1244420,1241584,1244420,135,1,false,false
260,1,0,0,1249856,1252436,1249856,1252436,136,1,false,false
261,1,0,0,1257872,1260452,1257872,1260452,137,1,false,false
262,2,0,0,1125364,1128200,1125364,1128200,122,1,false,false
263,2,0,0,1133636,1136472,1133636,1136472,123,1,false,false
264,2,0,0,1141908,1144488,1141908,1144488,124,1,false,false
265,2,0,0,1149924,1152504,1149924,1152504,125,1,false,false
266,1,2176,2176,1264608,1265396,1262432,1263220,138,1,false,false
267,1,2176,2176,1270320,1271108,1268144,1268932,139,1,false,false
268,1,2176,2176,1276032,1276820,1273856,1274644,140,1,false,false
269,1,2176,2176,1281488,1282020,1279312,1279844,141,1,false,false
270,3,59360,59360,61368,63436,2008,4076,1,1,false,false
271,3,59360,59360,69640,71708,10280,12348,2,1,false,false
272,3,59360,59360,77656,79724,18296,20364,3,1,false,false
273,3,59360,59360,85672,87740,26312,28380,4,1,false,false
274,3,60160,60160,94200,98316,34040,38156,5,1,false,false
275,3,60160,60160,103240,107356,43080,47196,6,1,false,false
276,3,60160,60160,112024,116140,51864,55980,7,1,false,false
277,3,60160,60160,120808,124668,60648,64508,8,1,false,false
278,2,62816,62816,1159476,1163080,1096660,1100264,117,1,false,false
279,2,62816,62816,1170052,1173400,1107236,1110584,118,1,false,false
280,2,62816,62816,1180116,1183464,1117300,1120648,119,1,false,false
281,2,62816,62816,1190180,1193528,1127364,1130712,120,1,false,false
282,0,63392,63392,63436,65504,44,2112,1,1,false,false
283,0,63392,63392,71708,73776,8316,10384,2,1,false,false
284,0,63392,63392,79724,81792,16332,18400,3,1,false,false
285,0,63392,63392,87740,89808,24348,26416,4,1,false,false
286,0,63456,63456,98316,99104,34860,35648,4,1,false,false
287,0,63456,63456,107356,108144,43900,44688,5,1,false,false
288,0,63456,63456,116140,116928,52684,53472,6,1,false,false
289,0,63456,63456,124668,125200,61212,61744,7,1,false,false
290,0,63520,63520,132428,134496,68908,70976,8,1,false,false
291,0,63520,63520,141212,143280,77692,79760,9,1,false,false
292,0,63520,63520,149996,152064,86476,88544,10,1,false,false
293,0,63520,63520,158780,160848,95260,97328,11,1,false,false
294,2,63617,63617,1199988,1202824,1136371,1139207,121,1,false,false
295,2,63617,63617,1209028,1211864,1145411,1148247,122,1,false,false
296,2,63617,63617,1217812,1220392,1154195,1156775,123,1,false,false
297,2,63617,63617,1226340,1228920,1162723,1165303,124,1,false,false
298,0,63680,63680,170124,170912,106444,107232,12,1,false,false
299,0,63680,63680,179932,180720,116252,117040,13,1,false,false
300,0,63680,63680,189228,190016,125548,126336,14,1,false,false
301,0,63680,63680,198524,199056,134844,135376,15,1,false,false
302,0,63872,63872,206796,208352,142924,144480,16,1,false,false
303,0,63872,63872,216092,217392,152220,153520,17,1,false,false
304,0,63872,63872,224364,225664,160492,161792,18,1,false,false
305,0,63872,63872,232636,233936,168764,170064,19,1,false,false
306,0,63873,63873,240396,241184,176523,177311,20,1,false,false
307,0,63873,63873,247388,248176,183515,184303,21,1,false,false
308,0,63873,63873,254124,254912,190251,191039,22,1,false,false
309,0,63873,63873,260860,261392,196987,197519,23,1,false,false
310,0,64065,64065,269132,270688,205067,206623,24,1,false,false
311,0,64065,64065,278428,279728,214363,215663,25,1,false,false
312,0,64065,64065,287212,288512,223147,224447,26,1,false,false
313,0,64065,64065,295740,297040,231675,232975,27,1,false,false
314,2,64096,64096,1235892,1237448,1171796,1173352,125,1,false,false
315,2,64096,64096,1244420,1245720,1180324,1181624,126,1,false,false
316,2,64096,64096,1252436,1253736,1188340,1189640,127,1,false,false
317,2,64096,64096,1260452,1261752,1196356,1197656,128,1,false,false
318,0,64128,64128,304012,304800,239884,240672,28,1,false,false
319,0,64128,64128,311772,312560,247644,248432,29,1,false,false
320,0,64128,64128,319276,320064,255148,255936,30,1,false,false
321,0,64128,64128,326524,327056,262396,262928,31,1,false,false
322,0,64192,64192,337356,338912,273164,274720,32,1,false,false
323,0,64192,64192,349212,350512,285020,286320,33,1,false,false
324,0,64192,64192,360556,361856,296364,297664,34,1,false,false
325,0,64192,64192,371644,372944,307452,308752,35,1,false,false
326,0,64224,64224,383500,384288,319276,320064,36,1,false,false
327,0,64224,64224,394844,395632,330620,331408,37,1,false,false
328,0,64224,64224,405676,406464,341452,342240,38,1,false,false
329,0,64224,64224,416508,417040,352284,352816,39,1,false,false
330,0,64288,64288,424780,425568,360492,361280,40,1,false,false
331,0,64288,64288,433308,434096,369020,369808,41,1,false,false
332,0,64288,64288,441324,442112,377036,377824,42,1,false,false
333,0,64288,64288,449340,449872,385052,385584,43,1,false,false
334,2,64352,64352,1265396,1267464,1201044,1203112,129,1,false,false
335,2,64352,64352,1271108,1273176,1206756,1208824,130,1,false,false
336,2,64352,64352,1276820,1278888,1212468,1214536,131,1,false,false
337,2,64352,64352,1282020,1284088,1217668,1219736,132,1,false,false
338,0,64384,64384,458380,460448,393996,396064,44,1,false,false
339,0,64384,64384,468700,470768,404316,406384,45,1,false,false
340,0,64384,64384,478764,480832,414380,416448,46,1,false,false
341,0,64384,64384,488828,490896,424444,426512,47,1,false,false
342,2,64385,64385,1287988,1288264,1223603,1223879,133,1,false,false
343,0,64480,64480,498636,499424,434156,434944,48,1,false,false
344,0,64480,64480,507164,507952,442684,443472,49,1,false,false
345,0,64480,64480,515180,515968,450700,451488,50,1,false,false
346,0,64480,64480,523196,523728,458716,459248,51,1,false,false
347,3,64480,64480,130360,132428,65880,67948,8,1,false,false
348,3,64480,64480,139144,141212,74664,76732,9,1,false,false
349,3,64480,64480,147928,149996,83448,85516,10,1,false,false
350,3,64480,64480,156712,158780,92232,94300,11,1,false,false
351,2,64512,64512,1293188,1294744,1228676,1230232,134,1,false,false
352,2,64512,64512,1299412,1300712,1234900,1236200,135,1,false,false
353,2,64512,64512,1305380,1306680,1240868,1242168,136,1,false,false
354,2,64512,64512,1310324,1311624,1245812,1247112,137,1,false,false
355,3,64544,64544,167288,170124,102744,105580,12,1,false,false
356,3,64544,64544,177096,179932,112552,115388,13,1,false,false
357,3,64544,64544,186648,189228,122104,124684,14,1,false,false
358,3,64544,64544,195944,198524,131400,133980,15,1,false,false
359,0,64544,64544,532236,533024,467692,468480,52,1,false,false
360,0,64544,64544,541276,542064,476732,477520,53,1,false,false
361,0,64544,64544,550060,550848,485516,486304,54,1,false,false
362,0,64544,64544,558844,559376,494300,494832,55,1,false,false
363,0,64545,64545,567116,568672,502571,504127,56,1,false,false
364,0,64545,64545,576412,577712,511867,513167,57,1,false,false
365,0,64545,64545,584940,586240,520395,521695,58,1,false,false
366,0,64545,64545,593468,594768,528923,530223,59,1,false,false
367,0,64577,64577,602508,605344,537931,540767,60,1,false,false
368,0,64577,64577,613084,615920,548507,551343,61,1,false,false
369,0,64577,64577,623148,625728,558571,561151,62,1,false,false
370,0,64577,64577,632956,635536,568379,570959,63,1,false,false
371,0,64608,64608,644556,645344,579948,580736,64,1,false,false
372,0,64608,64608,654108,654896,589500,590288,65,1,false,false
373,0,64608,64608,663660,664448,599052,599840,66,1,false,false
374,0,64608,64608,673212,673744,608604,609136,67,1,false,false
375,0,64608,64608,679692,681760,615084,617152,68,1,false,false
376,0,64608,64608,690012,692080,625404,627472,69,1,false,false
377,0,64608,64608,700332,702400,635724,637792,70,1,false,false
378,0,64608,64608,710396,712464,645788,647856,71,1,false,false
379,3,64609,64609,204728,206796,140119,142187,16,1,false,false
380,3,64609,64609,214024,216092,149415,151483,17,1,false,false
381,3,64609,64609,222552,224364,157943,159755,18,1,false,false
382,3,64609,64609,230824,232636,166215,168027,19,1,false,false
383,0,64672,64672,720716,721504,656044,656832,72,1,false,false
384,0,64672,64672,731292,732080,666620,667408,73,1,false,false
385,0,64672,64672,741868,742656,677196,677984,74,1,false,false
386,0,64672,64672,752444,752976,687772,688304,75,1,false,false
387,0,64704,64704,763020,765088,698316,700384,76,1,false,false
388,0,64704,64704,773340,775408,708636,710704,77,1,false,false
389,0,64704,64704,783660,785728,718956,721024,78,1,false,false
390,0,64704,64704,793724,795792,729020,731088,79,1,false,false
391,1,64736,64736,1287712,1287988,1222976,1223252,133,1,false,false
392,0,64736,64736,801996,803552,737260,738816,80,1,false,false
393,0,64736,64736,810012,811312,745276,746576,81,1,false,false
394,0,64736,64736,817516,818816,752780,754080,82,1,false,false
395,0,64736,64736,824508,825808,759772,761072,83,1,false,false
396,0,64737,64737,834060,835616,769323,770879,84,1,false,false
397,0,64737,64737,844892,846192,780155,781455,85,1,false,false
398,0,64737,64737,854700,856000,789963,791263,86,1,false,false
399,0,64737,64737,864508,865808,799771,801071,87,1,false,false
400,0,64768,64768,876108,877664,811340,812896,88,1,false,false
401,0,64768,64768,888732,890032,823964,825264,89,1,false,false
402,0,64768,64768,900844,902144,836076,837376,90,1,false,false
403,0,64768,64768,912700,914000,847932,849232,91,1,false,false
404,0,64768,64768,923276,924832,858508,860064,92,1,false,false
405,0,64768,64768,933084,934384,868316,869616,93,1,false,false
406,0,64768,64768,942636,943936,877868,879168,94,1,false,false
407,0,64768,64768,951932,953232,887164,888464,95,1,false,false
408,0,64800,64800,961228,963296,896428,898496,96,1,false,false
409,0,64800,64800,971548,973616,906748,908816,97,1,false,false
410,0,64800,64800,981868,983936,917068,919136,98,1,false,false
411,0,64800,64800,991932,994000,927132,929200,99,1,false,false
412,0,64800,64800,1001484,1004320,936684,939520,100,1,false,false
413,0,64800,64800,1013340,1016176,948540,951376,101,1,false,false
414,0,64800,64800,1024940,1027520,960140,962720,102,1,false,false
415,0,64800,64800,1036028,1038608,971228,973808,103,1,false,false
416,0,64800,64800,1045068,1045856,980268,981056,104,1,false,false
417,0,64800,64800,1054364,1055152,989564,990352,105,1,false,false
418,0,64800,64800,1063404,1064192,998604,999392,106,1,false,false
419,0,64800,64800,1072188,1072720,1007388,1007920,107,1,false,false
420,0,64800,64800,1080716,1082784,1015916,1017984,108,1,false,false
421,0,64800,64800,1091292,1093360,1026492,1028560,109,1,false,false
422,0,64800,64800,1101612,1103680,1036812,1038880,110,1,false,false
423,0,64800,64800,1111676,1113744,1046876,1048944,111,1,false,false
424,2,64801,64801,1315268,1316824,1250467,1252023,138,1,false,false
425,2,64801,64801,1320212,1321512,1255411,1256711,139,1,false,false
426,2,64801,64801,1324644,1325944,1259843,1261143,140,1,false,false
427,2,64801,64801,1330100,1331400,1265299,1266599,141,1,false,false
428,0,64832,64832,1121740,1123296,1056908,1058464,112,1,false,false
429,0,64832,64832,1130268,1131568,1065436,1066736,113,1,false,false
430,0,64832,64832,1138540,1139840,1073708,1075008,114,1,false,false
431,0,64832,64832,1146556,1147856,1081724,1083024,115,1,false,false
432,0,64832,64832,1154572,1156640,1089740,1091808,116,1,false,false
433,0,64832,64832,1165148,1167216,1100316,1102384,117,1,false,false
434,0,64832,64832,1175468,1177536,1110636,1112704,118,1,false,false
435,0,64832,64832,1185532,1187600,1120700,1122768,119,1,false,false
436,3,64833,64833,238328,240396,173495,175563,20,1,false,false
437,3,64833,64833,245320,247388,180487,182555,21,1,false,false
438,3,64833,64833,252056,254124,187223,189291,22,1,false,false
439,3,64833,64833,258792,260860,193959,196027,23,1,false,false
440,0,64864,64864,1195596,1197152,1130732,1132288,120,1,false,false
441,0,64864,64864,1204892,1206192,1140028,1141328,121,1,false,false
442,0,64864,64864,1213932,1215232,1149068,1150368,122,1,false,false
443,0,64864,64864,1222460,1223760,1157596,1158896,123,1,false,false
444,0,64896,64896,1230988,1233056,1166092,1168160,124,1,false,false
445,0,64896,64896,1239516,1241584,1174620,1176688,125,1,false,false
446,0,64896,64896,1247788,1249856,1182892,1184960,126,1,false,false
447,0,64896,64896,1255804,1257872,1190908,1192976,127,1,false,false
448,0,64896,64896,1263820,1264608,1198924,1199712,128,1,false,false
449,0,64896,64896,1269532,1270320,1204636,1205424,129,1,false,false
450,0,64896,64896,1275244,1276032,1210348,1211136,130,1,false,false
451,0,64896,64896,1280956,1281488,1216060,1216592,131,1,false,false
452,0,64928,64928,1286156,1287712,1221228,1222784,132,1,false,false
453,0,64928,64928,1290332,1291632,1225404,1226704,133,1,false,false
454,0,64928,64928,1296812,1298112,1231884,1233184,134,1,false,false
455,0,64928,64928,1302780,1304080,1237852,1239152,135,1,false,false
456,0,64928,64928,1307468,1309024,1242540,1244096,136,1,false,false
457,0,64928,64928,1312412,1313712,1247484,1248784,137,1,false,false
458,0,64928,64928,1317612,1318912,1252684,1253984,138,1,false,false
459,0,64928,64928,1322044,1323344,1257116,1258416,139,1,false,false
460,0,64928,64928,1328012,1328800,1263084,1263872,140,1,false,false
461,0,64928,64928,1333468,1334256,1268540,1269328,141,1,false,false
462,0,64928,64928,1339436,1340224,1274508,1275296,142,1,false,false
463,0,64928,64928,1344892,1345424,1279964,1280496,143,1,false,false
464,0,64929,64929,1350092,1352160,1285163,1287231,144,1,false,false
465,0,64929,64929,1356828,1358896,1291899,1293967,145,1,false,false
466,0,64929,64929,1362796,1364864,1297867,1299935,146,1,false,false
467,0,64929,64929,1370300,1372368,1305371,1307439,147,1,false,false
468,0,64960,64960,1377804,1378592,1312844,1313632,148,1,false,false
469,0,64960,64960,1384028,1384816,1319068,1319856,149,1,false,false
470,0,64960,64960,1390508,1391296,1325548,1326336,150,1,false,false
471,0,64960,64960,1394940,1395472,1329980,1330512,151,1,false,false
472,3,64960,64960,267064,269132,202104,204172,24,1,false,false
473,3,64960,64960,276360,278428,211400,213468,25,1,false,false
474,3,64960,64960,285144,287212,220184,222252,26,1,false,false
475,3,64960,64960,293672,295740,228712,230780,27,1,false,false
476,0,64960,64960,1401676,1403744,1336716,1338784,152,1,false,false
477,0,64960,64960,1409948,1412016,1344988,1347056,153,1,false,false
478,0,64960,64960,1416940,1419008,1351980,1354048,154,1,false,false
479,0,64960,64960,1423932,1426000,1358972,1361040,155,1,false,false
480,0,64960,64960,1429900,1430688,1364940,1365728,156,1,false,false
481,0,64960,64960,1434332,1435120,1369372,1370160,157,1,false,false
482,0,64960,64960,1442092,1442880,1377132,1377920,158,1,false,false
483,0,64960,64960,1449596,1450128,1384636,1385168,159,1,false,false
484,2,64992,64992,1335812,1337368,1270820,1272376,142,1,false,false
485,2,64992,64992,1341524,1342824,1276532,1277832,143,1,false,false
486,2,64992,64992,1346724,1348024,1281732,1283032,144,1,false,false
487,2,64992,64992,1353460,1354760,1288468,1289768,145,1,false,false
488,0,65024,65024,1457100,1457888,1392076,1392864,160,1,false,false
489,0,65024,65024,1464604,1465392,1399580,1400368,161,1,false,false
490,0,65024,65024,1470316,1471104,1405292,1406080,162,1,false,false
491,0,65024,65024,1475772,1476304,1410748,1411280,163,1,false,false
492,3,65024,65024,301944,304012,236920,238988,28,1,false,false
493,3,65024,65024,309704,311772,244680,246748,29,1,false,false
494,3,65024,65024,317208,319276,252184,254252,30,1,false,false
495,3,65024,65024,324456,326524,259432,261500,31,1,false,false
496,0,65057,65057,1481740,1483296,1416683,1418239,164,1,false,false
497,0,65057,65057,1488732,1490032,1423675,1424975,165,1,false,false
498,0,65057,65057,1494956,1496256,1429899,1431199,166,1,false,false
499,0,65057,65057,1501180,1502480,1436123,1437423,167,1,false,false
500,0,65088,65088,1506124,1507680,1441036,1442592,168,1,false,false
501,0,65088,65088,1511324,1512624,1446236,1447536,169,1,false,false
502,0,65088,65088,1519084,1520384,1453996,1455296,170,1,false,false
503,0,65088,65088,1526332,1527632,1461244,1462544,171,1,false,false
504,3,65088,65088,335288,337356,270200,272268,32,1,false,false
505,3,65088,65088,347144,349212,282056,284124,33,1,false,false
506,3,65088,65088,358488,360556,293400,295468,34,1,false,false
507,3,65088,65088,369576,371644,304488,306556,35,1,false,false
508,2,65088,65088,1359172,1360728,1294084,1295640,146,1,false,false
509,2,65088,65088,1366932,1368232,1301844,1303144,147,1,false,false
510,2,65088,65088,1374436,1375736,1309348,1310648,148,1,false,false
511,2,65088,65088,1380660,1381960,1315572,1316872,149,1,false,false
512,0,65120,65120,1534604,1536160,1469484,1471040,172,1,false,false
513,0,65120,65120,1542876,1544176,1477756,1479056,173,1,false,false
514,0,65120,65120,1550380,1551680,1485260,1486560,174,1,false,false
515,0,65120,65120,1557884,1559184,1492764,1494064,175,1,false,false
516,0,65152,65152,1564364,1565920,1499212,1500768,176,1,false,false
517,0,65152,65152,1572636,1573936,1507484,1508784,177,1,false,false
518,0,65152,65152,1580140,1581440,1514988,1516288,178,1,false,false
519,0,65152,65152,1587644,1588944,1522492,1523792,179,1,false,false
520,0,65153,65153,1595148,1597216,1529995,1532063,180,1,false,false
521,0,65153,65153,1603164,1605232,1538011,1540079,181,1,false,false
522,0,65153,65153,1610924,1612992,1545771,1547839,182,1,false,false
523,0,65153,65153,1618428,1620496,1553275,1555343,183,1,false,false
524,3,65184,65184,381432,383500,316248,318316,36,1,false,false
525,3,65184,65184,392776,394844,327592,329660,37,1,false,false
526,3,65184,65184,403608,405676,338424,340492,38,1,false,false
527,3,65184,65184,414440,416508,349256,351324,39,1,false,false
528,0,65184,65184,1625932,1630048,1560748,1564864,184,1,false,false
529,0,65184,65184,1635484,1639600,1570300,1574416,185,1,false,false
530,0,65184,65184,1647340,1651456,1582156,1586272,186,1,false,false
531,0,65184,65184,1658940,1662800,1593756,1597616,187,1,false,false
532,1,65185,65185,1291632,1293188,1226447,1228003,134,1,false,false
533,1,65185,65185,1298112,1299412,1232927,1234227,135,1,false,false
534,1,65185,65185,1304080,1305380,1238895,1240195,136,1,false,false
535,1,65185,65185,1309024,1310324,1243839,1245139,137,1,false,false
536,2,65185,65185,1386884,1388440,1321699,1323255,150,1,false,false
537,2,65185,65185,1391572,1392872,1326387,1327687,151,1,false,false
538,2,65185,65185,1397540,1398840,1332355,1333655,152,1,false,false
539,2,65185,65185,1405812,1407112,1340627,1341927,153,1,false,false
540,1,65185,65185,1313712,1315268,1248527,1250083,138,1,false,false
541,1,65185,65185,1318912,1320212,1253727,1255027,139,1,false,false
542,1,65185,65185,1323344,1324644,1258159,1259459,140,1,false,false
543,1,65185,65185,1328800,1330100,1263615,1264915,141,1,false,false
544,0,65216,65216,1670284,1671072,1605068,1605856,188,1,false,false
545,0,65216,65216,1678556,1679344,1613340,1614128,189,1,false,false
546,0,65216,65216,1685036,1685824,1619820,1620608,190,1,false,false
547,0,65216,65216,1691260,1691792,1626044,1626576,191,1,false,false
548,0,65216,65216,1697228,1698784,1632012,1633568,192,1,false,false
549,0,65216,65216,1703708,1705008,1638492,1639792,193,1,false,false
550,0,65216,65216,1708396,1709696,1643180,1644480,194,1,false,false
551,0,65216,65216,1713084,1714384,1647868,1649168,195,1,false,false
552,2,65216,65216,1414084,1414360,1348868,1349144,154,1,false,false
553,0,65248,65248,1719820,1722656,1654572,1657408,196,1,false,false
554,0,65248,65248,1727068,1729904,1661820,1664656,197,1,false,false
555,0,65248,65248,1736108,1738688,1670860,1673440,198,1,false,false
556,0,65248,65248,1744892,1747472,1679644,1682224,199,1,false,false
557,0,65248,65248,1751884,1755232,1686636,1689984,200,1,false,false
558,0,65248,65248,1759644,1762992,1694396,1697744,201,1,false,false
559,0,65248,65248,1769452,1772800,1704204,1707552,202,1,false,false
560,0,65248,65248,1779004,1782352,1713756,1717104,203,1,false,false
561,0,65248,65248,1788556,1790112,1723308,1724864,204,1,false,false
562,0,65248,65248,1796316,1797616,1731068,1732368,205,1,false,false
563,0,65248,65248,1808172,1809472,1742924,1744224,206,1,false,false
564,0,65248,65248,1820028,1821328,1754780,1756080,207,1,false,false
565,3,65248,65248,422712,424780,357464,359532,40,1,false,false
566,3,65248,65248,431240,433308,365992,368060,41,1,false,false
567,3,65248,65248,439256,441324,374008,376076,42,1,false,false
568,3,65248,65248,447272,449340,382024,384092,43,1,false,false
569,3,65248,65248,456312,458380,391064,393132,44,1,false,false
570,3,65248,65248,466632,468700,401384,403452,45,1,false,false
571,3,65248,65248,476696,478764,411448,413516,46,1,false,false
572,3,65248,65248,486760,488828,421512,423580,47,1,false,false
573,0,65280,65280,1831628,1832416,1766348,1767136,208,1,false,false
574,0,65280,65280,1842716,1843504,1777436,1778224,209,1,false,false
575,0,65280,65280,1849196,1849984,1783916,1784704,210,1,false,false
576,0,65280,65280,1856956,1857488,1791676,1792208,211,1,false,false
577,0,65280,65280,1864204,1866272,1798924,1800992,212,1,false,false
578,0,65280,65280,1872988,1875056,1807708,1809776,213,1,false,false
579,0,65280,65280,1884076,1886144,1818796,1820864,214,1,false,false
580,0,65280,65280,1895164,1897232,1829884,1831952,215,1,false,false
581,0,65281,65281,1905996,1907552,1840715,1842271,216,1,false,false
582,0,65281,65281,1916316,1917616,1851035,1852335,217,1,false,false
583,0,65281,65281,1923820,1925120,1858539,1859839,218,1,false,false
584,0,65281,65281,1931580,1932880,1866299,1867599,219,1,false,false
585,0,65312,65312,1938828,1940384,1873516,1875072,220,1,false,false
586,0,65312,65312,1946332,1947632,1881020,1882320,221,1,false,false
587,0,65312,65312,1955372,1956672,1890060,1891360,222,1,false,false
588,0,65312,65312,1964412,1965712,1899100,1900400,223,1,false,false
589,0,65344,65344,1973196,1974496,1907852,1909152,224,1,false,false
590,0,65344,65344,1981980,1983280,1916636,1917936,225,1,false,false
591,0,65344,65344,1992300,1993600,1926956,1928256,226,1,false,false
592,0,65344,65344,2002620,2003664,1937276,1938320,227,1,false,false
593,0,65345,65345,2012428,2013216,1947083,1947871,228,1,false,false
594,0,65345,65345,2021980,2022768,1956635,1957423,229,1,false,false
595,0,65345,65345,2030508,2031296,1965163,1965951,230,1,false,false
596,0,65345,65345,2040316,2040848,1974971,1975503,231,1,false,false
597,0,65376,65376,2049868,2053472,1984492,1988096,232,1,false,false
598,0,65376,65376,2062236,2065584,1996860,2000208,233,1,false,false
599,0,65376,65376,2074604,2077952,2009228,2012576,234,1,false,false
600,0,65376,65376,2087740,2091088,2022364,2025712,235,1,false,false
601,0,65377,65377,2100620,2102176,2035243,2036799,236,1,false,false
602,0,65377,65377,2111708,2113008,2046331,2047631,237,1,false,false
603,0,65377,65377,2124076,2125376,2058699,2059999,238,1,false,false
604,0,65377,65377,2137468,2138768,2072091,2073391,239,1,false,false
605,3,65377,65377,495800,498636,430423,433259,48,1,false,false
606,3,65377,65377,504328,507164,438951,441787,49,1,false,false
607,3,65377,65377,512600,515180,447223,449803,50,1,false,false
608,3,65377,65377,520616,523196,455239,457819,51,1,false,false
609,3,65377,65377,530168,532236,464791,466859,52,1,false,false
610,3,65377,65377,539208,541276,473831,475899,53,1,false,false
611,3,65377,65377,547992,550060,482615,484683,54,1,false,false
612,3,65377,65377,556776,558844,491399,493467,55,1,false,false
613,3,65408,65408,565048,567116,499640,501708,56,1,false,false
614,3,65408,65408,574344,576412,508936,511004,57,1,false,false
615,3,65408,65408,582872,584940,517464,519532,58,1,false,false
616,3,65408,65408,591400,593468,525992,528060,59,1,false,false
617,0,65408,65408,2151116,2153952,2085708,2088544,240,1,false,false
618,0,65408,65408,2166300,2169136,2100892,2103728,241,1,false,false
619,0,65408,65408,2178668,2181248,2113260,2115840,242,1,false,false
620,0,65408,65408,2189500,2192080,2124092,2126672,243,1,false,false
621,3,65440,65440,600440,602508,535000,537068,60,1,false,false
622,3,65440,65440,611016,613084,545576,547644,61,1,false,false
623,3,65440,65440,621080,623148,555640,557708,62,1,false,false
624,3,65440,65440,630888,632956,565448,567516,63,1,false,false
625,3,65440,65440,642488,644556,577048,579116,64,1,false,false
626,3,65440,65440,652040,654108,586600,588668,65,1,false,false
627,3,65440,65440,661592,663660,596152,598220,66,1,false,false
628,3,65440,65440,671144,673212,605704,607772,67,1,false,false
629,3,65440,65440,677624,679692,612184,614252,68,1,false,false
630,3,65440,65440,687944,690012,622504,624572,69,1,false,false
631,3,65440,65440,698264,700332,632824,634892,70,1,false,false
632,3,65440,65440,708328,710396,642888,644956,71,1,false,false
633,0,65441,65441,2199564,2200352,2134123,2134911,244,1,false,false
634,0,65441,65441,2207580,2208368,2142139,2142927,245,1,false,false
635,0,65441,65441,2217388,2218176,2151947,2152735,246,1,false,false
636,0,65441,65441,2227964,2228496,2162523,2163055,247,1,false,false
637,0,65472,65472,2238028,2240096,2172556,2174624,248,1,false,false
638,0,65472,65472,2249628,2251696,2184156,2186224,249,1,false,false
639,0,65472,65472,2261484,2263552,2196012,2198080,250,1,false,false
640,0,65472,65472,2272572,2274640,2207100,2209168,251,1,false,false
641,0,65472,65472,2284428,2288032,2218956,2222560,252,1,false,false
642,0,65472,65472,2297564,2300912,2232092,2235440,253,1,false,false
643,0,65472,65472,2309420,2312768,2243948,2247296,254,1,false,false
644,0,65472,65472,2321532,2324880,2256060,2259408,255,1,false,false
645,3,65472,65472,718648,720716,653176,655244,72,1,false,false
646,3,65472,65472,729224,731292,663752,665820,73,1,false,false
647,3,65472,65472,739800,741868,674328,676396,74,1,false,false
648,3,65472,65472,750376,752444,684904,686972,75,1,false,false
649,3,65504,65504,760952,763020,695448,697516,76,1,false,false
650,3,65504,65504,771272,773340,705768,707836,77,1,false,false
651,3,65504,65504,781592,783660,716088,718156,78,1,false,false
652,3,65504,65504,791656,793724,726152,728220,79,1,false,false
653,0,65504,65504,2333132,2336736,2267628,2271232,256,1,false,false
654,0,65504,65504,2344732,2348080,2279228,2282576,257,1,false,false
655,0,65504,65504,2355564,2358912,2290060,2293408,258,1,false,false
656,0,65504,65504,2366652,2370000,2301148,2304496,259,1,false,false
657,0,65504,65504,2377484,2381088,2311980,2315584,260,1,false,false
658,0,65504,65504,2388316,2391920,2322812,2326416,261,1,false,false
659,0,65504,65504,2396844,2400192,2331340,2334688,262,1,false,false
660,0,65504,65504,2405372,2408720,2339868,2343216,263,1,false,false
661,0,65536,65536,2417996,2420064,2352460,2354528,264,1,false,false
662,0,65536,65536,2428828,2430896,2363292,2365360,265,1,false,false
663,0,65536,65536,2439404,2441472,2373868,2375936,266,1,false,false
664,0,65536,65536,2450236,2452304,2384700,2386768,267,1,false,false
665,0,65536,65536,2460556,2461344,2395020,2395808,268,1,false,false
666,0,65536,65536,2469340,2470128,2403804,2404592,269,1,false,false
667,0,65536,65536,2478124,2478912,2412588,2413376,270,1,false,false
668,0,65536,65536,2487164,2487696,2421628,2422160,271,1,false,false
669,1,65536,65536,1334256,1335812,1268720,1270276,141,1,false,false
670,1,65536,65536,1340224,1341524,1274688,1275988,142,1,false,false
671,1,65536,65536,1345424,1346724,1279888,1281188,143,1,false,false
672,1,65536,65536,1352160,1353460,1286624,1287924,144,1,false,false
673,3,65537,65537,801208,801996,735671,736459,80,1,false,false
674,3,65537,65537,809224,810012,743687,744475,81,1,false,false
675,3,65537,65537,816728,817516,751191,751979,82,1,false,false
676,3,65537,65537,823976,824508,758439,758971,83,1,false,false
677,0,65537,65537,2495436,2497504,2429899,2431967,272,1,false,false
678,0,65537,65537,2504988,2507056,2439451,2441519,273,1,false,false
679,0,65537,65537,2514284,2516352,2448747,2450815,274,1,false,false
680,0,65537,65537,2523836,2525904,2458299,2460367,275,1,false,false
681,0,65568,65568,2533644,2535712,2468076,2470144,276,1,false,false
682,0,65568,65568,2543196,2545264,2477628,2479696,277,1,false,false
683,0,65568,65568,2552492,2554560,2486924,2488992,278,1,false,false
684,0,65568,65568,2563580,2565648,2498012,2500080,279,1,false,false
685,0,65568,65568,2572108,2572896,2506540,2507328,280,1,false,false
686,0,65568,65568,2581916,2582704,2516348,2517136,281,1,false,false
687,0,65568,65568,2591724,2592512,2526156,2526944,282,1,false,false
688,0,65568,65568,2600508,2601040,2534940,2535472,283,1,false,false
689,0,65600,65600,2609036,2609824,2543436,2544224,284,1,false,false
690,0,65600,65600,2618076,2618864,2552476,2553264,285,1,false,false
691,0,65600,65600,2627116,2627904,2561516,2562304,286,1,false,false
692,0,65600,65600,2635388,2635920,2569788,2570320,287,1,false,false
693,0,65600,65600,2643404,2645472,2577804,2579872,288,1,false,false
694,0,65600,65600,2652956,2655024,2587356,2589424,289,1,false,false
695,0,65600,65600,2662508,2664576,2596908,2598976,290,1,false,false
696,0,65600,65600,2673596,2675664,2607996,2610064,291,1,false,false
697,3,65600,65600,831224,834060,765624,768460,84,1,false,false
698,3,65600,65600,842056,844892,776456,779292,85,1,false,false
699,3,65600,65600,852120,854700,786520,789100,86,1,false,false
700,3,65600,65600,861928,864508,796328,798908,87,1,false,false
701,0,65600,65600,2684428,2684960,2618828,2619360,292,1,false,false
702,0,65600,65600,2694748,2695280,2629148,2629680,293,1,false,false
703,0,65600,65600,2704812,2705344,2639212,2639744,294,1,false,false
704,0,65600,65600,2713596,2714128,2647996,2648528,295,1,false,false
705,3,65600,65600,873272,876108,807672,810508,88,1,false,false
706,3,65600,65600,885896,888732,820296,823132,89,1,false,false
707,3,65600,65600,898264,900844,832664,835244,90,1,false,false
708,3,65600,65600,910120,912700,844520,847100,91,1,false,false
709,0,65601,65601,2722380,2723936,2656779,2658335,296,1,false,false
710,0,65601,65601,2732188,2733488,2666587,2667887,297,1,false,false
711,0,65601,65601,2741484,2742784,2675883,2677183,298,1,false,false
712,0,65601,65601,2751548,2752848,2685947,2687247,299,1,false,false
713,0,65632,65632,2762380,2763168,2696748,2697536,300,1,false,false
714,0,65632,65632,2769628,2770416,2703996,2704784,301,1,false,false
715,0,65632,65632,2778412,2779200,2712780,2713568,302,1,false,false
716,0,65632,65632,2788220,2788752,2722588,2723120,303,1,false,false
717,3,65632,65632,921208,923276,855576,857644,92,1,false,false
718,3,65632,65632,931016,933084,865384,867452,93,1,false,false
719,3,65632,65632,940568,942636,874936,877004,94,1,false,false
720,3,65632,65632,949864,951932,884232,886300,95,1,false,false
721,3,65664,65664,959160,961228,893496,895564,96,1,false,false
722,3,65664,65664,969480,971548,903816,905884,97,1,false,false
723,3,65664,65664,979800,981868,914136,916204,98,1,false,false
724,3,65664,65664,989864,991932,924200,926268,99,1,false,false
725,0,65664,65664,2797004,2798560,2731340,2732896,304,1,false,false
726,0,65664,65664,2806812,2808112,2741148,2742448,305,1,false,false
727,0,65664,65664,2818412,2819712,2752748,2754048,306,1,false,false
728,0,65664,65664,2828732,2830032,2763068,2764368,307,1,false,false
729,0,65664,65664,2839052,2840608,2773388,2774944,308,1,false,false
730,0,65664,65664,2849116,2850416,2783452,2784752,309,1,false,false
731,0,65664,65664,2857900,2859200,2792236,2793536,310,1,false,false
732,0,65664,65664,2866940,2868240,2801276,2802576,311,1,false,false
733,0,65665,65665,2874956,2875744,2809291,2810079,312,1,false,false
734,0,65665,65665,2882204,2882992,2816539,2817327,313,1,false,false
735,0,65665,65665,2889708,2890496,2824043,2824831,314,1,false,false
736,0,65665,65665,2897212,2897744,2831547,2832079,315,1,false,false
737,0,65665,65665,2905228,2905760,2839563,2840095,316,1,false,false
738,0,65665,65665,2912988,2913520,2847323,2847855,317,1,false,false
739,0,65665,65665,2921004,2921536,2855339,2855871,318,1,false,false
740,0,65665,65665,2929276,2929808,2863611,2864143,319,1,false,false
741,0,65665,65665,2938060,2938848,2872395,2873183,320,1,false,false
742,0,65665,65665,2946844,2947632,2881179,2881967,321,1,false,false
743,0,65665,65665,2955628,2956416,2889963,2890751,322,1,false,false
744,0,65665,65665,2963900,2964432,2898235,2898767,323,1,false,false
745,3,65696,65696,1000184,1001484,934488,935788,100,1,false,false
746,3,65696,65696,1012040,1013340,946344,947644,101,1,false,false
747,3,65696,65696,1023640,1024940,957944,959244,102,1,false,false
748,3,65696,65696,1034984,1036028,969288,970332,103,1,false,false
749,0,65696,65696,2971148,2973984,2905452,2908288,324,1,false,false
750,0,65696,65696,2980700,2983536,2915004,2917840,325,1,false,false
751,0,65696,65696,2991788,2994368,2926092,2928672,326,1,false,false
752,0,65696,65696,3004924,3007504,2939228,2941808,327,1,false,false
753,0,65696,65696,3018572,3020640,2952876,2954944,328,1,false,false
754,0,65696,65696,3031452,3033520,2965756,2967824,329,1,false,false
755,0,65696,65696,3043564,3045632,2977868,2979936,330,1,false,false
756,0,65696,65696,3054396,3056464,2988700,2990768,331,1,false,false
757,3,65696,65696,1043000,1045068,977304,979372,104,1,false,false
758,3,65696,65696,1052296,1054364,986600,988668,105,1,false,false
759,3,65696,65696,1061336,1063404,995640,997708,106,1,false,false
760,3,65696,65696,1070120,1072188,1004424,1006492,107,1,false,false
761,3,65696,65696,1078648,1080716,1012952,1015020,108,1,false,false
762,3,65696,65696,1089224,1091292,1023528,1025596,109,1,false,false
763,3,65696,65696,1099544,1101612,1033848,1035916,110,1,false,false
764,3,65696,65696,1109608,1111676,1043912,1045980,111,1,false,false
765,0,65697,65697,3064716,3065504,2999019,2999807,332,1,false,false
766,0,65697,65697,3073500,3074288,3007803,3008591,333,1,false,false
767,0,65697,65697,3081772,3082560,3016075,3016863,334,1,false,false
768,0,65697,65697,3089532,3090064,3023835,3024367,335,1,false,false
769,0,65728,65728,3096780,3099616,3031052,3033888,336,1,false,false
770,0,65728,65728,3106332,3109168,3040604,3043440,337,1,false,false
771,0,65728,65728,3116652,3119232,3050924,3053504,338,1,false,false
772,0,65728,65728,3127484,3130064,3061756,3064336,339,1,false,false
773,0,65728,65728,3139084,3140384,3073356,3074656,340,1,false,false
774,0,65728,65728,3149148,3150448,3083420,3084720,341,1,false,false
775,0,65728,65728,3158444,3159744,3092716,3094016,342,1,false,false
776,0,65728,65728,3169532,3170576,3103804,3104848,343,1,false,false
777,0,65728,65728,3179340,3180128,3113612,3114400,344,1,false,false
778,0,65728,65728,3188892,3189680,3123164,3123952,345,1,false,false
779,0,65728,65728,3198700,3199488,3132972,3133760,346,1,false,false
780,0,65728,65728,3207228,3207760,3141500,3142032,347,1,false,false
781,3,65760,65760,1119672,1121740,1053912,1055980,112,1,false,false
782,3,65760,65760,1128200,1130268,1062440,1064508,113,1,false,false
783,3,65760,65760,1136472,1138540,1070712,1072780,114,1,false,false
784,3,65760,65760,1144488,1146556,1078728,1080796,115,1,false,false
785,0,65760,65760,3213452,3214240,3147692,3148480,348,1,false,false
786,0,65760,65760,3221468,3222256,3155708,3156496,349,1,false,false
787,0,65760,65760,3229740,3230528,3163980,3164768,350,1,false,false
788,0,65760,65760,3235708,3236240,3169948,3170480,351,1,false,false
789,3,65760,65760,1152504,1154572,1086744,1088812,116,1,false,false
790,3,65760,65760,1163080,1165148,1097320,1099388,117,1,false,false
791,3,65760,65760,1173400,1175468,1107640,1109708,118,1,false,false
792,3,65760,65760,1183464,1185532,1117704,1119772,119,1,false,false
793,0,65761,65761,3243724,3245280,3177963,3179519,352,1,false,false
794,0,65761,65761,3253532,3254832,3187771,3189071,353,1,false,false
795,0,65761,65761,3263084,3264384,3197323,3198623,354,1,false,false
796,0,65761,65761,3272380,3273680,3206619,3207919,355,1,false,false
797,0,65761,65761,3281676,3282464,3215915,3216703,356,1,false,false
798,0,65761,65761,3289948,3290736,3224187,3224975,357,1,false,false
799,0,65761,65761,3298220,3299008,3232459,3233247,358,1,false,false
800,0,65761,65761,3306492,3307024,3240731,3241263,359,1,false,false
801,0,65761,65761,3314508,3316064,3248747,3250303,360,1,false,false
802,0,65761,65761,3324316,3325616,3258555,3259855,361,1,false,false
803,0,65761,65761,3334636,3335936,3268875,3270175,362,1,false,false
804,0,65761,65761,3344444,3345744,3278683,3279983,363,1,false,false
805,3,65761,65761,1193528,1195596,1127767,1129835,120,1,false,false
806,3,65761,65761,1202824,1204892,1137063,1139131,121,1,false,false
807,3,65761,65761,1211864,1213932,1146103,1148171,122,1,false,false
808,3,65761,65761,1220392,1222460,1154631,1156699,123,1,false,false
809,0,65761,65761,3354508,3357344,3288747,3291583,364,1,false,false
810,0,65761,65761,3365596,3368432,3299835,3302671,365,1,false,false
811,0,65761,65761,3375916,3378496,3310155,3312735,366,1,false,false
812,0,65761,65761,3385980,3388560,3320219,3322799,367,1,false,false
813,3,65792,65792,1228920,1230988,1163128,1165196,124,1,false,false
814,3,65792,65792,1237448,1239516,1171656,1173724,125,1,false,false
815,3,65792,65792,1245720,1247788,1179928,1181996,126,1,false,false
816,3,65792,65792,1253736,1255804,1187944,1190012,127,1,false,false
817,0,65792,65792,3398860,3400416,3333068,3334624,368,1,false,false
818,0,65792,65792,3410716,3412016,3344924,3346224,369,1,false,false
819,0,65792,65792,3422316,3423616,3356524,3357824,370,1,false,false
820,0,65792,65792,3433916,3435216,3368124,3369424,371,1,false,false
821,3,65793,65793,1261752,1263820,1195959,1198027,128,1,false,false
822,3,65793,65793,1267464,1269532,1201671,1203739,129,1,false,false
823,3,65793,65793,1273176,1275244,1207383,1209451,130,1,false,false
824,3,65793,65793,1278888,1280956,1213095,1215163,131,1,false,false
825,0,65824,65824,3444236,3446304,3378412,3380480,372,1,false,false
826,0,65824,65824,3455068,3457136,3389244,3391312,373,1,false,false
827,0,65824,65824,3466156,3468224,3400332,3402400,374,1,false,false
828,0,65824,65824,3477244,3479056,3411420,3413232,375,1,false,false
829,0,65824,65824,3488332,3491168,3422508,3425344,376,1,false,false
830,0,65824,65824,3499932,3502768,3434108,3436944,377,1,false,false
831,0,65824,65824,3513068,3515904,3447244,3450080,378,1,false,false
832,0,65824,65824,3526204,3528784,3460380,3462960,379,1,false,false
833,3,65824,65824,1284088,1286156,1218264,1220332,132,1,false,false
834,3,65824,65824,1288264,1290332,1222440,1224508,133,1,false,false
835,3,65824,65824,1294744,1296812,1228920,1230988,134,1,false,false
836,3,65824,65824,1300712,1302780,1234888,1236956,135,1,false,false
837,3,65856,65856,1306680,1307468,1240824,1241612,136,1,false,false
838,3,65856,65856,1311624,1312412,1245768,1246556,137,1,false,false
839,3,65856,65856,1316824,1317612,1250968,1251756,138,1,false,false
840,3,65856,65856,1321512,1322044,1255656,1256188,139,1,false,false
841,0,65857,65857,3537804,3539872,3471947,3474015,380,1,false,false
842,0,65857,65857,3548636,3550704,3482779,3484847,381,1,false,false
843,0,65857,65857,3558188,3560256,3492331,3494399,382,1,false,false
844,0,65857,65857,3567740,3569808,3501883,3503951,383,1,false,false
845,0,65857,65857,3577292,3578080,3511435,3512223,384,1,false,false
846,0,65857,65857,3585564,3586352,3519707,3520495,385,1,false,false
847,0,65857,65857,3593836,3594624,3527979,3528767,386,1,false,false
848,0,65857,65857,3602108,3602640,3536251,3536783,387,1,false,false
849,3,65857,65857,1325944,1328012,1260087,1262155,140,1,false,false
850,3,65857,65857,1331400,1333468,1265543,1267611,141,1,false,false
851,3,65857,65857,1337368,1339436,1271511,1273579,142,1,false,false
852,3,65857,65857,1342824,1344892,1276967,1279035,143,1,false,false
853,3,65888,65888,1348024,1350092,1282136,1284204,144,1,false,false
854,3,65888,65888,1354760,1356828,1288872,1290940,145,1,false,false
855,3,65888,65888,1360728,1362796,1294840,1296908,146,1,false,false
856,3,65888,65888,1368232,1370300,1302344,1304412,147,1,false,false
857,2,65888,65888,1421076,1421352,1355188,1355464,155,1,false,false
858,1,65920,65920,1358896,1359172,1292976,1293252,145,1,false,false
859,3,65920,65920,1375736,1377804,1309816,1311884,148,1,false,false
860,3,65920,65920,1381960,1384028,1316040,1318108,149,1,false,false
861,3,65920,65920,1388440,1390508,1322520,1324588,150,1,false,false
862,3,65920,65920,1392872,1394940,1326952,1329020,151,1,false,false
863,1,65952,65952,1364864,1366932,1298912,1300980,146,1,false,false
864,1,65952,65952,1372368,1374436,1306416,1308484,147,1,false,false
865,1,65952,65952,1378592,1380660,1312640,1314708,148,1,false,false
866,1,65952,65952,1384816,1386884,1318864,1320932,149,1,false,false
867,3,65952,65952,1398840,1401676,1332888,1335724,152,1,false,false
868,3,65952,65952,1407112,1409948,1341160,1343996,153,1,false,false
869,3,65952,65952,1414360,1416940,1348408,1350988,154,1,false,false
870,3,65952,65952,1421352,1423932,1355400,1357980,155,1,false,false
871,0,65952,65952,3611660,3613728,3545708,3547776,388,1,false,false
872,0,65952,65952,3622492,3624560,3556540,3558608,389,1,false,false
873,0,65952,65952,3633580,3635648,3567628,3569696,390,1,false,false
874,0,65952,65952,3644668,3646480,3578716,3580528,391,1,false,false
875,3,65952,65952,1427832,1429900,1361880,1363948,156,1,false,false
876,3,65952,65952,1432264,1434332,1366312,1368380,157,1,false,false
877,3,65952,65952,1440024,1442092,1374072,1376140,158,1,false,false
878,3,65952,65952,1447528,1449596,1381576,1383644,159,1,false,false
879,0,65952,65952,3655500,3657568,3589548,3591616,392,1,false,false
880,0,65952,65952,3666332,3668400,3600380,3602448,393,1,false,false
881,0,65952,65952,3677420,3679488,3611468,3613536,394,1,false,false
882,0,65952,65952,3688508,3690576,3622556,3624624,395,1,false,false
883,3,65984,65984,1455032,1457100,1389048,1391116,160,1,false,false
884,3,65984,65984,1462536,1464604,1396552,1398620,161,1,false,false
885,3,65984,65984,1468248,1470316,1402264,1404332,162,1,false,false
886,3,65984,65984,1473704,1475772,1407720,1409788,163,1,false,false
887,0,65984,65984,3698060,3699616,3632076,3633632,396,1,false,false
888,0,65984,65984,3707100,3708400,3641116,3642416,397,1,false,false
889,0,65984,65984,3716652,3717952,3650668,3651968,398,1,false,false
890,0,65984,65984,3725948,3727248,3659964,3661264,399,1,false,false
891,0,65984,65984,3736268,3737824,3670284,3671840,400,1,false,false
892,0,65984,65984,3746588,3747888,3680604,3681904,401,1,false,false
893,0,65984,65984,3757676,3758976,3691692,3692992,402,1,false,false
894,0,65984,65984,3768508,3769808,3702524,3703824,403,1,false,false
895,0,65984,65984,3778828,3780896,3712844,3714912,404,1,false,false
896,0,65984,65984,3789916,3791984,3723932,3726000,405,1,false,false
897,0,65984,65984,3799468,3801536,3733484,3735552,406,1,false,false
898,0,65984,65984,3809020,3811088,3743036,3745104,407,1,false,false
899,0,65984,65984,3818572,3820640,3752588,3754656,408,1,false,false
900,0,65984,65984,3828124,3829936,3762140,3763952,409,1,false,false
901,0,65984,65984,3838956,3840768,3772972,3774784,410,1,false,false
902,0,65984,65984,3849532,3851344,3783548,3785360,411,1,false,false
903,2,65985,65985,1427556,1427832,1361571,1361847,156,1,false,false
904,0,65985,65985,3860876,3862944,3794891,3796959,412,1,false,false
905,0,65985,65985,3873244,3875312,3807259,3809327,413,1,false,false
906,0,65985,65985,3884332,3886400,3818347,3820415,414,1,false,false
907,0,65985,65985,3895164,3897232,3829179,3831247,415,1,false,false
908,0,66016,66016,3905996,3906784,3839980,3840768,416,1,false,false
909,0,66016,66016,3914780,3915568,3848764,3849552,417,1,false,false
910,0,66016,66016,3923820,3924608,3857804,3858592,418,1,false,false
911,0,66016,66016,3932860,3933392,3866844,3867376,419,1,false,false
912,3,66016,66016,1479672,1481740,1413656,1415724,164,1,false,false
913,3,66016,66016,1486664,1488732,1420648,1422716,165,1,false,false
914,3,66016,66016,1492888,1494956,1426872,1428940,166,1,false,false
915,3,66016,66016,1499112,1501180,1433096,1435164,167,1,false,false
916,3,66016,66016,1504056,1506124,1438040,1440108,168,1,false,false
917,3,66016,66016,1509256,1511324,1443240,1445308,169,1,false,false
918,3,66016,66016,1517016,1519084,1451000,1453068,170,1,false,false
919,3,66016,66016,1524264,1526332,1458248,1460316,171,1,false,false
920,3,66016,66016,1532536,1534604,1466520,1468588,172,1,false,false
921,3,66016,66016,1540808,1542876,1474792,1476860,173,1,false,false
922,3,66016,66016,1548312,1550380,1482296,1484364,174,1,false,false
923,3,66016,66016,1555816,1557884,1489800,1491868,175,1,false,false
924,3,66016,66016,1562296,1564364,1496280,1498348,176,1,false,false
925,3,66016,66016,1570568,1572636,1504552,1506620,177,1,false,false
926,3,66016,66016,1578072,1580140,1512056,1514124,178,1,false,false
927,3,66016,66016,1585576,1587644,1519560,1521628,179,1,false,false
928,0,66016,66016,3940876,3944992,3874860,3878976,420,1,false,false
929,0,66016,66016,3952476,3956592,3886460,3890576,421,1,false,false
930,0,66016,66016,3964076,3968192,3898060,3902176,422,1,false,false
931,0,66016,66016,3975676,3979536,3909660,3913520,423,1,false,false
932,0,66017,66017,3987020,3989856,3921003,3923839,424,1,false,false
933,0,66017,66017,3997340,4000176,3931323,3934159,425,1,false,false
934,0,66017,66017,4007660,4010240,3941643,3944223,426,1,false,false
935,0,66017,66017,4017724,4020304,3951707,3954287,427,1,false,false
936,3,66048,66048,1593080,1595148,1527032,1529100,180,1,false,false
937,3,66048,66048,1601096,1603164,1535048,1537116,181,1,false,false
938,3,66048,66048,1608856,1610924,1542808,1544876,182,1,false,false
939,3,66048,66048,1616360,1618428,1550312,1552380,183,1,false,false
940,3,66048,66048,1623864,1625932,1557816,1559884,184,1,false,false
941,3,66048,66048,1633416,1635484,1567368,1569436,185,1,false,false
942,3,66048,66048,1645272,1647340,1579224,1581292,186,1,false,false
943,3,66048,66048,1656872,1658940,1590824,1592892,187,1,false,false
944,0,66048,66048,4028556,4031392,3962508,3965344,428,1,false,false
945,0,66048,66048,4039388,4042224,3973340,3976176,429,1,false,false
946,0,66048,66048,4047916,4050496,3981868,3984448,430,1,false,false
947,0,66048,66048,4060284,4062864,3994236,3996816,431,1,false,false
948,0,66048,66048,4071884,4072672,4005836,4006624,432,1,false,false
949,0,66048,66048,4082460,4083248,4016412,4017200,433,1,false,false
950,0,66048,66048,4092780,4093568,4026732,4027520,434,1,false,false
951,0,66048,66048,4102076,4102608,4036028,4036560,435,1,false,false
952,0,66048,66048,4111372,4113440,4045324,4047392,436,1,false,false
953,0,66048,66048,4121692,4123760,4055644,4057712,437,1,false,false
954,0,66048,66048,4131756,4133824,4065708,4067776,438,1,false,false
955,0,66048,66048,4138748,4140816,4072700,4074768,439,1,false,false
956,0,66080,66080,4148556,4150112,4082476,4084032,440,1,false,false
957,0,66080,66080,4157852,4159152,4091772,4093072,441,1,false,false
958,0,66080,66080,4166636,4167936,4100556,4101856,442,1,false,false
959,0,66080,66080,4175164,4176464,4109084,4110384,443,1,false,false
960,3,66080,66080,1668216,1670284,1602136,1604204,188,1,false,false
961,3,66080,66080,1676488,1678556,1610408,1612476,189,1,false,false
962,3,66080,66080,1682968,1685036,1616888,1618956,190,1,false,false
963,3,66080,66080,1689192,1691260,1623112,1625180,191,1,false,false
964,3,66080,66080,1695160,1697228,1629080,1631148,192,1,false,false
965,3,66080,66080,1701640,1703708,1635560,1637628,193,1,false,false
966,3,66080,66080,1706584,1708396,1640504,1642316,194,1,false,false
967,3,66080,66080,1711272,1713084,1645192,1647004,195,1,false,false
968,0,66080,66080,4185740,4187296,4119660,4121216,444,1,false,false
969,0,66080,66080,4196060,4197360,4129980,4131280,445,1,false,false
970,0,66080,66080,4206124,4207424,4140044,4141344,446,1,false,false
971,0,66080,66080,4216188,4217488,4150108,4151408,447,1,false,false
972,0,66112,66112,4225996,4226784,4159884,4160672,448,1,false,false
973,0,66112,66112,4235804,4236592,4169692,4170480,449,1,false,false
974,0,66112,66112,4245356,4246144,4179244,4180032,450,1,false,false
975,0,66112,66112,4254652,4255184,4188540,4189072,451,1,false,false
976,3,66113,66113,1717752,1719820,1651639,1653707,196,1,false,false
977,3,66113,66113,1725000,1727068,1658887,1660955,197,1,false,false
978,3,66113,66113,1734040,1736108,1667927,1669995,198,1,false,false
979,3,66113,66113,1742824,1744892,1676711,1678779,199,1,false,false
980,0,66144,66144,4266252,4267808,4200108,4201664,452,1,false,false
981,0,66144,66144,4279132,4280432,4212988,4214288,453,1,false,false
982,0,66144,66144,4291244,4292544,4225100,4226400,454,1,false,false
983,0,66144,66144,4303100,4304400,4236956,4238256,455,1,false,false
984,0,66144,66144,4313164,4314720,4247020,4248576,456,1,false,false
985,0,66144,66144,4322972,4324272,4256828,4258128,457,1,false,false
986,0,66144,66144,4332268,4333568,4266124,4267424,458,1,false,false
987,0,66144,66144,4341564,4342864,4275420,4276720,459,1,false,false
988,3,66144,66144,1749816,1751884,1683672,1685740,200,1,false,false
989,3,66144,66144,1757576,1759644,1691432,1693500,201,1,false,false
990,3,66144,66144,1767384,1769452,1701240,1703308,202,1,false,false
991,3,66144,66144,1776936,1779004,1710792,1712860,203,1,false,false
992,0,66144,66144,4350604,4352672,4284460,4286528,460,1,false,false
993,0,66144,66144,4360412,4362480,4294268,4296336,461,1,false,false
994,0,66144,66144,4369708,4371776,4303564,4305632,462,1,false,false
995,0,66144,66144,4379004,4381072,4312860,4314928,463,1,false,false
996,3,66144,66144,1786488,1788556,1720344,1722412,204,1,false,false
997,3,66144,66144,1794248,1796316,1728104,1730172,205,1,false,false
998,3,66144,66144,1806104,1808172,1739960,1742028,206,1,false,false
999,3,66144,66144,1817960,1820028,1751816,1753884,207,1,false,false
1000,3,66144,66144,1829560,1831628,1763416,1765484,208,1,false,false
1001,3,66144,66144,1840648,1842716,1774504,1776572,209,1,false,false
1002,3,66144,66144,1847128,1849196,1780984,1783052,210,1,false,false
1003,3,66144,66144,1854888,1856956,1788744,1790812,211,1,false,false
1004,0,66145,66145,4388812,4389600,4322667,4323455,464,1,false,false
1005,0,66145,66145,4397340,4398128,4331195,4331983,465,1,false,false
1006,0,66145,66145,4405612,4406400,4339467,4340255,466,1,false,false
1007,0,66145,66145,4413628,4414160,4347483,4348015,467,1,false,false
1008,3,66145,66145,1862136,1864204,1795991,1798059,212,1,false,false
1009,3,66145,66145,1870920,1872988,1804775,1806843,213,1,false,false
1010,3,66145,66145,1882008,1884076,1815863,1817931,214,1,false,false
1011,3,66145,66145,1893096,1895164,1826951,1829019,215,1,false,false
1012,0,66176,66176,4422668,4423456,4356492,4357280,468,1,false,false
1013,0,66176,66176,4431708,4432496,4365532,4366320,469,1,false,false
1014,0,66176,66176,4440492,4441280,4374316,4375104,470,1,false,false
1015,0,66176,66176,4449276,4449808,4383100,4383632,471,1,false,false
1016,3,66176,66176,1903928,1905996,1837752,1839820,216,1,false,false
1017,3,66176,66176,1914248,1916316,1848072,1850140,217,1,false,false
1018,3,66176,66176,1921752,1923820,1855576,1857644,218,1,false,false
1019,3,66176,66176,1929512,1931580,1863336,1865404,219,1,false,false
1020,1,66176,66176,1391296,1391572,1325120,1325396,150,1,false,false
1021,3,66177,66177,1936760,1938828,1870583,1872651,220,1,false,false
1022,3,66177,66177,1944264,1946332,1878087,1880155,221,1,false,false
1023,3,66177,66177,1953304,1955372,1887127,1889195,222,1,false,false
1024,3,66177,66177,1962344,1964412,1896167,1898235,223,1,false,false
1025,0,66177,66177,4459084,4460640,4392907,4394463,472,1,false,false
1026,0,66177,66177,4472732,4474032,4406555,4407855,473,1,false,false
1027,0,66177,66177,4486124,4487424,4419947,4421247,474,1,false,false
1028,0,66177,66177,4499516,4500816,4433339,4434639,475,1,false,false
1029,3,66177,66177,1971128,1973196,1904951,1907019,224,1,false,false
1030,3,66177,66177,1979912,1981980,1913735,1915803,225,1,false,false
1031,3,66177,66177,1990232,1992300,1924055,1926123,226,1,false,false
1032,3,66177,66177,2000552,2002620,1934375,1936443,227,1,false,false
1033,3,66208,66208,2010360,2012428,1944152,1946220,228,1,false,false
1034,3,66208,66208,2019912,2021980,1953704,1955772,229,1,false,false
1035,3,66208,66208,2028440,2030508,1962232,1964300,230,1,false,false
1036,3,66208,66208,2038248,2040316,1972040,1974108,231,1,false,false
1037,1,66208,66208,1395472,1397540,1329264,1331332,151,1,false,false
1038,1,66208,66208,1403744,1405812,1337536,1339604,152,1,false,false
1039,1,66208,66208,1412016,1414084,1345808,1347876,153,1,false,false
1040,1,66208,66208,1419008,1421076,1352800,1354868,154,1,false,false
1041,0,66208,66208,4511884,4513440,4445676,4447232,476,1,false,false
1042,0,66208,66208,4519900,4521200,4453692,4454992,477,1,false,false
1043,0,66208,66208,4527148,4528448,4460940,4462240,478,1,false,false
1044,0,66208,66208,4534396,4535696,4468188,4469488,479,1,false,false
1045,0,66208,66208,4542668,4543200,4476460,4476992,480,1,false,false
1046,0,66208,66208,4551452,4551984,4485244,4485776,481,1,false,false
1047,0,66208,66208,4559980,4560512,4493772,4494304,482,1,false,false
1048,0,66208,66208,4568508,4569040,4502300,4502832,483,1,false,false
1049,0,66209,66209,4576012,4577568,4509803,4511359,484,1,false,false
1050,0,66209,66209,4583772,4585072,4517563,4518863,485,1,false,false
1051,0,66209,66209,4591276,4592576,4525067,4526367,486,1,false,false
1052,0,66209,66209,4598524,4599824,4532315,4533615,487,1,false,false
1053,0,66209,66209,4609356,4611424,4543147,4545215,488,1,false,false
1054,0,66209,66209,4621980,4624048,4555771,4557839,489,1,false,false
1055,0,66209,66209,4634092,4636160,4567883,4569951,490,1,false,false
1056,0,66209,66209,4646204,4648272,4579995,4582063,491,1,false,false
1057,3,66240,66240,2047800,2049868,1981560,1983628,232,1,false,false
1058,3,66240,66240,2060168,2062236,1993928,1995996,233,1,false,false
1059,3,66240,66240,2072536,2074604,2006296,2008364,234,1,false,false
1060,3,66240,66240,2085672,2087740,2019432,2021500,235,1,false,false
1061,3,66240,66240,2098552,2100620,2032312,2034380,236,1,false,false
1062,3,66240,66240,2109640,2111708,2043400,2045468,237,1,false,false
1063,3,66240,66240,2122008,2124076,2055768,2057836,238,1,false,false
1064,3,66240,66240,2135400,2137468,2069160,2071228,239,1,false,false
1065,3,66241,66241,2148280,2151116,2082039,2084875,240,1,false,false
1066,3,66241,66241,2163464,2166300,2097223,2100059,241,1,false,false
1067,3,66241,66241,2176088,2178668,2109847,2112427,242,1,false,false
1068,3,66241,66241,2186920,2189500,2120679,2123259,243,1,false,false
1069,0,66272,66272,4657548,4658336,4591276,4592064,492,1,false,false
1070,0,66272,66272,4667356,4668144,4601084,4601872,493,1,false,false
1071,0,66272,66272,4676908,4677696,4610636,4611424,494,1,false,false
1072,0,66272,66272,4686460,4686992,4620188,4620720,495,1,false,false
1073,3,66272,66272,2197496,2199564,2131224,2133292,244,1,false,false
1074,3,66272,66272,2205512,2207580,2139240,2141308,245,1,false,false
1075,3,66272,66272,2215320,2217388,2149048,2151116,246,1,false,false
1076,3,66272,66272,2225896,2227964,2159624,2161692,247,1,false,false
1077,0,66272,66272,4696012,4698336,4629740,4632064,496,1,false,false
1078,0,66272,66272,4707100,4709424,4640828,4643152,497,1,false,false
1079,0,66272,66272,4718188,4720512,4651916,4654240,498,1,false,false
1080,0,66272,66272,4729276,4731344,4663004,4665072,499,1,false,false
1081,0,66272,66272,4741132,4741920,4674860,4675648,500,1,false,false
1082,0,66272,66272,4752220,4753008,4685948,4686736,501,1,false,false
1083,0,66272,66272,4763308,4764096,4697036,4697824,502,1,false,false
1084,0,66272,66272,4773884,4774416,4707612,4708144,503,1,false,false
1085,3,66272,66272,2235960,2238028,2169688,2171756,248,1,false,false
1086,3,66272,66272,2247560,2249628,2181288,2183356,249,1,false,false
1087,3,66272,66272,2259416,2261484,2193144,2195212,250,1,false,false
1088,3,66272,66272,2270504,2272572,2204232,2206300,251,1,false,false
1089,0,66273,66273,4782668,4783456,4716395,4717183,504,1,false,false
1090,0,66273,66273,4791196,4791984,4724923,4725711,505,1,false,false
1091,0,66273,66273,4799212,4800000,4732939,4733727,506,1,false,false
1092,0,66273,66273,4807228,4807760,4740955,4741487,507,1,false,false
1093,0,66304,66304,4813708,4815776,4747404,4749472,508,1,false,false
1094,0,66304,66304,4824796,4826864,4758492,4760560,509,1,false,false
1095,0,66304,66304,4835884,4837952,4769580,4771648,510,1,false,false
1096,0,66304,66304,4846716,4848784,4780412,4782480,511,1,false,false
1097,0,66304,66304,4856780,4857568,4790476,4791264,512,1,false,false
1098,0,66304,66304,4865308,4866096,4799004,4799792,513,1,false,false
1099,0,66304,66304,4873580,4874368,4807276,4808064,514,1,false,false
1100,0,66304,66304,4881596,4882128,4815292,4815824,515,1,false,false
1101,3,66304,66304,2281592,2284428,2215288,2218124,252,1,false,false
1102,3,66304,66304,2294728,2297564,2228424,2231260,253,1,false,false
1103,3,66304,66304,2306840,2309420,2240536,2243116,254,1,false,false
1104,3,66304,66304,2318952,2321532,2252648,2255228,255,1,false,false
1105,0,66304,66304,4889612,4890400,4823308,4824096,516,1,false,false
1106,0,66304,66304,4898908,4899696,4832604,4833392,517,1,false,false
1107,0,66304,66304,4907948,4908736,4841644,4842432,518,1,false,false
1108,0,66304,66304,4916732,4917264,4850428,4850960,519,1,false,false
1109,2,66304,66304,1431988,1432264,1365684,1365960,157,1,false,false
1110,3,66305,66305,2331064,2333132,2264759,2266827,256,1,false,false
1111,3,66305,66305,2342664,2344732,2276359,2278427,257,1,false,false
1112,3,66305,66305,2353496,2355564,2287191,2289259,258,1,false,false
1113,3,66305,66305,2364584,2366652,2298279,2300347,259,1,false,false
1114,3,66305,66305,2375416,2377484,2309111,2311179,260,1,false,false
1115,3,66305,66305,2386248,2388316,2319943,2322011,261,1,false,false
1116,3,66305,66305,2394776,2396844,2328471,2330539,262,1,false,false
1117,3,66305,66305,2403304,2405372,2336999,2339067,263,1,false,false
1118,0,66336,66336,4925772,4926560,4859436,4860224,520,1,false,false
1119,0,66336,66336,4934812,4935600,4868476,4869264,521,1,false,false
1120,0,66336,66336,4943852,4944640,4877516,4878304,522,1,false,false
1121,0,66336,66336,4952636,4953168,4886300,4886832,523,1,false,false
1122,0,66336,66336,4960652,4961440,4894316,4895104,524,1,false,false
1123,0,66336,66336,4969948,4970736,4903612,4904400,525,1,false,false
1124,0,66336,66336,4978988,4979776,4912652,4913440,526,1,false,false
1125,0,66336,66336,4987516,4988048,4921180,4921712,527,1,false,false
1126,3,66336,66336,2414392,2417996,2348056,2351660,264,1,false,false
1127,3,66336,66336,2425480,2428828,2359144,2362492,265,1,false,false
1128,3,66336,66336,2436056,2439404,2369720,2373068,266,1,false,false
1129,3,66336,66336,2446888,2450236,2380552,2383900,267,1,false,false
1130,1,66336,66336,1426000,1427556,1359664,1361220,155,1,false,false
1131,1,66336,66336,1430688,1431988,1364352,1365652,156,1,false,false
1132,1,66336,66336,1435120,1436420,1368784,1370084,157,1,false,false
1133,1,66336,66336,1442880,1444180,1376544,1377844,158,1,false,false
1134,3,66368,66368,2458488,2460556,2392120,2394188,268,1,false,false
1135,3,66368,66368,2467272,2469340,2400904,2402972,269,1,false,false
1136,3,66368,66368,2476056,2478124,2409688,2411756,270,1,false,false
1137,3,66368,66368,2485096,2487164,2418728,2420796,271,1,false,false
1138,2,66368,66368,1436420,1440024,1370052,1373656,158,1,false,false
1139,2,66368,66368,1444180,1447528,1377812,1381160,159,1,false,false
1140,2,66368,66368,1451684,1455032,1385316,1388664,160,1,false,false
1141,2,66368,66368,1459188,1462536,1392820,1396168,161,1,false,false
1142,0,66368,66368,4996812,4998368,4930444,4932000,528,1,false,false
1143,0,66368,66368,5007388,5008688,4941020,4942320,529,1,false,false
1144,0,66368,66368,5017708,5019008,4951340,4952640,530,1,false,false
1145,0,66368,66368,5027772,5029072,4961404,4962704,531,1,false,false
1146,0,66368,66368,5037068,5039136,4970700,4972768,532,1,false,false
1147,0,66368,66368,5046876,5048944,4980508,4982576,533,1,false,false
1148,0,66368,66368,5056428,5058496,4990060,4992128,534,1,false,false
1149,0,66368,66368,5065724,5067792,4999356,5001424,535,1,false,false
1150,3,66368,66368,2493368,2495436,2427000,2429068,272,1,false,false
1151,3,66368,66368,2502920,2504988,2436552,2438620,273,1,false,false
1152,3,66368,66368,2512216,2514284,2445848,2447916,274,1,false,false
1153,3,66368,66368,2521768,2523836,2455400,2457468,275,1,false,false
1154,1,66368,66368,1450128,1451684,1383760,1385316,159,1,false,false
1155,1,66368,66368,1457888,1459188,1391520,1392820,160,1,false,false
1156,1,66368,66368,1465392,1466692,1399024,1400324,161,1,false,false
1157,1,66368,66368,1471104,1472404,1404736,1406036,162,1,false,false
1158,0,66369,66369,5075276,5076064,5008907,5009695,536,1,false,false
1159,0,66369,66369,5083804,5084592,5017435,5018223,537,1,false,false
1160,0,66369,66369,5092076,5092864,5025707,5026495,538,1,false,false
1161,0,66369,66369,5100092,5100624,5033723,5034255,539,1,false,false
1162,0,66369,66369,5107340,5108128,5040971,5041759,540,1,false,false
1163,0,66369,66369,5114332,5115120,5047963,5048751,541,1,false,false
1164,0,66369,66369,5121324,5122112,5054955,5055743,542,1,false,false
1165,0,66369,66369,5128316,5128848,5061947,5062479,543,1,false,false
1166,0,66369,66369,5135820,5137376,5069451,5071007,544,1,false,false
1167,0,66369,66369,5145116,5146416,5078747,5080047,545,1,false,false
1168,0,66369,66369,5153900,5155200,5087531,5088831,546,1,false,false
1169,0,66369,66369,5162428,5163728,5096059,5097359,547,1,false,false
1170,3,66369,66369,2531576,2533644,2465207,2467275,276,1,false,false
1171,3,66369,66369,2541128,2543196,2474759,2476827,277,1,false,false
1172,3,66369,66369,2550424,2552492,2484055,2486123,278,1,false,false
1173,3,66369,66369,2561512,2563580,2495143,2497211,279,1,false,false
1174,3,66400,66400,2570040,2572108,2503640,2505708,280,1,false,false
1175,3,66400,66400,2579848,2581916,2513448,2515516,281,1,false,false
1176,3,66400,66400,2589656,2591724,2523256,2525324,282,1,false,false
1177,3,66400,66400,2598440,2600508,2532040,2534108,283,1,false,false
1178,3,66400,66400,2606968,2609036,2540568,2542636,284,1,false,false
1179,3,66400,66400,2616008,2618076,2549608,2551676,285,1,false,false
1180,3,66400,66400,2625048,2627116,2558648,2560716,286,1,false,false
1181,3,66400,66400,2633320,2635388,2566920,2568988,287,1,false,false
1182,0,66400,66400,5168652,5171488,5102252,5105088,548,1,false,false
1183,0,66400,66400,5182556,5185392,5116156,5118992,549,1,false,false
1184,0,66400,66400,5196204,5198784,5129804,5132384,550,1,false,false
1185,0,66400,66400,5209340,5211920,5142940,5145520,551,1,false,false
1186,3,66400,66400,2641336,2643404,2574936,2577004,288,1,false,false
1187,3,66400,66400,2650888,2652956,2584488,2586556,289,1,false,false
1188,3,66400,66400,2660440,2662508,2594040,2596108,290,1,false,false
1189,3,66400,66400,2671528,2673596,2605128,2607196,291,1,false,false
1190,3,66400,66400,2682360,2684428,2615960,2618028,292,1,false,false
1191,3,66400,66400,2692680,2694748,2626280,2628348,293,1,false,false
1192,3,66400,66400,2702744,2704812,2636344,2638412,294,1,false,false
1193,3,66400,66400,2711528,2713596,2645128,2647196,295,1,false,false
1194,0,66400,66400,5222476,5223264,5156076,5156864,552,1,false,false
1195,0,66400,66400,5233820,5234608,5167420,5168208,553,1,false,false
1196,0,66400,66400,5245164,5245952,5178764,5179552,554,1,false,false
1197,0,66400,66400,5255996,5256528,5189596,5190128,555,1,false,false
1198,0,66401,66401,5266572,5268128,5200171,5201727,556,1,false,false
1199,0,66401,66401,5276636,5277936,5210235,5211535,557,1,false,false
1200,0,66401,66401,5286188,5287488,5219787,5221087,558,1,false,false
1201,0,66401,66401,5295484,5296784,5229083,5230383,559,1,false,false
1202,3,66432,66432,2720312,2722380,2653880,2655948,296,1,false,false
1203,3,66432,66432,2730120,2732188,2663688,2665756,297,1,false,false
1204,3,66432,66432,2739416,2741484,2672984,2675052,298,1,false,false
1205,3,66432,66432,2749480,2751548,2683048,2685116,299,1,false,false
1206,0,66432,66432,5304780,5305568,5238348,5239136,560,1,false,false
1207,0,66432,66432,5313308,5314096,5246876,5247664,561,1,false,false
1208,0,66432,66432,5321836,5322624,5255404,5256192,562,1,false,false
1209,0,66432,66432,5329852,5330384,5263420,5263952,563,1,false,false
1210,0,66432,66432,5337612,5338400,5271180,5271968,564,1,false,false
1211,0,66432,66432,5349212,5350000,5282780,5283568,565,1,false,false
1212,0,66432,66432,5360300,5361088,5293868,5294656,566,1,false,false
1213,0,66432,66432,5371132,5371664,5304700,5305232,567,1,false,false
1214,3,66432,66432,2759544,2762380,2693112,2695948,300,1,false,false
1215,3,66432,66432,2766792,2769628,2700360,2703196,301,1,false,false
1216,3,66432,66432,2775832,2778412,2709400,2711980,302,1,false,false
1217,3,66432,66432,2785640,2788220,2719208,2721788,303,1,false,false
1218,3,66432,66432,2794936,2797004,2728504,2730572,304,1,false,false
1219,3,66432,66432,2804744,2806812,2738312,2740380,305,1,false,false
1220,3,66432,66432,2816344,2818412,2749912,2751980,306,1,false,false
1221,3,66432,66432,2826664,2828732,2760232,2762300,307,1,false,false
1222,0,66432,66432,5381708,5382496,5315276,5316064,568,1,false,false
1223,0,66432,66432,5391772,5392560,5325340,5326128,569,1,false,false
1224,0,66432,66432,5401580,5402368,5335148,5335936,570,1,false,false
1225,0,66432,66432,5410876,5411408,5344444,5344976,571,1,false,false
1226,0,66432,66432,5419916,5421472,5353484,5355040,572,1,false,false
1227,0,66432,66432,5429212,5430512,5362780,5364080,573,1,false,false
1228,0,66432,66432,5438252,5439552,5371820,5373120,574,1,false,false
1229,0,66432,66432,5446780,5448080,5380348,5381648,575,1,false,false
1230,3,66432,66432,2836984,2839052,2770552,2772620,308,1,false,false
1231,3,66432,66432,2847048,2849116,2780616,2782684,309,1,false,false
1232,3,66432,66432,2855832,2857900,2789400,2791468,310,1,false,false
1233,3,66432,66432,2864872,2866940,2798440,2800508,311,1,false,false
1234,3,66432,66432,2873656,2874956,2807224,2808524,312,1,false,false
1235,3,66432,66432,2880904,2882204,2814472,2815772,313,1,false,false
1236,3,66432,66432,2888408,2889708,2821976,2823276,314,1,false,false
1237,3,66432,66432,2896168,2897212,2829736,2830780,315,1,false,false
1238,0,66432,66432,5455308,5456096,5388876,5389664,576,1,false,false
1239,0,66432,66432,5464604,5465392,5398172,5398960,577,1,false,false
1240,0,66432,66432,5473900,5474688,5407468,5408256,578,1,false,false
1241,0,66432,66432,5482684,5483216,5416252,5416784,579,1,false,false
1242,0,66433,66433,5490956,5491744,5424523,5425311,580,1,false,false
1243,0,66433,66433,5500252,5501040,5433819,5434607,581,1,false,false
1244,0,66433,66433,5509292,5510080,5442859,5443647,582,1,false,false
1245,0,66433,66433,5518076,5518608,5451643,5452175,583,1,false,false
1246,0,66433,66433,5526604,5528672,5460171,5462239,584,1,false,false
1247,0,66433,66433,5535900,5537968,5469467,5471535,585,1,false,false
1248,0,66433,66433,5547756,5549824,5481323,5483391,586,1,false,false
1249,0,66433,66433,5559356,5561424,5492923,5494991,587,1,false,false
1250,0,66433,66433,5570444,5573280,5504011,5506847,588,1,false,false
1251,0,66433,66433,5580764,5583600,5514331,5517167,589,1,false,false
1252,0,66433,66433,5591340,5593920,5524907,5527487,590,1,false,false
1253,0,66433,66433,5601404,5603984,5534971,5537551,591,1,false,false
1254,0,66433,66433,5611212,5613280,5544779,5546847,592,1,false,false
1255,0,66433,66433,5620764,5622832,5554331,5556399,593,1,false,false
1256,0,66433,66433,5631340,5633408,5564907,5566975,594,1,false,false
1257,0,66433,66433,5641404,5643472,5574971,5577039,595,1,false,false
1258,2,66464,66464,1466692,1468248,1400228,1401784,162,1,false,false
1259,2,66464,66464,1472404,1473704,1405940,1407240,163,1,false,false
1260,2,66464,66464,1478372,1479672,1411908,1413208,164,1,false,false
1261,2,66464,66464,1485364,1486664,1418900,1420200,165,1,false,false
1262,0,66464,66464,5651468,5655584,5585004,5589120,596,1,false,false
1263,0,66464,66464,5667420,5671536,5600956,5605072,597,1,false,false
1264,0,66464,66464,5682860,5686976,5616396,5620512,598,1,false,false
1265,0,66464,66464,5698044,5701904,5631580,5635440,599,1,false,false
1266,3,66465,66465,2903160,2905228,2836695,2838763,316,1,false,false
1267,3,66465,66465,2910920,2912988,2844455,2846523,317,1,false,false
1268,3,66465,66465,2918936,2921004,2852471,2854539,318,1,false,false
1269,3,66465,66465,2927208,2929276,2860743,2862811,319,1,false,false
1270,1,66465,66465,1476304,1478372,1409839,1411907,163,1,false,false
1271,1,66465,66465,1483296,1485364,1416831,1418899,164,1,false,false
1272,1,66465,66465,1490032,1492100,1423567,1425635,165,1,false,false
1273,1,66465,66465,1496256,1498324,1429791,1431859,166,1,false,false
1274,0,66465,66465,5712460,5713248,5645995,5646783,600,1,false,false
1275,0,66465,66465,5720732,5721520,5654267,5655055,601,1,false,false
1276,0,66465,66465,5726700,5727488,5660235,5661023,602,1,false,false
1277,0,66465,66465,5735228,5735760,5668763,5669295,603,1,false,false
1278,3,66496,66496,2935224,2938060,2868728,2871564,320,1,false,false
1279,3,66496,66496,2944008,2946844,2877512,2880348,321,1,false,false
1280,3,66496,66496,2953048,2955628,2886552,2889132,322,1,false,false
1281,3,66496,66496,2961320,2963900,2894824,2897404,323,1,false,false
1282,0,66496,66496,5743244,5745312,5676748,5678816,604,1,false,false
1283,0,66496,66496,5752796,5754864,5686300,5688368,605,1,false,false
1284,0,66496,66496,5762348,5764416,5695852,5697920,606,1,false,false
1285,0,66496,66496,5773436,5775504,5706940,5709008,607,1,false,false
1286,3,66496,66496,2969080,2971148,2902584,2904652,324,1,false,false
1287,3,66496,66496,2978632,2980700,2912136,2914204,325,1,false,false
1288,3,66496,66496,2989720,2991788,2923224,2925292,326,1,false,false
1289,3,66496,66496,3002856,3004924,2936360,2938428,327,1,false,false
1290,3,66496,66496,3015736,3018572,2949240,2952076,328,1,false,false
1291,3,66496,66496,3028616,3031452,2962120,2964956,329,1,false,false
1292,3,66496,66496,3040984,3043564,2974488,2977068,330,1,false,false
1293,3,66496,66496,3051816,3054396,2985320,2987900,331,1,false,false
1294,0,66496,66496,5784268,5785056,5717772,5718560,608,1,false,false
1295,0,66496,66496,5794076,5794864,5727580,5728368,609,1,false,false
1296,0,66496,66496,5803884,5804672,5737388,5738176,610,1,false,false
1297,0,66496,66496,5812156,5812688,5745660,5746192,611,1,false,false
1298,0,66496,66496,5820172,5820960,5753676,5754464,612,1,false,false
1299,0,66496,66496,5828444,5829232,5761948,5762736,613,1,false,false
1300,0,66496,66496,5836716,5837504,5770220,5771008,614,1,false,false
1301,0,66496,66496,5844988,5845520,5778492,5779024,615,1,false,false
1302,0,66497,66497,5853004,5855072,5786507,5788575,616,1,false,false
1303,0,66497,66497,5862556,5864624,5796059,5798127,617,1,false,false
1304,0,66497,66497,5872108,5874176,5805611,5807679,618,1,false,false
1305,0,66497,66497,5882172,5884240,5815675,5817743,619,1,false,false
1306,3,66497,66497,3062648,3064716,2996151,2998219,332,1,false,false
1307,3,66497,66497,3071432,3073500,3004935,3007003,333,1,false,false
1308,3,66497,66497,3079704,3081772,3013207,3015275,334,1,false,false
1309,3,66497,66497,3087464,3089532,3020967,3023035,335,1,false,false
1310,3,66528,66528,3094712,3096780,3028184,3030252,336,1,false,false
1311,3,66528,66528,3104264,3106332,3037736,3039804,337,1,false,false
1312,3,66528,66528,3114584,3116652,3048056,3050124,338,1,false,false
1313,3,66528,66528,3125416,3127484,3058888,3060956,339,1,false,false
1314,0,66528,66528,5892236,5895072,5825708,5828544,620,1,false,false
1315,0,66528,66528,5902812,5905648,5836284,5839120,621,1,false,false
1316,0,66528,66528,5913132,5915712,5846604,5849184,622,1,false,false
1317,0,66528,66528,5924220,5926800,5857692,5860272,623,1,false,false
1318,0,66528,66528,5934796,5936864,5868268,5870336,624,1,false,false
1319,0,66528,66528,5945884,5947952,5879356,5881424,625,1,false,false
1320,0,66528,66528,5956972,5959040,5890444,5892512,626,1,false,false
1321,0,66528,66528,5965756,5967568,5899228,5901040,627,1,false,false
1322,3,66528,66528,3136248,3139084,3069720,3072556,340,1,false,false
1323,3,66528,66528,3146312,3149148,3079784,3082620,341,1,false,false
1324,3,66528,66528,3155864,3158444,3089336,3091916,342,1,false,false
1325,3,66528,66528,3166952,3169532,3100424,3103004,343,1,false,false
1326,3,66560,66560,3177272,3179340,3110712,3112780,344,1,false,false
1327,3,66560,66560,3186824,3188892,3120264,3122332,345,1,false,false
1328,3,66560,66560,3196632,3198700,3130072,3132140,346,1,false,false
1329,3,66560,66560,3205160,3207228,3138600,3140668,347,1,false,false
1330,0,66560,66560,5974284,5975072,5907724,5908512,628,1,false,false
1331,0,66560,66560,5982812,5983600,5916252,5917040,629,1,false,false
1332,0,66560,66560,5991340,5992128,5924780,5925568,630,1,false,false
1333,0,66560,66560,6001916,6002448,5935356,5935888,631,1,false,false
1334,3,66592,66592,3213176,3213452,3146584,3146860,348,1,false,false
1335,0,66592,66592,6011724,6013024,5945132,5946432,632,1,false,false
1336,0,66592,66592,6024092,6025392,5957500,5958800,633,1,false,false
1337,0,66592,66592,6036460,6037760,5969868,5971168,634,1,false,false
1338,0,66592,66592,6047292,6048336,5980700,5981744,635,1,false,false
1339,0,66593,66593,6057612,6058400,5991019,5991807,636,1,false,false
1340,0,66593,66593,6066652,6067440,6000059,6000847,637,1,false,false
1341,0,66593,66593,6075692,6076480,6009099,6009887,638,1,false,false
1342,0,66593,66593,6084476,6085008,6017883,6018415,639,1,false,false
1343,3,66624,66624,3219400,3221468,3152776,3154844,349,1,false,false
1344,3,66624,66624,3227672,3229740,3161048,3163116,350,1,false,false
1345,3,66624,66624,3233640,3235708,3167016,3169084,351,1,false,false
1346,3,66624,66624,3241656,3243724,3175032,3177100,352,1,false,false
1347,0,66624,66624,6093004,6097376,6026380,6030752,640,1,false,false
1348,0,66624,66624,6105116,6109232,6038492,6042608,641,1,false,false
1349,0,66624,66624,6116972,6121088,6050348,6054464,642,1,false,false
1350,0,66624,66624,6130364,6134480,6063740,6067856,643,1,false,false
1351,0,66624,66624,6143244,6145312,6076620,6078688,644,1,false,false
1352,0,66624,66624,6154332,6156400,6087708,6089776,645,1,false,false
1353,0,66624,66624,6165420,6167488,6098796,6100864,646,1,false,false
1354,0,66624,66624,6175484,6177296,6108860,6110672,647,1,false,false
1355,3,66624,66624,3250696,3253532,3184072,3186908,353,1,false,false
1356,3,66624,66624,3260248,3263084,3193624,3196460,354,1,false,false
1357,3,66624,66624,3269800,3272380,3203176,3205756,355,1,false,false
1358,3,66624,66624,3279096,3281676,3212472,3215052,356,1,false,false
1359,3,66624,66624,3287880,3289948,3221256,3223324,357,1,false,false
1360,3,66624,66624,3296152,3298220,3229528,3231596,358,1,false,false
1361,3,66624,66624,3304424,3306492,3237800,3239868,359,1,false,false
1362,3,66624,66624,3312440,3314508,3245816,3247884,360,1,false,false
1363,0,66625,66625,6185292,6187360,6118667,6120735,648,1,false,false
1364,0,66625,66625,6196380,6198448,6129755,6131823,649,1,false,false
1365,0,66625,66625,6207468,6209536,6140843,6142911,650,1,false,false
1366,0,66625,66625,6218300,6220368,6151675,6153743,651,1,false,false
1367,0,66625,66625,6228876,6229664,6162251,6163039,652,1,false,false
1368,0,66625,66625,6237916,6238704,6171291,6172079,653,1,false,false
1369,0,66625,66625,6246956,6247744,6180331,6181119,654,1,false,false
1370,0,66625,66625,6255228,6255760,6188603,6189135,655,1,false,false
1371,0,66656,66656,6263244,6264032,6196588,6197376,656,1,false,false
1372,0,66656,66656,6273052,6273840,6206396,6207184,657,1,false,false
1373,0,66656,66656,6282604,6283392,6215948,6216736,658,1,false,false
1374,0,66656,66656,6293180,6293712,6226524,6227056,659,1,false,false
1375,0,66656,66656,6302988,6305056,6236332,6238400,660,1,false,false
1376,0,66656,66656,6314076,6316144,6247420,6249488,661,1,false,false
1377,0,66656,66656,6324908,6326976,6258252,6260320,662,1,false,false
1378,0,66656,66656,6336764,6338832,6270108,6272176,663,1,false,false
1379,0,66688,66688,6348364,6350432,6281676,6283744,664,1,false,false
1380,0,66688,66688,6358684,6360752,6291996,6294064,665,1,false,false
1381,0,66688,66688,6369004,6371072,6302316,6304384,666,1,false,false
1382,0,66688,66688,6378812,6380880,6312124,6314192,667,1,false,false
1383,0,66688,66688,6388364,6390432,6321676,6323744,668,1,false,false
1384,0,66688,66688,6400220,6402288,6333532,6335600,669,1,false,false
1385,0,66688,66688,6411820,6413888,6345132,6347200,670,1,false,false
1386,0,66688,66688,6423676,6425744,6356988,6359056,671,1,false,false
1387,2,66689,66689,1492100,1492888,1425411,1426199,166,1,false,false
1388,2,66689,66689,1498324,1499112,1431635,1432423,167,1,false,false
1389,2,66689,66689,1503268,1504056,1436579,1437367,168,1,false,false
1390,2,66689,66689,1508468,1509256,1441779,1442567,169,1,false,false
1391,0,66689,66689,6435020,6437856,6368331,6371167,672,1,false,false
1392,0,66689,66689,6446108,6448944,6379419,6382255,673,1,false,false
1393,0,66689,66689,6457196,6459776,6390507,6393087,674,1,false,false
1394,0,66689,66689,6469052,6471632,6402363,6404943,675,1,false,false
1395,0,66689,66689,6480396,6481184,6413707,6414495,676,1,false,false
1396,0,66689,66689,6487644,6488432,6420955,6421743,677,1,false,false
1397,0,66689,66689,6497452,6498240,6430763,6431551,678,1,false,false
1398,0,66689,66689,6506492,6507024,6439803,6440335,679,1,false,false
1399,1,66720,66720,1502480,1503268,1435760,1436548,167,1,false,false
1400,1,66720,66720,1507680,1508468,1440960,1441748,168,1,false,false
1401,1,66720,66720,1512624,1513412,1445904,1446692,169,1,false,false
1402,1,66720,66720,1520384,1520916,1453664,1454196,170,1,false,false
1403,0,66720,66720,6515020,6516320,6448300,6449600,680,1,false,false
1404,0,66720,66720,6525084,6526384,6458364,6459664,681,1,false,false
1405,0,66720,66720,6535404,6536704,6468684,6469984,682,1,false,false
1406,0,66720,66720,6545212,6546256,6478492,6479536,683,1,false,false
1407,0,66721,66721,6554508,6556576,6487787,6489855,684,1,false,false
1408,0,66721,66721,6563804,6565872,6497083,6499151,685,1,false,false
1409,0,66721,66721,6573356,6575424,6506635,6508703,686,1,false,false
1410,0,66721,66721,6584700,6586768,6517979,6520047,687,1,false,false
1411,0,66721,66721,6595532,6597600,6528811,6530879,688,1,false,false
1412,0,66721,66721,6606364,6608432,6539643,6541711,689,1,false,false
1413,0,66721,66721,6617452,6619520,6550731,6552799,690,1,false,false
1414,0,66721,66721,6627260,6629328,6560539,6562607,691,1,false,false
1415,3,66721,66721,3321480,3324316,3254759,3257595,361,1,false,false
1416,3,66721,66721,3331800,3334636,3265079,3267915,362,1,false,false
1417,3,66721,66721,3341864,3344444,3275143,3277723,363,1,false,false
1418,3,66721,66721,3351928,3354508,3285207,3287787,364,1,false,false
1419,3,66721,66721,3363528,3365596,3296807,3298875,365,1,false,false
1420,3,66721,66721,3373848,3375916,3307127,3309195,366,1,false,false
1421,3,66721,66721,3383912,3385980,3317191,3319259,367,1,false,false
1422,3,66721,66721,3396792,3398860,3330071,3332139,368,1,false,false
1423,3,66752,66752,3408648,3410716,3341896,3343964,369,1,false,false
1424,3,66752,66752,3420248,3422316,3353496,3355564,370,1,false,false
1425,3,66752,66752,3431848,3433916,3365096,3367164,371,1,false,false
1426,3,66752,66752,3442168,3444236,3375416,3377484,372,1,false,false
1427,0,66752,66752,6636812,6639648,6570060,6572896,692,1,false,false
1428,0,66752,66752,6647644,6650480,6580892,6583728,693,1,false,false
1429,0,66752,66752,6658732,6661312,6591980,6594560,694,1,false,false
1430,0,66752,66752,6670332,6672912,6603580,6606160,695,1,false,false
1431,3,66752,66752,3453000,3455068,3386248,3388316,373,1,false,false
1432,3,66752,66752,3464088,3466156,3397336,3399404,374,1,false,false
1433,3,66752,66752,3475176,3477244,3408424,3410492,375,1,false,false
1434,3,66752,66752,3486264,3488332,3419512,3421580,376,1,false,false
1435,0,66752,66752,6681420,6683488,6614668,6616736,696,1,false,false
1436,0,66752,66752,6691484,6693552,6624732,6626800,697,1,false,false
1437,0,66752,66752,6701804,6703872,6635052,6637120,698,1,false,false
1438,0,66752,66752,6711612,6713424,6644860,6646672,699,1,false,false
1439,0,66752,66752,6720908,6722464,6654156,6655712,700,1,false,false
1440,0,66752,66752,6730460,6731760,6663708,6665008,701,1,false,false
1441,0,66752,66752,6742060,6743360,6675308,6676608,702,1,false,false
1442,0,66752,66752,6753916,6755216,6687164,6688464,703,1,false,false
1443,0,66753,66753,6765516,6767072,6698763,6700319,704,1,false,false
1444,0,66753,66753,6776604,6777904,6709851,6711151,705,1,false,false
1445,0,66753,66753,6785388,6786688,6718635,6719935,706,1,false,false
1446,0,66753,66753,6795964,6797264,6729211,6730511,707,1,false,false
1447,0,66753,66753,6806028,6808096,6739275,6741343,708,1,false,false
1448,0,66753,66753,6816860,6818928,6750107,6752175,709,1,false,false
1449,0,66753,66753,6827180,6829248,6760427,6762495,710,1,false,false
1450,0,66753,66753,6834172,6836240,6767419,6769487,711,1,false,false
1451,3,66753,66753,3497864,3499932,3431111,3433179,377,1,false,false
1452,3,66753,66753,3511000,3513068,3444247,3446315,378,1,false,false
1453,3,66753,66753,3524136,3526204,3457383,3459451,379,1,false,false
1454,3,66753,66753,3535736,3537804,3468983,3471051,380,1,false,false
1455,0,66784,66784,6841164,6843232,6774380,6776448,712,1,false,false
1456,0,66784,66784,6848156,6850224,6781372,6783440,713,1,false,false
1457,0,66784,66784,6855916,6857984,6789132,6791200,714,1,false,false
1458,0,66784,66784,6865724,6867792,6798940,6801008,715,1,false,false
1459,3,66784,66784,3546568,3548636,3479784,3481852,381,1,false,false
1460,3,66784,66784,3556120,3558188,3489336,3491404,382,1,false,false
1461,3,66784,66784,3565672,3567740,3498888,3500956,383,1,false,false
1462,3,66784,66784,3575224,3577292,3508440,3510508,384,1,false,false
1463,2,66784,66784,1513412,1517016,1446628,1450232,170,1,false,false
1464,2,66784,66784,1520916,1524264,1454132,1457480,171,1,false,false
1465,2,66784,66784,1529188,1532536,1462404,1465752,172,1,false,false
1466,2,66784,66784,1537460,1540808,1470676,1474024,173,1,false,false
1467,3,66784,66784,3583496,3585564,3516712,3518780,385,1,false,false
1468,3,66784,66784,3591768,3593836,3524984,3527052,386,1,false,false
1469,3,66784,66784,3600040,3602108,3533256,3535324,387,1,false,false
1470,3,66784,66784,3609592,3611660,3542808,3544876,388,1,false,false
1471,3,66784,66784,3620424,3622492,3553640,3555708,389,1,false,false
1472,3,66784,66784,3631512,3633580,3564728,3566796,390,1,false,false
1473,3,66784,66784,3642600,3644668,3575816,3577884,391,1,false,false
1474,3,66784,66784,3653432,3655500,3586648,3588716,392,1,false,false
1475,0,66784,66784,6875276,6876064,6808492,6809280,716,1,false,false
1476,0,66784,66784,6883292,6884080,6816508,6817296,717,1,false,false
1477,0,66784,66784,6891564,6892352,6824780,6825568,718,1,false,false
1478,0,66784,66784,6900092,6900624,6833308,6833840,719,1,false,false
1479,0,66785,66785,6908108,6909664,6841323,6842879,720,1,false,false
1480,0,66785,66785,6916892,6918192,6850107,6851407,721,1,false,false
1481,0,66785,66785,6925676,6926976,6858891,6860191,722,1,false,false
1482,0,66785,66785,6934716,6936016,6867931,6869231,723,1,false,false
1483,3,66816,66816,3664264,3666332,3597448,3599516,393,1,false,false
1484,3,66816,66816,3675352,3677420,3608536,3610604,394,1,false,false
1485,3,66816,66816,3686440,3688508,3619624,3621692,395,1,false,false
1486,3,66816,66816,3695992,3698060,3629176,3631244,396,1,false,false
1487,0,66816,66816,6943500,6944288,6876684,6877472,724,1,false,false
1488,0,66816,66816,6951516,6952304,6884700,6885488,725,1,false,false
1489,0,66816,66816,6960300,6961088,6893484,6894272,726,1,false,false
1490,0,66816,66816,6969340,6969872,6902524,6903056,727,1,false,false
1491,0,66816,66816,6978124,6981728,6911308,6914912,728,1,false,false
1492,0,66816,66816,6989724,6993072,6922908,6926256,729,1,false,false
1493,0,66816,66816,7002092,7005440,6935276,6938624,730,1,false,false
1494,0,66816,66816,7014460,7017808,6947644,6950992,731,1,false,false
1495,3,66816,66816,3705032,3707100,3638216,3640284,397,1,false,false
1496,3,66816,66816,3714584,3716652,3647768,3649836,398,1,false,false
1497,3,66816,66816,3723880,3725948,3657064,3659132,399,1,false,false
1498,3,66816,66816,3734200,3736268,3667384,3669452,400,1,false,false
1499,0,66817,66817,7026828,7028384,6960011,6961567,732,1,false,false
1500,0,66817,66817,7037916,7039216,6971099,6972399,733,1,false,false
1501,0,66817,66817,7048236,7049536,6981419,6982719,734,1,false,false
1502,0,66817,66817,7058556,7059856,6991739,6993039,735,1,false,false
1503,0,66848,66848,7068620,7070176,7001772,7003328,736,1,false,false
1504,0,66848,66848,7077404,7078704,7010556,7011856,737,1,false,false
1505,0,66848,66848,7085420,7086720,7018572,7019872,738,1,false,false
1506,0,66848,66848,7093692,7094992,7026844,7028144,739,1,false,false
1507,0,66848,66848,7101452,7103008,7034604,7036160,740,1,false,false
1508,0,66848,66848,7110236,7111536,7043388,7044688,741,1,false,false
1509,0,66848,66848,7119020,7120320,7052172,7053472,742,1,false,false
1510,0,66848,66848,7129596,7130896,7062748,7064048,743,1,false,false
1511,3,66848,66848,3744520,3746588,3677672,3679740,401,1,false,false
1512,3,66848,66848,3755608,3757676,3688760,3690828,402,1,false,false
1513,3,66848,66848,3766440,3768508,3699592,3701660,403,1,false,false
1514,3,66848,66848,3776760,3778828,3709912,3711980,404,1,false,false
1515,0,66848,66848,7139916,7141984,7073068,7075136,744,1,false,false
1516,0,66848,66848,7151516,7153584,7084668,7086736,745,1,false,false
1517,0,66848,66848,7164140,7166208,7097292,7099360,746,1,false,false
1518,0,66848,66848,7175228,7177296,7108380,7110448,747,1,false,false
1519,0,66880,66880,7186060,7186848,7119180,7119968,748,1,false,false
1520,0,66880,66880,7194844,7195632,7127964,7128752,749,1,false,false
1521,0,66880,66880,7203116,7203904,7136236,7137024,750,1,false,false
1522,0,66880,66880,7211644,7212176,7144764,7145296,751,1,false,false
1523,0,66880,66880,7219660,7220448,7152780,7153568,752,1,false,false
1524,0,66880,66880,7227676,7228464,7160796,7161584,753,1,false,false
1525,0,66880,66880,7235948,7236736,7169068,7169856,754,1,false,false
1526,0,66880,66880,7244476,7245008,7177596,7178128,755,1,false,false
1527,3,66880,66880,3787848,3789916,3720968,3723036,405,1,false,false
1528,3,66880,66880,3797400,3799468,3730520,3732588,406,1,false,false
1529,3,66880,66880,3806952,3809020,3740072,3742140,407,1,false,false
1530,3,66880,66880,3816504,3818572,3749624,3751692,408,1,false,false
1531,0,66880,66880,7252492,7254560,7185612,7187680,756,1,false,false
1532,0,66880,66880,7261788,7263856,7194908,7196976,757,1,false,false
1533,0,66880,66880,7271340,7273408,7204460,7206528,758,1,false,false
1534,0,66880,66880,7281148,7283216,7214268,7216336,759,1,false,false
1535,3,66912,66912,3826056,3828124,3759144,3761212,409,1,false,false
1536,3,66912,66912,3836888,3838956,3769976,3772044,410,1,false,false
1537,3,66912,66912,3847464,3849532,3780552,3782620,411,1,false,false
1538,3,66912,66912,3858808,3860876,3791896,3793964,412,1,false,false
1539,3,66912,66912,3870408,3873244,3803496,3806332,413,1,false,false
1540,3,66912,66912,3881496,3884332,3814584,3817420,414,1,false,false
1541,3,66912,66912,3892584,3895164,3825672,3828252,415,1,false,false
1542,3,66912,66912,3903416,3905996,3836504,3839084,416,1,false,false
1543,0,66912,66912,7290700,7291488,7223788,7224576,760,1,false,false
1544,0,66912,66912,7298716,7299504,7231804,7232592,761,1,false,false
1545,0,66912,66912,7306988,7307776,7240076,7240864,762,1,false,false
1546,0,66912,66912,7315516,7316048,7248604,7249136,763,1,false,false
1547,3,66912,66912,3912712,3914780,3845800,3847868,417,1,false,false
1548,3,66912,66912,3921752,3923820,3854840,3856908,418,1,false,false
1549,3,66912,66912,3930792,3932860,3863880,3865948,419,1,false,false
1550,3,66912,66912,3938808,3940876,3871896,3873964,420,1,false,false
1551,0,66912,66912,7323532,7324320,7256620,7257408,764,1,false,false
1552,0,66912,66912,7331548,7332336,7264636,7265424,765,1,false,false
1553,0,66912,66912,7340588,7341376,7273676,7274464,766,1,false,false
1554,0,66912,66912,7349628,7350160,7282716,7283248,767,1,false,false
1555,3,66912,66912,3950408,3952476,3883496,3885564,421,1,false,false
1556,3,66912,66912,3962008,3964076,3895096,3897164,422,1,false,false
1557,3,66912,66912,3973608,3975676,3906696,3908764,423,1,false,false
1558,3,66912,66912,3984952,3987020,3918040,3920108,424,1,false,false
1559,0,66913,66913,7358412,7359968,7291499,7293055,768,1,false,false
1560,0,66913,66913,7367964,7369264,7301051,7302351,769,1,false,false
1561,0,66913,66913,7377516,7378816,7310603,7311903,770,1,false,false
1562,0,66913,66913,7387068,7388368,7320155,7321455,771,1,false,false
1563,0,66913,66913,7396620,7397408,7329707,7330495,772,1,false,false
1564,0,66913,66913,7405404,7406192,7338491,7339279,773,1,false,false
1565,0,66913,66913,7415212,7416000,7348299,7349087,774,1,false,false
1566,0,66913,66913,7425020,7425552,7358107,7358639,775,1,false,false
1567,0,66944,66944,7434572,7435360,7367628,7368416,776,1,false,false
1568,0,66944,66944,7444124,7444912,7377180,7377968,777,1,false,false
1569,0,66944,66944,7452396,7453184,7385452,7386240,778,1,false,false
1570,0,66944,66944,7460924,7461456,7393980,7394512,779,1,false,false
1571,0,66944,66944,7468940,7469728,7401996,7402784,780,1,false,false
1572,0,66944,66944,7476956,7477744,7410012,7410800,781,1,false,false
1573,0,66944,66944,7485228,7486016,7418284,7419072,782,1,false,false
1574,0,66944,66944,7493756,7494288,7426812,7427344,783,1,false,false
1575,0,66944,66944,7501772,7503840,7434828,7436896,784,1,false,false
1576,0,66944,66944,7511836,7513904,7444892,7446960,785,1,false,false
1577,0,66944,66944,7522156,7524224,7455212,7457280,786,1,false,false
1578,0,66944,66944,7534012,7536080,7467068,7469136,787,1,false,false
1579,0,66944,66944,7545612,7546400,7478668,7479456,788,1,false,false
1580,0,66944,66944,7555164,7555952,7488220,7489008,789,1,false,false
1581,0,66944,66944,7565740,7566528,7498796,7499584,790,1,false,false
1582,0,66944,66944,7572220,7572752,7505276,7505808,791,1,false,false
1583,0,66944,66944,7578168,7580236,7511224,7513292,792,1,false,false
1584,0,66944,66944,7586420,7588488,7519476,7521544,793,1,false,false
1585,0,66944,66944,7594672,7596740,7527728,7529796,794,1,false,false
1586,0,66944,66944,7602668,7604736,7535724,7537792,795,1,false,false
1587,1,66944,66944,1527632,1529188,1460688,1462244,171,1,false,false
1588,1,66944,66944,1536160,1537460,1469216,1470516,172,1,false,false
1589,1,66944,66944,1544176,1545476,1477232,1478532,173,1,false,false
1590,1,66944,66944,1551680,1552980,1484736,1486036,174,1,false,false
1591,3,66944,66944,3995272,3997340,3928328,3930396,425,1,false,false
1592,3,66944,66944,4005592,4007660,3938648,3940716,426,1,false,false
1593,3,66944,66944,4015656,4017724,3948712,3950780,427,1,false,false
1594,3,66944,66944,4026488,4028556,3959544,3961612,428,1,false,false
1595,3,66945,66945,4037320,4039388,3970375,3972443,429,1,false,false
1596,3,66945,66945,4045848,4047916,3978903,3980971,430,1,false,false
1597,3,66945,66945,4058216,4060284,3991271,3993339,431,1,false,false
1598,3,66945,66945,4069816,4071884,4002871,4004939,432,1,false,false
1599,0,66945,66945,7610664,7611452,7543719,7544507,796,1,false,false
1600,0,66945,66945,7616868,7617656,7549923,7550711,797,1,false,false
1601,0,66945,66945,7622560,7623348,7555615,7556403,798,1,false,false
1602,0,66945,66945,7628252,7628784,7561307,7561839,799,1,false,false
1603,0,66976,66976,7633432,7634220,7566456,7567244,800,1,false,false
1604,0,66976,66976,7638868,7639656,7571892,7572680,801,1,false,false
1605,0,66976,66976,7644560,7645348,7577584,7578372,802,1,false,false
1606,0,66976,66976,7650252,7650784,7583276,7583808,803,1,false,false
1607,0,66976,66976,7655688,7656476,7588712,7589500,804,1,false,false
1608,0,66976,66976,7661892,7662680,7594916,7595704,805,1,false,false
1609,0,66976,66976,7669632,7670420,7602656,7603444,806,1,false,false
1610,0,66976,66976,7677116,7677648,7610140,7610672,807,1,false,false
1611,0,66976,66976,7684344,7685132,7617368,7618156,808,1,false,false
1612,0,66976,66976,7691060,7691848,7624084,7624872,809,1,false,false
1613,0,66976,66976,7697264,7698052,7630288,7631076,810,1,false,false
1614,0,66976,66976,7703468,7704000,7636492,7637024,811,1,false,false
1615,3,66976,66976,4079624,4082460,4012648,4015484,433,1,false,false
1616,3,66976,66976,4089944,4092780,4022968,4025804,434,1,false,false
1617,3,66976,66976,4099496,4102076,4032520,4035100,435,1,false,false
1618,3,66976,66976,4108792,4111372,4041816,4044396,436,1,false,false
1619,3,67008,67008,4119624,4121692,4052616,4054684,437,1,false,false
1620,3,67008,67008,4129688,4131756,4062680,4064748,438,1,false,false
1621,3,67008,67008,4136680,4138748,4069672,4071740,439,1,false,false
1622,3,67008,67008,4146488,4148556,4079480,4081548,440,1,false,false
1623,2,67009,67009,1545476,1548312,1478467,1481303,174,1,false,false
1624,2,67009,67009,1552980,1555816,1485971,1488807,175,1,false,false
1625,2,67009,67009,1559460,1562296,1492451,1495287,176,1,false,false
1626,2,67009,67009,1567988,1570568,1500979,1503559,177,1,false,false
1627,0,67009,67009,7709416,7711484,7642407,7644475,812,1,false,false
1628,0,67009,67009,7716900,7718968,7649891,7651959,813,1,false,false
1629,0,67009,67009,7725920,7727988,7658911,7660979,814,1,false,false
1630,0,67009,67009,7734940,7737008,7667931,7669999,815,1,false,false
1631,3,67040,67040,4155784,4157852,4088744,4090812,441,1,false,false
1632,3,67040,67040,4164568,4166636,4097528,4099596,442,1,false,false
1633,3,67040,67040,4173096,4175164,4106056,4108124,443,1,false,false
1634,3,67040,67040,4183672,4185740,4116632,4118700,444,1,false,false
1635,3,67040,67040,4193992,4196060,4126952,4129020,445,1,false,false
1636,3,67040,67040,4204056,4206124,4137016,4139084,446,1,false,false
1637,3,67040,67040,4214120,4216188,4147080,4149148,447,1,false,false
1638,3,67040,67040,4223928,4225996,4156888,4158956,448,1,false,false
1639,0,67040,67040,7743960,7744748,7676920,7677708,816,1,false,false
1640,0,67040,67040,7751700,7752488,7684660,7685448,817,1,false,false
1641,0,67040,67040,7757392,7758180,7690352,7691140,818,1,false,false
1642,0,67040,67040,7763084,7763616,7696044,7696576,819,1,false,false
1643,0,67040,67040,7768520,7769308,7701480,7702268,820,1,false,false
1644,0,67040,67040,7773956,7774744,7706916,7707704,821,1,false,false
1645,0,67040,67040,7780416,7781204,7713376,7714164,822,1,false,false
1646,0,67040,67040,7786620,7787152,7719580,7720112,823,1,false,false
1647,0,67040,67040,7792568,7794124,7725528,7727084,824,1,false,false
1648,0,67040,67040,7800308,7801608,7733268,7734568,825,1,false,false
1649,0,67040,67040,7807280,7808580,7740240,7741540,826,1,false,false
1650,0,67040,67040,7813996,7815296,7746956,7748256,827,1,false,false
1651,0,67040,67040,7820456,7822524,7753416,7755484,828,1,false,false
1652,0,67040,67040,7827172,7829240,7760132,7762200,829,1,false,false
1653,0,67040,67040,7834656,7836724,7767616,7769684,830,1,false,false
1654,0,67040,67040,7842140,7843952,7775100,7776912,831,1,false,false
1655,3,67041,67041,4232968,4235804,4165927,4168763,449,1,false,false
1656,3,67041,67041,4242520,4245356,4175479,4178315,450,1,false,false
1657,3,67041,67041,4252072,4254652,4185031,4187611,451,1,false,false
1658,3,67041,67041,4263672,4266252,4196631,4199211,452,1,false,false
1659,3,67072,67072,4276296,4279132,4209224,4212060,453,1,false,false
1660,3,67072,67072,4288408,4291244,4221336,4224172,454,1,false,false
1661,3,67072,67072,4300520,4303100,4233448,4236028,455,1,false,false
1662,3,67072,67072,4310584,4313164,4243512,4246092,456,1,false,false
1663,3,67072,67072,4320904,4322972,4253832,4255900,457,1,false,false
1664,3,67072,67072,4330200,4332268,4263128,4265196,458,1,false,false
1665,3,67072,67072,4339496,4341564,4272424,4274492,459,1,false,false
1666,3,67072,67072,4348536,4350604,4281464,4283532,460,1,false,false
1667,3,67072,67072,4358344,4360412,4291272,4293340,461,1,false,false
1668,3,67072,67072,4367640,4369708,4300568,4302636,462,1,false,false
1669,3,67072,67072,4376936,4379004,4309864,4311932,463,1,false,false
1670,3,67072,67072,4386744,4388812,4319672,4321740,464,1,false,false
1671,3,67072,67072,4395272,4397340,4328200,4330268,465,1,false,false
1672,3,67072,67072,4403544,4405612,4336472,4338540,466,1,false,false
1673,3,67072,67072,4411560,4413628,4344488,4346556,467,1,false,false
1674,3,67072,67072,4420600,4422668,4353528,4355596,468,1,false,false
1675,0,67072,67072,7849368,7851436,7782296,7784364,832,1,false,false
1676,0,67072,67072,7856852,7858920,7789780,7791848,833,1,false,false
1677,0,67072,67072,7863824,7865892,7796752,7798820,834,1,false,false
1678,0,67072,67072,7870796,7872608,7803724,7805536,835,1,false,false
1679,3,67072,67072,4429640,4431708,4362568,4364636,469,1,false,false
1680,3,67072,67072,4438424,4440492,4371352,4373420,470,1,false,false
1681,3,67072,67072,4447208,4449276,4380136,4382204,471,1,false,false
1682,3,67072,67072,4457016,4459084,4389944,4392012,472,1,false,false
1683,0,67072,67072,7877256,7878812,7810184,7811740,836,1,false,false
1684,0,67072,67072,7883460,7884760,7816388,7817688,837,1,false,false
1685,0,67072,67072,7887104,7888404,7820032,7821332,838,1,false,false
1686,0,67072,67072,7893308,7894608,7826236,7827536,839,1,false,false
1687,0,67072,67072,7899512,7901580,7832440,7834508,840,1,false,false
1688,0,67072,67072,7906228,7908296,7839156,7841224,841,1,false,false
1689,0,67072,67072,7912944,7915012,7845872,7847940,842,1,false,false
1690,0,67072,67072,7919916,7921984,7852844,7854912,843,1,false,false
1691,0,67072,67072,7926888,7930492,7859816,7863420,844,1,false,false
1692,0,67072,67072,7935140,7938488,7868068,7871416,845,1,false,false
1693,0,67072,67072,7943136,7946484,7876064,7879412,846,1,false,false
1694,0,67072,67072,7952156,7955504,7885084,7888432,847,1,false,false
1695,0,67073,67073,7960920,7962476,7893847,7895403,848,1,false,false
1696,0,67073,67073,7967892,7969192,7900819,7902119,849,1,false,false
1697,0,67073,67073,7974608,7975908,7907535,7908835,850,1,false,false
1698,0,67073,67073,7980812,7982112,7913739,7915039,851,1,false,false
1699,0,67104,67104,7987016,7989084,7919912,7921980,852,1,false,false
1700,0,67104,67104,7993732,7995800,7926628,7928696,853,1,false,false
1701,0,67104,67104,8000448,8002516,7933344,7935412,854,1,false,false
1702,0,67104,67104,8007420,8009488,7940316,7942384,855,1,false,false
1703,3,67104,67104,4467336,4472732,4400232,4405628,473,1,false,false
1704,3,67104,67104,4480728,4486124,4413624,4419020,474,1,false,false
1705,3,67104,67104,4494120,4499516,4427016,4432412,475,1,false,false
1706,3,67104,67104,4506488,4511884,4439384,4444780,476,1,false,false
1707,0,67104,67104,8014392,8015948,7947288,7948844,856,1,false,false
1708,0,67104,67104,8020596,8021896,7953492,7954792,857,1,false,false
1709,0,67104,67104,8026544,8027844,7959440,7960740,858,1,false,false
1710,0,67104,67104,8032748,8034048,7965644,7966944,859,1,false,false
1711,3,67104,67104,4519112,4519900,4452008,4452796,477,1,false,false
1712,3,67104,67104,4526360,4527148,4459256,4460044,478,1,false,false
1713,3,67104,67104,4533608,4534396,4466504,4467292,479,1,false,false
1714,3,67104,67104,4542136,4542668,4475032,4475564,480,1,false,false
1715,3,67104,67104,4549384,4551452,4482280,4484348,481,1,false,false
1716,3,67104,67104,4557912,4559980,4490808,4492876,482,1,false,false
1717,3,67104,67104,4566440,4568508,4499336,4501404,483,1,false,false
1718,3,67104,67104,4573944,4576012,4506840,4508908,484,1,false,false
1719,3,67105,67105,4582472,4583772,4515367,4516667,485,1,false,false
1720,3,67105,67105,4589976,4591276,4522871,4524171,486,1,false,false
1721,3,67105,67105,4597224,4598524,4530119,4531419,487,1,false,false
1722,3,67105,67105,4608312,4609356,4541207,4542251,488,1,false,false
1723,0,67105,67105,8038952,8039740,7971847,7972635,860,1,false,false
1724,0,67105,67105,8044388,8045176,7977283,7978071,861,1,false,false
1725,0,67105,67105,8049824,8050612,7982719,7983507,862,1,false,false
1726,0,67105,67105,8057052,8057584,7989947,7990479,863,1,false,false
1727,3,67136,67136,4619912,4621980,4552776,4554844,489,1,false,false
1728,3,67136,67136,4632024,4634092,4564888,4566956,490,1,false,false
1729,3,67136,67136,4644136,4646204,4577000,4579068,491,1,false,false
1730,3,67136,67136,4655480,4657548,4588344,4590412,492,1,false,false
1731,2,67136,67136,1576004,1578072,1508868,1510936,178,1,false,false
1732,2,67136,67136,1583508,1585576,1516372,1518440,179,1,false,false
1733,2,67136,67136,1591012,1593080,1523876,1525944,180,1,false,false
1734,2,67136,67136,1599284,1601096,1532148,1533960,181,1,false,false
1735,3,67136,67136,4665288,4667356,4598152,4600220,493,1,false,false
1736,3,67136,67136,4674840,4676908,4607704,4609772,494,1,false,false
1737,3,67136,67136,4684392,4686460,4617256,4619324,495,1,false,false
1738,3,67136,67136,4693944,4696012,4626808,4628876,496,1,false,false
1739,3,67136,67136,4705032,4707100,4637896,4639964,497,1,false,false
1740,3,67136,67136,4716120,4718188,4648984,4651052,498,1,false,false
1741,3,67136,67136,4727208,4729276,4660072,4662140,499,1,false,false
1742,3,67136,67136,4739064,4741132,4671928,4673996,500,1,false,false
1743,0,67136,67136,8063768,8065324,7996632,7998188,864,1,false,false
1744,0,67136,67136,8071508,8072808,8004372,8005672,865,1,false,false
1745,0,67136,67136,8078992,8080292,8011856,8013156,866,1,false,false
1746,0,67136,67136,8085708,8087008,8018572,8019872,867,1,false,false
1747,3,67136,67136,4749384,4752220,4682248,4685084,501,1,false,false
1748,3,67136,67136,4760472,4763308,4693336,4696172,502,1,false,false
1749,3,67136,67136,4771304,4773884,4704168,4706748,503,1,false,false
1750,3,67136,67136,4780088,4782668,4712952,4715532,504,1,false,false
1751,3,67136,67136,4789128,4791196,4721992,4724060,505,1,false,false
1752,3,67136,67136,4797144,4799212,4730008,4732076,506,1,false,false
1753,3,67136,67136,4805160,4807228,4738024,4740092,507,1,false,false
1754,3,67136,67136,4811640,4813708,4744504,4746572,508,1,false,false
1755,0,67136,67136,8092424,8093980,8025288,8026844,868,1,false,false
1756,0,67136,67136,8099396,8100696,8032260,8033560,869,1,false,false
1757,0,67136,67136,8106112,8107412,8038976,8040276,870,1,false,false
1758,0,67136,67136,8112316,8113616,8045180,8046480,871,1,false,false
1759,3,67137,67137,4821960,4824796,4754823,4757659,509,1,false,false
1760,3,67137,67137,4833048,4835884,4765911,4768747,510,1,false,false
1761,3,67137,67137,4843880,4846716,4776743,4779579,511,1,false,false
1762,3,67137,67137,4854200,4856780,4787063,4789643,512,1,false,false
1763,3,67137,67137,4863240,4865308,4796103,4798171,513,1,false,false
1764,3,67137,67137,4871512,4873580,4804375,4806443,514,1,false,false
1765,3,67137,67137,4879528,4881596,4812391,4814459,515,1,false,false
1766,3,67137,67137,4887544,4889612,4820407,4822475,516,1,false,false
1767,0,67137,67137,8118520,8120076,8051383,8052939,872,1,false,false
1768,0,67137,67137,8124724,8126024,8057587,8058887,873,1,false,false
1769,0,67137,67137,8130672,8131972,8063535,8064835,874,1,false,false
1770,0,67137,67137,8136876,8138176,8069739,8071039,875,1,false,false
1771,3,67168,67168,4896072,4898908,4828904,4831740,517,1,false,false
1772,3,67168,67168,4905112,4907948,4837944,4840780,518,1,false,false
1773,3,67168,67168,4913896,4916732,4846728,4849564,519,1,false,false
1774,3,67168,67168,4923192,4925772,4856024,4858604,520,1,false,false
1775,3,67168,67168,4932744,4934812,4865576,4867644,521,1,false,false
1776,3,67168,67168,4941784,4943852,4874616,4876684,522,1,false,false
1777,3,67168,67168,4950568,4952636,4883400,4885468,523,1,false,false
1778,3,67168,67168,4958584,4960652,4891416,4893484,524,1,false,false
1779,0,67169,67169,8143080,8143868,8075911,8076699,876,1,false,false
1780,0,67169,67169,8148516,8149304,8081347,8082135,877,1,false,false
1781,0,67169,67169,8153952,8154740,8086783,8087571,878,1,false,false
1782,0,67169,67169,8159644,8160176,8092475,8093007,879,1,false,false
1783,0,67200,67200,8165080,8165868,8097880,8098668,880,1,false,false
1784,0,67200,67200,8170516,8171304,8103316,8104104,881,1,false,false
1785,0,67200,67200,8175952,8176740,8108752,8109540,882,1,false,false
1786,0,67200,67200,8181644,8182176,8114444,8114976,883,1,false,false
1787,0,67200,67200,8187080,8187868,8119880,8120668,884,1,false,false
1788,0,67200,67200,8192772,8193560,8125572,8126360,885,1,false,false
1789,0,67200,67200,8198208,8198996,8131008,8131796,886,1,false,false
1790,0,67200,67200,8206716,8207248,8139516,8140048,887,1,false,false
1791,0,67200,67200,8214968,8215756,8147768,8148556,888,1,false,false
1792,0,67200,67200,8223220,8224008,8156020,8156808,889,1,false,false
1793,0,67200,67200,8231472,8232260,8164272,8165060,890,1,false,false
1794,0,67200,67200,8237164,8237696,8169964,8170496,891,1,false,false
1795,3,67200,67200,4967112,4969948,4899912,4902748,525,1,false,false
1796,3,67200,67200,4976152,4978988,4908952,4911788,526,1,false,false
1797,3,67200,67200,4984936,4987516,4917736,4920316,527,1,false,false
1798,3,67200,67200,4994232,4996812,4927032,4929612,528,1,false,false
1799,0,67232,67232,8242600,8244156,8175368,8176924,892,1,false,false
1800,0,67232,67232,8249572,8250872,8182340,8183640,893,1,false,false
1801,0,67232,67232,8256288,8257588,8189056,8190356,894,1,false,false
1802,0,67232,67232,8263516,8264816,8196284,8197584,895,1,false,false
1803,3,67232,67232,5004552,5007388,4937320,4940156,529,1,false,false
1804,3,67232,67232,5014872,5017708,4947640,4950476,530,1,false,false
1805,3,67232,67232,5024936,5027772,4957704,4960540,531,1,false,false
1806,3,67232,67232,5034488,5037068,4967256,4969836,532,1,false,false
1807,0,67232,67232,8270744,8272300,8203512,8205068,896,1,false,false
1808,0,67232,67232,8278484,8279784,8211252,8212552,897,1,false,false
1809,0,67232,67232,8285968,8287268,8218736,8220036,898,1,false,false
1810,0,67232,67232,8291916,8293216,8224684,8225984,899,1,false,false
1811,3,67232,67232,5044808,5046876,4977576,4979644,533,1,false,false
1812,3,67232,67232,5054360,5056428,4987128,4989196,534,1,false,false
1813,3,67232,67232,5063656,5065724,4996424,4998492,535,1,false,false
1814,3,67232,67232,5073208,5075276,5005976,5008044,536,1,false,false
1815,0,67233,67233,8297864,8299420,8230631,8232187,900,1,false,false
1816,0,67233,67233,8303556,8304856,8236323,8237623,901,1,false,false
1817,0,67233,67233,8308992,8310292,8241759,8243059,902,1,false,false
1818,0,67233,67233,8315196,8316496,8247963,8249263,903,1,false,false
1819,3,67264,67264,5081736,5083804,5014472,5016540,537,1,false,false
1820,3,67264,67264,5090008,5092076,5022744,5024812,538,1,false,false
1821,3,67264,67264,5098024,5100092,5030760,5032828,539,1,false,false
1822,3,67264,67264,5105272,5107340,5038008,5040076,540,1,false,false
1823,3,67264,67264,5112264,5114332,5045000,5047068,541,1,false,false
1824,3,67264,67264,5119256,5121324,5051992,5054060,542,1,false,false
1825,3,67264,67264,5126248,5128316,5058984,5061052,543,1,false,false
1826,3,67264,67264,5133752,5135820,5066488,5068556,544,1,false,false
1827,0,67264,67264,8321400,8322956,8254136,8255692,904,1,false,false
1828,0,67264,67264,8327604,8328904,8260340,8261640,905,1,false,false
1829,0,67264,67264,8333552,8334852,8266288,8267588,906,1,false,false
1830,0,67264,67264,8338988,8340288,8271724,8273024,907,1,false,false
1831,2,67264,67264,1607300,1608856,1540036,1541592,182,1,false,false
1832,2,67264,67264,1615060,1616360,1547796,1549096,183,1,false,false
1833,2,67264,67264,1622564,1623864,1555300,1556600,184,1,false,false
1834,2,67264,67264,1632116,1633416,1564852,1566152,185,1,false,false
1835,3,67264,67264,5143048,5145116,5075784,5077852,545,1,false,false
1836,3,67264,67264,5151832,5153900,5084568,5086636,546,1,false,false
1837,3,67264,67264,5160360,5162428,5093096,5095164,547,1,false,false
1838,3,67264,67264,5166584,5168652,5099320,5101388,548,1,false,false
1839,0,67265,67265,8344424,8345980,8277159,8278715,908,1,false,false
1840,0,67265,67265,8350116,8351416,8282851,8284151,909,1,false,false
1841,0,67265,67265,8355552,8356852,8288287,8289587,910,1,false,false
1842,0,67265,67265,8362524,8363824,8295259,8296559,911,1,false,false
1843,0,67265,67265,8369240,8370028,8301975,8302763,912,1,false,false
1844,0,67265,67265,8375444,8376232,8308179,8308967,913,1,false,false
1845,0,67265,67265,8381648,8382436,8314383,8315171,914,1,false,false
1846,0,67265,67265,8387340,8387872,8320075,8320607,915,1,false,false
1847,3,67296,67296,5180488,5182556,5113192,5115260,549,1,false,false
1848,3,67296,67296,5194136,5196204,5126840,5128908,550,1,false,false
1849,3,67296,67296,5207272,5209340,5139976,5142044,551,1,false,false
1850,3,67296,67296,5220408,5222476,5153112,5155180,552,1,false,false
1851,0,67296,67296,8392776,8394844,8325480,8327548,916,1,false,false
1852,0,67296,67296,8399492,8401560,8332196,8334264,917,1,false,false
1853,0,67296,67296,8406208,8408276,8338912,8340980,918,1,false,false
1854,0,67296,67296,8412412,8414480,8345116,8347184,919,1,false,false
1855,0,67296,67296,8418616,8421452,8351320,8354156,920,1,false,false
1856,0,67296,67296,8425588,8428424,8358292,8361128,921,1,false,false
1857,0,67296,67296,8432560,8435396,8365264,8368100,922,1,false,false
1858,0,67296,67296,8440300,8442880,8373004,8375584,923,1,false,false
1859,3,67296,67296,5231752,5233820,5164456,5166524,553,1,false,false
1860,3,67296,67296,5243096,5245164,5175800,5177868,554,1,false,false
1861,3,67296,67296,5253928,5255996,5186632,5188700,555,1,false,false
1862,3,67296,67296,5264504,5266572,5197208,5199276,556,1,false,false
1863,0,67296,67296,8447784,8449852,8380488,8382556,924,1,false,false
1864,0,67296,67296,8454500,8456568,8387204,8389272,925,1,false,false
1865,0,67296,67296,8461216,8463284,8393920,8395988,926,1,false,false
1866,0,67296,67296,8468700,8470768,8401404,8403472,927,1,false,false
1867,0,67296,67296,8476184,8478252,8408888,8410956,928,1,false,false
1868,0,67296,67296,8483668,8485736,8416372,8418440,929,1,false,false
1869,0,67296,67296,8491152,8493220,8423856,8425924,930,1,false,false
1870,0,67296,67296,8498124,8500192,8430828,8432896,931,1,false,false
1871,1,67297,67297,1559184,1559460,1491887,1492163,175,1,false,false
1872,0,67297,67297,8505096,8506652,8437799,8439355,932,1,false,false
1873,0,67297,67297,8512068,8513368,8444771,8446071,933,1,false,false
1874,0,67297,67297,8518784,8520084,8451487,8452787,934,1,false,false
1875,0,67297,67297,8526268,8527568,8458971,8460271,935,1,false,false
1876,0,67297,67297,8533496,8534284,8466199,8466987,936,1,false,false
1877,0,67297,67297,8539700,8540488,8472403,8473191,937,1,false,false
1878,0,67297,67297,8545904,8546692,8478607,8479395,938,1,false,false
1879,0,67297,67297,8552364,8552896,8485067,8485599,939,1,false,false
1880,0,67297,67297,8558312,8560380,8491015,8493083,940,1,false,false
1881,0,67297,67297,8565796,8567864,8498499,8500567,941,1,false,false
1882,0,67297,67297,8573280,8575348,8505983,8508051,942,1,false,false
1883,0,67297,67297,8580252,8582064,8512955,8514767,943,1,false,false
1884,3,67328,67328,5274568,5276636,5207240,5209308,557,1,false,false
1885,3,67328,67328,5284120,5286188,5216792,5218860,558,1,false,false
1886,3,67328,67328,5293416,5295484,5226088,5228156,559,1,false,false
1887,3,67328,67328,5302712,5304780,5235384,5237452,560,1,false,false
1888,0,67328,67328,8586968,8589036,8519640,8521708,944,1,false,false
1889,0,67328,67328,8594452,8596520,8527124,8529192,945,1,false,false
1890,0,67328,67328,8601936,8604004,8534608,8536676,946,1,false,false
1891,0,67328,67328,8609676,8611744,8542348,8544416,947,1,false,false
1892,3,67328,67328,5311240,5313308,5243912,5245980,561,1,false,false
1893,3,67328,67328,5319768,5321836,5252440,5254508,562,1,false,false
1894,3,67328,67328,5327784,5329852,5260456,5262524,563,1,false,false
1895,3,67328,67328,5335544,5337612,5268216,5270284,564,1,false,false
1896,0,67328,67328,8617160,8620764,8549832,8553436,948,1,false,false
1897,0,67328,67328,8626180,8629528,8558852,8562200,949,1,false,false
1898,0,67328,67328,8634944,8638292,8567616,8570964,950,1,false,false
1899,0,67328,67328,8644988,8648336,8577660,8581008,951,1,false,false
1900,0,67328,67328,8655032,8655564,8587704,8588236,952,1,false,false
1901,0,67328,67328,8662516,8663048,8595188,8595720,953,1,false,false
1902,0,67328,67328,8669744,8670276,8602416,8602948,954,1,false,false
1903,0,67328,67328,8676204,8676736,8608876,8609408,955,1,false,false
1904,0,67329,67329,8682664,8684220,8615335,8616891,956,1,false,false
1905,0,67329,67329,8690404,8691704,8623075,8624375,957,1,false,false
1906,0,67329,67329,8697888,8699188,8630559,8631859,958,1,false,false
1907,0,67329,67329,8705372,8706672,8638043,8639343,959,1,false,false
1908,0,67360,67360,8712600,8713388,8645240,8646028,960,1,false,false
1909,0,67360,67360,8717524,8718312,8650164,8650952,961,1,false,false
1910,0,67360,67360,8722448,8723236,8655088,8655876,962,1,false,false
1911,0,67360,67360,8726860,8727392,8659500,8660032,963,1,false,false
1912,0,67360,67360,8730760,8732828,8663400,8665468,964,1,false,false
1913,0,67360,67360,8737476,8739544,8670116,8672184,965,1,false,false
1914,0,67360,67360,8744192,8746260,8676832,8678900,966,1,false,false
1915,0,67360,67360,8751932,8754000,8684572,8686640,967,1,false,false
1916,0,67360,67360,8759416,8761484,8692056,8694124,968,1,false,false
1917,0,67360,67360,8766900,8768968,8699540,8701608,969,1,false,false
1918,0,67360,67360,8774384,8776452,8707024,8709092,970,1,false,false
1919,0,67360,67360,8781868,8783680,8714508,8716320,971,1,false,false
1920,0,67361,67361,8789096,8789884,8721735,8722523,972,1,false,false
1921,0,67361,67361,8795300,8796088,8727939,8728727,973,1,false,false
1922,0,67361,67361,8801504,8802292,8734143,8734931,974,1,false,false
1923,0,67361,67361,8808476,8809008,8741115,8741647,975,1,false,false
1924,0,67361,67361,8815192,8815980,8747831,8748619,976,1,false,false
1925,0,67361,67361,8822164,8822952,8754803,8755591,977,1,false,false
1926,0,67361,67361,8828880,8829668,8761519,8762307,978,1,false,false
1927,0,67361,67361,8834572,8835104,8767211,8767743,979,1,false,false
1928,3,67392,67392,5345608,5349212,5278216,5281820,565,1,false,false
1929,3,67392,67392,5356952,5360300,5289560,5292908,566,1,false,false
1930,3,67392,67392,5367784,5371132,5300392,5303740,567,1,false,false
1931,3,67392,67392,5378360,5381708,5310968,5314316,568,1,false,false
1932,3,67392,67392,5388936,5391772,5321544,5324380,569,1,false,false
1933,3,67392,67392,5398744,5401580,5331352,5334188,570,1,false,false
1934,3,67392,67392,5408296,5410876,5340904,5343484,571,1,false,false
1935,3,67392,67392,5417336,5419916,5349944,5352524,572,1,false,false
1936,3,67392,67392,5427144,5429212,5359752,5361820,573,1,false,false
1937,3,67392,67392,5436184,5438252,5368792,5370860,574,1,false,false
1938,3,67392,67392,5444712,5446780,5377320,5379388,575,1,false,false
1939,3,67392,67392,5453240,5455308,5385848,5387916,576,1,false,false
1940,3,67392,67392,5461768,5464604,5394376,5397212,577,1,false,false
1941,3,67392,67392,5471064,5473900,5403672,5406508,578,1,false,false
1942,3,67392,67392,5479848,5482684,5412456,5415292,579,1,false,false
1943,3,67392,67392,5488376,5490956,5420984,5423564,580,1,false,false
1944,0,67392,67392,8840008,8840796,8772616,8773404,980,1,false,false
1945,0,67392,67392,8846212,8847000,8778820,8779608,981,1,false,false
1946,0,67392,67392,8852416,8853204,8785024,8785812,982,1,false,false
1947,0,67392,67392,8858620,8859152,8791228,8791760,983,1,false,false
1948,0,67392,67392,8864568,8865356,8797176,8797964,984,1,false,false
1949,0,67392,67392,8870004,8870792,8802612,8803400,985,1,false,false
1950,0,67392,67392,8875440,8876228,8808048,8808836,986,1,false,false
1951,0,67392,67392,8881132,8881664,8813740,8814272,987,1,false,false
1952,0,67392,67392,8886568,8887356,8819176,8819964,988,1,false,false
1953,0,67392,67392,8892004,8892792,8824612,8825400,989,1,false,false
1954,0,67392,67392,8897440,8898228,8830048,8830836,990,1,false,false
1955,0,67392,67392,8903644,8904176,8836252,8836784,991,1,false,false
1956,0,67392,67392,8909592,8911148,8842200,8843756,992,1,false,false
1957,0,67392,67392,8917332,8918632,8849940,8851240,993,1,false,false
1958,0,67392,67392,8924816,8926116,8857424,8858724,994,1,false,false
1959,0,67392,67392,8931532,8932832,8864140,8865440,995,1,false,false
1960,0,67392,67392,8938248,8940316,8870856,8872924,996,1,false,false
1961,0,67392,67392,8945732,8947800,8878340,8880408,997,1,false,false
1962,0,67392,67392,8953216,8955284,8885824,8887892,998,1,false,false
1963,0,67392,67392,8960700,8962768,8893308,8895376,999,1,false,false
1964,3,67392,67392,5498184,5500252,5430792,5432860,581,1,false,false
1965,3,67392,67392,5507224,5509292,5439832,5441900,582,1,false,false
1966,3,67392,67392,5516008,5518076,5448616,5450684,583,1,false,false
1967,3,67392,67392,5524536,5526604,5457144,5459212,584,1,false,false
1968,3,67392,67392,5533064,5535900,5465672,5468508,585,1,false,false
1969,3,67392,67392,5544920,5547756,5477528,5480364,586,1,false,false
1970,3,67392,67392,5556776,5559356,5489384,5491964,587,1,false,false
1971,3,67392,67392,5567864,5570444,5500472,5503052,588,1,false,false
1972,3,67392,67392,5578696,5580764,5511304,5513372,589,1,false,false
1973,3,67392,67392,5589272,5591340,5521880,5523948,590,1,false,false
1974,3,67392,67392,5599336,5601404,5531944,5534012,591,1,false,false
1975,3,67392,67392,5609144,5611212,5541752,5543820,592,1,false,false
1976,3,67424,67424,5618696,5620764,5551272,5553340,593,1,false,false
1977,3,67424,67424,5629272,5631340,5561848,5563916,594,1,false,false
1978,3,67424,67424,5639336,5641404,5571912,5573980,595,1,false,false
1979,3,67424,67424,5649400,5651468,5581976,5584044,596,1,false,false
1980,3,67424,67424,5664584,5667420,5597160,5599996,597,1,false,false
1981,3,67424,67424,5680024,5682860,5612600,5615436,598,1,false,false
1982,3,67424,67424,5695208,5698044,5627784,5630620,599,1,false,false
1983,3,67424,67424,5709880,5712460,5642456,5645036,600,1,false,false
1984,3,67424,67424,5718664,5720732,5651240,5653308,601,1,false,false
1985,3,67424,67424,5724632,5726700,5657208,5659276,602,1,false,false
1986,3,67424,67424,5733160,5735228,5665736,5667804,603,1,false,false
1987,3,67424,67424,5741176,5743244,5673752,5675820,604,1,false,false
1988,0,67424,67424,8968184,8968972,8900760,8901548,1000,1,false,false
1989,0,67424,67424,8973620,8974408,8906196,8906984,1001,1,false,false
1990,0,67424,67424,8979056,8979844,8911632,8912420,1002,1,false,false
1991,0,67424,67424,8985516,8986048,8918092,8918624,1003,1,false,false
1992,3,67424,67424,5750728,5752796,5683304,5685372,605,1,false,false
1993,3,67424,67424,5760280,5762348,5692856,5694924,606,1,false,false
1994,3,67424,67424,5771368,5773436,5703944,5706012,607,1,false,false
1995,3,67424,67424,5782200,5784268,5714776,5716844,608,1,false,false
1996,3,67425,67425,5792008,5794076,5724583,5726651,609,1,false,false
1997,3,67425,67425,5801816,5803884,5734391,5736459,610,1,false,false
1998,3,67425,67425,5810088,5812156,5742663,5744731,611,1,false,false
1999,3,67425,67425,5818104,5820172,5750679,5752747,612,1,false,false
2000,0,67425,67425,8991464,8993020,8924039,8925595,1004,1,false,false
2001,0,67425,67425,8999204,9000504,8931779,8933079,1005,1,false,false
2002,0,67425,67425,9006688,9007988,8939263,8940563,1006,1,false,false
2003,0,67425,67425,9013660,9014960,8946235,8947535,1007,1,false,false
2004,3,67456,67456,5826376,5828444,5758920,5760988,613,1,false,false
2005,3,67456,67456,5834648,5836716,5767192,5769260,614,1,false,false
2006,3,67456,67456,5842920,5844988,5775464,5777532,615,1,false,false
2007,3,67456,67456,5850936,5853004,5783480,5785548,616,1,false,false
2008,0,67456,67456,9020376,9021932,8952920,8954476,1008,1,false,false
2009,0,67456,67456,9026580,9027880,8959124,8960424,1009,1,false,false
2010,0,67456,67456,9032528,9033828,8965072,8966372,1010,1,false,false
2011,0,67456,67456,9038732,9040032,8971276,8972576,1011,1,false,false
2012,3,67456,67456,5860488,5862556,5793032,5795100,617,1,false,false
2013,3,67456,67456,5870040,5872108,5802584,5804652,618,1,false,false
2014,3,67456,67456,5880104,5882172,5812648,5814716,619,1,false,false
2015,3,67456,67456,5890168,5892236,5822712,5824780,620,1,false,false
2016,3,67456,67456,5902024,5902812,5834568,5835356,621,1,false,false
2017,3,67456,67456,5912344,5913132,5844888,5845676,622,1,false,false
2018,3,67456,67456,5923432,5924220,5855976,5856764,623,1,false,false
2019,3,67456,67456,5934264,5934796,5866808,5867340,624,1,false,false
2020,0,67456,67456,9044936,9047004,8977480,8979548,1012,1,false,false
2021,0,67456,67456,9052420,9054488,8984964,8987032,1013,1,false,false
2022,0,67456,67456,9059904,9061972,8992448,8994516,1014,1,false,false
2023,0,67456,67456,9067388,9069456,8999932,9002000,1015,1,false,false
2024,3,67456,67456,5943816,5945884,5876360,5878428,625,1,false,false
2025,3,67456,67456,5954904,5956972,5887448,5889516,626,1,false,false
2026,3,67456,67456,5963688,5965756,5896232,5898300,627,1,false,false
2027,3,67456,67456,5972216,5974284,5904760,5906828,628,1,false,false
2028,0,67457,67457,9074872,9075660,9007415,9008203,1016,1,false,false
2029,0,67457,67457,9080308,9081096,9012851,9013639,1017,1,false,false
2030,0,67457,67457,9085744,9086532,9018287,9019075,1018,1,false,false
2031,0,67457,67457,9092204,9092736,9024747,9025279,1019,1,false,false
2032,0,67457,67457,9098152,9099708,9030695,9032251,1020,1,false,false
2033,0,67457,67457,9105124,9106424,9037667,9038967,1021,1,false,false
2034,0,67457,67457,9111840,9113140,9044383,9045683,1022,1,false,false
2035,0,67457,67457,9120860,9122160,9053403,9054703,1023,1,false,false
2036,0,67457,67457,9129880,9130668,9062423,9063211,1024,1,false,false
2037,0,67457,67457,9138388,9139176,9070931,9071719,1025,1,false,false
2038,0,67457,67457,9146640,9147428,9079183,9079971,1026,1,false,false
2039,0,67457,67457,9152332,9152864,9084875,9085407,1027,1,false,false
2040,3,67488,67488,5979976,5982812,5912488,5915324,629,1,false,false
2041,3,67488,67488,5988504,5991340,5921016,5923852,630,1,false,false
2042,3,67488,67488,5999336,6001916,5931848,5934428,631,1,false,false
2043,3,67488,67488,6009144,6011724,5941656,5944236,632,1,false,false
2044,0,67488,67488,9157768,9158556,9090280,9091068,1028,1,false,false
2045,0,67488,67488,9163204,9163992,9095716,9096504,1029,1,false,false
2046,0,67488,67488,9168640,9169428,9101152,9101940,1030,1,false,false
2047,0,67488,67488,9174332,9174864,9106844,9107376,1031,1,false,false
2048,3,67489,67489,6021256,6024092,5953767,5956603,633,1,false,false
2049,3,67489,67489,6033624,6036460,5966135,5968971,634,1,false,false
2050,3,67489,67489,6044712,6047292,5977223,5979803,635,1,false,false
2051,3,67489,67489,6055032,6057612,5987543,5990123,636,1,false,false
2052,0,67489,67489,9179768,9181324,9112279,9113835,1032,1,false,false
2053,0,67489,67489,9185972,9187272,9118483,9119783,1033,1,false,false
2054,0,67489,67489,9191920,9193220,9124431,9125731,1034,1,false,false
2055,0,67489,67489,9198124,9199424,9130635,9131935,1035,1,false,false
2056,0,67489,67489,9204328,9206652,9136839,9139163,1036,1,false,false
2057,0,67489,67489,9212068,9214392,9144579,9146903,1037,1,false,false
2058,0,67489,67489,9219808,9222132,9152319,9154643,1038,1,false,false
2059,0,67489,67489,9228316,9230384,9160827,9162895,1039,1,false,false
2060,0,67489,67489,9236312,9238380,9168823,9170891,1040,1,false,false
2061,0,67489,67489,9244564,9246632,9177075,9179143,1041,1,false,false
2062,0,67489,67489,9252816,9254884,9185327,9187395,1042,1,false,false
2063,0,67489,67489,9260556,9262624,9193067,9195135,1043,1,false,false
2064,0,67489,67489,9268040,9270108,9200551,9202619,1044,1,false,false
2065,0,67489,67489,9275524,9277592,9208035,9210103,1045,1,false,false
2066,0,67489,67489,9283008,9285076,9215519,9217587,1046,1,false,false
2067,0,67489,67489,9290748,9292816,9223259,9225327,1047,1,false,false
2068,0,67520,67520,9298232,9299020,9230712,9231500,1048,1,false,false
2069,0,67520,67520,9303668,9304456,9236148,9236936,1049,1,false,false
2070,0,67520,67520,9309104,9309892,9241584,9242372,1050,1,false,false
2071,0,67520,67520,9317356,9317888,9249836,9250368,1051,1,false,false
2072,3,67520,67520,6063816,6066652,5996296,5999132,637,1,false,false
2073,3,67520,67520,6072856,6075692,6005336,6008172,638,1,false,false
2074,3,67520,67520,6081896,6084476,6014376,6016956,639,1,false,false
2075,3,67520,67520,6090424,6093004,6022904,6025484,640,1,false,false
2076,3,67520,67520,6103048,6105116,6035528,6037596,641,1,false,false
2077,3,67520,67520,6114904,6116972,6047384,6049452,642,1,false,false
2078,3,67520,67520,6128296,6130364,6060776,6062844,643,1,false,false
2079,3,67520,67520,6141176,6143244,6073656,6075724,644,1,false,false
2080,3,67520,67520,6152264,6154332,6084744,6086812,645,1,false,false
2081,3,67520,67520,6163352,6165420,6095832,6097900,646,1,false,false
2082,3,67520,67520,6173416,6175484,6105896,6107964,647,1,false,false
2083,3,67520,67520,6183224,6185292,6115704,6117772,648,1,false,false
2084,1,67520,67520,1565920,1567988,1498400,1500468,176,1,false,false
2085,1,67520,67520,1573936,1576004,1506416,1508484,177,1,false,false
2086,1,67520,67520,1581440,1583508,1513920,1515988,178,1,false,false
2087,1,67520,67520,1588944,1591012,1521424,1523492,179,1,false,false
2088,0,67520,67520,9325352,9327420,9257832,9259900,1052,1,false,false
2089,0,67520,67520,9335652,9337720,9268132,9270200,1053,1,false,false
2090,0,67520,67520,9345696,9347764,9278176,9280244,1054,1,false,false
2091,0,67520,67520,9353180,9355248,9285660,9287728,1055,1,false,false
2092,3,67520,67520,6193544,6196380,6126024,6128860,649,1,false,false
2093,3,67520,67520,6204632,6207468,6137112,6139948,650,1,false,false
2094,3,67520,67520,6215720,6218300,6148200,6150780,651,1,false,false
2095,3,67520,67520,6226296,6228876,6158776,6161356,652,1,false,false
2096,3,67520,67520,6235848,6237916,6168328,6170396,653,1,false,false
2097,3,67520,67520,6244888,6246956,6177368,6179436,654,1,false,false
2098,3,67520,67520,6253160,6255228,6185640,6187708,655,1,false,false
2099,3,67520,67520,6261176,6263244,6193656,6195724,656,1,false,false
2100,0,67521,67521,9360664,9361452,9293143,9293931,1056,1,false,false
2101,0,67521,67521,9367636,9368424,9300115,9300903,1057,1,false,false
2102,0,67521,67521,9374352,9375140,9306831,9307619,1058,1,false,false
2103,0,67521,67521,9381324,9381856,9313803,9314335,1059,1,false,false
2104,0,67521,67521,9388040,9389596,9320519,9322075,1060,1,false,false
2105,0,67521,67521,9394500,9395800,9326979,9328279,1061,1,false,false
2106,0,67521,67521,9400448,9401748,9332927,9334227,1062,1,false,false
2107,0,67521,67521,9407420,9408720,9339899,9341199,1063,1,false,false
2108,1,67521,67521,1597216,1599284,1529695,1531763,180,1,false,false
2109,1,67521,67521,1605232,1607300,1537711,1539779,181,1,false,false
2110,1,67521,67521,1612992,1615060,1545471,1547539,182,1,false,false
2111,1,67521,67521,1620496,1622564,1552975,1555043,183,1,false,false
2112,3,67552,67552,6270216,6273052,6202664,6205500,657,1,false,false
2113,3,67552,67552,6279768,6282604,6212216,6215052,658,1,false,false
2114,3,67552,67552,6290344,6293180,6222792,6225628,659,1,false,false
2115,3,67552,67552,6300408,6302988,6232856,6235436,660,1,false,false
2116,3,67552,67552,6312008,6314076,6244456,6246524,661,1,false,false
2117,3,67552,67552,6322840,6324908,6255288,6257356,662,1,false,false
2118,3,67552,67552,6334696,6336764,6267144,6269212,663,1,false,false
2119,3,67552,67552,6346296,6348364,6278744,6280812,664,1,false,false
2120,3,67552,67552,6356616,6358684,6289064,6291132,665,1,false,false
2121,3,67552,67552,6366936,6369004,6299384,6301452,666,1,false,false
2122,3,67552,67552,6376744,6378812,6309192,6311260,667,1,false,false
2123,3,67552,67552,6386296,6388364,6318744,6320812,668,1,false,false
2124,0,67552,67552,9414136,9416204,9346584,9348652,1064,1,false,false
2125,0,67552,67552,9421620,9423688,9354068,9356136,1065,1,false,false
2126,0,67552,67552,9429104,9431172,9361552,9363620,1066,1,false,false
2127,0,67552,67552,9435308,9437120,9367756,9369568,1067,1,false,false
2128,3,67552,67552,6396616,6400220,6329064,6332668,669,1,false,false
2129,3,67552,67552,6408472,6411820,6340920,6344268,670,1,false,false
2130,3,67552,67552,6420328,6423676,6352776,6356124,671,1,false,false
2131,3,67552,67552,6431672,6435020,6364120,6367468,672,1,false,false
2132,3,67552,67552,6444040,6446108,6376488,6378556,673,1,false,false
2133,3,67552,67552,6455128,6457196,6387576,6389644,674,1,false,false
2134,3,67552,67552,6466984,6469052,6399432,6401500,675,1,false,false
2135,3,67552,67552,6478328,6480396,6410776,6412844,676,1,false,false
2136,3,67552,67552,6485576,6487644,6418024,6420092,677,1,false,false
2137,3,67552,67552,6495384,6497452,6427832,6429900,678,1,false,false
2138,3,67552,67552,6504424,6506492,6436872,6438940,679,1,false,false
2139,3,67552,67552,6512952,6515020,6445400,6447468,680,1,false,false
2140,1,67552,67552,1630048,1632116,1562496,1564564,184,1,false,false
2141,1,67552,67552,1639600,1641668,1572048,1574116,185,1,false,false
2142,1,67552,67552,1651456,1653524,1583904,1585972,186,1,false,false
2143,1,67552,67552,1662800,1664868,1595248,1597316,187,1,false,false
2144,0,67553,67553,9441256,9442044,9373703,9374491,1068,1,false,false
2145,0,67553,67553,9446180,9446968,9378627,9379415,1069,1,false,false
2146,0,67553,67553,9451104,9451892,9383551,9384339,1070,1,false,false
2147,0,67553,67553,9456796,9457328,9389243,9389775,1071,1,false,false
2148,3,67553,67553,6522248,6525084,6454695,6457531,681,1,false,false
2149,3,67553,67553,6532568,6535404,6465015,6467851,682,1,false,false
2150,3,67553,67553,6542376,6545212,6474823,6477659,683,1,false,false
2151,3,67553,67553,6551928,6554508,6484375,6486955,684,1,false,false
2152,3,67584,67584,6561736,6563804,6494152,6496220,685,1,false,false
2153,3,67584,67584,6571288,6573356,6503704,6505772,686,1,false,false
2154,3,67584,67584,6582632,6584700,6515048,6517116,687,1,false,false
2155,3,67584,67584,6593464,6595532,6525880,6527948,688,1,false,false
2156,3,67584,67584,6604296,6606364,6536712,6538780,689,1,false,false
2157,3,67584,67584,6615384,6617452,6547800,6549868,690,1,false,false
2158,3,67584,67584,6625192,6627260,6557608,6559676,691,1,false,false
2159,3,67584,67584,6634744,6636812,6567160,6569228,692,1,false,false
2160,3,67584,67584,6644808,6647644,6577224,6580060,693,1,false,false
2161,3,67584,67584,6655896,6658732,6588312,6591148,694,1,false,false
2162,3,67584,67584,6667752,6670332,6600168,6602748,695,1,false,false
2163,3,67584,67584,6678840,6681420,6611256,6613836,696,1,false,false
2164,0,67584,67584,9462232,9463020,9394648,9395436,1072,1,false,false
2165,0,67584,67584,9467668,9468456,9400084,9400872,1073,1,false,false
2166,0,67584,67584,9473104,9473892,9405520,9406308,1074,1,false,false
2167,0,67584,67584,9478796,9479328,9411212,9411744,1075,1,false,false
2168,3,67585,67585,6689416,6691484,6621831,6623899,697,1,false,false
2169,3,67585,67585,6699736,6701804,6632151,6634219,698,1,false,false
2170,3,67585,67585,6709544,6711612,6641959,6644027,699,1,false,false
2171,3,67585,67585,6718840,6720908,6651255,6653323,700,1,false,false
2172,3,67616,67616,6727624,6730460,6660008,6662844,701,1,false,false
2173,3,67616,67616,6739224,6742060,6671608,6674444,702,1,false,false
2174,3,67616,67616,6751080,6753916,6683464,6686300,703,1,false,false
2175,3,67616,67616,6762936,6765516,6695320,6697900,704,1,false,false
2176,1,67616,67616,1671072,1673140,1603456,1605524,188,1,false,false
2177,1,67616,67616,1679344,1681412,1611728,1613796,189,1,false,false
2178,1,67616,67616,1685824,1687892,1618208,1620276,190,1,false,false
2179,1,67616,67616,1691792,1693860,1624176,1626244,191,1,false,false
2180,0,67617,67617,9484232,9486300,9416615,9418683,1076,1,false,false
2181,0,67617,67617,9490948,9492760,9423331,9425143,1077,1,false,false
2182,0,67617,67617,9497408,9499220,9429791,9431603,1078,1,false,false
2183,0,67617,67617,9504124,9505936,9436507,9438319,1079,1,false,false
2184,0,67617,67617,9510840,9511628,9443223,9444011,1080,1,false,false
2185,0,67617,67617,9516276,9517064,9448659,9449447,1081,1,false,false
2186,0,67617,67617,9521712,9522500,9454095,9454883,1082,1,false,false
2187,0,67617,67617,9528684,9529216,9461067,9461599,1083,1,false,false
2188,3,67617,67617,6774536,6776604,6706919,6708987,705,1,false,false
2189,3,67617,67617,6783320,6785388,6715703,6717771,706,1,false,false
2190,3,67617,67617,6793896,6795964,6726279,6728347,707,1,false,false
2191,3,67617,67617,6803960,6806028,6736343,6738411,708,1,false,false
2192,3,67648,67648,6814792,6816860,6747144,6749212,709,1,false,false
2193,3,67648,67648,6825112,6827180,6757464,6759532,710,1,false,false
2194,3,67648,67648,6832104,6834172,6764456,6766524,711,1,false,false
2195,3,67648,67648,6839096,6841164,6771448,6773516,712,1,false,false
2196,3,67648,67648,6846088,6848156,6778440,6780508,713,1,false,false
2197,3,67648,67648,6853848,6855916,6786200,6788268,714,1,false,false
2198,3,67648,67648,6863656,6865724,6796008,6798076,715,1,false,false
2199,3,67648,67648,6873208,6875276,6805560,6807628,716,1,false,false
2200,0,67648,67648,9535400,9536188,9467752,9468540,1084,1,false,false
2201,0,67648,67648,9543140,9543928,9475492,9476280,1085,1,false,false
2202,0,67648,67648,9550624,9551412,9482976,9483764,1086,1,false,false
2203,0,67648,67648,9554524,9555056,9486876,9487408,1087,1,false,false
2204,3,67648,67648,6881224,6883292,6813576,6815644,717,1,false,false
2205,3,67648,67648,6889496,6891564,6821848,6823916,718,1,false,false
2206,3,67648,67648,6898024,6900092,6830376,6832444,719,1,false,false
2207,3,67648,67648,6906040,6908108,6838392,6840460,720,1,false,false
2208,0,67648,67648,9560472,9561260,9492824,9493612,1088,1,false,false
2209,0,67648,67648,9565396,9566184,9497748,9498536,1089,1,false,false
2210,0,67648,67648,9570064,9570852,9502416,9503204,1090,1,false,false
2211,0,67648,67648,9574732,9575264,9507084,9507616,1091,1,false,false
2212,0,67648,67648,9579144,9581980,9511496,9514332,1092,1,false,false
2213,0,67648,67648,9587652,9590488,9520004,9522840,1093,1,false,false
2214,0,67648,67648,9595904,9598484,9528256,9530836,1094,1,false,false
2215,0,67648,67648,9603644,9606224,9535996,9538576,1095,1,false,false
2216,0,67649,67649,9611640,9613196,9543991,9545547,1096,1,false,false
2217,0,67649,67649,9618100,9619400,9550451,9551751,1097,1,false,false
2218,0,67649,67649,9624048,9625348,9556399,9557699,1098,1,false,false
2219,0,67649,67649,9629996,9631296,9562347,9563647,1099,1,false,false
2220,3,67680,67680,6914824,6916892,6847144,6849212,721,1,false,false
2221,3,67680,67680,6923608,6925676,6855928,6857996,722,1,false,false
2222,3,67680,67680,6932648,6934716,6864968,6867036,723,1,false,false
2223,3,67680,67680,6941432,6943500,6873752,6875820,724,1,false,false
2224,0,67680,67680,9636200,9638268,9568520,9570588,1100,1,false,false
2225,0,67680,67680,9646500,9648568,9578820,9580888,1101,1,false,false
2226,0,67680,67680,9656544,9658612,9588864,9590932,1102,1,false,false
2227,0,67680,67680,9666588,9668656,9598908,9600976,1103,1,false,false
2228,0,67680,67680,9676888,9678444,9609208,9610764,1104,1,false,false
2229,0,67680,67680,9683348,9684648,9615668,9616968,1105,1,false,false
2230,0,67680,67680,9689552,9690852,9621872,9623172,1106,1,false,false
2231,0,67680,67680,9695500,9696800,9627820,9629120,1107,1,false,false
2232,3,67680,67680,6949448,6951516,6881768,6883836,725,1,false,false
2233,3,67680,67680,6958232,6960300,6890552,6892620,726,1,false,false
2234,3,67680,67680,6967272,6969340,6899592,6901660,727,1,false,false
2235,3,67680,67680,6976056,6978124,6908376,6910444,728,1,false,false
2236,3,67680,67680,6987656,6989724,6919976,6922044,729,1,false,false
2237,3,67680,67680,7000024,7002092,6932344,6934412,730,1,false,false
2238,3,67680,67680,7012392,7014460,6944712,6946780,731,1,false,false
2239,3,67680,67680,7024760,7026828,6957080,6959148,732,1,false,false
2240,0,67680,67680,9701704,9702492,9634024,9634812,1108,1,false,false
2241,0,67680,67680,9708164,9708952,9640484,9641272,1109,1,false,false
2242,0,67680,67680,9714368,9715156,9646688,9647476,1110,1,false,false
2243,0,67680,67680,9720572,9721104,9652892,9653424,1111,1,false,false
2244,3,67680,67680,7035080,7037916,6967400,6970236,733,1,false,false
2245,3,67680,67680,7045400,7048236,6977720,6980556,734,1,false,false
2246,3,67680,67680,7055720,7058556,6988040,6990876,735,1,false,false
2247,3,67680,67680,7066040,7068620,6998360,7000940,736,1,false,false
2248,2,67681,67681,1641668,1645272,1573987,1577591,186,1,false,false
2249,2,67681,67681,1653524,1656872,1585843,1589191,187,1,false,false
2250,2,67681,67681,1664868,1668216,1597187,1600535,188,1,false,false
2251,2,67681,67681,1673140,1676488,1605459,1608807,189,1,false,false
2252,3,67712,67712,7076104,7077404,7008392,7009692,737,1,false,false
2253,3,67712,67712,7084120,7085420,7016408,7017708,738,1,false,false
2254,3,67712,67712,7092392,7093692,7024680,7025980,739,1,false,false
2255,3,67712,67712,7100408,7101452,7032696,7033740,740,1,false,false
2256,0,67712,67712,9726520,9728076,9658808,9660364,1112,1,false,false
2257,0,67712,67712,9732980,9734280,9665268,9666568,1113,1,false,false
2258,0,67712,67712,9738928,9740228,9671216,9672516,1114,1,false,false
2259,0,67712,67712,9744876,9746176,9677164,9678464,1115,1,false,false
2260,3,67712,67712,7108168,7110236,7040456,7042524,741,1,false,false
2261,3,67712,67712,7116952,7119020,7049240,7051308,742,1,false,false
2262,3,67712,67712,7127528,7129596,7059816,7061884,743,1,false,false
2263,3,67712,67712,7137848,7139916,7070136,7072204,744,1,false,false
2264,0,67712,67712,9751080,9751868,9683368,9684156,1116,1,false,false
2265,0,67712,67712,9756772,9757560,9689060,9689848,1117,1,false,false
2266,0,67712,67712,9762208,9762996,9694496,9695284,1118,1,false,false
2267,0,67712,67712,9767644,9768176,9699932,9700464,1119,1,false,false
2268,0,67712,67712,9773848,9774636,9706136,9706924,1120,1,false,false
2269,0,67712,67712,9780820,9781608,9713108,9713896,1121,1,false,false
2270,0,67712,67712,9787792,9788580,9720080,9720868,1122,1,false,false
2271,0,67712,67712,9794508,9795040,9726796,9727328,1123,1,false,false
2272,0,67713,67713,9800456,9802524,9732743,9734811,1124,1,false,false
2273,0,67713,67713,9808196,9810264,9740483,9742551,1125,1,false,false
2274,0,67713,67713,9815680,9817748,9747967,9750035,1126,1,false,false
2275,0,67713,67713,9822908,9824976,9755195,9757263,1127,1,false,false
2276,0,67713,67713,9830392,9831948,9762679,9764235,1128,1,false,false
2277,0,67713,67713,9836852,9838152,9769139,9770439,1129,1,false,false
2278,0,67713,67713,9842800,9844100,9775087,9776387,1130,1,false,false
2279,0,67713,67713,9848748,9850048,9781035,9782335,1131,1,false,false
2280,3,67713,67713,7148680,7151516,7080967,7083803,745,1,false,false
2281,3,67713,67713,7161304,7164140,7093591,7096427,746,1,false,false
2282,3,67713,67713,7172392,7175228,7104679,7107515,747,1,false,false
2283,3,67713,67713,7183480,7186060,7115767,7118347,748,1,false,false
2284,3,67744,67744,7192776,7194844,7125032,7127100,749,1,false,false
2285,3,67744,67744,7201048,7203116,7133304,7135372,750,1,false,false
2286,3,67744,67744,7209576,7211644,7141832,7143900,751,1,false,false
2287,3,67744,67744,7217592,7219660,7149848,7151916,752,1,false,false
2288,3,67744,67744,7225608,7227676,7157864,7159932,753,1,false,false
2289,3,67744,67744,7233880,7235948,7166136,7168204,754,1,false,false
2290,3,67744,67744,7242408,7244476,7174664,7176732,755,1,false,false
2291,3,67744,67744,7250424,7252492,7182680,7184748,756,1,false,false
2292,0,67744,67744,9852392,9853180,9784648,9785436,1132,1,false,false
2293,0,67744,67744,9859364,9860152,9791620,9792408,1133,1,false,false
2294,0,67744,67744,9866336,9867124,9798592,9799380,1134,1,false,false
2295,0,67744,67744,9873308,9873840,9805564,9806096,1135,1,false,false
2296,0,67745,67745,9879768,9881836,9812023,9814091,1136,1,false,false
2297,0,67745,67745,9887508,9889576,9819763,9821831,1137,1,false,false
2298,0,67745,67745,9894992,9897060,9827247,9829315,1138,1,false,false
2299,0,67745,67745,9902220,9904288,9834475,9836543,1139,1,false,false
2300,0,67776,67776,9909448,9910236,9841672,9842460,1140,1,false,false
2301,0,67776,67776,9915140,9915928,9847364,9848152,1141,1,false,false
2302,0,67776,67776,9920832,9921620,9853056,9853844,1142,1,false,false
2303,0,67776,67776,9926268,9926800,9858492,9859024,1143,1,false,false
2304,0,67776,67776,9931448,9932236,9863672,9864460,1144,1,false,false
2305,0,67776,67776,9938676,9939464,9870900,9871688,1145,1,false,false
2306,0,67776,67776,9945648,9946436,9877872,9878660,1146,1,false,false
2307,0,67776,67776,9952364,9952896,9884588,9885120,1147,1,false,false
2308,0,67776,67776,9958824,9960380,9891048,9892604,1148,1,false,false
2309,0,67776,67776,9965284,9966584,9897508,9898808,1149,1,false,false
2310,0,67776,67776,9971488,9972788,9903712,9905012,1150,1,false,false
2311,0,67776,67776,9977436,9978736,9909660,9910960,1151,1,false,false
2312,3,67776,67776,7259720,7261788,7191944,7194012,757,1,false,false
2313,3,67776,67776,7269272,7271340,7201496,7203564,758,1,false,false
2314,3,67776,67776,7279080,7281148,7211304,7213372,759,1,false,false
2315,3,67776,67776,7288632,7290700,7220856,7222924,760,1,false,false
2316,0,67776,67776,9983384,9984940,9915608,9917164,1152,1,false,false
2317,0,67776,67776,9989844,9991144,9922068,9923368,1153,1,false,false
2318,0,67776,67776,9996048,9997348,9928272,9929572,1154,1,false,false
2319,0,67776,67776,10001996,10003296,9934220,9935520,1155,1,false,false
2320,0,67776,67776,10007944,10009500,9940168,9941724,1156,1,false,false
2321,0,67776,67776,10013636,10014936,9945860,9947160,1157,1,false,false
2322,0,67776,67776,10019072,10020372,9951296,9952596,1158,1,false,false
2323,0,67776,67776,10024508,10025808,9956732,9958032,1159,1,false,false
2324,0,67776,67776,10029944,10030732,9962168,9962956,1160,1,false,false
2325,0,67776,67776,10035124,10035912,9967348,9968136,1161,1,false,false
2326,0,67776,67776,10040048,10040836,9972272,9973060,1162,1,false,false
2327,0,67776,67776,10044716,10045248,9976940,9977472,1163,1,false,false
2328,0,67776,67776,10049128,10049916,9981352,9982140,1164,1,false,false
2329,0,67776,67776,10055588,10056376,9987812,9988600,1165,1,false,false
2330,0,67776,67776,10062048,10062836,9994272,9995060,1166,1,false,false
2331,0,67776,67776,10067996,10068528,10000220,10000752,1167,1,false,false
2332,1,67777,67777,1698784,1700340,1631007,1632563,192,1,false,false
2333,1,67777,67777,1705008,1706308,1637231,1638531,193,1,false,false
2334,1,67777,67777,1709696,1710996,1641919,1643219,194,1,false,false
2335,1,67777,67777,1714384,1715684,1646607,1647907,195,1,false,false
2336,3,67808,67808,7296648,7298716,7228840,7230908,761,1,false,false
2337,3,67808,67808,7304920,7306988,7237112,7239180,762,1,false,false
2338,3,67808,67808,7313448,7315516,7245640,7247708,763,1,false,false
2339,3,67808,67808,7321464,7323532,7253656,7255724,764,1,false,false
2340,2,67808,67808,1681412,1682968,1613604,1615160,190,1,false,false
2341,2,67808,67808,1687892,1689192,1620084,1621384,191,1,false,false
2342,2,67808,67808,1693860,1695160,1626052,1627352,192,1,false,false
2343,2,67808,67808,1700340,1701640,1632532,1633832,193,1,false,false
2344,0,67808,67808,10073688,10075244,10005880,10007436,1168,1,false,false
2345,0,67808,67808,10080148,10081448,10012340,10013640,1169,1,false,false
2346,0,67808,67808,10086352,10087652,10018544,10019844,1170,1,false,false
2347,0,67808,67808,10092300,10093600,10024492,10025792,1171,1,false,false
2348,3,67808,67808,7329480,7331548,7261672,7263740,765,1,false,false
2349,3,67808,67808,7338520,7340588,7270712,7272780,766,1,false,false
2350,3,67808,67808,7347560,7349628,7279752,7281820,767,1,false,false
2351,3,67808,67808,7356344,7358412,7288536,7290604,768,1,false,false
2352,3,67808,67808,7365896,7367964,7298088,7300156,769,1,false,false
2353,3,67808,67808,7375448,7377516,7307640,7309708,770,1,false,false
2354,3,67808,67808,7385000,7387068,7317192,7319260,771,1,false,false
2355,3,67808,67808,7394552,7396620,7326744,7328812,772,1,false,false
2356,0,67809,67809,10098248,10099036,10030439,10031227,1172,1,false,false
2357,0,67809,67809,10103940,10104728,10036131,10036919,1173,1,false,false
2358,0,67809,67809,10109376,10110164,10041567,10042355,1174,1,false,false
2359,0,67809,67809,10114812,10115344,10047003,10047535,1175,1,false,false
2360,3,67840,67840,7403336,7405404,7335496,7337564,773,1,false,false
2361,3,67840,67840,7413144,7415212,7345304,7347372,774,1,false,false
2362,3,67840,67840,7422952,7425020,7355112,7357180,775,1,false,false
2363,3,67840,67840,7432504,7434572,7364664,7366732,776,1,false,false
2364,3,67840,67840,7442056,7444124,7374216,7376284,777,1,false,false
2365,3,67840,67840,7450328,7452396,7382488,7384556,778,1,false,false
2366,3,67840,67840,7458856,7460924,7391016,7393084,779,1,false,false
2367,3,67840,67840,7466872,7468940,7399032,7401100,780,1,false,false
2368,3,67840,67840,7474888,7476956,7407048,7409116,781,1,false,false
2369,3,67840,67840,7483160,7485228,7415320,7417388,782,1,false,false
2370,3,67840,67840,7491688,7493756,7423848,7425916,783,1,false,false
2371,3,67840,67840,7499704,7501772,7431864,7433932,784,1,false,false
2372,0,67840,67840,10119736,10121804,10051896,10053964,1176,1,false,false
2373,0,67840,67840,10127476,10129544,10059636,10061704,1177,1,false,false
2374,0,67840,67840,10134960,10137028,10067120,10069188,1178,1,false,false
2375,0,67840,67840,10142444,10144512,10074604,10076672,1179,1,false,false
2376,0,67841,67841,10149928,10150716,10082087,10082875,1180,1,false,false
2377,0,67841,67841,10155620,10156408,10087779,10088567,1181,1,false,false
2378,0,67841,67841,10161312,10162100,10093471,10094259,1182,1,false,false
2379,0,67841,67841,10166748,10167280,10098907,10099439,1183,1,false,false
2380,0,67872,67872,10171928,10172716,10104056,10104844,1184,1,false,false
2381,0,67872,67872,10177620,10178408,10109748,10110536,1185,1,false,false
2382,0,67872,67872,10183312,10184100,10115440,10116228,1186,1,false,false
2383,0,67872,67872,10189004,10189536,10121132,10121664,1187,1,false,false
2384,3,67872,67872,7509000,7511836,7441128,7443964,785,1,false,false
2385,3,67872,67872,7519320,7522156,7451448,7454284,786,1,false,false
2386,3,67872,67872,7531432,7534012,7463560,7466140,787,1,false,false
2387,3,67872,67872,7543032,7545612,7475160,7477740,788,1,false,false
2388,0,67872,67872,10194184,10195740,10126312,10127868,1188,1,false,false
2389,0,67872,67872,10202180,10203480,10134308,10135608,1189,1,false,false
2390,0,67872,67872,10209920,10211220,10142048,10143348,1190,1,false,false
2391,0,67872,67872,10217404,10218704,10149532,10150832,1191,1,false,false
2392,0,67872,67872,10224888,10226956,10157016,10159084,1192,1,false,false
2393,0,67872,67872,10234164,10236232,10166292,10168360,1193,1,false,false
2394,0,67872,67872,10243440,10245508,10175568,10177636,1194,1,false,false
2395,0,67872,67872,10252460,10254528,10184588,10186656,1195,1,false,false
2396,3,67872,67872,7553096,7555164,7485224,7487292,789,1,false,false
2397,3,67872,67872,7563672,7565740,7495800,7497868,790,1,false,false
2398,3,67872,67872,7570152,7572220,7502280,7504348,791,1,false,false
2399,3,67872,67872,7576100,7578168,7508228,7510296,792,1,false,false
2400,0,67872,67872,10261224,10263292,10193352,10195420,1196,1,false,false
2401,0,67872,67872,10267684,10269752,10199812,10201880,1197,1,false,false
2402,0,67872,67872,10273888,10275956,10206016,10208084,1198,1,false,false
2403,0,67872,67872,10279836,10281904,10211964,10214032,1199,1,false,false
2404,0,67904,67904,10285784,10288620,10217880,10220716,1200,1,false,false
2405,0,67904,67904,10296340,10299176,10228436,10231272,1201,1,false,false
2406,0,67904,67904,10306896,10309476,10238992,10241572,1202,1,false,false
2407,0,67904,67904,10317196,10319776,10249292,10251872,1203,1,false,false
2408,0,67904,67904,10327240,10328796,10259336,10260892,1204,1,false,false
2409,0,67904,67904,10333700,10335000,10265796,10267096,1205,1,false,false
2410,0,67904,67904,10339904,10341204,10272000,10273300,1206,1,false,false
2411,0,67904,67904,10345852,10347152,10277948,10279248,1207,1,false,false
2412,0,67905,67905,10351800,10353868,10283895,10285963,1208,1,false,false
2413,0,67905,67905,10358772,10360840,10290867,10292935,1209,1,false,false
2414,0,67905,67905,10365744,10367812,10297839,10299907,1210,1,false,false
2415,0,67905,67905,10372460,10374528,10304555,10306623,1211,1,false,false
2416,0,67936,67936,10379176,10380732,10311240,10312796,1212,1,false,false
2417,0,67936,67936,10385636,10386936,10317700,10319000,1213,1,false,false
2418,0,67936,67936,10391840,10393140,10323904,10325204,1214,1,false,false
2419,0,67936,67936,10397788,10399088,10329852,10331152,1215,1,false,false
2420,3,67936,67936,7583584,7586420,7515648,7518484,793,1,false,false
2421,3,67936,67936,7591836,7594672,7523900,7526736,794,1,false,false
2422,3,67936,67936,7600088,7602668,7532152,7534732,795,1,false,false
2423,3,67936,67936,7608084,7610664,7540148,7542728,796,1,false,false
2424,3,67936,67936,7614800,7616868,7546864,7548932,797,1,false,false
2425,3,67936,67936,7620492,7622560,7552556,7554624,798,1,false,false
2426,3,67936,67936,7626184,7628252,7558248,7560316,799,1,false,false
2427,3,67936,67936,7631364,7633432,7563428,7565496,800,1,false,false
2428,3,67936,67936,7636800,7638868,7568864,7570932,801,1,false,false
2429,3,67936,67936,7642492,7644560,7574556,7576624,802,1,false,false
2430,3,67936,67936,7648184,7650252,7580248,7582316,803,1,false,false
2431,3,67936,67936,7653620,7655688,7585684,7587752,804,1,false,false
2432,3,67936,67936,7659056,7661892,7591120,7593956,805,1,false,false
2433,3,67936,67936,7666796,7669632,7598860,7601696,806,1,false,false
2434,3,67936,67936,7674536,7677116,7606600,7609180,807,1,false,false
2435,3,67936,67936,7681764,7684344,7613828,7616408,808,1,false,false
2436,0,67937,67937,10403736,10404524,10335799,10336587,1216,1,false,false
2437,0,67937,67937,10409428,10410216,10341491,10342279,1217,1,false,false
2438,0,67937,67937,10415120,10415908,10347183,10347971,1218,1,false,false
2439,0,67937,67937,10420556,10421088,10352619,10353151,1219,1,false,false
2440,0,67937,67937,10425736,10427804,10357799,10359867,1220,1,false,false
2441,0,67937,67937,10430640,10432708,10362703,10364771,1221,1,false,false
2442,0,67937,67937,10435544,10437612,10367607,10369675,1222,1,false,false
2443,0,67937,67937,10440192,10442260,10372255,10374323,1223,1,false,false
2444,0,67968,67968,10444840,10446396,10376872,10378428,1224,1,false,false
2445,0,67968,67968,10448464,10449764,10380496,10381796,1225,1,false,false
2446,0,67968,67968,10451832,10453132,10383864,10385164,1226,1,false,false
2447,0,67968,67968,10455200,10456500,10387232,10388532,1227,1,false,false
2448,3,67968,67968,7688992,7691060,7621024,7623092,809,1,false,false
2449,3,67968,67968,7695196,7697264,7627228,7629296,810,1,false,false
2450,3,67968,67968,7701400,7703468,7633432,7635500,811,1,false,false
2451,3,67968,67968,7707348,7709416,7639380,7641448,812,1,false,false
2452,3,67968,67968,7714832,7716900,7646864,7648932,813,1,false,false
2453,3,67968,67968,7723852,7725920,7655884,7657952,814,1,false,false
2454,3,67968,67968,7732872,7734940,7664904,7666972,815,1,false,false
2455,3,67968,67968,7741892,7743960,7673924,7675992,816,1,false,false
2456,0,67968,67968,10458568,10460124,10390600,10392156,1228,1,false,false
2457,0,67968,67968,10462192,10463492,10394224,10395524,1229,1,false,false
2458,0,67968,67968,10465560,10466860,10397592,10398892,1230,1,false,false
2459,0,67968,67968,10468928,10470228,10400960,10402260,1231,1,false,false
2460,3,67968,67968,7749632,7751700,7681664,7683732,817,1,false,false
2461,3,67968,67968,7755324,7757392,7687356,7689424,818,1,false,false
2462,3,67968,67968,7761016,7763084,7693048,7695116,819,1,false,false
2463,3,67968,67968,7766452,7768520,7698484,7700552,820,1,false,false
2464,0,67968,67968,10472296,10473084,10404328,10405116,1232,1,false,false
2465,0,67968,67968,10475152,10475940,10407184,10407972,1233,1,false,false
2466,0,67968,67968,10478008,10478796,10410040,10410828,1234,1,false,false
2467,0,67968,67968,10480864,10481396,10412896,10413428,1235,1,false,false
2468,0,68000,68000,10483464,10484252,10415464,10416252,1236,1,false,false
2469,0,68000,68000,10486320,10487108,10418320,10419108,1237,1,false,false
2470,0,68000,68000,10489176,10489964,10421176,10421964,1238,1,false,false
2471,0,68000,68000,10492032,10492564,10424032,10424564,1239,1,false,false
2472,0,68000,68000,10494632,10497468,10426632,10429468,1240,1,false,false
2473,0,68000,68000,10499536,10502372,10431536,10434372,1241,1,false,false
2474,0,68000,68000,10504440,10507020,10436440,10439020,1242,1,false,false
2475,0,68000,68000,10509088,10511668,10441088,10443668,1243,1,false,false
2476,3,68000,68000,7771888,7773956,7703888,7705956,821,1,false,false
2477,3,68000,68000,7778348,7780416,7710348,7712416,822,1,false,false
2478,3,68000,68000,7784552,7786620,7716552,7718620,823,1,false,false
2479,3,68000,68000,7790500,7792568,7722500,7724568,824,1,false,false
2480,3,68000,68000,7797472,7800308,7729472,7732308,825,1,false,false
2481,3,68000,68000,7804444,7807280,7736444,7739280,826,1,false,false
2482,3,68000,68000,7811416,7813996,7743416,7745996,827,1,false,false
2483,3,68000,68000,7817876,7820456,7749876,7752456,828,1,false,false
2484,2,68000,68000,1706308,1706584,1638308,1638584,194,1,false,false
2485,0,68000,68000,10513736,10515804,10445736,10447804,1244,1,false,false
2486,0,68000,68000,10517872,10519940,10449872,10451940,1245,1,false,false
2487,0,68000,68000,10522008,10524076,10454008,10456076,1246,1,false,false
2488,0,68000,68000,10526144,10528212,10458144,10460212,1247,1,false,false
2489,0,68000,68000,10530280,10531068,10462280,10463068,1248,1,false,false
2490,0,68000,68000,10533136,10533924,10465136,10465924,1249,1,false,false
2491,0,68000,68000,10535992,10536780,10467992,10468780,1250,1,false,false
2492,0,68000,68000,10538848,10539380,10470848,10471380,1251,1,false,false
2493,0,68001,68001,10541448,10542236,10473447,10474235,1252,1,false,false
2494,0,68001,68001,10544304,10545092,10476303,10477091,1253,1,false,false
2495,0,68001,68001,10547160,10547948,10479159,10479947,1254,1,false,false
2496,0,68001,68001,10550016,10550548,10482015,10482547,1255,1,false,false
2497,0,68001,68001,10552616,10554684,10484615,10486683,1256,1,false,false
2498,0,68001,68001,10556752,10558820,10488751,10490819,1257,1,false,false
2499,0,68001,68001,10560888,10562956,10492887,10494955,1258,1,false,false
2500,0,68001,68001,10565024,10567092,10497023,10499091,1259,1,false,false
2501,3,68032,68032,7825104,7827172,7757072,7759140,829,1,false,false
2502,3,68032,68032,7832588,7834656,7764556,7766624,830,1,false,false
2503,3,68032,68032,7840072,7842140,7772040,7774108,831,1,false,false
2504,3,68032,68032,7847300,7849368,7779268,7781336,832,1,false,false
2505,3,68032,68032,7854784,7856852,7786752,7788820,833,1,false,false
2506,3,68032,68032,7861756,7863824,7793724,7795792,834,1,false,false
2507,3,68032,68032,7868728,7870796,7800696,7802764,835,1,false,false
2508,3,68032,68032,7875188,7877256,7807156,7809224,836,1,false,false
2509,3,68032,68032,7881392,7883460,7813360,7815428,837,1,false,false
2510,3,68032,68032,7885036,7887104,7817004,7819072,838,1,false,false
2511,3,68032,68032,7891240,7893308,7823208,7825276,839,1,false,false
2512,3,68032,68032,7897444,7899512,7829412,7831480,840,1,false,false
2513,3,68032,68032,7904160,7906228,7836128,7838196,841,1,false,false
2514,3,68032,68032,7910876,7912944,7842844,7844912,842,1,false,false
2515,3,68032,68032,7917848,7919916,7849816,7851884,843,1,false,false
2516,3,68032,68032,7924820,7926888,7856788,7858856,844,1,false,false
2517,0,68033,68033,10569160,10571228,10501127,10503195,1260,1,false,false
2518,0,68033,68033,10573296,10575364,10505263,10507331,1261,1,false,false
2519,0,68033,68033,10577432,10579500,10509399,10511467,1262,1,false,false
2520,0,68033,68033,10581568,10583636,10513535,10515603,1263,1,false,false
2521,3,68033,68033,7933072,7935140,7865039,7867107,845,1,false,false
2522,3,68033,68033,7941068,7943136,7873035,7875103,846,1,false,false
2523,3,68033,68033,7950088,7952156,7882055,7884123,847,1,false,false
2524,3,68033,68033,7958852,7960920,7890819,7892887,848,1,false,false
2525,3,68033,68033,7965824,7967892,7897791,7899859,849,1,false,false
2526,3,68033,68033,7972540,7974608,7904507,7906575,850,1,false,false
2527,3,68033,68033,7978744,7980812,7910711,7912779,851,1,false,false
2528,3,68033,68033,7984948,7987016,7916915,7918983,852,1,false,false
2529,0,68033,68033,10585704,10587772,10517671,10519739,1264,1,false,false
2530,0,68033,68033,10589840,10591908,10521807,10523875,1265,1,false,false
2531,0,68033,68033,10593976,10596044,10525943,10528011,1266,1,false,false
2532,0,68033,68033,10598112,10600180,10530079,10532147,1267,1,false,false
2533,3,68033,68033,7991664,7993732,7923631,7925699,853,1,false,false
2534,3,68033,68033,7998380,8000448,7930347,7932415,854,1,false,false
2535,3,68033,68033,8005352,8007420,7937319,7939387,855,1,false,false
2536,3,68033,68033,8012324,8014392,7944291,7946359,856,1,false,false
2537,0,68064,68064,10602248,10604316,10534184,10536252,1268,1,false,false
2538,0,68064,68064,10606384,10608452,10538320,10540388,1269,1,false,false
2539,0,68064,68064,10610520,10612588,10542456,10544524,1270,1,false,false
2540,0,68064,68064,10614656,10616724,10546592,10548660,1271,1,false,false
2541,3,68064,68064,8018528,8020596,7950464,7952532,857,1,false,false
2542,3,68064,68064,8024476,8026544,7956412,7958480,858,1,false,false
2543,3,68064,68064,8030680,8032748,7962616,7964684,859,1,false,false
2544,3,68064,68064,8036884,8038952,7968820,7970888,860,1,false,false
2545,0,68096,68096,10618792,10619580,10550696,10551484,1272,1,false,false
2546,0,68096,68096,10622416,10623204,10554320,10555108,1273,1,false,false
2547,0,68096,68096,10626040,10626828,10557944,10558732,1274,1,false,false
2548,0,68096,68096,10629408,10629940,10561312,10561844,1275,1,false,false
2549,3,68096,68096,8042320,8044388,7974224,7976292,861,1,false,false
2550,3,68096,68096,8047756,8049824,7979660,7981728,862,1,false,false
2551,3,68096,68096,8054984,8057052,7986888,7988956,863,1,false,false
2552,3,68096,68096,8061700,8063768,7993604,7995672,864,1,false,false
2553,3,68096,68096,8069440,8071508,8001344,8003412,865,1,false,false
2554,3,68096,68096,8076924,8078992,8008828,8010896,866,1,false,false
2555,3,68096,68096,8083640,8085708,8015544,8017612,867,1,false,false
2556,3,68096,68096,8090356,8092424,8022260,8024328,868,1,false,false
2557,0,68097,68097,10632520,10633308,10564423,10565211,1276,1,false,false
2558,0,68097,68097,10636144,10636932,10568047,10568835,1277,1,false,false
2559,0,68097,68097,10639768,10640556,10571671,10572459,1278,1,false,false
2560,0,68097,68097,10643136,10643668,10575039,10575571,1279,1,false,false
2561,3,68097,68097,8097328,8099396,8029231,8031299,869,1,false,false
2562,3,68097,68097,8104044,8106112,8035947,8038015,870,1,false,false
2563,3,68097,68097,8110248,8112316,8042151,8044219,871,1,false,false
2564,3,68097,68097,8116452,8118520,8048355,8050423,872,1,false,false
2565,0,68097,68097,10646248,10648316,10578151,10580219,1280,1,false,false
2566,0,68097,68097,10650384,10652452,10582287,10584355,1281,1,false,false
2567,0,68097,68097,10654520,10656588,10586423,10588491,1282,1,false,false
2568,0,68097,68097,10658656,10660724,10590559,10592627,1283,1,false,false
2569,0,68128,68128,10662792,10664348,10594664,10596220,1284,1,false,false
2570,0,68128,68128,10667184,10668484,10599056,10600356,1285,1,false,false
2571,0,68128,68128,10671320,10672620,10603192,10604492,1286,1,false,false
2572,0,68128,68128,10675200,10676500,10607072,10608372,1287,1,false,false
2573,1,68128,68128,1722656,1722932,1654528,1654804,196,1,false,false
2574,0,68128,68128,10679080,10679868,10610952,10611740,1288,1,false,false
2575,0,68128,68128,10681936,10682724,10613808,10614596,1289,1,false,false
2576,0,68128,68128,10684792,10685580,10616664,10617452,1290,1,false,false
2577,0,68128,68128,10687648,10688180,10619520,10620052,1291,1,false,false
2578,3,68128,68128,8122656,8124724,8054528,8056596,873,1,false,false
2579,3,68128,68128,8128604,8130672,8060476,8062544,874,1,false,false
2580,3,68128,68128,8134808,8136876,8066680,8068748,875,1,false,false
2581,3,68128,68128,8141012,8143080,8072884,8074952,876,1,false,false
2582,3,68128,68128,8146448,8148516,8078320,8080388,877,1,false,false
2583,3,68128,68128,8151884,8153952,8083756,8085824,878,1,false,false
2584,3,68128,68128,8157576,8159644,8089448,8091516,879,1,false,false
2585,3,68128,68128,8163012,8165080,8094884,8096952,880,1,false,false
2586,3,68129,68129,8168448,8170516,8100319,8102387,881,1,false,false
2587,3,68129,68129,8173884,8175952,8105755,8107823,882,1,false,false
2588,3,68129,68129,8179576,8181644,8111447,8113515,883,1,false,false
2589,3,68129,68129,8185012,8187080,8116883,8118951,884,1,false,false
2590,0,68160,68160,10690248,10692316,10622088,10624156,1292,1,false,false
2591,0,68160,68160,10694384,10696452,10626224,10628292,1293,1,false,false
2592,0,68160,68160,10698520,10700588,10630360,10632428,1294,1,false,false
2593,0,68160,68160,10702656,10704724,10634496,10636564,1295,1,false,false
2594,3,68160,68160,8190704,8192772,8122544,8124612,885,1,false,false
2595,3,68160,68160,8196140,8198208,8127980,8130048,886,1,false,false
2596,3,68160,68160,8204648,8206716,8136488,8138556,887,1,false,false
2597,3,68160,68160,8212900,8214968,8144740,8146808,888,1,false,false
2598,0,68160,68160,10706792,10707580,10638632,10639420,1296,1,false,false
2599,0,68160,68160,10709648,10710436,10641488,10642276,1297,1,false,false
2600,0,68160,68160,10712504,10713292,10644344,10645132,1298,1,false,false
2601,0,68160,68160,10715360,10715892,10647200,10647732,1299,1,false,false
2602,0,68160,68160,10717960,10720028,10649800,10651868,1300,1,false,false
2603,0,68160,68160,10722096,10724164,10653936,10656004,1301,1,false,false
2604,0,68160,68160,10726232,10728300,10658072,10660140,1302,1,false,false
2605,0,68160,68160,10730368,10732436,10662208,10664276,1303,1,false,false
2606,0,68161,68161,10734504,10736572,10666343,10668411,1304,1,false,false
2607,0,68161,68161,10739408,10741476,10671247,10673315,1305,1,false,false
2608,0,68161,68161,10744312,10746380,10676151,10678219,1306,1,false,false
2609,0,68161,68161,10748960,10751028,10680799,10682867,1307,1,false,false
2610,3,68161,68161,8221152,8223220,8152991,8155059,889,1,false,false
2611,3,68161,68161,8229404,8231472,8161243,8163311,890,1,false,false
2612,3,68161,68161,8235096,8237164,8166935,8169003,891,1,false,false
2613,3,68161,68161,8240532,8242600,8172371,8174439,892,1,false,false
2614,0,68161,68161,10753608,10755676,10685447,10687515,1308,1,false,false
2615,0,68161,68161,10757744,10759812,10689583,10691651,1309,1,false,false
2616,0,68161,68161,10761880,10763948,10693719,10695787,1310,1,false,false
2617,0,68161,68161,10766016,10768084,10697855,10699923,1311,1,false,false
2618,3,68192,68192,8246736,8249572,8178544,8181380,893,1,false,false
2619,3,68192,68192,8253452,8256288,8185260,8188096,894,1,false,false
2620,3,68192,68192,8260936,8263516,8192744,8195324,895,1,false,false
2621,3,68192,68192,8268164,8270744,8199972,8202552,896,1,false,false
2622,3,68192,68192,8275648,8278484,8207456,8210292,897,1,false,false
2623,3,68192,68192,8283132,8285968,8214940,8217776,898,1,false,false
2624,3,68192,68192,8289336,8291916,8221144,8223724,899,1,false,false
2625,3,68192,68192,8295284,8297864,8227092,8229672,900,1,false,false
2626,0,68224,68224,10770152,10771708,10701928,10703484,1312,1,false,false
2627,0,68224,68224,10773776,10775076,10705552,10706852,1313,1,false,false
2628,0,68224,68224,10777144,10778444,10708920,10710220,1314,1,false,false
2629,0,68224,68224,10780512,10781812,10712288,10713588,1315,1,false,false
2630,3,68224,68224,8301488,8303556,8233264,8235332,901,1,false,false
2631,3,68224,68224,8306924,8308992,8238700,8240768,902,1,false,false
2632,3,68224,68224,8313128,8315196,8244904,8246972,903,1,false,false
2633,3,68224,68224,8319332,8321400,8251108,8253176,904,1,false,false
2634,3,68224,68224,8325536,8327604,8257312,8259380,905,1,false,false
2635,3,68224,68224,8331484,8333552,8263260,8265328,906,1,false,false
2636,3,68224,68224,8336920,8338988,8268696,8270764,907,1,false,false
2637,3,68224,68224,8342356,8344424,8274132,8276200,908,1,false,false
2638,0,68225,68225,10783880,10785436,10715655,10717211,1316,1,false,false
2639,0,68225,68225,10788272,10789572,10720047,10721347,1317,1,false,false
2640,0,68225,68225,10792408,10793708,10724183,10725483,1318,1,false,false
2641,0,68225,68225,10796288,10797588,10728063,10729363,1319,1,false,false
2642,0,68225,68225,10800168,10802236,10731943,10734011,1320,1,false,false
2643,0,68225,68225,10805072,10807140,10736847,10738915,1321,1,false,false
2644,0,68225,68225,10809976,10812044,10741751,10743819,1322,1,false,false
2645,0,68225,68225,10814880,10816948,10746655,10748723,1323,1,false,false
2646,0,68225,68225,10819528,10820316,10751303,10752091,1324,1,false,false
2647,0,68225,68225,10822384,10823172,10754159,10754947,1325,1,false,false
2648,0,68225,68225,10825240,10826028,10757015,10757803,1326,1,false,false
2649,0,68225,68225,10828096,10828628,10759871,10760403,1327,1,false,false
2650,0,68225,68225,10830696,10831484,10762471,10763259,1328,1,false,false
2651,0,68225,68225,10833552,10834340,10765327,10766115,1329,1,false,false
2652,0,68225,68225,10836408,10837196,10768183,10768971,1330,1,false,false
2653,0,68225,68225,10839264,10839796,10771039,10771571,1331,1,false,false
2654,0,68256,68256,10841864,10842652,10773608,10774396,1332,1,false,false
2655,0,68256,68256,10845488,10846276,10777232,10778020,1333,1,false,false
2656,0,68256,68256,10849112,10849900,10780856,10781644,1334,1,false,false
2657,0,68256,68256,10852736,10853268,10784480,10785012,1335,1,false,false
2658,3,68256,68256,8348048,8350116,8279792,8281860,909,1,false,false
2659,3,68256,68256,8353484,8355552,8285228,8287296,910,1,false,false
2660,3,68256,68256,8360456,8362524,8292200,8294268,911,1,false,false
2661,3,68256,68256,8367172,8369240,8298916,8300984,912,1,false,false
2662,3,68256,68256,8373376,8375444,8305120,8307188,913,1,false,false
2663,3,68256,68256,8379580,8381648,8311324,8313392,914,1,false,false
2664,3,68256,68256,8385272,8387340,8317016,8319084,915,1,false,false
2665,3,68256,68256,8390708,8392776,8322452,8324520,916,1,false,false
2666,0,68256,68256,10855848,10857916,10787592,10789660,1336,1,false,false
2667,0,68256,68256,10860752,10862820,10792496,10794564,1337,1,false,false
2668,0,68256,68256,10865656,10867724,10797400,10799468,1338,1,false,false
2669,0,68256,68256,10870304,10872372,10802048,10804116,1339,1,false,false
2670,3,68256,68256,8397424,8399492,8329168,8331236,917,1,false,false
2671,3,68256,68256,8404140,8406208,8335884,8337952,918,1,false,false
2672,3,68256,68256,8410344,8412412,8342088,8344156,919,1,false,false
2673,3,68256,68256,8416548,8418616,8348292,8350360,920,1,false,false
2674,3,68256,68256,8423520,8425588,8355264,8357332,921,1,false,false
2675,3,68256,68256,8430492,8432560,8362236,8364304,922,1,false,false
2676,3,68256,68256,8438232,8440300,8369976,8372044,923,1,false,false
2677,3,68256,68256,8445716,8447784,8377460,8379528,924,1,false,false
2678,3,68256,68256,8452432,8454500,8384176,8386244,925,1,false,false
2679,3,68256,68256,8459148,8461216,8390892,8392960,926,1,false,false
2680,3,68256,68256,8466632,8468700,8398376,8400444,927,1,false,false
2681,3,68256,68256,8474116,8476184,8405860,8407928,928,1,false,false
2682,0,68256,68256,10874952,10876508,10806696,10808252,1340,1,false,false
2683,0,68256,68256,10878576,10879876,10810320,10811620,1341,1,false,false
2684,0,68256,68256,10881944,10883244,10813688,10814988,1342,1,false,false
2685,0,68256,68256,10885312,10886612,10817056,10818356,1343,1,false,false
2686,3,68288,68288,8481600,8483668,8413312,8415380,929,1,false,false
2687,3,68288,68288,8489084,8491152,8420796,8422864,930,1,false,false
2688,3,68288,68288,8496056,8498124,8427768,8429836,931,1,false,false
2689,3,68288,68288,8503028,8505096,8434740,8436808,932,1,false,false
2690,3,68288,68288,8509232,8512068,8440944,8443780,933,1,false,false
2691,3,68288,68288,8515948,8518784,8447660,8450496,934,1,false,false
2692,3,68288,68288,8523688,8526268,8455400,8457980,935,1,false,false
2693,3,68288,68288,8530916,8533496,8462628,8465208,936,1,false,false
2694,3,68288,68288,8537632,8539700,8469344,8471412,937,1,false,false
2695,3,68288,68288,8543836,8545904,8475548,8477616,938,1,false,false
2696,3,68288,68288,8550296,8552364,8482008,8484076,939,1,false,false
2697,3,68288,68288,8556244,8558312,8487956,8490024,940,1,false,false
2698,3,68289,68289,8563728,8565796,8495439,8497507,941,1,false,false
2699,3,68289,68289,8571212,8573280,8502923,8504991,942,1,false,false
2700,3,68289,68289,8578184,8580252,8509895,8511963,943,1,false,false
2701,3,68289,68289,8584900,8586968,8516611,8518679,944,1,false,false
2702,0,68289,68289,10888680,10889468,10820391,10821179,1344,1,false,false
2703,0,68289,68289,10891536,10892324,10823247,10824035,1345,1,false,false
2704,0,68289,68289,10894392,10895180,10826103,10826891,1346,1,false,false
2705,0,68289,68289,10897248,10897780,10828959,10829491,1347,1,false,false
2706,0,68320,68320,10899848,10901916,10831528,10833596,1348,1,false,false
2707,0,68320,68320,10903984,10906052,10835664,10837732,1349,1,false,false
2708,0,68320,68320,10908120,10910188,10839800,10841868,1350,1,false,false
2709,0,68320,68320,10912256,10914324,10843936,10846004,1351,1,false,false
2710,3,68320,68320,8591616,8594452,8523296,8526132,945,1,false,false
2711,3,68320,68320,8599100,8601936,8530780,8533616,946,1,false,false
2712,3,68320,68320,8606840,8609676,8538520,8541356,947,1,false,false
2713,3,68320,68320,8614580,8617160,8546260,8548840,948,1,false,false
2714,0,68321,68321,10916392,10918460,10848071,10850139,1352,1,false,false
2715,0,68321,68321,10920528,10922596,10852207,10854275,1353,1,false,false
2716,0,68321,68321,10924664,10926732,10856343,10858411,1354,1,false,false
2717,0,68321,68321,10928800,10930868,10860479,10862547,1355,1,false,false
2718,0,68321,68321,10932936,10935004,10864615,10866683,1356,1,false,false
2719,0,68321,68321,10937072,10939140,10868751,10870819,1357,1,false,false
2720,0,68321,68321,10941208,10943276,10872887,10874955,1358,1,false,false
2721,0,68321,68321,10945344,10947412,10877023,10879091,1359,1,false,false
2722,3,68321,68321,8623344,8626180,8555023,8557859,949,1,false,false
2723,3,68321,68321,8632108,8634944,8563787,8566623,950,1,false,false
2724,3,68321,68321,8642408,8644988,8574087,8576667,951,1,false,false
2725,3,68321,68321,8652452,8655032,8584131,8586711,952,1,false,false
2726,3,68352,68352,8659680,8662516,8591328,8594164,953,1,false,false
2727,3,68352,68352,8666908,8669744,8598556,8601392,954,1,false,false
2728,3,68352,68352,8673624,8676204,8605272,8607852,955,1,false,false
2729,3,68352,68352,8680084,8682664,8611732,8614312,956,1,false,false
2730,0,68353,68353,10949480,10950268,10881127,10881915,1360,1,false,false
2731,0,68353,68353,10952336,10953124,10883983,10884771,1361,1,false,false
2732,0,68353,68353,10955192,10955980,10886839,10887627,1362,1,false,false
2733,0,68353,68353,10958048,10958580,10889695,10890227,1363,1,false,false
2734,3,68384,68384,8687568,8690404,8619184,8622020,957,1,false,false
2735,3,68384,68384,8695052,8697888,8626668,8629504,958,1,false,false
2736,3,68384,68384,8702792,8705372,8634408,8636988,959,1,false,false
2737,3,68384,68384,8710020,8712600,8641636,8644216,960,1,false,false
2738,3,68384,68384,8716736,8717524,8648352,8649140,961,1,false,false
2739,3,68384,68384,8721660,8722448,8653276,8654064,962,1,false,false
2740,3,68384,68384,8726072,8726860,8657688,8658476,963,1,false,false
2741,3,68384,68384,8730228,8730760,8661844,8662376,964,1,false,false
2742,0,68384,68384,10960648,10964252,10892264,10895868,1364,1,false,false
2743,0,68384,68384,10966320,10969668,10897936,10901284,1365,1,false,false
2744,0,68384,68384,10971736,10975084,10903352,10906700,1366,1,false,false
2745,0,68384,68384,10977152,10980500,10908768,10912116,1367,1,false,false
2746,0,68385,68385,10982568,10983356,10914183,10914971,1368,1,false,false
2747,0,68385,68385,10985424,10986212,10917039,10917827,1369,1,false,false
2748,0,68385,68385,10988280,10989068,10919895,10920683,1370,1,false,false
2749,0,68385,68385,10991136,10991668,10922751,10923283,1371,1,false,false
2750,0,68385,68385,10993736,10995292,10925351,10926907,1372,1,false,false
2751,0,68385,68385,10998128,10999428,10929743,10931043,1373,1,false,false
2752,0,68385,68385,11002264,11003564,10933879,10935179,1374,1,false,false
2753,0,68385,68385,11006144,11007444,10937759,10939059,1375,1,false,false
2754,3,68416,68416,8735408,8737476,8666992,8669060,965,1,false,false
2755,3,68416,68416,8742124,8744192,8673708,8675776,966,1,false,false
2756,3,68416,68416,8749864,8751932,8681448,8683516,967,1,false,false
2757,3,68416,68416,8757348,8759416,8688932,8691000,968,1,false,false
2758,3,68416,68416,8764832,8766900,8696416,8698484,969,1,false,false
2759,3,68416,68416,8772316,8774384,8703900,8705968,970,1,false,false
2760,3,68416,68416,8779800,8781868,8711384,8713452,971,1,false,false
2761,3,68416,68416,8787028,8789096,8718612,8720680,972,1,false,false
2762,3,68416,68416,8793232,8795300,8724816,8726884,973,1,false,false
2763,3,68416,68416,8799436,8801504,8731020,8733088,974,1,false,false
2764,3,68416,68416,8806408,8808476,8737992,8740060,975,1,false,false
2765,3,68416,68416,8813124,8815192,8744708,8746776,976,1,false,false
2766,0,68416,68416,11010024,11012860,10941608,10944444,1376,1,false,false
2767,0,68416,68416,11014928,11017764,10946512,10949348,1377,1,false,false
2768,0,68416,68416,11019832,11022412,10951416,10953996,1378,1,false,false
2769,0,68416,68416,11024480,11027060,10956064,10958644,1379,1,false,false
2770,0,68417,68417,11029128,11029916,10960711,10961499,1380,1,false,false
2771,0,68417,68417,11031984,11032772,10963567,10964355,1381,1,false,false
2772,0,68417,68417,11034840,11035628,10966423,10967211,1382,1,false,false
2773,0,68417,68417,11037696,11038228,10969279,10969811,1383,1,false,false
2774,3,68448,68448,8820096,8822164,8751648,8753716,977,1,false,false
2775,3,68448,68448,8826812,8828880,8758364,8760432,978,1,false,false
2776,3,68448,68448,8832504,8834572,8764056,8766124,979,1,false,false
2777,3,68448,68448,8837940,8840008,8769492,8771560,980,1,false,false
2778,3,68448,68448,8843376,8846212,8774928,8777764,981,1,false,false
2779,3,68448,68448,8849580,8852416,8781132,8783968,982,1,false,false
2780,3,68448,68448,8856040,8858620,8787592,8790172,983,1,false,false
2781,3,68448,68448,8861988,8864568,8793540,8796120,984,1,false,false
2782,0,68448,68448,11040296,11041084,10971848,10972636,1384,1,false,false
2783,0,68448,68448,11043152,11043940,10974704,10975492,1385,1,false,false
2784,0,68448,68448,11046008,11046796,10977560,10978348,1386,1,false,false
2785,0,68448,68448,11048864,11049396,10980416,10980948,1387,1,false,false
2786,0,68448,68448,11051464,11053532,10983016,10985084,1388,1,false,false
2787,0,68448,68448,11055600,11057668,10987152,10989220,1389,1,false,false
2788,0,68448,68448,11059736,11061804,10991288,10993356,1390,1,false,false
2789,0,68448,68448,11063872,11065940,10995424,10997492,1391,1,false,false
2790,3,68448,68448,8867936,8870004,8799488,8801556,985,1,false,false
2791,3,68448,68448,8873372,8875440,8804924,8806992,986,1,false,false
2792,3,68448,68448,8879064,8881132,8810616,8812684,987,1,false,false
2793,3,68448,68448,8884500,8886568,8816052,8818120,988,1,false,false
2794,0,68449,68449,11068008,11070844,10999559,11002395,1392,1,false,false
2795,0,68449,68449,11073680,11076516,11005231,11008067,1393,1,false,false
2796,0,68449,68449,11079352,11081932,11010903,11013483,1394,1,false,false
2797,0,68449,68449,11084512,11087092,11016063,11018643,1395,1,false,false
2798,0,68449,68449,11089672,11090460,11021223,11022011,1396,1,false,false
2799,0,68449,68449,11092528,11093316,11024079,11024867,1397,1,false,false
2800,0,68449,68449,11095384,11096172,11026935,11027723,1398,1,false,false
2801,0,68449,68449,11098240,11098772,11029791,11030323,1399,1,false,false
2802,3,68449,68449,8889936,8892004,8821487,8823555,989,1,false,false
2803,3,68449,68449,8895372,8897440,8826923,8828991,990,1,false,false
2804,3,68449,68449,8901576,8903644,8833127,8835195,991,1,false,false
2805,3,68449,68449,8907524,8909592,8839075,8841143,992,1,false,false
2806,3,68480,68480,8914496,8917332,8846016,8848852,993,1,false,false
2807,3,68480,68480,8921980,8924816,8853500,8856336,994,1,false,false
2808,3,68480,68480,8928952,8931532,8860472,8863052,995,1,false,false
2809,3,68480,68480,8935668,8938248,8867188,8869768,996,1,false,false
2810,0,68480,68480,11100840,11102396,11032360,11033916,1400,1,false,false
2811,0,68480,68480,11104464,11105764,11035984,11037284,1401,1,false,false
2812,0,68480,68480,11107832,11109132,11039352,11040652,1402,1,false,false
2813,0,68480,68480,11111200,11112500,11042720,11044020,1403,1,false,false
2814,3,68480,68480,8942896,8945732,8874416,8877252,997,1,false,false
2815,3,68480,68480,8950380,8953216,8881900,8884736,998,1,false,false
2816,3,68480,68480,8958120,8960700,8889640,8892220,999,1,false,false
2817,3,68480,68480,8965604,8968184,8897124,8899704,1000,1,false,false
2818,3,68481,68481,8971552,8973620,8903071,8905139,1001,1,false,false
2819,3,68481,68481,8976988,8979056,8908507,8910575,1002,1,false,false
2820,3,68481,68481,8983448,8985516,8914967,8917035,1003,1,false,false
2821,3,68481,68481,8989396,8991464,8920915,8922983,1004,1,false,false
2822,0,68512,68512,11114568,11116636,11046056,11048124,1404,1,false,false
2823,0,68512,68512,11118704,11120772,11050192,11052260,1405,1,false,false
2824,0,68512,68512,11122840,11124908,11054328,11056396,1406,1,false,false
2825,0,68512,68512,11126976,11129044,11058464,11060532,1407,1,false,false
2826,0,68512,68512,11131112,11131900,11062600,11063388,1408,1,false,false
2827,0,68512,68512,11133200,11133988,11064688,11065476,1409,1,false,false
2828,0,68512,68512,11135288,11136076,11066776,11067564,1410,1,false,false
2829,0,68512,68512,11137376,11137908,11068864,11069396,1411,1,false,false
2830,0,68512,68512,11138952,11140508,11070440,11071996,1412,1,false,false
2831,0,68512,68512,11142576,11143876,11074064,11075364,1413,1,false,false
2832,0,68512,68512,11145944,11147244,11077432,11078732,1414,1,false,false
2833,0,68512,68512,11149312,11150612,11080800,11082100,1415,1,false,false
2834,3,68512,68512,8996368,8999204,8927856,8930692,1005,1,false,false
2835,3,68512,68512,9003852,9006688,8935340,8938176,1006,1,false,false
2836,3,68512,68512,9010824,9013660,8942312,8945148,1007,1,false,false
2837,3,68512,68512,9017796,9020376,8949284,8951864,1008,1,false,false
2838,0,68512,68512,11152680,11154748,11084168,11086236,1416,1,false,false
2839,0,68512,68512,11157584,11159652,11089072,11091140,1417,1,false,false
2840,0,68512,68512,11162488,11164556,11093976,11096044,1418,1,false,false
2841,0,68512,68512,11167136,11169204,11098624,11100692,1419,1,false,false
2842,3,68512,68512,9024512,9026580,8956000,8958068,1009,1,false,false
2843,3,68512,68512,9030460,9032528,8961948,8964016,1010,1,false,false
2844,3,68512,68512,9036664,9038732,8968152,8970220,1011,1,false,false
2845,3,68512,68512,9042868,9044936,8974356,8976424,1012,1,false,false
2846,0,68512,68512,11171784,11173340,11103272,11104828,1420,1,false,false
2847,0,68512,68512,11176176,11177476,11107664,11108964,1421,1,false,false
2848,0,68512,68512,11180312,11181612,11111800,11113100,1422,1,false,false
2849,0,68512,68512,11184192,11185492,11115680,11116980,1423,1,false,false
2850,0,68512,68512,11188072,11188860,11119560,11120348,1424,1,false,false
2851,0,68512,68512,11190928,11191716,11122416,11123204,1425,1,false,false
2852,0,68512,68512,11193784,11194572,11125272,11126060,1426,1,false,false
2853,0,68512,68512,11196640,11197172,11128128,11128660,1427,1,false,false
2854,3,68513,68513,9049584,9052420,8981071,8983907,1013,1,false,false
2855,3,68513,68513,9057068,9059904,8988555,8991391,1014,1,false,false
2856,3,68513,68513,9064808,9067388,8996295,8998875,1015,1,false,false
2857,3,68513,68513,9072292,9074872,9003779,9006359,1016,1,false,false
2858,3,68513,68513,9078240,9080308,9009727,9011795,1017,1,false,false
2859,3,68513,68513,9083676,9085744,9015163,9017231,1018,1,false,false
2860,3,68513,68513,9090136,9092204,9021623,9023691,1019,1,false,false
2861,3,68513,68513,9096084,9098152,9027571,9029639,1020,1,false,false
2862,3,68544,68544,9103056,9105124,9034512,9036580,1021,1,false,false
2863,3,68544,68544,9109772,9111840,9041228,9043296,1022,1,false,false
2864,3,68544,68544,9118792,9120860,9050248,9052316,1023,1,false,false
2865,3,68544,68544,9127812,9129880,9059268,9061336,1024,1,false,false
2866,3,68544,68544,9136320,9138388,9067776,9069844,1025,1,false,false
2867,3,68544,68544,9144572,9146640,9076028,9078096,1026,1,false,false
2868,3,68544,68544,9150264,9152332,9081720,9083788,1027,1,false,false
2869,3,68544,68544,9155700,9157768,9087156,9089224,1028,1,false,false
2870,1,68544,68544,1729904,1731972,1661360,1663428,197,1,false,false
2871,1,68544,68544,1738688,1740756,1670144,1672212,198,1,false,false
2872,1,68544,68544,1747472,1749540,1678928,1680996,199,1,false,false
2873,1,68544,68544,1755232,1757300,1686688,1688756,200,1,false,false
2874,3,68544,68544,9161136,9163204,9092592,9094660,1029,1,false,false
2875,3,68544,68544,9166572,9168640,9098028,9100096,1030,1,false,false
2876,3,68544,68544,9172264,9174332,9103720,9105788,1031,1,false,false
2877,3,68544,68544,9177700,9179768,9109156,9111224,1032,1,false,false
2878,0,68544,68544,11199240,11202588,11130696,11134044,1428,1,false,false
2879,0,68544,68544,11204144,11207492,11135600,11138948,1429,1,false,false
2880,0,68544,68544,11208792,11211884,11140248,11143340,1430,1,false,false
2881,0,68544,68544,11213184,11216276,11144640,11147732,1431,1,false,false
2882,0,68545,68545,11217576,11220412,11149031,11151867,1432,1,false,false
2883,0,68545,68545,11222480,11225316,11153935,11156771,1433,1,false,false
2884,0,68545,68545,11227384,11229964,11158839,11161419,1434,1,false,false
2885,0,68545,68545,11232032,11234612,11163487,11166067,1435,1,false,false
2886,0,68545,68545,11236680,11239516,11168135,11170971,1436,1,false,false
2887,0,68545,68545,11241584,11244420,11173039,11175875,1437,1,false,false
2888,0,68545,68545,11246488,11249068,11177943,11180523,1438,1,false,false
2889,0,68545,68545,11251136,11253716,11182591,11185171,1439,1,false,false
2890,3,68545,68545,9183904,9185972,9115359,9117427,1033,1,false,false
2891,3,68545,68545,9189852,9191920,9121307,9123375,1034,1,false,false
2892,3,68545,68545,9196056,9198124,9127511,9129579,1035,1,false,false
2893,3,68545,68545,9202260,9204328,9133715,9135783,1036,1,false,false
2894,3,68576,68576,9209232,9212068,9140656,9143492,1037,1,false,false
2895,3,68576,68576,9216972,9219808,9148396,9151232,1038,1,false,false
2896,3,68576,68576,9225736,9228316,9157160,9159740,1039,1,false,false
2897,3,68576,68576,9233732,9236312,9165156,9167736,1040,1,false,false
2898,3,68576,68576,9241728,9244564,9173152,9175988,1041,1,false,false
2899,3,68576,68576,9249980,9252816,9181404,9184240,1042,1,false,false
2900,3,68576,68576,9257720,9260556,9189144,9191980,1043,1,false,false
2901,3,68576,68576,9265460,9268040,9196884,9199464,1044,1,false,false
2902,0,68576,68576,11255784,11257340,11187208,11188764,1440,1,false,false
2903,0,68576,68576,11259408,11260708,11190832,11192132,1441,1,false,false
2904,0,68576,68576,11262776,11264076,11194200,11195500,1442,1,false,false
2905,0,68576,68576,11266144,11267444,11197568,11198868,1443,1,false,false
2906,3,68608,68608,9272688,9275524,9204080,9206916,1045,1,false,false
2907,3,68608,68608,9280172,9283008,9211564,9214400,1046,1,false,false
2908,3,68608,68608,9287912,9290748,9219304,9222140,1047,1,false,false
2909,3,68608,68608,9295652,9298232,9227044,9229624,1048,1,false,false
2910,3,68608,68608,9301600,9303668,9232992,9235060,1049,1,false,false
2911,3,68608,68608,9307036,9309104,9238428,9240496,1050,1,false,false
2912,3,68608,68608,9315288,9317356,9246680,9248748,1051,1,false,false
2913,3,68608,68608,9323284,9325352,9254676,9256744,1052,1,false,false
2914,3,68608,68608,9332816,9335652,9264208,9267044,1053,1,false,false
2915,3,68608,68608,9342860,9345696,9274252,9277088,1054,1,false,false
2916,3,68608,68608,9350600,9353180,9281992,9284572,1055,1,false,false
2917,3,68608,68608,9358084,9360664,9289476,9292056,1056,1,false,false
2918,3,68608,68608,9364032,9367636,9295424,9299028,1057,1,false,false
2919,3,68608,68608,9371004,9374352,9302396,9305744,1058,1,false,false
2920,3,68608,68608,9377976,9381324,9309368,9312716,1059,1,false,false
2921,3,68608,68608,9384692,9388040,9316084,9319432,1060,1,false,false
2922,0,68608,68608,11269512,11271580,11200904,11202972,1444,1,false,false
2923,0,68608,68608,11273648,11275716,11205040,11207108,1445,1,false,false
2924,0,68608,68608,11277784,11279852,11209176,11211244,1446,1,false,false
2925,0,68608,68608,11281920,11283988,11213312,11215380,1447,1,false,false
2926,0,68609,68609,11286056,11286844,11217447,11218235,1448,1,false,false
2927,0,68609,68609,11289680,11290468,11221071,11221859,1449,1,false,false
2928,0,68609,68609,11293304,11294092,11224695,11225483,1450,1,false,false
2929,0,68609,68609,11296672,11297204,11228063,11228595,1451,1,false,false
2930,3,68609,68609,9392432,9394500,9323823,9325891,1061,1,false,false
2931,3,68609,68609,9398380,9400448,9329771,9331839,1062,1,false,false
2932,3,68609,68609,9405352,9407420,9336743,9338811,1063,1,false,false
2933,3,68609,68609,9412068,9414136,9343459,9345527,1064,1,false,false
2934,3,68640,68640,9419552,9421620,9350912,9352980,1065,1,false,false
2935,3,68640,68640,9427036,9429104,9358396,9360464,1066,1,false,false
2936,3,68640,68640,9433240,9435308,9364600,9366668,1067,1,false,false
2937,3,68640,68640,9439188,9441256,9370548,9372616,1068,1,false,false
2938,0,68640,68640,11299784,11300572,11231144,11231932,1452,1,false,false
2939,0,68640,68640,11302640,11303428,11234000,11234788,1453,1,false,false
2940,0,68640,68640,11305496,11306284,11236856,11237644,1454,1,false,false
2941,0,68640,68640,11308352,11308884,11239712,11240244,1455,1,false,false
2942,3,68640,68640,9444112,9446180,9375472,9377540,1069,1,false,false
2943,3,68640,68640,9449036,9451104,9380396,9382464,1070,1,false,false
2944,3,68640,68640,9454728,9456796,9386088,9388156,1071,1,false,false
2945,3,68640,68640,9460164,9462232,9391524,9393592,1072,1,false,false
2946,3,68640,68640,9465600,9467668,9396960,9399028,1073,1,false,false
2947,3,68640,68640,9471036,9473104,9402396,9404464,1074,1,false,false
2948,3,68640,68640,9476728,9478796,9408088,9410156,1075,1,false,false
2949,3,68640,68640,9482164,9484232,9413524,9415592,1076,1,false,false
2950,0,68640,68640,11310952,11311740,11242312,11243100,1456,1,false,false
2951,0,68640,68640,11314576,11315364,11245936,11246724,1457,1,false,false
2952,0,68640,68640,11318200,11318988,11249560,11250348,1458,1,false,false
2953,0,68640,68640,11321568,11322100,11252928,11253460,1459,1,false,false
2954,0,68640,68640,11324680,11326748,11256040,11258108,1460,1,false,false
2955,0,68640,68640,11328816,11330628,11260176,11261988,1461,1,false,false
2956,0,68640,68640,11332696,11334508,11264056,11265868,1462,1,false,false
2957,0,68640,68640,11336576,11338388,11267936,11269748,1463,1,false,false
2958,3,68672,68672,9488880,9490948,9420208,9422276,1077,1,false,false
2959,3,68672,68672,9495340,9497408,9426668,9428736,1078,1,false,false
2960,3,68672,68672,9502056,9504124,9433384,9435452,1079,1,false,false
2961,3,68672,68672,9508772,9510840,9440100,9442168,1080,1,false,false
2962,0,68672,68672,11340456,11342012,11271784,11273340,1464,1,false,false
2963,0,68672,68672,11344080,11345380,11275408,11276708,1465,1,false,false
2964,0,68672,68672,11347448,11348748,11278776,11280076,1466,1,false,false
2965,0,68672,68672,11350816,11352116,11282144,11283444,1467,1,false,false
2966,0,68672,68672,11354184,11355740,11285512,11287068,1468,1,false,false
2967,0,68672,68672,11358576,11359876,11289904,11291204,1469,1,false,false
2968,0,68672,68672,11362712,11364012,11294040,11295340,1470,1,false,false
2969,0,68672,68672,11366848,11368148,11298176,11299476,1471,1,false,false
2970,3,68672,68672,9514208,9516276,9445536,9447604,1081,1,false,false
2971,3,68672,68672,9519644,9521712,9450972,9453040,1082,1,false,false
2972,3,68672,68672,9526616,9528684,9457944,9460012,1083,1,false,false
2973,3,68672,68672,9533332,9535400,9464660,9466728,1084,1,false,false
2974,3,68672,68672,9540304,9543140,9471632,9474468,1085,1,false,false
2975,3,68672,68672,9547788,9550624,9479116,9481952,1086,1,false,false
2976,3,68672,68672,9551688,9554524,9483016,9485852,1087,1,false,false
2977,3,68672,68672,9557892,9560472,9489220,9491800,1088,1,false,false
2978,3,68672,68672,9564096,9565396,9495424,9496724,1089,1,false,false
2979,3,68672,68672,9568764,9570064,9500092,9501392,1090,1,false,false
2980,3,68672,68672,9573432,9574732,9504760,9506060,1091,1,false,false
2981,3,68672,68672,9578100,9579144,9509428,9510472,1092,1,false,false
2982,3,68672,68672,9584816,9587652,9516144,9518980,1093,1,false,false
2983,3,68672,68672,9593068,9595904,9524396,9527232,1094,1,false,false
2984,3,68672,68672,9601064,9603644,9532392,9534972,1095,1,false,false
2985,3,68672,68672,9609060,9611640,9540388,9542968,1096,1,false,false
2986,0,68672,68672,11370728,11371516,11302056,11302844,1472,1,false,false
2987,0,68672,68672,11374352,11375140,11305680,11306468,1473,1,false,false
2988,0,68672,68672,11377976,11378764,11309304,11310092,1474,1,false,false
2989,0,68672,68672,11381600,11382132,11312928,11313460,1475,1,false,false
2990,0,68673,68673,11384712,11386780,11316039,11318107,1476,1,false,false
2991,0,68673,68673,11388848,11390916,11320175,11322243,1477,1,false,false
2992,0,68673,68673,11392984,11395052,11324311,11326379,1478,1,false,false
2993,0,68673,68673,11397120,11399188,11328447,11330515,1479,1,false,false
2994,0,68673,68673,11401256,11402044,11332583,11333371,1480,1,false,false
2995,0,68673,68673,11403344,11404132,11334671,11335459,1481,1,false,false
2996,0,68673,68673,11405432,11406220,11336759,11337547,1482,1,false,false
2997,0,68673,68673,11407520,11408052,11338847,11339379,1483,1,false,false
2998,3,68704,68704,9616032,9618100,9547328,9549396,1097,1,false,false
2999,3,68704,68704,9621980,9624048,9553276,9555344,1098,1,false,false
3000,3,68704,68704,9627928,9629996,9559224,9561292,1099,1,false,false
3001,3,68704,68704,9634132,9636200,9565428,9567496,1100,1,false,false
3002,3,68704,68704,9641104,9646500,9572400,9577796,1101,1,false,false
3003,3,68704,68704,9651148,9656544,9582444,9587840,1102,1,false,false
3004,3,68704,68704,9661192,9666588,9592488,9597884,1103,1,false,false
3005,3,68704,68704,9671492,9676888,9602788,9608184,1104,1,false,false
3006,3,68704,68704,9681280,9683348,9612576,9614644,1105,1,false,false
3007,3,68704,68704,9687484,9689552,9618780,9620848,1106,1,false,false
3008,3,68704,68704,9693432,9695500,9624728,9626796,1107,1,false,false
3009,3,68704,68704,9699636,9701704,9630932,9633000,1108,1,false,false
3010,0,68705,68705,11409096,11409884,11340391,11341179,1484,1,false,false
3011,0,68705,68705,11411952,11412740,11343247,11344035,1485,1,false,false
3012,0,68705,68705,11414808,11415596,11346103,11346891,1486,1,false,false
3013,0,68705,68705,11417664,11418196,11348959,11349491,1487,1,false,false
3014,3,68736,68736,9705328,9708164,9636592,9639428,1109,1,false,false
3015,3,68736,68736,9711532,9714368,9642796,9645632,1110,1,false,false
3016,3,68736,68736,9717736,9720572,9649000,9651836,1111,1,false,false
3017,3,68736,68736,9723940,9726520,9655204,9657784,1112,1,false,false
3018,3,68736,68736,9730912,9732980,9662176,9664244,1113,1,false,false
3019,3,68736,68736,9736860,9738928,9668124,9670192,1114,1,false,false
3020,3,68736,68736,9742808,9744876,9674072,9676140,1115,1,false,false
3021,3,68736,68736,9749012,9751080,9680276,9682344,1116,1,false,false
3022,3,68736,68736,9754704,9756772,9685968,9688036,1117,1,false,false
3023,3,68736,68736,9760140,9762208,9691404,9693472,1118,1,false,false
3024,3,68736,68736,9765576,9767644,9696840,9698908,1119,1,false,false
3025,3,68736,68736,9771780,9773848,9703044,9705112,1120,1,false,false
3026,3,68736,68736,9777984,9780820,9709248,9712084,1121,1,false,false
3027,3,68736,68736,9784956,9787792,9716220,9719056,1122,1,false,false
3028,3,68736,68736,9791928,9794508,9723192,9725772,1123,1,false,false
3029,3,68736,68736,9797876,9800456,9729140,9731720,1124,1,false,false
3030,3,68736,68736,9805360,9808196,9736624,9739460,1125,1,false,false
3031,3,68736,68736,9812844,9815680,9744108,9746944,1126,1,false,false
3032,3,68736,68736,9820328,9822908,9751592,9754172,1127,1,false,false
3033,3,68736,68736,9827812,9830392,9759076,9761656,1128,1,false,false
3034,0,68736,68736,11420264,11421052,11351528,11352316,1488,1,false,false
3035,0,68736,68736,11423888,11424676,11355152,11355940,1489,1,false,false
3036,0,68736,68736,11427512,11428300,11358776,11359564,1490,1,false,false
3037,0,68736,68736,11430880,11431412,11362144,11362676,1491,1,false,false
3038,3,68737,68737,9834784,9836852,9766047,9768115,1129,1,false,false
3039,3,68737,68737,9840732,9842800,9771995,9774063,1130,1,false,false
3040,3,68737,68737,9846680,9848748,9777943,9780011,1131,1,false,false
3041,3,68737,68737,9850324,9852392,9781587,9783655,1132,1,false,false
3042,0,68768,68768,11433992,11436060,11365224,11367292,1492,1,false,false
3043,0,68768,68768,11438128,11440196,11369360,11371428,1493,1,false,false
3044,0,68768,68768,11442264,11444332,11373496,11375564,1494,1,false,false
3045,0,68768,68768,11446400,11448468,11377632,11379700,1495,1,false,false
3046,3,68768,68768,9857296,9859364,9788528,9790596,1133,1,false,false
3047,3,68768,68768,9864268,9866336,9795500,9797568,1134,1,false,false
3048,3,68768,68768,9871240,9873308,9802472,9804540,1135,1,false,false
3049,3,68768,68768,9877700,9879768,9808932,9811000,1136,1,false,false
3050,3,68768,68768,9885440,9887508,9816672,9818740,1137,1,false,false
3051,3,68768,68768,9892924,9894992,9824156,9826224,1138,1,false,false
3052,3,68768,68768,9900408,9902220,9831640,9833452,1139,1,false,false
3053,3,68768,68768,9907636,9909448,9838868,9840680,1140,1,false,false
3054,2,68768,68768,1710996,1711272,1642228,1642504,194,1,false,false
3055,0,68769,68769,11450536,11452092,11381767,11383323,1496,1,false,false
3056,0,68769,68769,11454928,11456228,11386159,11387459,1497,1,false,false
3057,0,68769,68769,11459064,11460364,11390295,11391595,1498,1,false,false
3058,0,68769,68769,11462944,11464244,11394175,11395475,1499,1,false,false
3059,3,68800,68800,9913072,9915140,9844272,9846340,1141,1,false,false
3060,3,68800,68800,9918764,9920832,9849964,9852032,1142,1,false,false
3061,3,68800,68800,9924200,9926268,9855400,9857468,1143,1,false,false
3062,3,68800,68800,9929380,9931448,9860580,9862648,1144,1,false,false
3063,0,68800,68800,11466824,11469660,11398024,11400860,1500,1,false,false
3064,0,68800,68800,11471728,11474564,11402928,11405764,1501,1,false,false
3065,0,68800,68800,11476632,11479212,11407832,11410412,1502,1,false,false
3066,0,68800,68800,11481280,11483860,11412480,11415060,1503,1,false,false
3067,3,68800,68800,9935840,9938676,9867040,9869876,1145,1,false,false
3068,3,68800,68800,9942812,9945648,9874012,9876848,1146,1,false,false
3069,3,68800,68800,9949784,9952364,9880984,9883564,1147,1,false,false
3070,3,68800,68800,9956244,9958824,9887444,9890024,1148,1,false,false
3071,3,68832,68832,9963216,9965284,9894384,9896452,1149,1,false,false
3072,3,68832,68832,9969420,9971488,9900588,9902656,1150,1,false,false
3073,3,68832,68832,9975368,9977436,9906536,9908604,1151,1,false,false
3074,3,68832,68832,9981316,9983384,9912484,9914552,1152,1,false,false
3075,3,68832,68832,9987776,9989844,9918944,9921012,1153,1,false,false
3076,3,68832,68832,9993980,9996048,9925148,9927216,1154,1,false,false
3077,3,68832,68832,9999928,10001996,9931096,9933164,1155,1,false,false
3078,3,68832,68832,10005876,10007944,9937044,9939112,1156,1,false,false
3079,0,68832,68832,11485928,11486716,11417096,11417884,1504,1,false,false
3080,0,68832,68832,11488784,11489572,11419952,11420740,1505,1,false,false
3081,0,68832,68832,11491640,11492428,11422808,11423596,1506,1,false,false
3082,0,68832,68832,11494496,11495028,11425664,11426196,1507,1,false,false
3083,0,68832,68832,11497096,11498652,11428264,11429820,1508,1,false,false
3084,0,68832,68832,11500720,11502020,11431888,11433188,1509,1,false,false
3085,0,68832,68832,11504088,11505388,11435256,11436556,1510,1,false,false
3086,0,68832,68832,11507456,11508756,11438624,11439924,1511,1,false,false
3087,0,68833,68833,11510824,11511612,11441991,11442779,1512,1,false,false
3088,0,68833,68833,11513680,11514468,11444847,11445635,1513,1,false,false
3089,0,68833,68833,11516536,11517324,11447703,11448491,1514,1,false,false
3090,0,68833,68833,11519392,11519924,11450559,11451091,1515,1,false,false
3091,0,68833,68833,11521992,11524060,11453159,11455227,1516,1,false,false
3092,0,68833,68833,11526128,11528196,11457295,11459363,1517,1,false,false
3093,0,68833,68833,11530264,11532332,11461431,11463499,1518,1,false,false
3094,0,68833,68833,11534400,11536468,11465567,11467635,1519,1,false,false
3095,0,68864,68864,11538536,11540092,11469672,11471228,1520,1,false,false
3096,0,68864,68864,11542928,11544228,11474064,11475364,1521,1,false,false
3097,0,68864,68864,11547064,11548364,11478200,11479500,1522,1,false,false
3098,0,68864,68864,11550944,11552244,11482080,11483380,1523,1,false,false
3099,2,68864,68864,1715684,1717752,1646820,1648888,195,1,false,false
3100,2,68864,68864,1722932,1725000,1654068,1656136,196,1,false,false
3101,2,68864,68864,1731972,1734040,1663108,1665176,197,1,false,false
3102,2,68864,68864,1740756,1742824,1671892,1673960,198,1,false,false
3103,3,68864,68864,10011568,10013636,9942704,9944772,1157,1,false,false
3104,3,68864,68864,10017004,10019072,9948140,9950208,1158,1,false,false
3105,3,68864,68864,10022440,10024508,9953576,9955644,1159,1,false,false
3106,3,68864,68864,10027876,10029944,9959012,9961080,1160,1,false,false
3107,0,68896,68896,11554824,11556380,11485928,11487484,1524,1,false,false
3108,0,68896,68896,11558448,11559748,11489552,11490852,1525,1,false,false
3109,0,68896,68896,11561816,11563116,11492920,11494220,1526,1,false,false
3110,0,68896,68896,11565184,11566484,11496288,11497588,1527,1,false,false
3111,2,68896,68896,1749540,1749816,1680644,1680920,199,1,false,false
3112,2,68896,68896,1757300,1757576,1688404,1688680,200,1,false,false
3113,3,68896,68896,10033568,10035124,9964672,9966228,1161,1,false,false
3114,3,68896,68896,10038748,10040048,9969852,9971152,1162,1,false,false
3115,3,68896,68896,10043416,10044716,9974520,9975820,1163,1,false,false
3116,3,68896,68896,10047828,10049128,9978932,9980232,1164,1,false,false
3117,3,68928,68928,10052752,10055588,9983824,9986660,1165,1,false,false
3118,3,68928,68928,10059212,10062048,9990284,9993120,1166,1,false,false
3119,3,68928,68928,10065416,10067996,9996488,9999068,1167,1,false,false
3120,3,68928,68928,10071108,10073688,10002180,10004760,1168,1,false,false
3121,0,68928,68928,11568552,11570620,11499624,11501692,1528,1,false,false
3122,0,68928,68928,11572688,11574756,11503760,11505828,1529,1,false,false
3123,0,68928,68928,11576824,11578892,11507896,11509964,1530,1,false,false
3124,0,68928,68928,11580960,11583028,11512032,11514100,1531,1,false,false
3125,3,68928,68928,10078080,10080148,10009152,10011220,1169,1,false,false
3126,3,68928,68928,10084284,10086352,10015356,10017424,1170,1,false,false
3127,3,68928,68928,10090232,10092300,10021304,10023372,1171,1,false,false
3128,3,68928,68928,10096180,10098248,10027252,10029320,1172,1,false,false
3129,3,68928,68928,10102640,10103940,10033712,10035012,1173,1,false,false
3130,3,68928,68928,10108076,10109376,10039148,10040448,1174,1,false,false
3131,3,68928,68928,10113512,10114812,10044584,10045884,1175,1,false,false
3132,3,68928,68928,10118692,10119736,10049764,10050808,1176,1,false,false
3133,3,68928,68928,10125408,10127476,10056480,10058548,1177,1,false,false
3134,3,68928,68928,10132892,10134960,10063964,10066032,1178,1,false,false
3135,3,68928,68928,10140376,10142444,10071448,10073516,1179,1,false,false
3136,3,68928,68928,10147860,10149928,10078932,10081000,1180,1,false,false
3137,3,68960,68960,10153552,10155620,10084592,10086660,1181,1,false,false
3138,3,68960,68960,10159244,10161312,10090284,10092352,1182,1,false,false
3139,3,68960,68960,10164680,10166748,10095720,10097788,1183,1,false,false
3140,3,68960,68960,10169860,10171928,10100900,10102968,1184,1,false,false
3141,3,68960,68960,10175552,10177620,10106592,10108660,1185,1,false,false
3142,3,68960,68960,10181244,10183312,10112284,10114352,1186,1,false,false
3143,3,68960,68960,10186936,10189004,10117976,10120044,1187,1,false,false
3144,3,68960,68960,10192116,10194184,10123156,10125224,1188,1,false,false
3145,0,68960,68960,11585096,11586652,11516136,11517692,1532,1,false,false
3146,0,68960,68960,11588720,11590020,11519760,11521060,1533,1,false,false
3147,0,68960,68960,11592088,11593388,11523128,11524428,1534,1,false,false
3148,0,68960,68960,11595456,11596756,11526496,11527796,1535,1,false,false
3149,3,68960,68960,10200112,10202180,10131152,10133220,1189,1,false,false
3150,3,68960,68960,10207852,10209920,10138892,10140960,1190,1,false,false
3151,3,68960,68960,10215336,10217404,10146376,10148444,1191,1,false,false
3152,3,68960,68960,10222820,10224888,10153860,10155928,1192,1,false,false
3153,3,68961,68961,10231328,10234164,10162367,10165203,1193,1,false,false
3154,3,68961,68961,10240604,10243440,10171643,10174479,1194,1,false,false
3155,3,68961,68961,10249624,10252460,10180663,10183499,1195,1,false,false
3156,3,68961,68961,10258644,10261224,10189683,10192263,1196,1,false,false
3157,3,68961,68961,10264848,10267684,10195887,10198723,1197,1,false,false
3158,3,68961,68961,10271052,10273888,10202091,10204927,1198,1,false,false
3159,3,68961,68961,10277256,10279836,10208295,10210875,1199,1,false,false
3160,3,68961,68961,10283204,10285784,10214243,10216823,1200,1,false,false
3161,3,68992,68992,10294272,10296340,10225280,10227348,1201,1,false,false
3162,3,68992,68992,10304828,10306896,10235836,10237904,1202,1,false,false
3163,3,68992,68992,10315128,10317196,10246136,10248204,1203,1,false,false
3164,3,68992,68992,10325172,10327240,10256180,10258248,1204,1,false,false
3165,3,68992,68992,10331632,10333700,10262640,10264708,1205,1,false,false
3166,3,68992,68992,10337836,10339904,10268844,10270912,1206,1,false,false
3167,3,68992,68992,10343784,10345852,10274792,10276860,1207,1,false,false
3168,3,68992,68992,10349732,10351800,10280740,10282808,1208,1,false,false
3169,3,68992,68992,10356704,10358772,10287712,10289780,1209,1,false,false
3170,3,68992,68992,10363676,10365744,10294684,10296752,1210,1,false,false
3171,3,68992,68992,10370392,10372460,10301400,10303468,1211,1,false,false
3172,3,68992,68992,10377108,10379176,10308116,10310184,1212,1,false,false
3173,0,68992,68992,11598824,11600380,11529832,11531388,1536,1,false,false
3174,0,68992,68992,11601680,11602980,11532688,11533988,1537,1,false,false
3175,0,68992,68992,11604280,11605580,11535288,11536588,1538,1,false,false
3176,0,68992,68992,11606880,11608180,11537888,11539188,1539,1,false,false
3177,1,68992,68992,1762992,1764548,1694000,1695556,201,1,false,false
3178,1,68992,68992,1772800,1774100,1703808,1705108,202,1,false,false
3179,1,68992,68992,1782352,1783652,1713360,1714660,203,1,false,false
3180,1,68992,68992,1790112,1791412,1721120,1722420,204,1,false,false
3181,3,68992,68992,10383568,10385636,10314576,10316644,1213,1,false,false
3182,3,68992,68992,10389772,10391840,10320780,10322848,1214,1,false,false
3183,3,68992,68992,10395720,10397788,10326728,10328796,1215,1,false,false
3184,3,68992,68992,10401668,10403736,10332676,10334744,1216,1,false,false
3185,3,68992,68992,10407360,10409428,10338368,10340436,1217,1,false,false
3186,3,68992,68992,10413052,10415120,10344060,10346128,1218,1,false,false
3187,3,68992,68992,10418488,10420556,10349496,10351564,1219,1,false,false
3188,3,68992,68992,10423668,10425736,10354676,10356744,1220,1,false,false
3189,0,68993,68993,11609224,11610012,11540231,11541019,1540,1,false,false
3190,0,68993,68993,11610800,11611588,11541807,11542595,1541,1,false,false
3191,0,68993,68993,11612376,11613164,11543383,11544171,1542,1,false,false
3192,0,68993,68993,11613952,11614484,11544959,11545491,1543,1,false,false
3193,0,68993,68993,11615016,11619132,11546023,11550139,1544,1,false,false
3194,0,68993,68993,11621200,11625316,11552207,11556323,1545,1,false,false
3195,0,68993,68993,11627384,11631500,11558391,11562507,1546,1,false,false
3196,0,68993,68993,11633568,11637428,11564575,11568435,1547,1,false,false
3197,3,69024,69024,10427804,10430640,10358780,10361616,1221,1,false,false
3198,3,69024,69024,10432708,10435544,10363684,10366520,1222,1,false,false
3199,3,69024,69024,10437612,10440192,10368588,10371168,1223,1,false,false
3200,3,69024,69024,10442260,10444840,10373236,10375816,1224,1,false,false
3201,0,69024,69024,11639496,11641564,11570472,11572540,1548,1,false,false
3202,0,69024,69024,11643632,11645700,11574608,11576676,1549,1,false,false
3203,0,69024,69024,11647768,11649836,11578744,11580812,1550,1,false,false
3204,0,69024,69024,11651904,11653972,11582880,11584948,1551,1,false,false
3205,3,69025,69025,10446396,10448464,10377371,10379439,1225,1,false,false
3206,3,69025,69025,10449764,10451832,10380739,10382807,1226,1,false,false
3207,3,69025,69025,10453132,10455200,10384107,10386175,1227,1,false,false
3208,3,69025,69025,10456500,10458568,10387475,10389543,1228,1,false,false
3209,1,69025,69025,1797616,1799684,1728591,1730659,205,1,false,false
3210,1,69025,69025,1809472,1811540,1740447,1742515,206,1,false,false
3211,1,69025,69025,1821328,1823396,1752303,1754371,207,1,false,false
3212,1,69025,69025,1832416,1834484,1763391,1765459,208,1,false,false
3213,3,69056,69056,10460124,10462192,10391068,10393136,1229,1,false,false
3214,3,69056,69056,10463492,10465560,10394436,10396504,1230,1,false,false
3215,3,69056,69056,10466860,10468928,10397804,10399872,1231,1,false,false
3216,3,69056,69056,10470228,10472296,10401172,10403240,1232,1,false,false
3217,3,69056,69056,10473084,10475152,10404028,10406096,1233,1,false,false
3218,3,69056,69056,10475940,10478008,10406884,10408952,1234,1,false,false
3219,3,69056,69056,10478796,10480864,10409740,10411808,1235,1,false,false
3220,3,69056,69056,10481396,10483464,10412340,10414408,1236,1,false,false
3221,3,69056,69056,10484252,10486320,10415196,10417264,1237,1,false,false
3222,3,69056,69056,10487108,10489176,10418052,10420120,1238,1,false,false
3223,3,69056,69056,10489964,10492032,10420908,10422976,1239,1,false,false
3224,3,69056,69056,10492564,10494632,10423508,10425576,1240,1,false,false
3225,3,69057,69057,10497468,10499536,10428411,10430479,1241,1,false,false
3226,3,69057,69057,10502372,10504440,10433315,10435383,1242,1,false,false
3227,3,69057,69057,10507020,10509088,10437963,10440031,1243,1,false,false
3228,3,69057,69057,10511668,10513736,10442611,10444679,1244,1,false,false
3229,0,69057,69057,11656040,11656828,11586983,11587771,1552,1,false,false
3230,0,69057,69057,11659664,11660452,11590607,11591395,1553,1,false,false
3231,0,69057,69057,11663288,11664076,11594231,11595019,1554,1,false,false
3232,0,69057,69057,11666656,11667188,11597599,11598131,1555,1,false,false
3233,3,69088,69088,10515804,10517872,10446716,10448784,1245,1,false,false
3234,3,69088,69088,10519940,10522008,10450852,10452920,1246,1,false,false
3235,3,69088,69088,10524076,10526144,10454988,10457056,1247,1,false,false
3236,3,69088,69088,10528212,10530280,10459124,10461192,1248,1,false,false
3237,3,69088,69088,10531068,10533136,10461980,10464048,1249,1,false,false
3238,3,69088,69088,10533924,10535992,10464836,10466904,1250,1,false,false
3239,3,69088,69088,10536780,10538848,10467692,10469760,1251,1,false,false
3240,3,69088,69088,10539380,10541448,10470292,10472360,1252,1,false,false
3241,0,69088,69088,11669768,11670556,11600680,11601468,1556,1,false,false
3242,0,69088,69088,11671856,11672644,11602768,11603556,1557,1,false,false
3243,0,69088,69088,11673944,11674732,11604856,11605644,1558,1,false,false
3244,0,69088,69088,11676032,11676564,11606944,11607476,1559,1,false,false
3245,3,69089,69089,10542236,10544304,10473147,10475215,1253,1,false,false
3246,3,69089,69089,10545092,10547160,10476003,10478071,1254,1,false,false
3247,3,69089,69089,10547948,10550016,10478859,10480927,1255,1,false,false
3248,3,69089,69089,10550548,10552616,10481459,10483527,1256,1,false,false
3249,3,69089,69089,10554684,10556752,10485595,10487663,1257,1,false,false
3250,3,69089,69089,10558820,10560888,10489731,10491799,1258,1,false,false
3251,3,69089,69089,10562956,10565024,10493867,10495935,1259,1,false,false
3252,3,69089,69089,10567092,10569160,10498003,10500071,1260,1,false,false
3253,0,69120,69120,11677608,11679164,11608488,11610044,1560,1,false,false
3254,0,69120,69120,11681232,11682788,11612112,11613668,1561,1,false,false
3255,0,69120,69120,11684856,11686412,11615736,11617292,1562,1,false,false
3256,0,69120,69120,11688480,11690036,11619360,11620916,1563,1,false,false
3257,3,69120,69120,10571228,10573296,10502108,10504176,1261,1,false,false
3258,3,69120,69120,10575364,10577432,10506244,10508312,1262,1,false,false
3259,3,69120,69120,10579500,10581568,10510380,10512448,1263,1,false,false
3260,3,69120,69120,10583636,10585704,10514516,10516584,1264,1,false,false
3261,3,69120,69120,10587772,10589840,10518652,10520720,1265,1,false,false
3262,3,69120,69120,10591908,10593976,10522788,10524856,1266,1,false,false
3263,3,69120,69120,10596044,10598112,10526924,10528992,1267,1,false,false
3264,3,69120,69120,10600180,10602248,10531060,10533128,1268,1,false,false
3265,3,69152,69152,10604316,10606384,10535164,10537232,1269,1,false,false
3266,3,69152,69152,10608452,10610520,10539300,10541368,1270,1,false,false
3267,3,69152,69152,10612588,10614656,10543436,10545504,1271,1,false,false
3268,3,69152,69152,10616724,10618792,10547572,10549640,1272,1,false,false
3269,3,69153,69153,10619580,10622416,10550427,10553263,1273,1,false,false
3270,3,69153,69153,10623204,10626040,10554051,10556887,1274,1,false,false
3271,3,69153,69153,10626828,10629408,10557675,10560255,1275,1,false,false
3272,3,69153,69153,10629940,10632520,10560787,10563367,1276,1,false,false
3273,3,69184,69184,10633308,10636144,10564124,10566960,1277,1,false,false
3274,3,69184,69184,10636932,10639768,10567748,10570584,1278,1,false,false
3275,3,69184,69184,10640556,10643136,10571372,10573952,1279,1,false,false
3276,3,69184,69184,10643668,10646248,10574484,10577064,1280,1,false,false
3277,0,69184,69184,11692104,11693660,11622920,11624476,1564,1,false,false
3278,0,69184,69184,11696496,11697796,11627312,11628612,1565,1,false,false
3279,0,69184,69184,11700632,11701932,11631448,11632748,1566,1,false,false
3280,0,69184,69184,11704512,11705812,11635328,11636628,1567,1,false,false
3281,0,69184,69184,11708392,11709948,11639208,11640764,1568,1,false,false
3282,0,69184,69184,11713552,11714852,11644368,11645668,1569,1,false,false
3283,0,69184,69184,11718200,11719500,11649016,11650316,1570,1,false,false
3284,0,69184,69184,11722848,11724148,11653664,11654964,1571,1,false,false
3285,0,69184,69184,11727496,11728028,11658312,11658844,1572,1,false,false
3286,0,69184,69184,11730096,11730628,11660912,11661444,1573,1,false,false
3287,0,69184,69184,11732696,11733228,11663512,11664044,1574,1,false,false
3288,0,69184,69184,11735296,11735828,11666112,11666644,1575,1,false,false
3289,0,69185,69185,11737896,11739196,11668711,11670011,1576,1,false,false
3290,0,69185,69185,11741264,11742564,11672079,11673379,1577,1,false,false
3291,0,69185,69185,11744632,11745932,11675447,11676747,1578,1,false,false
3292,0,69185,69185,11748000,11749044,11678815,11679859,1579,1,false,false
3293,0,69216,69216,11751112,11753180,11681896,11683964,1580,1,false,false
3294,0,69216,69216,11756016,11758084,11686800,11688868,1581,1,false,false
3295,0,69216,69216,11760920,11762988,11691704,11693772,1582,1,false,false
3296,0,69216,69216,11765568,11767636,11696352,11698420,1583,1,false,false
3297,1,69216,69216,1843504,1843780,1774288,1774564,209,1,false,false
3298,0,69217,69217,11770216,11772284,11700999,11703067,1584,1,false,false
3299,0,69217,69217,11774352,11776420,11705135,11707203,1585,1,false,false
3300,0,69217,69217,11778488,11780556,11709271,11711339,1586,1,false,false
3301,0,69217,69217,11782624,11784692,11713407,11715475,1587,1,false,false
3302,3,69217,69217,10648316,10650384,10579099,10581167,1281,1,false,false
3303,3,69217,69217,10652452,10654520,10583235,10585303,1282,1,false,false
3304,3,69217,69217,10656588,10658656,10587371,10589439,1283,1,false,false
3305,3,69217,69217,10660724,10662792,10591507,10593575,1284,1,false,false
3306,0,69217,69217,11786760,11787548,11717543,11718331,1588,1,false,false
3307,0,69217,69217,11789616,11790404,11720399,11721187,1589,1,false,false
3308,0,69217,69217,11792472,11793260,11723255,11724043,1590,1,false,false
3309,0,69217,69217,11795328,11795860,11726111,11726643,1591,1,false,false
3310,3,69248,69248,10664348,10667184,10595100,10597936,1285,1,false,false
3311,3,69248,69248,10668484,10671320,10599236,10602072,1286,1,false,false
3312,3,69248,69248,10672620,10675200,10603372,10605952,1287,1,false,false
3313,3,69248,69248,10676500,10679080,10607252,10609832,1288,1,false,false
3314,3,69248,69248,10679868,10681936,10610620,10612688,1289,1,false,false
3315,3,69248,69248,10682724,10684792,10613476,10615544,1290,1,false,false
3316,3,69248,69248,10685580,10687648,10616332,10618400,1291,1,false,false
3317,3,69248,69248,10688180,10690248,10618932,10621000,1292,1,false,false
3318,3,69248,69248,10692316,10694384,10623068,10625136,1293,1,false,false
3319,3,69248,69248,10696452,10698520,10627204,10629272,1294,1,false,false
3320,3,69248,69248,10700588,10702656,10631340,10633408,1295,1,false,false
3321,3,69248,69248,10704724,10706792,10635476,10637544,1296,1,false,false
3322,3,69248,69248,10707580,10709648,10638332,10640400,1297,1,false,false
3323,3,69248,69248,10710436,10712504,10641188,10643256,1298,1,false,false
3324,3,69248,69248,10713292,10715360,10644044,10646112,1299,1,false,false
3325,3,69248,69248,10715892,10717960,10646644,10648712,1300,1,false,false
3326,0,69249,69249,11797928,11799484,11728679,11730235,1592,1,false,false
3327,0,69249,69249,11801552,11803108,11732303,11733859,1593,1,false,false
3328,0,69249,69249,11805176,11806476,11735927,11737227,1594,1,false,false
3329,0,69249,69249,11808544,11809844,11739295,11740595,1595,1,false,false
3330,2,69249,69249,1764548,1767384,1695299,1698135,201,1,false,false
3331,2,69249,69249,1774100,1776936,1704851,1707687,202,1,false,false
3332,2,69249,69249,1783652,1786488,1714403,1717239,203,1,false,false
3333,2,69249,69249,1791412,1794248,1722163,1724999,204,1,false,false
3334,3,69280,69280,10720028,10722096,10650748,10652816,1301,1,false,false
3335,3,69280,69280,10724164,10726232,10654884,10656952,1302,1,false,false
3336,3,69280,69280,10728300,10730368,10659020,10661088,1303,1,false,false
3337,3,69280,69280,10732436,10734504,10663156,10665224,1304,1,false,false
3338,0,69312,69312,11811912,11813468,11742600,11744156,1596,1,false,false
3339,0,69312,69312,11815536,11816836,11746224,11747524,1597,1,false,false
3340,0,69312,69312,11818904,11820204,11749592,11750892,1598,1,false,false
3341,0,69312,69312,11822272,11823572,11752960,11754260,1599,1,false,false
3342,0,69312,69312,11825640,11827196,11756328,11757884,1600,1,false,false
3343,0,69312,69312,11830032,11831332,11760720,11762020,1601,1,false,false
3344,0,69312,69312,11834168,11835468,11764856,11766156,1602,1,false,false
3345,0,69312,69312,11838048,11839348,11768736,11770036,1603,1,false,false
3346,3,69313,69313,10736572,10739408,10667259,10670095,1305,1,false,false
3347,3,69313,69313,10741476,10744312,10672163,10674999,1306,1,false,false
3348,3,69313,69313,10746380,10748960,10677067,10679647,1307,1,false,false
3349,3,69313,69313,10751028,10753608,10681715,10684295,1308,1,false,false
3350,3,69344,69344,10755676,10757744,10686332,10688400,1309,1,false,false
3351,3,69344,69344,10759812,10761880,10690468,10692536,1310,1,false,false
3352,3,69344,69344,10763948,10766016,10694604,10696672,1311,1,false,false
3353,3,69344,69344,10768084,10770152,10698740,10700808,1312,1,false,false
3354,3,69344,69344,10771708,10773776,10702364,10704432,1313,1,false,false
3355,3,69344,69344,10775076,10777144,10705732,10707800,1314,1,false,false
3356,3,69344,69344,10778444,10780512,10709100,10711168,1315,1,false,false
3357,3,69344,69344,10781812,10783880,10712468,10714536,1316,1,false,false
3358,0,69344,69344,11841928,11842716,11772584,11773372,1604,1,false,false
3359,0,69344,69344,11844784,11845572,11775440,11776228,1605,1,false,false
3360,0,69344,69344,11847640,11848428,11778296,11779084,1606,1,false,false
3361,0,69344,69344,11850496,11851028,11781152,11781684,1607,1,false,false
3362,3,69408,69408,10785436,10788272,10716028,10718864,1317,1,false,false
3363,3,69408,69408,10789572,10792408,10720164,10723000,1318,1,false,false
3364,3,69408,69408,10793708,10796288,10724300,10726880,1319,1,false,false
3365,3,69408,69408,10797588,10800168,10728180,10730760,1320,1,false,false
3366,1,69409,69409,1849984,1851540,1780575,1782131,210,1,false,false
3367,1,69409,69409,1857488,1858788,1788079,1789379,211,1,false,false
3368,1,69409,69409,1866272,1867572,1796863,1798163,212,1,false,false
3369,1,69409,69409,1875056,1876356,1805647,1806947,213,1,false,false
3370,0,69440,69440,11853096,11855164,11783656,11785724,1608,1,false,false
3371,0,69440,69440,11857232,11859300,11787792,11789860,1609,1,false,false
3372,0,69440,69440,11861368,11863436,11791928,11793996,1610,1,false,false
3373,0,69440,69440,11865504,11867572,11796064,11798132,1611,1,false,false
3374,0,69441,69441,11869640,11870428,11800199,11800987,1612,1,false,false
3375,0,69441,69441,11875312,11876100,11805871,11806659,1613,1,false,false
3376,0,69441,69441,11880984,11881772,11811543,11812331,1614,1,false,false
3377,0,69441,69441,11886400,11886932,11816959,11817491,1615,1,false,false
3378,0,69472,69472,11891560,11892348,11822088,11822876,1616,1,false,false
3379,0,69472,69472,11894416,11895204,11824944,11825732,1617,1,false,false
3380,0,69472,69472,11897272,11898060,11827800,11828588,1618,1,false,false
3381,0,69472,69472,11900128,11900660,11830656,11831188,1619,1,false,false
3382,3,69472,69472,10802236,10805072,10732764,10735600,1321,1,false,false
3383,3,69472,69472,10807140,10809976,10737668,10740504,1322,1,false,false
3384,3,69472,69472,10812044,10814880,10742572,10745408,1323,1,false,false
3385,3,69472,69472,10816948,10819528,10747476,10750056,1324,1,false,false
3386,3,69472,69472,10820316,10822384,10750844,10752912,1325,1,false,false
3387,3,69472,69472,10823172,10825240,10753700,10755768,1326,1,false,false
3388,3,69472,69472,10826028,10828096,10756556,10758624,1327,1,false,false
3389,3,69472,69472,10828628,10830696,10759156,10761224,1328,1,false,false
3390,0,69473,69473,11902728,11904796,11833255,11835323,1620,1,false,false
3391,0,69473,69473,11906864,11908932,11837391,11839459,1621,1,false,false
3392,0,69473,69473,11911000,11913068,11841527,11843595,1622,1,false,false
3393,0,69473,69473,11915136,11917204,11845663,11847731,1623,1,false,false
3394,0,69473,69473,11919272,11921340,11849799,11851867,1624,1,false,false
3395,0,69473,69473,11923408,11925476,11853935,11856003,1625,1,false,false
3396,0,69473,69473,11927544,11929612,11858071,11860139,1626,1,false,false
3397,0,69473,69473,11931680,11933748,11862207,11864275,1627,1,false,false
3398,3,69504,69504,10831484,10833552,10761980,10764048,1329,1,false,false
3399,3,69504,69504,10834340,10836408,10764836,10766904,1330,1,false,false
3400,3,69504,69504,10837196,10839264,10767692,10769760,1331,1,false,false
3401,3,69504,69504,10839796,10841864,10770292,10772360,1332,1,false,false
3402,0,69504,69504,11935816,11936604,11866312,11867100,1628,1,false,false
3403,0,69504,69504,11938672,11939460,11869168,11869956,1629,1,false,false
3404,0,69504,69504,11941528,11942316,11872024,11872812,1630,1,false,false
3405,0,69504,69504,11944384,11944916,11874880,11875412,1631,1,false,false
3406,0,69504,69504,11946984,11950588,11877480,11881084,1632,1,false,false
3407,0,69504,69504,11952656,11956004,11883152,11886500,1633,1,false,false
3408,0,69504,69504,11958072,11961420,11888568,11891916,1634,1,false,false
3409,0,69504,69504,11963488,11966836,11893984,11897332,1635,1,false,false
3410,3,69536,69536,10842652,10845488,10773116,10775952,1333,1,false,false
3411,3,69536,69536,10846276,10849112,10776740,10779576,1334,1,false,false
3412,3,69536,69536,10849900,10852736,10780364,10783200,1335,1,false,false
3413,3,69536,69536,10853268,10855848,10783732,10786312,1336,1,false,false
3414,3,69536,69536,10857916,10860752,10788380,10791216,1337,1,false,false
3415,3,69536,69536,10862820,10865656,10793284,10796120,1338,1,false,false
3416,3,69536,69536,10867724,10870304,10798188,10800768,1339,1,false,false
3417,3,69536,69536,10872372,10874952,10802836,10805416,1340,1,false,false
3418,3,69536,69536,10876508,10878576,10806972,10809040,1341,1,false,false
3419,3,69536,69536,10879876,10881944,10810340,10812408,1342,1,false,false
3420,3,69536,69536,10883244,10885312,10813708,10815776,1343,1,false,false
3421,3,69536,69536,10886612,10888680,10817076,10819144,1344,1,false,false
3422,0,69537,69537,11968904,11970460,11899367,11900923,1636,1,false,false
3423,0,69537,69537,11972528,11973828,11902991,11904291,1637,1,false,false
3424,0,69537,69537,11975896,11977196,11906359,11907659,1638,1,false,false
3425,0,69537,69537,11979264,11980564,11909727,11911027,1639,1,false,false
3426,0,69537,69537,11982632,11983420,11913095,11913883,1640,1,false,false
3427,0,69537,69537,11985488,11986276,11915951,11916739,1641,1,false,false
3428,0,69537,69537,11988344,11989132,11918807,11919595,1642,1,false,false
3429,0,69537,69537,11991200,11991732,11921663,11922195,1643,1,false,false
3430,3,69568,69568,10889468,10891536,10819900,10821968,1345,1,false,false
3431,3,69568,69568,10892324,10894392,10822756,10824824,1346,1,false,false
3432,3,69568,69568,10895180,10897248,10825612,10827680,1347,1,false,false
3433,3,69568,69568,10897780,10899848,10828212,10830280,1348,1,false,false
3434,0,69568,69568,11993800,11995356,11924232,11925788,1644,1,false,false
3435,0,69568,69568,11997424,11998724,11927856,11929156,1645,1,false,false
3436,0,69568,69568,12000792,12002092,11931224,11932524,1646,1,false,false
3437,0,69568,69568,12004160,12005460,11934592,11935892,1647,1,false,false
3438,3,69600,69600,10901916,10903984,10832316,10834384,1349,1,false,false
3439,3,69600,69600,10906052,10908120,10836452,10838520,1350,1,false,false
3440,3,69600,69600,10910188,10912256,10840588,10842656,1351,1,false,false
3441,3,69600,69600,10914324,10916392,10844724,10846792,1352,1,false,false
3442,0,69601,69601,12007528,12008316,11937927,11938715,1648,1,false,false
3443,0,69601,69601,12010384,12011172,11940783,11941571,1649,1,false,false
3444,0,69601,69601,12013240,12014028,11943639,11944427,1650,1,false,false
3445,0,69601,69601,12016096,12016628,11946495,11947027,1651,1,false,false
3446,3,69601,69601,10918460,10920528,10848859,10850927,1353,1,false,false
3447,3,69601,69601,10922596,10924664,10852995,10855063,1354,1,false,false
3448,3,69601,69601,10926732,10928800,10857131,10859199,1355,1,false,false
3449,3,69601,69601,10930868,10932936,10861267,10863335,1356,1,false,false
3450,0,69632,69632,12018696,12019484,11949064,11949852,1652,1,false,false
3451,0,69632,69632,12021552,12022340,11951920,11952708,1653,1,false,false
3452,0,69632,69632,12024408,12025196,11954776,11955564,1654,1,false,false
3453,0,69632,69632,12027264,12027796,11957632,11958164,1655,1,false,false
3454,3,69632,69632,10935004,10937072,10865372,10867440,1357,1,false,false
3455,3,69632,69632,10939140,10941208,10869508,10871576,1358,1,false,false
3456,3,69632,69632,10943276,10945344,10873644,10875712,1359,1,false,false
3457,3,69632,69632,10947412,10949480,10877780,10879848,1360,1,false,false
3458,3,69632,69632,10950268,10952336,10880636,10882704,1361,1,false,false
3459,3,69632,69632,10953124,10955192,10883492,10885560,1362,1,false,false
3460,3,69632,69632,10955980,10958048,10886348,10888416,1363,1,false,false
3461,3,69632,69632,10958580,10960648,10888948,10891016,1364,1,false,false
3462,3,69664,69664,10964252,10966320,10894588,10896656,1364,1,false,false
3463,3,69664,69664,10969668,10971736,10900004,10902072,1365,1,false,false
3464,3,69664,69664,10975084,10977152,10905420,10907488,1366,1,false,false
3465,3,69664,69664,10980500,10982568,10910836,10912904,1367,1,false,false
3466,3,69664,69664,10983356,10985424,10913692,10915760,1368,1,false,false
3467,3,69664,69664,10986212,10988280,10916548,10918616,1369,1,false,false
3468,3,69664,69664,10989068,10991136,10919404,10921472,1370,1,false,false
3469,3,69664,69664,10991668,10993736,10922004,10924072,1371,1,false,false
3470,3,69664,69664,10995292,10998128,10925628,10928464,1372,1,false,false
3471,3,69664,69664,10999428,11002264,10929764,10932600,1373,1,false,false
3472,3,69664,69664,11003564,11006144,10933900,10936480,1374,1,false,false
3473,3,69664,69664,11007444,11010024,10937780,10940360,1375,1,false,false
3474,3,69664,69664,11012860,11014928,10943196,10945264,1376,1,false,false
3475,3,69664,69664,11017764,11019832,10948100,10950168,1377,1,false,false
3476,3,69664,69664,11022412,11024480,10952748,10954816,1378,1,false,false
3477,3,69664,69664,11027060,11029128,10957396,10959464,1379,1,false,false
3478,0,69665,69665,12029864,12031932,11960199,11962267,1656,1,false,false
3479,0,69665,69665,12034000,12036068,11964335,11966403,1657,1,false,false
3480,0,69665,69665,12038136,12040204,11968471,11970539,1658,1,false,false
3481,0,69665,69665,12042272,12044340,11972607,11974675,1659,1,false,false
3482,3,69665,69665,11029916,11031984,10960251,10962319,1380,1,false,false
3483,3,69665,69665,11032772,11034840,10963107,10965175,1381,1,false,false
3484,3,69665,69665,11035628,11037696,10965963,10968031,1382,1,false,false
3485,3,69665,69665,11038228,11040296,10968563,10970631,1383,1,false,false
3486,3,69696,69696,11041084,11043152,10971388,10973456,1384,1,false,false
3487,3,69696,69696,11043940,11046008,10974244,10976312,1385,1,false,false
3488,3,69696,69696,11046796,11048864,10977100,10979168,1386,1,false,false
3489,3,69696,69696,11049396,11051464,10979700,10981768,1387,1,false,false
3490,0,69696,69696,12046408,12049244,11976712,11979548,1660,1,false,false
3491,0,69696,69696,12050544,12053380,11980848,11983684,1661,1,false,false
3492,0,69696,69696,12054680,12057260,11984984,11987564,1662,1,false,false
3493,0,69696,69696,12058560,12061140,11988864,11991444,1663,1,false,false
3494,3,69696,69696,11053532,11055600,10983836,10985904,1388,1,false,false
3495,3,69696,69696,11057668,11059736,10987972,10990040,1389,1,false,false
3496,3,69696,69696,11061804,11063872,10992108,10994176,1390,1,false,false
3497,3,69696,69696,11065940,11068008,10996244,10998312,1391,1,false,false
3498,0,69696,69696,12062184,12062972,11992488,11993276,1664,1,false,false
3499,0,69696,69696,12065040,12065828,11995344,11996132,1665,1,false,false
3500,0,69696,69696,12067896,12068684,11998200,11998988,1666,1,false,false
3501,0,69696,69696,12070752,12071284,12001056,12001588,1667,1,false,false
3502,0,69728,69728,12073352,12074908,12003624,12005180,1668,1,false,false
3503,0,69728,69728,12077744,12079044,12008016,12009316,1669,1,false,false
3504,0,69728,69728,12081880,12083180,12012152,12013452,1670,1,false,false
3505,0,69728,69728,12085760,12087060,12016032,12017332,1671,1,false,false
3506,3,69728,69728,11070844,11073680,11001116,11003952,1392,1,false,false
3507,3,69728,69728,11076516,11079352,11006788,11009624,1393,1,false,false
3508,3,69728,69728,11081932,11084512,11012204,11014784,1394,1,false,false
3509,3,69728,69728,11087092,11089672,11017364,11019944,1395,1,false,false
3510,3,69728,69728,11090460,11092528,11020732,11022800,1396,1,false,false
3511,3,69728,69728,11093316,11095384,11023588,11025656,1397,1,false,false
3512,3,69728,69728,11096172,11098240,11026444,11028512,1398,1,false,false
3513,3,69728,69728,11098772,11100840,11029044,11031112,1399,1,false,false
3514,0,69729,69729,12089640,12091196,12019911,12021467,1672,1,false,false
3515,0,69729,69729,12093264,12094564,12023535,12024835,1673,1,false,false
3516,0,69729,69729,12096632,12097932,12026903,12028203,1674,1,false,false
3517,0,69729,69729,12100000,12101300,12030271,12031571,1675,1,false,false
3518,3,69760,69760,11102396,11104464,11032636,11034704,1400,1,false,false
3519,3,69760,69760,11105764,11107832,11036004,11038072,1401,1,false,false
3520,3,69760,69760,11109132,11111200,11039372,11041440,1402,1,false,false
3521,3,69760,69760,11112500,11114568,11042740,11044808,1403,1,false,false
3522,3,69792,69792,11116636,11118704,11046844,11048912,1404,1,false,false
3523,3,69792,69792,11120772,11122840,11050980,11053048,1405,1,false,false
3524,3,69792,69792,11124908,11126976,11055116,11057184,1406,1,false,false
3525,3,69792,69792,11129044,11131112,11059252,11061320,1407,1,false,false
3526,0,69793,69793,12103368,12105436,12033575,12035643,1676,1,false,false
3527,0,69793,69793,12108272,12110340,12038479,12040547,1677,1,false,false
3528,0,69793,69793,12113176,12115244,12043383,12045451,1678,1,false,false
3529,0,69793,69793,12118080,12120148,12048287,12050355,1679,1,false,false
3530,3,69824,69824,11131900,11133200,11062076,11063376,1408,1,false,false
3531,3,69824,69824,11133988,11135288,11064164,11065464,1409,1,false,false
3532,3,69824,69824,11136076,11137376,11066252,11067552,1410,1,false,false
3533,3,69824,69824,11137908,11138952,11068084,11069128,1411,1,false,false
3534,0,69824,69824,12122728,12125564,12052904,12055740,1680,1,false,false
3535,0,69824,69824,12127632,12130468,12057808,12060644,1681,1,false,false
3536,0,69824,69824,12132536,12135116,12062712,12065292,1682,1,false,false
3537,0,69824,69824,12137184,12139764,12067360,12069940,1683,1,false,false
3538,3,69824,69824,11140508,11142576,11070684,11072752,1412,1,false,false
3539,3,69824,69824,11143876,11145944,11074052,11076120,1413,1,false,false
3540,3,69824,69824,11147244,11149312,11077420,11079488,1414,1,false,false
3541,3,69824,69824,11150612,11152680,11080788,11082856,1415,1,false,false
3542,0,69825,69825,12141832,12142620,12072007,12072795,1684,1,false,false
3543,0,69825,69825,12144688,12145476,12074863,12075651,1685,1,false,false
3544,0,69825,69825,12147544,12148332,12077719,12078507,1686,1,false,false
3545,0,69825,69825,12150400,12150932,12080575,12081107,1687,1,false,false
3546,0,69825,69825,12153000,12154556,12083175,12084731,1688,1,false,false
3547,0,69825,69825,12157392,12158692,12087567,12088867,1689,1,false,false
3548,0,69825,69825,12161528,12162828,12091703,12093003,1690,1,false,false
3549,0,69825,69825,12165408,12166708,12095583,12096883,1691,1,false,false
3550,1,69825,69825,1886144,1887700,1816319,1817875,214,1,false,false
3551,1,69825,69825,1897232,1898532,1827407,1828707,215,1,false,false
3552,1,69825,69825,1907552,1908852,1837727,1839027,216,1,false,false
3553,1,69825,69825,1917616,1918916,1847791,1849091,217,1,false,false
3554,3,69825,69825,11154748,11157584,11084923,11087759,1416,1,false,false
3555,3,69825,69825,11159652,11162488,11089827,11092663,1417,1,false,false
3556,3,69825,69825,11164556,11167136,11094731,11097311,1418,1,false,false
3557,3,69825,69825,11169204,11171784,11099379,11101959,1419,1,false,false
3558,0,69856,69856,12169288,12169820,12099432,12099964,1692,1,false,false
3559,0,69856,69856,12171888,12172420,12102032,12102564,1693,1,false,false
3560,0,69856,69856,12174488,12175020,12104632,12105164,1694,1,false,false
3561,0,69856,69856,12177088,12177620,12107232,12107764,1695,1,false,false
3562,3,69856,69856,11173340,11176176,11103484,11106320,1420,1,false,false
3563,3,69856,69856,11177476,11180312,11107620,11110456,1421,1,false,false
3564,3,69856,69856,11181612,11184192,11111756,11114336,1422,1,false,false
3565,3,69856,69856,11185492,11188072,11115636,11118216,1423,1,false,false
3566,0,69856,69856,12179688,12183804,12109832,12113948,1696,1,false,false
3567,0,69856,69856,12185872,12189988,12116016,12120132,1697,1,false,false
3568,0,69856,69856,12192056,12196172,12122200,12126316,1698,1,false,false
3569,0,69856,69856,12198240,12202100,12128384,12132244,1699,1,false,false
3570,3,69856,69856,11188860,11190928,11119004,11121072,1424,1,false,false
3571,3,69856,69856,11191716,11193784,11121860,11123928,1425,1,false,false
3572,3,69856,69856,11194572,11196640,11124716,11126784,1426,1,false,false
3573,3,69856,69856,11197172,11199240,11127316,11129384,1427,1,false,false
3574,0,69856,69856,12204168,12207772,12134312,12137916,1700,1,false,false
3575,0,69856,69856,12209840,12213188,12139984,12143332,1701,1,false,false
3576,0,69856,69856,12215256,12218604,12145400,12148748,1702,1,false,false
3577,0,69856,69856,12220672,12224020,12150816,12154164,1703,1,false,false
3578,3,69857,69857,11202588,11204144,11132731,11134287,1428,1,false,false
3579,3,69857,69857,11207492,11208792,11137635,11138935,1429,1,false,false
3580,3,69857,69857,11211884,11213184,11142027,11143327,1430,1,false,false
3581,3,69857,69857,11216276,11217576,11146419,11147719,1431,1,false,false
3582,3,69857,69857,11220412,11222480,11150555,11152623,1432,1,false,false
3583,3,69857,69857,11225316,11227384,11155459,11157527,1433,1,false,false
3584,3,69857,69857,11229964,11232032,11160107,11162175,1434,1,false,false
3585,3,69857,69857,11234612,11236680,11164755,11166823,1435,1,false,false
3586,3,69857,69857,11239516,11241584,11169659,11171727,1436,1,false,false
3587,3,69857,69857,11244420,11246488,11174563,11176631,1437,1,false,false
3588,3,69857,69857,11249068,11251136,11179211,11181279,1438,1,false,false
3589,3,69857,69857,11253716,11255784,11183859,11185927,1439,1,false,false
3590,3,69889,69889,11257340,11259408,11187451,11189519,1440,1,false,false
3591,3,69889,69889,11260708,11262776,11190819,11192887,1441,1,false,false
3592,3,69889,69889,11264076,11266144,11194187,11196255,1442,1,false,false
3593,3,69889,69889,11267444,11269512,11197555,11199623,1443,1,false,false
3594,3,69920,69920,11271580,11273648,11201660,11203728,1444,1,false,false
3595,3,69920,69920,11275716,11277784,11205796,11207864,1445,1,false,false
3596,3,69920,69920,11279852,11281920,11209932,11212000,1446,1,false,false
3597,3,69920,69920,11283988,11286056,11214068,11216136,1447,1,false,false
3598,3,69952,69952,11286844,11289680,11216892,11219728,1448,1,false,false
3599,3,69952,69952,11290468,11293304,11220516,11223352,1449,1,false,false
3600,3,69952,69952,11294092,11296672,11224140,11226720,1450,1,false,false
3601,3,69952,69952,11297204,11299784,11227252,11229832,1451,1,false,false
3602,1,69952,69952,1925120,1926676,1855168,1856724,218,1,false,false
3603,1,69952,69952,1932880,1934180,1862928,1864228,219,1,false,false
3604,1,69952,69952,1940384,1941684,1870432,1871732,220,1,false,false
3605,1,69952,69952,1947632,1948932,1877680,1878980,221,1,false,false
3606,3,69953,69953,11300572,11302640,11230619,11232687,1452,1,false,false
3607,3,69953,69953,11303428,11305496,11233475,11235543,1453,1,false,false
3608,3,69953,69953,11306284,11308352,11236331,11238399,1454,1,false,false
3609,3,69953,69953,11308884,11310952,11238931,11240999,1455,1,false,false
3610,0,69984,69984,12226088,12228156,12156104,12158172,1704,1,false,false
3611,0,69984,69984,12230224,12232292,12160240,12162308,1705,1,false,false
3612,0,69984,69984,12234360,12236428,12164376,12166444,1706,1,false,false
3613,0,69984,69984,12238496,12240564,12168512,12170580,1707,1,false,false
3614,3,69984,69984,11311740,11314576,11241756,11244592,1456,1,false,false
3615,3,69984,69984,11315364,11318200,11245380,11248216,1457,1,false,false
3616,3,69984,69984,11318988,11321568,11249004,11251584,1458,1,false,false
3617,3,69984,69984,11322100,11324680,11252116,11254696,1459,1,false,false
3618,3,69984,69984,11326748,11328816,11256764,11258832,1460,1,false,false
3619,3,69984,69984,11330628,11332696,11260644,11262712,1461,1,false,false
3620,3,69984,69984,11334508,11336576,11264524,11266592,1462,1,false,false
3621,3,69984,69984,11338388,11340456,11268404,11270472,1463,1,false,false
3622,3,69984,69984,11342012,11344080,11272028,11274096,1464,1,false,false
3623,3,69984,69984,11345380,11347448,11275396,11277464,1465,1,false,false
3624,3,69984,69984,11348748,11350816,11278764,11280832,1466,1,false,false
3625,3,69984,69984,11352116,11354184,11282132,11284200,1467,1,false,false
3626,3,69984,69984,11355740,11358576,11285756,11288592,1468,1,false,false
3627,3,69984,69984,11359876,11362712,11289892,11292728,1469,1,false,false
3628,3,69984,69984,11364012,11366848,11294028,11296864,1470,1,false,false
3629,3,69984,69984,11368148,11370728,11298164,11300744,1471,1,false,false
3630,0,69985,69985,12242632,12244700,12172647,12174715,1708,1,false,false
3631,0,69985,69985,12247536,12249604,12177551,12179619,1709,1,false,false
3632,0,69985,69985,12252440,12254508,12182455,12184523,1710,1,false,false
3633,0,69985,69985,12257088,12259156,12187103,12189171,1711,1,false,false
3634,3,70016,70016,11371516,11374352,11301500,11304336,1472,1,false,false
3635,3,70016,70016,11375140,11377976,11305124,11307960,1473,1,false,false
3636,3,70016,70016,11378764,11381600,11308748,11311584,1474,1,false,false
3637,3,70016,70016,11382132,11384712,11312116,11314696,1475,1,false,false
3638,3,70016,70016,11386780,11388848,11316764,11318832,1476,1,false,false
3639,3,70016,70016,11390916,11392984,11320900,11322968,1477,1,false,false
3640,3,70016,70016,11395052,11397120,11325036,11327104,1478,1,false,false
3641,3,70016,70016,11399188,11401256,11329172,11331240,1479,1,false,false
3642,3,70048,70048,11402044,11403344,11331996,11333296,1480,1,false,false
3643,3,70048,70048,11404132,11405432,11334084,11335384,1481,1,false,false
3644,3,70048,70048,11406220,11407520,11336172,11337472,1482,1,false,false
3645,3,70048,70048,11408052,11409096,11338004,11339048,1483,1,false,false
3646,3,70080,70080,11409884,11411952,11339804,11341872,1484,1,false,false
3647,3,70080,70080,11412740,11414808,11342660,11344728,1485,1,false,false
3648,3,70080,70080,11415596,11417664,11345516,11347584,1486,1,false,false
3649,3,70080,70080,11418196,11420264,11348116,11350184,1487,1,false,false
3650,3,70080,70080,11421052,11423888,11350972,11353808,1488,1,false,false
3651,3,70080,70080,11424676,11427512,11354596,11357432,1489,1,false,false
3652,3,70080,70080,11428300,11430880,11358220,11360800,1490,1,false,false
3653,3,70080,70080,11431412,11433992,11361332,11363912,1491,1,false,false
3654,0,70080,70080,12261736,12262524,12191656,12192444,1712,1,false,false
3655,0,70080,70080,12265360,12266148,12195280,12196068,1713,1,false,false
3656,0,70080,70080,12268984,12269772,12198904,12199692,1714,1,false,false
3657,0,70080,70080,12272352,12272884,12202272,12202804,1715,1,false,false
3658,3,70112,70112,11436060,11438128,11365948,11368016,1492,1,false,false
3659,3,70112,70112,11440196,11442264,11370084,11372152,1493,1,false,false
3660,3,70112,70112,11444332,11446400,11374220,11376288,1494,1,false,false
3661,3,70112,70112,11448468,11450536,11378356,11380424,1495,1,false,false
3662,3,70112,70112,11452092,11454928,11381980,11384816,1496,1,false,false
3663,3,70112,70112,11456228,11459064,11386116,11388952,1497,1,false,false
3664,3,70112,70112,11460364,11462944,11390252,11392832,1498,1,false,false
3665,3,70112,70112,11464244,11466824,11394132,11396712,1499,1,false,false
3666,3,70144,70144,11469660,11471728,11399516,11401584,1500,1,false,false
3667,3,70144,70144,11474564,11476632,11404420,11406488,1501,1,false,false
3668,3,70144,70144,11479212,11481280,11409068,11411136,1502,1,false,false
3669,3,70144,70144,11483860,11485928,11413716,11415784,1503,1,false,false
3670,3,70144,70144,11486716,11488784,11416572,11418640,1504,1,false,false
3671,3,70144,70144,11489572,11491640,11419428,11421496,1505,1,false,false
3672,3,70144,70144,11492428,11494496,11422284,11424352,1506,1,false,false
3673,3,70144,70144,11495028,11497096,11424884,11426952,1507,1,false,false
3674,3,70144,70144,11498652,11500720,11428508,11430576,1508,1,false,false
3675,3,70144,70144,11502020,11504088,11431876,11433944,1509,1,false,false
3676,3,70144,70144,11505388,11507456,11435244,11437312,1510,1,false,false
3677,3,70144,70144,11508756,11510824,11438612,11440680,1511,1,false,false
3678,3,70144,70144,11511612,11513680,11441468,11443536,1512,1,false,false
3679,3,70144,70144,11514468,11516536,11444324,11446392,1513,1,false,false
3680,3,70144,70144,11517324,11519392,11447180,11449248,1514,1,false,false
3681,3,70144,70144,11519924,11521992,11449780,11451848,1515,1,false,false
3682,3,70144,70144,11524060,11526128,11453916,11455984,1516,1,false,false
3683,3,70144,70144,11528196,11530264,11458052,11460120,1517,1,false,false
3684,3,70144,70144,11532332,11534400,11462188,11464256,1518,1,false,false
3685,3,70144,70144,11536468,11538536,11466324,11468392,1519,1,false,false
3686,3,70144,70144,11540092,11542928,11469948,11472784,1520,1,false,false
3687,3,70144,70144,11544228,11547064,11474084,11476920,1521,1,false,false
3688,3,70144,70144,11548364,11550944,11478220,11480800,1522,1,false,false
3689,3,70144,70144,11552244,11554824,11482100,11484680,1523,1,false,false
3690,3,70145,70145,11556380,11558448,11486235,11488303,1524,1,false,false
3691,3,70145,70145,11559748,11561816,11489603,11491671,1525,1,false,false
3692,3,70145,70145,11563116,11565184,11492971,11495039,1526,1,false,false
3693,3,70145,70145,11566484,11568552,11496339,11498407,1527,1,false,false
3694,0,70176,70176,12275464,12278300,12205288,12208124,1716,1,false,false
3695,0,70176,70176,12281136,12283972,12210960,12213796,1717,1,false,false
3696,0,70176,70176,12286808,12289388,12216632,12219212,1718,1,false,false
3697,0,70176,70176,12292224,12294804,12222048,12224628,1719,1,false,false
3698,3,70176,70176,11570620,11572688,11500444,11502512,1528,1,false,false
3699,3,70176,70176,11574756,11576824,11504580,11506648,1529,1,false,false
3700,3,70176,70176,11578892,11580960,11508716,11510784,1530,1,false,false
3701,3,70176,70176,11583028,11585096,11512852,11514920,1531,1,false,false
3702,0,70176,70176,12297384,12299452,12227208,12229276,1720,1,false,false
3703,0,70176,70176,12301520,12303588,12231344,12233412,1721,1,false,false
3704,0,70176,70176,12305656,12307724,12235480,12237548,1722,1,false,false
3705,0,70176,70176,12309792,12311860,12239616,12241684,1723,1,false,false
3706,3,70176,70176,11586652,11588720,11516476,11518544,1532,1,false,false
3707,3,70176,70176,11590020,11592088,11519844,11521912,1533,1,false,false
3708,3,70176,70176,11593388,11595456,11523212,11525280,1534,1,false,false
3709,3,70176,70176,11596756,11598824,11526580,11528648,1535,1,false,false
3710,0,70176,70176,12313928,12314716,12243752,12244540,1724,1,false,false
3711,0,70176,70176,12316784,12317572,12246608,12247396,1725,1,false,false
3712,0,70176,70176,12319640,12320428,12249464,12250252,1726,1,false,false
3713,0,70176,70176,12322496,12323028,12252320,12252852,1727,1,false,false
3714,0,70208,70208,12325096,12325884,12254888,12255676,1728,1,false,false
3715,0,70208,70208,12327952,12328740,12257744,12258532,1729,1,false,false
3716,0,70208,70208,12330808,12331596,12260600,12261388,1730,1,false,false
3717,0,70208,70208,12333664,12334196,12263456,12263988,1731,1,false,false
3718,3,70240,70240,11600380,11601680,11530140,11531440,1536,1,false,false
3719,3,70240,70240,11602980,11604280,11532740,11534040,1537,1,false,false
3720,3,70240,70240,11605580,11606880,11535340,11536640,1538,1,false,false
3721,3,70240,70240,11608180,11609224,11537940,11538984,1539,1,false,false
3722,3,70240,70240,11610012,11610800,11539772,11540560,1540,1,false,false
3723,3,70240,70240,11611588,11612376,11541348,11542136,1541,1,false,false
3724,3,70240,70240,11613164,11613952,11542924,11543712,1542,1,false,false
3725,3,70240,70240,11614484,11615016,11544244,11544776,1543,1,false,false
3726,3,70240,70240,11619132,11621200,11548892,11550960,1544,1,false,false
3727,3,70240,70240,11625316,11627384,11555076,11557144,1545,1,false,false
3728,3,70240,70240,11631500,11633568,11561260,11563328,1546,1,false,false
3729,3,70240,70240,11637428,11639496,11567188,11569256,1547,1,false,false
3730,0,70241,70241,12336264,12337820,12266023,12267579,1732,1,false,false
3731,0,70241,70241,12339888,12341188,12269647,12270947,1733,1,false,false
3732,0,70241,70241,12343256,12344556,12273015,12274315,1734,1,false,false
3733,0,70241,70241,12346624,12347924,12276383,12277683,1735,1,false,false
3734,3,70272,70272,11641564,11643632,11571292,11573360,1548,1,false,false
3735,3,70272,70272,11645700,11647768,11575428,11577496,1549,1,false,false
3736,3,70272,70272,11649836,11651904,11579564,11581632,1550,1,false,false
3737,3,70272,70272,11653972,11656040,11583700,11585768,1551,1,false,false
3738,3,70272,70272,11656828,11659664,11586556,11589392,1552,1,false,false
3739,3,70272,70272,11660452,11663288,11590180,11593016,1553,1,false,false
3740,3,70272,70272,11664076,11666656,11593804,11596384,1554,1,false,false
3741,3,70272,70272,11667188,11669768,11596916,11599496,1555,1,false,false
3742,3,70273,70273,11670556,11671856,11600283,11601583,1556,1,false,false
3743,3,70273,70273,11672644,11673944,11602371,11603671,1557,1,false,false
3744,3,70273,70273,11674732,11676032,11604459,11605759,1558,1,false,false
3745,3,70273,70273,11676564,11677608,11606291,11607335,1559,1,false,false
3746,3,70304,70304,11679164,11681232,11608860,11610928,1560,1,false,false
3747,3,70304,70304,11682788,11684856,11612484,11614552,1561,1,false,false
3748,3,70304,70304,11686412,11688480,11616108,11618176,1562,1,false,false
3749,3,70304,70304,11690036,11692104,11619732,11621800,1563,1,false,false
3750,3,70304,70304,11693660,11696496,11623356,11626192,1564,1,false,false
3751,3,70304,70304,11697796,11700632,11627492,11630328,1565,1,false,false
3752,3,70304,70304,11701932,11704512,11631628,11634208,1566,1,false,false
3753,3,70304,70304,11705812,11708392,11635508,11638088,1567,1,false,false
3754,3,70305,70305,11709948,11713552,11639643,11643247,1568,1,false,false
3755,3,70305,70305,11714852,11718200,11644547,11647895,1569,1,false,false
3756,3,70305,70305,11719500,11722848,11649195,11652543,1570,1,false,false
3757,3,70305,70305,11724148,11727496,11653843,11657191,1571,1,false,false
3758,3,70336,70336,11728028,11730096,11657692,11659760,1572,1,false,false
3759,3,70336,70336,11730628,11732696,11660292,11662360,1573,1,false,false
3760,3,70336,70336,11733228,11735296,11662892,11664960,1574,1,false,false
3761,3,70336,70336,11735828,11737896,11665492,11667560,1575,1,false,false
3762,3,70368,70368,11739196,11741264,11668828,11670896,1576,1,false,false
3763,3,70368,70368,11742564,11744632,11672196,11674264,1577,1,false,false
3764,3,70368,70368,11745932,11748000,11675564,11677632,1578,1,false,false
3765,3,70368,70368,11749044,11751112,11678676,11680744,1579,1,false,false
3766,0,70369,70369,12349992,12351548,12279623,12281179,1736,1,false,false
3767,0,70369,70369,12353616,12354916,12283247,12284547,1737,1,false,false
3768,0,70369,70369,12356984,12358284,12286615,12287915,1738,1,false,false
3769,0,70369,70369,12360352,12361652,12289983,12291283,1739,1,false,false
3770,3,70400,70400,11753180,11756016,11682780,11685616,1580,1,false,false
3771,3,70400,70400,11758084,11760920,11687684,11690520,1581,1,false,false
3772,3,70400,70400,11762988,11765568,11692588,11695168,1582,1,false,false
3773,3,70400,70400,11767636,11770216,11697236,11699816,1583,1,false,false
3774,3,70400,70400,11772284,11774352,11701884,11703952,1584,1,false,false
3775,3,70400,70400,11776420,11778488,11706020,11708088,1585,1,false,false
3776,3,70400,70400,11780556,11782624,11710156,11712224,1586,1,false,false
3777,3,70400,70400,11784692,11786760,11714292,11716360,1587,1,false,false
3778,0,70432,70432,12363720,12364508,12293288,12294076,1740,1,false,false
3779,0,70432,70432,12366576,12367364,12296144,12296932,1741,1,false,false
3780,0,70432,70432,12369432,12370220,12299000,12299788,1742,1,false,false
3781,0,70432,70432,12372288,12372820,12301856,12302388,1743,1,false,false
3782,3,70432,70432,11787548,11789616,11717116,11719184,1588,1,false,false
3783,3,70432,70432,11790404,11792472,11719972,11722040,1589,1,false,false
3784,3,70432,70432,11793260,11795328,11722828,11724896,1590,1,false,false
3785,3,70432,70432,11795860,11797928,11725428,11727496,1591,1,false,false
3786,3,70432,70432,11799484,11801552,11729052,11731120,1592,1,false,false
3787,3,70432,70432,11803108,11805176,11732676,11734744,1593,1,false,false
3788,3,70432,70432,11806476,11808544,11736044,11738112,1594,1,false,false
3789,3,70432,70432,11809844,11811912,11739412,11741480,1595,1,false,false
3790,3,70496,70496,11813468,11815536,11742972,11745040,1596,1,false,false
3791,3,70496,70496,11816836,11818904,11746340,11748408,1597,1,false,false
3792,3,70496,70496,11820204,11822272,11749708,11751776,1598,1,false,false
3793,3,70496,70496,11823572,11825640,11753076,11755144,1599,1,false,false
3794,0,70497,70497,12374888,12376444,12304391,12305947,1744,1,false,false
3795,0,70497,70497,12378512,12379812,12308015,12309315,1745,1,false,false
3796,0,70497,70497,12381880,12383180,12311383,12312683,1746,1,false,false
3797,0,70497,70497,12385248,12386548,12314751,12316051,1747,1,false,false
3798,0,70561,70561,12388616,12389404,12318055,12318843,1748,1,false,false
3799,0,70561,70561,12391472,12392260,12320911,12321699,1749,1,false,false
3800,0,70561,70561,12394328,12395116,12323767,12324555,1750,1,false,false
3801,0,70561,70561,12397184,12397716,12326623,12327155,1751,1,false,false
3802,3,70624,70624,11827196,11830032,11756572,11759408,1600,1,false,false
3803,3,70624,70624,11831332,11834168,11760708,11763544,1601,1,false,false
3804,3,70624,70624,11835468,11838048,11764844,11767424,1602,1,false,false
3805,3,70624,70624,11839348,11841928,11768724,11771304,1603,1,false,false
3806,3,70656,70656,11842716,11844784,11772060,11774128,1604,1,false,false
3807,3,70656,70656,11845572,11847640,11774916,11776984,1605,1,false,false
3808,3,70656,70656,11848428,11850496,11777772,11779840,1606,1,false,false
3809,3,70656,70656,11851028,11853096,11780372,11782440,1607,1,false,false
3810,3,70688,70688,11855164,11857232,11784476,11786544,1608,1,false,false
3811,3,70688,70688,11859300,11861368,11788612,11790680,1609,1,false,false
3812,3,70688,70688,11863436,11865504,11792748,11794816,1610,1,false,false
3813,3,70688,70688,11867572,11869640,11796884,11798952,1611,1,false,false
3814,3,70688,70688,11870428,11875312,11799740,11804624,1612,1,false,false
3815,3,70688,70688,11876100,11880984,11805412,11810296,1613,1,false,false
3816,3,70688,70688,11881772,11886400,11811084,11815712,1614,1,false,false
3817,3,70688,70688,11886932,11891560,11816244,11820872,1615,1,false,false
3818,3,70688,70688,11892348,11894416,11821660,11823728,1616,1,false,false
3819,3,70688,70688,11895204,11897272,11824516,11826584,1617,1,false,false
3820,3,70688,70688,11898060,11900128,11827372,11829440,1618,1,false,false
3821,3,70688,70688,11900660,11902728,11829972,11832040,1619,1,false,false
3822,3,70689,70689,11904796,11906864,11834107,11836175,1620,1,false,false
3823,3,70689,70689,11908932,11911000,11838243,11840311,1621,1,false,false
3824,3,70689,70689,11913068,11915136,11842379,11844447,1622,1,false,false
3825,3,70689,70689,11917204,11919272,11846515,11848583,1623,1,false,false
3826,0,70720,70720,12399784,12400572,12329064,12329852,1752,1,false,false
3827,0,70720,70720,12402640,12403428,12331920,12332708,1753,1,false,false
3828,0,70720,70720,12405496,12406284,12334776,12335564,1754,1,false,false
3829,0,70720,70720,12408352,12408884,12337632,12338164,1755,1,false,false
3830,3,70753,70753,11921340,11923408,11850587,11852655,1624,1,false,false
3831,3,70753,70753,11925476,11927544,11854723,11856791,1625,1,false,false
3832,3,70753,70753,11929612,11931680,11858859,11860927,1626,1,false,false
3833,3,70753,70753,11933748,11935816,11862995,11865063,1627,1,false,false
3834,3,70784,70784,11936604,11938672,11865820,11867888,1628,1,false,false
3835,3,70784,70784,11939460,11941528,11868676,11870744,1629,1,false,false
3836,3,70784,70784,11942316,11944384,11871532,11873600,1630,1,false,false
3837,3,70784,70784,11944916,11946984,11874132,11876200,1631,1,false,false
3838,3,70816,70816,11950588,11952656,11879772,11881840,1632,1,false,false
3839,3,70816,70816,11956004,11958072,11885188,11887256,1633,1,false,false
3840,3,70816,70816,11961420,11963488,11890604,11892672,1634,1,false,false
3841,3,70816,70816,11966836,11968904,11896020,11898088,1635,1,false,false
3842,3,70816,70816,11970460,11972528,11899644,11901712,1636,1,false,false
3843,3,70816,70816,11973828,11975896,11903012,11905080,1637,1,false,false
3844,3,70816,70816,11977196,11979264,11906380,11908448,1638,1,false,false
3845,3,70816,70816,11980564,11982632,11909748,11911816,1639,1,false,false
3846,3,70816,70816,11983420,11985488,11912604,11914672,1640,1,false,false
3847,3,70816,70816,11986276,11988344,11915460,11917528,1641,1,false,false
3848,3,70816,70816,11989132,11991200,11918316,11920384,1642,1,false,false
3849,3,70816,70816,11991732,11993800,11920916,11922984,1643,1,false,false
3850,3,70816,70816,11995356,11997424,11924540,11926608,1644,1,false,false
3851,3,70816,70816,11998724,12000792,11927908,11929976,1645,1,false,false
3852,3,70816,70816,12002092,12004160,11931276,11933344,1646,1,false,false
3853,3,70816,70816,12005460,12007528,11934644,11936712,1647,1,false,false
3854,3,70816,70816,12008316,12010384,11937500,11939568,1648,1,false,false
3855,3,70816,70816,12011172,12013240,11940356,11942424,1649,1,false,false
3856,3,70816,70816,12014028,12016096,11943212,11945280,1650,1,false,false
3857,3,70816,70816,12016628,12018696,11945812,11947880,1651,1,false,false
3858,3,70848,70848,12019484,12021552,11948636,11950704,1652,1,false,false
3859,3,70848,70848,12022340,12024408,11951492,11953560,1653,1,false,false
3860,3,70848,70848,12025196,12027264,11954348,11956416,1654,1,false,false
3861,3,70848,70848,12027796,12029864,11956948,11959016,1655,1,false,false
3862,3,70848,70848,12031932,12034000,11961084,11963152,1656,1,false,false
3863,3,70848,70848,12036068,12038136,11965220,11967288,1657,1,false,false
3864,3,70848,70848,12040204,12042272,11969356,11971424,1658,1,false,false
3865,3,70848,70848,12044340,12046408,11973492,11975560,1659,1,false,false
3866,3,70912,70912,12049244,12050544,11978332,11979632,1660,1,false,false
3867,3,70912,70912,12053380,12054680,11982468,11983768,1661,1,false,false
3868,3,70912,70912,12057260,12058560,11986348,11987648,1662,1,false,false
3869,3,70912,70912,12061140,12062184,11990228,11991272,1663,1,false,false
3870,0,70913,70913,12410952,12414556,12340039,12343643,1756,1,false,false
3871,0,70913,70913,12416624,12419972,12345711,12349059,1757,1,false,false
3872,0,70913,70913,12422040,12425388,12351127,12354475,1758,1,false,false
3873,0,70913,70913,12427456,12430804,12356543,12359891,1759,1,false,false
3874,0,70944,70944,12432872,12434940,12361928,12363996,1760,1,false,false
3875,0,70944,70944,12437008,12439076,12366064,12368132,1761,1,false,false
3876,0,70944,70944,12441144,12443212,12370200,12372268,1762,1,false,false
3877,0,70944,70944,12445280,12447348,12374336,12376404,1763,1,false,false
3878,3,70945,70945,12062972,12065040,11992027,11994095,1664,1,false,false
3879,3,70945,70945,12065828,12067896,11994883,11996951,1665,1,false,false
3880,3,70945,70945,12068684,12070752,11997739,11999807,1666,1,false,false
3881,3,70945,70945,12071284,12073352,12000339,12002407,1667,1,false,false
3882,3,70977,70977,12074908,12077744,12003931,12006767,1668,1,false,false
3883,3,70977,70977,12079044,12081880,12008067,12010903,1669,1,false,false
3884,3,70977,70977,12083180,12085760,12012203,12014783,1670,1,false,false
3885,3,70977,70977,12087060,12089640,12016083,12018663,1671,1,false,false
3886,3,71008,71008,12091196,12093264,12020188,12022256,1672,1,false,false
3887,3,71008,71008,12094564,12096632,12023556,12025624,1673,1,false,false
3888,3,71008,71008,12097932,12100000,12026924,12028992,1674,1,false,false
3889,3,71008,71008,12101300,12103368,12030292,12032360,1675,1,false,false
3890,3,71008,71008,12105436,12108272,12034428,12037264,1676,1,false,false
3891,3,71008,71008,12110340,12113176,12039332,12042168,1677,1,false,false
3892,3,71008,71008,12115244,12118080,12044236,12047072,1678,1,false,false
3893,3,71008,71008,12120148,12122728,12049140,12051720,1679,1,false,false
3894,3,71008,71008,12125564,12127632,12054556,12056624,1680,1,false,false
3895,3,71008,71008,12130468,12132536,12059460,12061528,1681,1,false,false
3896,3,71008,71008,12135116,12137184,12064108,12066176,1682,1,false,false
3897,3,71008,71008,12139764,12141832,12068756,12070824,1683,1,false,false
3898,3,71008,71008,12142620,12144688,12071612,12073680,1684,1,false,false
3899,3,71008,71008,12145476,12147544,12074468,12076536,1685,1,false,false
3900,3,71008,71008,12148332,12150400,12077324,12079392,1686,1,false,false
3901,3,71008,71008,12150932,12153000,12079924,12081992,1687,1,false,false
3902,3,71072,71072,12154556,12157392,12083484,12086320,1688,1,false,false
3903,3,71072,71072,12158692,12161528,12087620,12090456,1689,1,false,false
3904,3,71072,71072,12162828,12165408,12091756,12094336,1690,1,false,false
3905,3,71072,71072,12166708,12169288,12095636,12098216,1691,1,false,false
3906,3,71072,71072,12169820,12171888,12098748,12100816,1692,1,false,false
3907,3,71072,71072,12172420,12174488,12101348,12103416,1693,1,false,false
3908,3,71072,71072,12175020,12177088,12103948,12106016,1694,1,false,false
3909,3,71072,71072,12177620,12179688,12106548,12108616,1695,1,false,false
3910,3,71072,71072,12183804,12185872,12112732,12114800,1696,1,false,false
3911,3,71072,71072,12189988,12192056,12118916,12120984,1697,1,false,false
3912,3,71072,71072,12196172,12198240,12125100,12127168,1698,1,false,false
3913,3,71072,71072,12202100,12204168,12131028,12133096,1699,1,false,false
3914,3,71136,71136,12207772,12209840,12136636,12138704,1700,1,false,false
3915,3,71136,71136,12213188,12215256,12142052,12144120,1701,1,false,false
3916,3,71136,71136,12218604,12220672,12147468,12149536,1702,1,false,false
3917,3,71136,71136,12224020,12226088,12152884,12154952,1703,1,false,false
3918,3,71200,71200,12228156,12230224,12156956,12159024,1704,1,false,false
3919,3,71200,71200,12232292,12234360,12161092,12163160,1705,1,false,false
3920,3,71200,71200,12236428,12238496,12165228,12167296,1706,1,false,false
3921,3,71200,71200,12240564,12242632,12169364,12171432,1707,1,false,false
3922,3,71200,71200,12244700,12247536,12173500,12176336,1708,1,false,false
3923,3,71200,71200,12249604,12252440,12178404,12181240,1709,1,false,false
3924,3,71200,71200,12254508,12257088,12183308,12185888,1710,1,false,false
3925,3,71200,71200,12259156,12261736,12187956,12190536,1711,1,false,false
3926,3,71200,71200,12262524,12265360,12191324,12194160,1712,1,false,false
3927,3,71200,71200,12266148,12268984,12194948,12197784,1713,1,false,false
3928,3,71200,71200,12269772,12272352,12198572,12201152,1714,1,false,false
3929,3,71200,71200,12272884,12275464,12201684,12204264,1715,1,false,false
3930,3,71232,71232,12278300,12281136,12207068,12209904,1716,1,false,false
3931,3,71232,71232,12283972,12286808,12212740,12215576,1717,1,false,false
3932,3,71232,71232,12289388,12292224,12218156,12220992,1718,1,false,false
3933,3,71232,71232,12294804,12297384,12223572,12226152,1719,1,false,false
3934,3,71232,71232,12299452,12301520,12228220,12230288,1720,1,false,false
3935,3,71232,71232,12303588,12305656,12232356,12234424,1721,1,false,false
3936,3,71232,71232,12307724,12309792,12236492,12238560,1722,1,false,false
3937,3,71232,71232,12311860,12313928,12240628,12242696,1723,1,false,false
3938,3,71264,71264,12314716,12316784,12243452,12245520,1724,1,false,false
3939,3,71264,71264,12317572,12319640,12246308,12248376,1725,1,false,false
3940,3,71264,71264,12320428,12322496,12249164,12251232,1726,1,false,false
3941,3,71264,71264,12323028,12325096,12251764,12253832,1727,1,false,false
3942,3,71264,71264,12325884,12327952,12254620,12256688,1728,1,false,false
3943,3,71264,71264,12328740,12330808,12257476,12259544,1729,1,false,false
3944,3,71264,71264,12331596,12333664,12260332,12262400,1730,1,false,false
3945,3,71264,71264,12334196,12336264,12262932,12265000,1731,1,false,false
3946,3,71265,71265,12337820,12339888,12266555,12268623,1732,1,false,false
3947,3,71265,71265,12341188,12343256,12269923,12271991,1733,1,false,false
3948,3,71265,71265,12344556,12346624,12273291,12275359,1734,1,false,false
3949,3,71265,71265,12347924,12349992,12276659,12278727,1735,1,false,false
3950,3,71265,71265,12351548,12353616,12280283,12282351,1736,1,false,false
3951,3,71265,71265,12354916,12356984,12283651,12285719,1737,1,false,false
3952,3,71265,71265,12358284,12360352,12287019,12289087,1738,1,false,false
3953,3,71265,71265,12361652,12363720,12290387,12292455,1739,1,false,false
3954,3,71296,71296,12364508,12366576,12293212,12295280,1740,1,false,false
3955,3,71296,71296,12367364,12369432,12296068,12298136,1741,1,false,false
3956,3,71296,71296,12370220,12372288,12298924,12300992,1742,1,false,false
3957,3,71296,71296,12372820,12374888,12301524,12303592,1743,1,false,false
3958,3,71296,71296,12376444,12378512,12305148,12307216,1744,1,false,false
3959,3,71296,71296,12379812,12381880,12308516,12310584,1745,1,false,false
3960,3,71296,71296,12383180,12385248,12311884,12313952,1746,1,false,false
3961,3,71296,71296,12386548,12388616,12315252,12317320,1747,1,false,false
3962,0,71328,71328,12449416,12450204,12378088,12378876,1764,1,false,false
3963,0,71328,71328,12452272,12453060,12380944,12381732,1765,1,false,false
3964,0,71328,71328,12455128,12455916,12383800,12384588,1766,1,false,false
3965,0,71328,71328,12457984,12458516,12386656,12387188,1767,1,false,false
3966,3,71360,71360,12389404,12391472,12318044,12320112,1748,1,false,false
3967,3,71360,71360,12392260,12394328,12320900,12322968,1749,1,false,false
3968,3,71360,71360,12395116,12397184,12323756,12325824,1750,1,false,false
3969,3,71360,71360,12397716,12399784,12326356,12328424,1751,1,false,false
3970,0,71392,71392,12460584,12462652,12389192,12391260,1768,1,false,false
3971,0,71392,71392,12464720,12466788,12393328,12395396,1769,1,false,false
3972,0,71392,71392,12468856,12470924,12397464,12399532,1770,1,false,false
3973,0,71392,71392,12472992,12475060,12401600,12403668,1771,1,false,false
3974,3,71456,71456,12400572,12402640,12329116,12331184,1752,1,false,false
3975,3,71456,71456,12403428,12405496,12331972,12334040,1753,1,false,false
3976,3,71456,71456,12406284,12408352,12334828,12336896,1754,1,false,false
3977,3,71456,71456,12408884,12410952,12337428,12339496,1755,1,false,false
3978,3,71456,71456,12414556,12416624,12343100,12345168,1756,1,false,false
3979,3,71456,71456,12419972,12422040,12348516,12350584,1757,1,false,false
3980,3,71456,71456,12425388,12427456,12353932,12356000,1758,1,false,false
3981,3,71456,71456,12430804,12432872,12359348,12361416,1759,1,false,false
3982,3,71488,71488,12434940,12437008,12363452,12365520,1760,1,false,false
3983,3,71488,71488,12439076,12441144,12367588,12369656,1761,1,false,false
3984,3,71488,71488,12443212,12445280,12371724,12373792,1762,1,false,false
3985,3,71488,71488,12447348,12449416,12375860,12377928,1763,1,false,false
3986,0,71489,71489,12477128,12478684,12405639,12407195,1772,1,false,false
3987,0,71489,71489,12480752,12482052,12409263,12410563,1773,1,false,false
3988,0,71489,71489,12484120,12485420,12412631,12413931,1774,1,false,false
3989,0,71489,71489,12487488,12488788,12415999,12417299,1775,1,false,false
3990,3,71553,71553,12450204,12452272,12378651,12380719,1764,1,false,false
3991,3,71553,71553,12453060,12455128,12381507,12383575,1765,1,false,false
3992,3,71553,71553,12455916,12457984,12384363,12386431,1766,1,false,false
3993,3,71553,71553,12458516,12460584,12386963,12389031,1767,1,false,false
3994,3,71584,71584,12462652,12464720,12391068,12393136,1768,1,false,false
3995,3,71584,71584,12466788,12468856,12395204,12397272,1769,1,false,false
3996,3,71584,71584,12470924,12472992,12399340,12401408,1770,1,false,false
3997,3,71584,71584,12475060,12477128,12403476,12405544,1771,1,false,false
3998,3,71584,71584,12478684,12480752,12407100,12409168,1772,1,false,false
3999,3,71584,71584,12482052,12484120,12410468,12412536,1773,1,false,false
4000,3,71584,71584,12485420,12487488,12413836,12415904,1774,1,false,false
4001,3,71584,71584,12488788,12490856,12417204,12419272,1775,1,false,false
4002,3,71616,71616,12492924,12494992,12421308,12423376,1776,1,false,false
4003,3,71616,71616,12497060,12499128,12425444,12427512,1777,1,false,false
4004,3,71616,71616,12501196,12503264,12429580,12431648,1778,1,false,false
4005,3,71616,71616,12505332,12507400,12433716,12435784,1779,1,false,false
4006,0,71648,71648,12490856,12492924,12419208,12421276,1776,1,false,false
4007,0,71648,71648,12494992,12497060,12423344,12425412,1777,1,false,false
4008,0,71648,71648,12499128,12501196,12427480,12429548,1778,1,false,false
4009,0,71648,71648,12503264,12505332,12431616,12433684,1779,1,false,false
4010,3,71648,71648,12508188,12510256,12436540,12438608,1780,1,false,false
4011,3,71648,71648,12511044,12513112,12439396,12441464,1781,1,false,false
4012,3,71648,71648,12513900,12515968,12442252,12444320,1782,1,false,false
4013,3,71648,71648,12516500,12518568,12444852,12446920,1783,1,false,false
4014,0,71649,71649,12507400,12508188,12435751,12436539,1780,1,false,false
4015,0,71649,71649,12510256,12511044,12438607,12439395,1781,1,false,false
4016,0,71649,71649,12513112,12513900,12441463,12442251,1782,1,false,false
4017,0,71649,71649,12515968,12516500,12444319,12444851,1783,1,false,false
4018,3,71712,71712,12520124,12522192,12448412,12450480,1784,1,false,false
4019,3,71712,71712,12523492,12525560,12451780,12453848,1785,1,false,false
4020,3,71712,71712,12526860,12528928,12455148,12457216,1786,1,false,false
4021,3,71712,71712,12530228,12532296,12458516,12460584,1787,1,false,false
4022,3,71712,71712,12533084,12534384,12461372,12462672,1788,1,false,false
4023,3,71712,71712,12535172,12536472,12463460,12464760,1789,1,false,false
4024,3,71712,71712,12537260,12538560,12465548,12466848,1790,1,false,false
4025,3,71712,71712,12539092,12540136,12467380,12468424,1791,1,false,false
4026,3,71713,71713,12540924,12542992,12469211,12471279,1792,1,false,false
4027,3,71713,71713,12543780,12545848,12472067,12474135,1793,1,false,false
4028,3,71713,71713,12546636,12548704,12474923,12476991,1794,1,false,false
4029,3,71713,71713,12549236,12551304,12477523,12479591,1795,1,false,false
4030,3,71777,71777,12553372,12555440,12481595,12483663,1796,1,false,false
4031,3,71777,71777,12557508,12559576,12485731,12487799,1797,1,false,false
4032,3,71777,71777,12561644,12563712,12489867,12491935,1798,1,false,false
4033,3,71777,71777,12565780,12567848,12494003,12496071,1799,1,false,false
4034,3,71937,71937,12569916,12571984,12497979,12500047,1800,1,false,false
4035,3,71937,71937,12574052,12576120,12502115,12504183,1801,1,false,false
4036,3,71937,71937,12578188,12580256,12506251,12508319,1802,1,false,false
4037,3,71937,71937,12582324,12584392,12510387,12512455,1803,1,false,false
4038,0,71968,71968,12518568,12520124,12446600,12448156,1783,1,false,false
4039,0,71968,71968,12522192,12523492,12450224,12451524,1784,1,false,false
4040,0,71968,71968,12525560,12526860,12453592,12454892,1785,1,false,false
4041,0,71968,71968,12528928,12530228,12456960,12458260,1786,1,false,false
4042,0,72128,72128,12532296,12533084,12460168,12460956,1787,1,false,false
4043,0,72128,72128,12534384,12535172,12462256,12463044,1788,1,false,false
4044,0,72128,72128,12536472,12537260,12464344,12465132,1789,1,false,false
4045,0,72128,72128,12538560,12539092,12466432,12466964,1790,1,false,false
4046,3,72128,72128,12585180,12587248,12513052,12515120,1804,1,false,false
4047,3,72128,72128,12588036,12590104,12515908,12517976,1805,1,false,false
4048,3,72128,72128,12590892,12592960,12518764,12520832,1806,1,false,false
4049,3,72128,72128,12593492,12595560,12521364,12523432,1807,1,false,false
4050,3,72129,72129,12597628,12600464,12525499,12528335,1808,1,false,false
4051,3,72129,72129,12602532,12605368,12530403,12533239,1809,1,false,false
4052,3,72129,72129,12607436,12610016,12535307,12537887,1810,1,false,false
4053,3,72129,72129,12612084,12614664,12539955,12542535,1811,1,false,false
4054,3,72192,72192,12615452,12617520,12543260,12545328,1812,1,false,false
4055,3,72192,72192,12618308,12620376,12546116,12548184,1813,1,false,false
4056,3,72192,72192,12621164,12623232,12548972,12551040,1814,1,false,false
4057,3,72192,72192,12623764,12625832,12551572,12553640,1815,1,false,false
4058,1,72288,72288,1956672,1958228,1884384,1885940,222,1,false,false
4059,1,72288,72288,1965712,1967012,1893424,1894724,223,1,false,false
4060,1,72288,72288,1974496,1975796,1902208,1903508,224,1,false,false
4061,1,72288,72288,1983280,1984580,1910992,1912292,225,1,false,false
4062,0,72352,72352,12540136,12540924,12467784,12468572,1791,1,false,false
4063,0,72352,72352,12542992,12543780,12470640,12471428,1792,1,false,false
4064,0,72352,72352,12545848,12546636,12473496,12474284,1793,1,false,false
4065,0,72352,72352,12548704,12549236,12476352,12476884,1794,1,false,false
4066,3,72352,72352,12626620,12629456,12554268,12557104,1816,1,false,false
4067,3,72352,72352,12630244,12633080,12557892,12560728,1817,1,false,false
4068,3,72352,72352,12633868,12636448,12561516,12564096,1818,1,false,false
4069,3,72352,72352,12636980,12639560,12564628,12567208,1819,1,false,false
4070,3,72384,72384,12640348,12642416,12567964,12570032,1820,1,false,false
4071,3,72384,72384,12643204,12645272,12570820,12572888,1821,1,false,false
4072,3,72384,72384,12646060,12648128,12573676,12575744,1822,1,false,false
4073,3,72384,72384,12648660,12650728,12576276,12578344,1823,1,false,false
4074,0,72448,72448,12551304,12553372,12478856,12480924,1795,1,false,false
4075,0,72448,72448,12555440,12557508,12482992,12485060,1796,1,false,false
4076,0,72448,72448,12559576,12561644,12487128,12489196,1797,1,false,false
4077,0,72448,72448,12563712,12565780,12491264,12493332,1798,1,false,false
4078,3,72480,72480,12652284,12655120,12579804,12582640,1824,1,false,false
4079,3,72480,72480,12656420,12659256,12583940,12586776,1825,1,false,false
4080,3,72480,72480,12660556,12663392,12588076,12590912,1826,1,false,false
4081,3,72480,72480,12664692,12667272,12592212,12594792,1827,1,false,false
4082,3,72768,72768,12668060,12670128,12595292,12597360,1828,1,false,false
4083,3,72768,72768,12670916,12672984,12598148,12600216,1829,1,false,false
4084,3,72768,72768,12673772,12675840,12601004,12603072,1830,1,false,false
4085,3,72768,72768,12676372,12678440,12603604,12605672,1831,1,false,false
4086,3,72928,72928,12680508,12682576,12607580,12609648,1832,1,false,false
4087,3,72928,72928,12684644,12686712,12611716,12613784,1833,1,false,false
4088,3,72928,72928,12688780,12690848,12615852,12617920,1834,1,false,false
4089,3,72928,72928,12692916,12694984,12619988,12622056,1835,1,false,false
4090,0,72928,72928,12567848,12569916,12494920,12496988,1799,1,false,false
4091,0,72928,72928,12571984,12574052,12499056,12501124,1800,1,false,false
4092,0,72928,72928,12576120,12578188,12503192,12505260,1801,1,false,false
4093,0,72928,72928,12580256,12582324,12507328,12509396,1802,1,false,false
4094,3,73024,73024,12696540,12698096,12623516,12625072,1836,1,false,false
4095,3,73024,73024,12699396,12700696,12626372,12627672,1837,1,false,false
4096,3,73024,73024,12701996,12703296,12628972,12630272,1838,1,false,false
4097,3,73024,73024,12704596,12705896,12631572,12632872,1839,1,false,false
4098,3,73025,73025,12707452,12709520,12634427,12636495,1840,1,false,false
4099,3,73025,73025,12710820,12712888,12637795,12639863,1841,1,false,false
4100,3,73025,73025,12714188,12716256,12641163,12643231,1842,1,false,false
4101,3,73025,73025,12717556,12719624,12644531,12646599,1843,1,false,false
4102,3,73121,73121,12721692,12723760,12648571,12650639,1844,1,false,false
4103,3,73121,73121,12725828,12727896,12652707,12654775,1845,1,false,false
4104,3,73121,73121,12729964,12732032,12656843,12658911,1846,1,false,false
4105,3,73121,73121,12734100,12736168,12660979,12663047,1847,1,false,false
4106,0,73248,73248,12584392,12585180,12511144,12511932,1803,1,false,false
4107,0,73248,73248,12587248,12588036,12514000,12514788,1804,1,false,false
4108,0,73248,73248,12590104,12590892,12516856,12517644,1805,1,false,false
4109,0,73248,73248,12592960,12593492,12519712,12520244,1806,1,false,false
4110,3,73344,73344,12739772,12741840,12666428,12668496,1848,1,false,false
4111,3,73344,73344,12745188,12747256,12671844,12673912,1849,1,false,false
4112,3,73344,73344,12750604,12752672,12677260,12679328,1850,1,false,false
4113,3,73344,73344,12756020,12758088,12682676,12684744,1851,1,false,false
4114,3,73408,73408,12758876,12761712,12685468,12688304,1852,1,false,false
4115,3,73408,73408,12762500,12765336,12689092,12691928,1853,1,false,false
4116,3,73408,73408,12766124,12768704,12692716,12695296,1854,1,false,false
4117,3,73408,73408,12769236,12771816,12695828,12698408,1855,1,false,false
4118,3,74048,74048,12772604,12774672,12698556,12700624,1856,1,false,false
4119,3,74048,74048,12775460,12777528,12701412,12703480,1857,1,false,false
4120,3,74048,74048,12778316,12780384,12704268,12706336,1858,1,false,false
4121,3,74048,74048,12780916,12782984,12706868,12708936,1859,1,false,false
4122,3,74144,74144,12783772,12785840,12709628,12711696,1860,1,false,false
4123,3,74144,74144,12786628,12788696,12712484,12714552,1861,1,false,false
4124,3,74144,74144,12789484,12791552,12715340,12717408,1862,1,false,false
4125,3,74144,74144,12792084,12794152,12717940,12720008,1863,1,false,false
4126,3,74464,74464,12794940,12797008,12720476,12722544,1864,1,false,false
4127,3,74464,74464,12797796,12799864,12723332,12725400,1865,1,false,false
4128,3,74464,74464,12800652,12802720,12726188,12728256,1866,1,false,false
4129,3,74464,74464,12803252,12805320,12728788,12730856,1867,1,false,false
4130,3,74592,74592,12807388,12809456,12732796,12734864,1868,1,false,false
4131,3,74592,74592,12811524,12813592,12736932,12739000,1869,1,false,false
4132,3,74592,74592,12815660,12817728,12741068,12743136,1870,1,false,false
4133,3,74592,74592,12819796,12821864,12745204,12747272,1871,1,false,false
4134,0,74657,74657,12595560,12597628,12520903,12522971,1807,1,false,false
4135,0,74657,74657,12600464,12602532,12525807,12527875,1808,1,false,false
4136,0,74657,74657,12605368,12607436,12530711,12532779,1809,1,false,false
4137,0,74657,74657,12610016,12612084,12535359,12537427,1810,1,false,false
4138,0,75104,75104,12614664,12615452,12539560,12540348,1811,1,false,false
4139,0,75104,75104,12617520,12618308,12542416,12543204,1812,1,false,false
4140,0,75104,75104,12620376,12621164,12545272,12546060,1813,1,false,false
4141,0,75104,75104,12623232,12623764,12548128,12548660,1814,1,false,false
4142,3,75328,75328,12823932,12826000,12748604,12750672,1872,1,false,false
4143,3,75328,75328,12828068,12830136,12752740,12754808,1873,1,false,false
4144,3,75328,75328,12832204,12834272,12756876,12758944,1874,1,false,false
4145,3,75328,75328,12836084,12838152,12760756,12762824,1875,1,false,false
4146,3,76096,76096,12839708,12841776,12763612,12765680,1876,1,false,false
4147,3,76096,76096,12843076,12845144,12766980,12769048,1877,1,false,false
4148,3,76096,76096,12846444,12848512,12770348,12772416,1878,1,false,false
4149,3,76096,76096,12849812,12851880,12773716,12775784,1879,1,false,false
4150,3,76448,76448,12852156,12854992,12775708,12778544,1880,1,false,false
4151,3,76448,76448,12855268,12858104,12778820,12781656,1881,1,false,false
4152,3,76448,76448,12858892,12861472,12782444,12785024,1882,1,false,false
4153,3,76448,76448,12862260,12864840,12785812,12788392,1883,1,false,false
4154,0,79457,79457,12625832,12626620,12546375,12547163,1815,1,false,false
4155,0,79457,79457,12629456,12630244,12549999,12550787,1816,1,false,false
4156,0,79457,79457,12633080,12633868,12553623,12554411,1817,1,false,false
4157,0,79457,79457,12636448,12636980,12556991,12557523,1818,1,false,false
4158,0,89824,89824,12639560,12640348,12549736,12550524,1817,1,false,false
4159,0,89824,89824,12642416,12643204,12552592,12553380,1818,1,false,false
4160,0,89824,89824,12645272,12646060,12555448,12556236,1819,1,false,false
4161,0,89824,89824,12648128,12648660,12558304,12558836,1820,1,false,false
4162,0,91297,91297,12650728,12652284,12559431,12560987,1821,1,false,false
4163,0,91297,91297,12655120,12656420,12563823,12565123,1822,1,false,false
4164,0,91297,91297,12659256,12660556,12567959,12569259,1823,1,false,false
4165,0,91297,91297,12663392,12664692,12572095,12573395,1824,1,false,false
4166,0,93505,93505,12667272,12668060,12573767,12574555,1825,1,false,false
4167,0,93505,93505,12670128,12670916,12576623,12577411,1826,1,false,false
4168,0,93505,93505,12672984,12673772,12579479,12580267,1827,1,false,false
4169,0,93505,93505,12675840,12676372,12582335,12582867,1828,1,false,false
4170,0,95361,95361,12678440,12680508,12583079,12585147,1829,1,false,false
4171,0,95361,95361,12682576,12684644,12587215,12589283,1830,1,false,false
4172,0,95361,95361,12686712,12688780,12591351,12593419,1831,1,false,false
4173,0,95361,95361,12690848,12692916,12595487,12597555,1832,1,false,false
4174,0,95552,95552,12694984,12696540,12599432,12600988,1833,1,false,false
4175,0,95552,95552,12698096,12699396,12602544,12603844,1834,1,false,false
4176,0,95552,95552,12700696,12701996,12605144,12606444,1835,1,false,false
4177,0,95552,95552,12703296,12704596,12607744,12609044,1836,1,false,false
4178,0,95744,95744,12705896,12707452,12610152,12611708,1837,1,false,false
4179,0,95744,95744,12709520,12710820,12613776,12615076,1838,1,false,false
4180,0,95744,95744,12712888,12714188,12617144,12618444,1839,1,false,false
4181,0,95744,95744,12716256,12717556,12620512,12621812,1840,1,false,false
4182,0,95872,95872,12719624,12721692,12623752,12625820,1841,1,false,false
4183,0,95872,95872,12723760,12725828,12627888,12629956,1842,1,false,false
4184,0,95872,95872,12727896,12729964,12632024,12634092,1843,1,false,false
4185,0,95872,95872,12732032,12734100,12636160,12638228,1844,1,false,false
4186,0,96129,96129,12736168,12739772,12640039,12643643,1845,1,false,false
4187,0,96129,96129,12741840,12745188,12645711,12649059,1846,1,false,false
4188,0,96129,96129,12747256,12750604,12651127,12654475,1847,1,false,false
4189,0,96129,96129,12752672,12756020,12656543,12659891,1848,1,false,false
4190,1,96736,96736,1993600,1995156,1896864,1898420,223,1,false,false
4191,1,96736,96736,2003664,2004964,1906928,1908228,224,1,false,false
4192,1,96736,96736,2013216,2014516,1916480,1917780,225,1,false,false
4193,1,96736,96736,2022768,2024068,1926032,1927332,226,1,false,false
4194,0,96992,96992,12758088,12758876,12661096,12661884,1849,1,false,false
4195,0,96992,96992,12761712,12762500,12664720,12665508,1850,1,false,false
4196,0,96992,96992,12765336,12766124,12668344,12669132,1851,1,false,false
4197,0,96992,96992,12768704,12769236,12671712,12672244,1852,1,false,false
4198,0,96992,96992,12771816,12772604,12674824,12675612,1853,1,false,false
4199,0,96992,96992,12774672,12775460,12677680,12678468,1854,1,false,false
4200,0,96992,96992,12777528,12778316,12680536,12681324,1855,1,false,false
4201,0,96992,96992,12780384,12780916,12683392,12683924,1856,1,false,false
4202,0,97120,97120,12782984,12783772,12685864,12686652,1857,1,false,false
4203,0,97120,97120,12785840,12786628,12688720,12689508,1858,1,false,false
4204,0,97120,97120,12788696,12789484,12691576,12692364,1859,1,false,false
4205,0,97120,97120,12791552,12792084,12694432,12694964,1860,1,false,false
4206,0,98240,98240,12794152,12794940,12695912,12696700,1861,1,false,false
4207,0,98240,98240,12797008,12797796,12698768,12699556,1862,1,false,false
4208,0,98240,98240,12799864,12800652,12701624,12702412,1863,1,false,false
4209,0,98240,98240,12802720,12803252,12704480,12705012,1864,1,false,false
4210,0,100641,100641,12805320,12807388,12704679,12706747,1864,1,false,false
4211,0,100641,100641,12809456,12811524,12708815,12710883,1865,1,false,false
4212,0,100641,100641,12813592,12815660,12712951,12715019,1866,1,false,false
4213,0,100641,100641,12817728,12819796,12717087,12719155,1867,1,false,false
4214,0,102625,102625,12821864,12823932,12719239,12721307,1868,1,false,false
4215,0,102625,102625,12826000,12828068,12723375,12725443,1869,1,false,false
4216,0,102625,102625,12830136,12832204,12727511,12729579,1870,1,false,false
4217,0,102625,102625,12834272,12836084,12731647,12733459,1871,1,false,false
4218,0,104289,104289,12838152,12839708,12733863,12735419,1872,1,false,false
4219,0,104289,104289,12841776,12843076,12737487,12738787,1873,1,false,false
4220,0,104289,104289,12845144,12846444,12740855,12742155,1874,1,false,false
4221,0,104289,104289,12848512,12849812,12744223,12745523,1875,1,false,false
4222,2,128033,128033,1799684,1806104,1671651,1678071,199,1,false,false
4223,2,128033,128033,1811540,1817960,1683507,1689927,200,1,false,false
4224,2,128033,128033,1823396,1829560,1695363,1701527,201,1,false,false
4225,2,128033,128033,1834484,1840648,1706451,1712615,202,1,false,false
4226,1,128738,128738,2031296,2034132,1902558,1905394,223,1,false,false
4227,1,128738,128738,2040848,2043684,1912110,1914946,224,1,false,false
4228,1,128738,128738,2053472,2056052,1924734,1927314,225,1,false,false
4229,1,128738,128738,2065584,2068164,1936846,1939426,226,1,false,false
4230,1,129504,129504,2077952,2081556,1948448,1952052,227,1,false,false
4231,1,129504,129504,2091088,2094436,1961584,1964932,228,1,false,false
4232,1,129504,129504,2102176,2105524,1972672,1976020,229,1,false,false
4233,1,129504,129504,2113008,2116356,1983504,1986852,230,1,false,false
4234,1,129569,129569,2125376,2129748,1995807,2000179,231,1,false,false
4235,1,129569,129569,2138768,2142884,2009199,2013315,232,1,false,false
4236,1,129569,129569,2153952,2158068,2024383,2028499,233,1,false,false
4237,1,129569,129569,2169136,2173252,2039567,2043683,234,1,false,false
4238,1,129569,129569,2181248,2184084,2051679,2054515,235,1,false,false
4239,1,129569,129569,2192080,2194916,2062511,2065347,236,1,false,false
4240,1,129569,129569,2200352,2202932,2070783,2073363,237,1,false,false
4241,1,129569,129569,2208368,2210948,2078799,2081379,238,1,false,false
4242,1,129728,129728,2218176,2221780,2088448,2092052,239,1,false,false
4243,1,129728,129728,2228496,2231844,2098768,2102116,240,1,false,false
4244,1,129728,129728,2240096,2243444,2110368,2113716,241,1,false,false
4245,1,129728,129728,2251696,2255044,2121968,2125316,242,1,false,false
4246,1,129857,129857,2263552,2266388,2133695,2136531,243,1,false,false
4247,1,129857,129857,2274640,2277476,2144783,2147619,244,1,false,false
4248,1,129857,129857,2288032,2290612,2158175,2160755,245,1,false,false
4249,1,129857,129857,2300912,2303492,2171055,2173635,246,1,false,false
4250,1,129985,129985,2312768,2315604,2182783,2185619,247,1,false,false
4251,1,129985,129985,2324880,2327716,2194895,2197731,248,1,false,false
4252,1,129985,129985,2336736,2339316,2206751,2209331,249,1,false,false
4253,1,129985,129985,2348080,2350660,2218095,2220675,250,1,false,false
4254,2,130145,130145,1843780,1847128,1713635,1716983,202,1,false,false
4255,2,130145,130145,1851540,1854888,1721395,1724743,203,1,false,false
4256,2,130145,130145,1858788,1862136,1728643,1731991,204,1,false,false
4257,2,130145,130145,1867572,1870920,1737427,1740775,205,1,false,false
4258,2,130176,130176,1876356,1882008,1746180,1751832,206,1,false,false
4259,2,130176,130176,1887700,1893096,1757524,1762920,207,1,false,false
4260,2,130176,130176,1898532,1903928,1768356,1773752,208,1,false,false
4261,2,130176,130176,1908852,1914248,1778676,1784072,209,1,false,false
4262,1,130273,130273,2358912,2361748,2228639,2231475,251,1,false,false
4263,1,130273,130273,2370000,2372836,2239727,2242563,252,1,false,false
4264,1,130273,130273,2381088,2383668,2250815,2253395,253,1,false,false
4265,1,130273,130273,2391920,2394500,2261647,2264227,254,1,false,false
4266,1,130273,130273,2400192,2400468,2269919,2270195,255,1,false,false
4267,2,130305,130305,1918916,1921752,1788611,1791447,210,1,false,false
4268,2,130305,130305,1926676,1929512,1796371,1799207,211,1,false,false
4269,2,130305,130305,1934180,1936760,1803875,1806455,212,1,false,false
4270,2,130305,130305,1941684,1944264,1811379,1813959,213,1,false,false
4271,1,130400,130400,2408720,2411556,2278320,2281156,256,1,false,false
4272,1,130400,130400,2420064,2422900,2289664,2292500,257,1,false,false
4273,1,130400,130400,2430896,2433476,2300496,2303076,258,1,false,false
4274,1,130400,130400,2441472,2444052,2311072,2313652,259,1,false,false
4275,0,130401,130401,12851880,12852156,12721479,12721755,1873,1,false,false
4276,2,130496,130496,1948932,1953304,1818436,1822808,214,1,false,false
4277,2,130496,130496,1958228,1962344,1827732,1831848,215,1,false,false
4278,2,130496,130496,1967012,1971128,1836516,1840632,216,1,false,false
4279,2,130496,130496,1975796,1979912,1845300,1849416,217,1,false,false
4280,1,130528,130528,2452304,2455652,2321776,2325124,260,1,false,false
4281,1,130528,130528,2461344,2464692,2330816,2334164,261,1,false,false
4282,1,130528,130528,2470128,2473476,2339600,2342948,262,1,false,false
4283,1,130528,130528,2478912,2482260,2348384,2351732,263,1,false,false
4284,1,130560,130560,2487696,2490532,2357136,2359972,264,1,false,false
4285,1,130560,130560,2497504,2500340,2366944,2369780,265,1,false,false
4286,1,130560,130560,2507056,2509636,2376496,2379076,266,1,false,false
4287,1,130560,130560,2516352,2518932,2385792,2388372,267,1,false,false
4288,1,130625,130625,2525904,2528740,2395279,2398115,268,1,false,false
4289,1,130625,130625,2535712,2538548,2405087,2407923,269,1,false,false
4290,1,130625,130625,2545264,2547844,2414639,2417219,270,1,false,false
4291,1,130625,130625,2554560,2557140,2423935,2426515,271,1,false,false
4292,1,130625,130625,2565648,2565924,2435023,2435299,272,1,false,false
4293,1,130689,130689,2572896,2575732,2442207,2445043,273,1,false,false
4294,1,130689,130689,2582704,2585540,2452015,2454851,274,1,false,false
4295,1,130689,130689,2592512,2595092,2461823,2464403,275,1,false,false
4296,1,130689,130689,2601040,2603620,2470351,2472931,276,1,false,false
4297,2,130754,130754,1984580,1990232,1853826,1859478,218,1,false,false
4298,2,130754,130754,1995156,2000552,1864402,1869798,219,1,false,false
4299,2,130754,130754,2004964,2010360,1874210,1879606,220,1,false,false
4300,2,130754,130754,2014516,2019912,1883762,1889158,221,1,false,false
4301,1,130816,130816,2609824,2612660,2479008,2481844,277,1,false,false
4302,1,130816,130816,2618864,2621700,2488048,2490884,278,1,false,false
4303,1,130816,130816,2627904,2630484,2497088,2499668,279,1,false,false
4304,1,130816,130816,2635920,2638500,2505104,2507684,280,1,false,false
4305,1,130880,130880,2645472,2648308,2514592,2517428,281,1,false,false
4306,1,130880,130880,2655024,2657860,2524144,2526980,282,1,false,false
4307,1,130880,130880,2664576,2667156,2533696,2536276,283,1,false,false
4308,1,130880,130880,2675664,2678244,2544784,2547364,284,1,false,false
4309,2,130944,130944,2024068,2028440,1893124,1897496,222,1,false,false
4310,2,130944,130944,2034132,2038248,1903188,1907304,223,1,false,false
4311,2,130944,130944,2043684,2047800,1912740,1916856,224,1,false,false
4312,2,130944,130944,2056052,2060168,1925108,1929224,225,1,false,false
4313,2,130945,130945,2068164,2072536,1937219,1941591,226,1,false,false
4314,2,130945,130945,2081556,2085672,1950611,1954727,227,1,false,false
4315,2,130945,130945,2094436,2098552,1963491,1967607,228,1,false,false
4316,2,130945,130945,2105524,2109640,1974579,1978695,229,1,false,false
4317,1,130976,130976,2684960,2688564,2553984,2557588,285,1,false,false
4318,1,130976,130976,2695280,2698628,2564304,2567652,286,1,false,false
4319,1,130976,130976,2705344,2708692,2574368,2577716,287,1,false,false
4320,1,130976,130976,2714128,2717476,2583152,2586500,288,1,false,false
4321,2,130977,130977,2116356,2122008,1985379,1991031,230,1,false,false
4322,2,130977,130977,2129748,2135400,1998771,2004423,231,1,false,false
4323,2,130977,130977,2142884,2148280,2011907,2017303,232,1,false,false
4324,2,130977,130977,2158068,2163464,2027091,2032487,233,1,false,false
4325,2,131041,131041,2173252,2176088,2042211,2045047,234,1,false,false
4326,2,131041,131041,2184084,2186920,2053043,2055879,235,1,false,false
4327,2,131041,131041,2194916,2197496,2063875,2066455,236,1,false,false
4328,2,131041,131041,2202932,2205512,2071891,2074471,237,1,false,false
4329,2,131105,131105,2210948,2215320,2079843,2084215,238,1,false,false
4330,2,131105,131105,2221780,2225896,2090675,2094791,239,1,false,false
4331,2,131105,131105,2231844,2235960,2100739,2104855,240,1,false,false
4332,2,131105,131105,2243444,2247560,2112339,2116455,241,1,false,false
4333,1,131201,131201,2723936,2727540,2592735,2596339,289,1,false,false
4334,1,131201,131201,2733488,2736836,2602287,2605635,290,1,false,false
4335,1,131201,131201,2742784,2746132,2611583,2614931,291,1,false,false
4336,1,131201,131201,2752848,2756196,2621647,2624995,292,1,false,false
4337,1,131201,131201,2763168,2763444,2631967,2632243,293,1,false,false
4338,1,131232,131232,2770416,2772484,2639184,2641252,294,1,false,false
4339,1,131232,131232,2779200,2781268,2647968,2650036,295,1,false,false
4340,1,131232,131232,2788752,2790820,2657520,2659588,296,1,false,false
4341,1,131232,131232,2798560,2800628,2667328,2669396,297,1,false,false
4342,1,131233,131233,2808112,2812228,2676879,2680995,298,1,false,false
4343,1,131233,131233,2819712,2823828,2688479,2692595,299,1,false,false
4344,1,131233,131233,2830032,2834148,2698799,2702915,300,1,false,false
4345,1,131233,131233,2840608,2844468,2709375,2713235,301,1,false,false
4346,1,131296,131296,2850416,2853252,2719120,2721956,302,1,false,false
4347,1,131296,131296,2859200,2862036,2727904,2730740,303,1,false,false
4348,1,131296,131296,2868240,2870820,2736944,2739524,304,1,false,false
4349,1,131296,131296,2875744,2878324,2744448,2747028,305,1,false,false
4350,1,131393,131393,2882992,2885828,2751599,2754435,306,1,false,false
4351,1,131393,131393,2890496,2893332,2759103,2761939,307,1,false,false
4352,1,131393,131393,2897744,2900324,2766351,2768931,308,1,false,false
4353,1,131393,131393,2905760,2908340,2774367,2776947,309,1,false,false
4354,2,131393,131393,2255044,2259416,2123651,2128023,242,1,false,false
4355,2,131393,131393,2266388,2270504,2134995,2139111,243,1,false,false
4356,2,131393,131393,2277476,2281592,2146083,2150199,244,1,false,false
4357,2,131393,131393,2290612,2294728,2159219,2163335,245,1,false,false
4358,2,131489,131489,2303492,2306840,2172003,2175351,246,1,false,false
4359,2,131489,131489,2315604,2318952,2184115,2187463,247,1,false,false
4360,2,131489,131489,2327716,2331064,2196227,2199575,248,1,false,false
4361,2,131489,131489,2339316,2342664,2207827,2211175,249,1,false,false
4362,1,131552,131552,2913520,2916356,2781968,2784804,310,1,false,false
4363,1,131552,131552,2921536,2924372,2789984,2792820,311,1,false,false
4364,1,131552,131552,2929808,2932388,2798256,2800836,312,1,false,false
4365,1,131552,131552,2938848,2941428,2807296,2809876,313,1,false,false
4366,1,131584,131584,2947632,2950468,2816048,2818884,314,1,false,false
4367,1,131584,131584,2956416,2959252,2824832,2827668,315,1,false,false
4368,1,131584,131584,2964432,2967012,2832848,2835428,316,1,false,false
4369,1,131584,131584,2973984,2976564,2842400,2844980,317,1,false,false
4370,2,131585,131585,2350660,2353496,2219075,2221911,250,1,false,false
4371,2,131585,131585,2361748,2364584,2230163,2232999,251,1,false,false
4372,2,131585,131585,2372836,2375416,2241251,2243831,252,1,false,false
4373,2,131585,131585,2383668,2386248,2252083,2254663,253,1,false,false
4374,1,131586,131586,2983536,2987652,2851950,2856066,318,1,false,false
4375,1,131586,131586,2994368,2998484,2862782,2866898,319,1,false,false
4376,1,131586,131586,3007504,3011620,2875918,2880034,320,1,false,false
4377,1,131586,131586,3020640,3024500,2889054,2892914,321,1,false,false
4378,2,131617,131617,2394500,2394776,2262883,2263159,254,1,false,false
4379,1,131648,131648,3033520,3036868,2901872,2905220,322,1,false,false
4380,1,131648,131648,3045632,3048980,2913984,2917332,323,1,false,false
4381,1,131648,131648,3056464,3059812,2924816,2928164,324,1,false,false
4382,1,131648,131648,3065504,3068852,2933856,2937204,325,1,false,false
4383,1,131648,131648,3074288,3077124,2942640,2945476,326,1,false,false
4384,1,131648,131648,3082560,3085396,2950912,2953748,327,1,false,false
4385,1,131648,131648,3090064,3092644,2958416,2960996,328,1,false,false
4386,1,131648,131648,3099616,3102196,2967968,2970548,329,1,false,false
4387,1,131648,131648,3109168,3112516,2977520,2980868,330,1,false,false
4388,1,131648,131648,3119232,3122580,2987584,2990932,331,1,false,false
4389,1,131648,131648,3130064,3133412,2998416,3001764,332,1,false,false
4390,1,131648,131648,3140384,3143732,3008736,3012084,333,1,false,false
4391,1,131649,131649,3150448,3153284,3018799,3021635,334,1,false,false
4392,1,131649,131649,3159744,3162580,3028095,3030931,335,1,false,false
4393,1,131649,131649,3170576,3173156,3038927,3041507,336,1,false,false
4394,1,131649,131649,3180128,3182708,3048479,3051059,337,1,false,false
4395,2,131712,131712,2400468,2403304,2268756,2271592,255,1,false,false
4396,2,131712,131712,2411556,2414392,2279844,2282680,256,1,false,false
4397,2,131712,131712,2422900,2425480,2291188,2293768,257,1,false,false
4398,2,131712,131712,2433476,2436056,2301764,2304344,258,1,false,false
4399,1,131713,131713,3189680,3192516,3057967,3060803,338,1,false,false
4400,1,131713,131713,3199488,3202324,3067775,3070611,339,1,false,false
4401,1,131713,131713,3207760,3210340,3076047,3078627,340,1,false,false
4402,1,131713,131713,3214240,3216820,3082527,3085107,341,1,false,false
4403,1,131713,131713,3222256,3225092,3090543,3093379,342,1,false,false
4404,1,131713,131713,3230528,3233364,3098815,3101651,343,1,false,false
4405,1,131713,131713,3236240,3238820,3104527,3107107,344,1,false,false
4406,1,131713,131713,3245280,3247860,3113567,3116147,345,1,false,false
4407,1,131713,131713,3254832,3257668,3123119,3125955,346,1,false,false
4408,1,131713,131713,3264384,3267220,3132671,3135507,347,1,false,false
4409,1,131713,131713,3273680,3276260,3141967,3144547,348,1,false,false
4410,1,131713,131713,3282464,3285044,3150751,3153331,349,1,false,false
4411,1,131776,131776,3290736,3293572,3158960,3161796,350,1,false,false
4412,1,131776,131776,3299008,3301844,3167232,3170068,351,1,false,false
4413,1,131776,131776,3307024,3309604,3175248,3177828,352,1,false,false
4414,1,131776,131776,3316064,3318644,3184288,3186868,353,1,false,false
4415,1,131776,131776,3325616,3329220,3193840,3197444,354,1,false,false
4416,1,131776,131776,3335936,3339284,3204160,3207508,355,1,false,false
4417,1,131776,131776,3345744,3349092,3213968,3217316,356,1,false,false
4418,1,131776,131776,3357344,3360692,3225568,3228916,357,1,false,false
4419,2,131808,131808,2444052,2446888,2312244,2315080,259,1,false,false
4420,2,131808,131808,2455652,2458488,2323844,2326680,260,1,false,false
4421,2,131808,131808,2464692,2467272,2332884,2335464,261,1,false,false
4422,2,131808,131808,2473476,2476056,2341668,2344248,262,1,false,false
4423,1,131809,131809,3368432,3371268,3236623,3239459,358,1,false,false
4424,1,131809,131809,3378496,3381332,3246687,3249523,359,1,false,false
4425,1,131809,131809,3388560,3391140,3256751,3259331,360,1,false,false
4426,1,131809,131809,3400416,3402996,3268607,3271187,361,1,false,false
4427,1,131872,131872,3412016,3414852,3280144,3282980,362,1,false,false
4428,1,131872,131872,3423616,3426452,3291744,3294580,363,1,false,false
4429,1,131872,131872,3435216,3437796,3303344,3305924,364,1,false,false
4430,1,131872,131872,3446304,3448884,3314432,3317012,365,1,false,false
4431,1,131872,131872,3457136,3459972,3325264,3328100,366,1,false,false
4432,1,131872,131872,3468224,3471060,3336352,3339188,367,1,false,false
4433,1,131872,131872,3479056,3481892,3347184,3350020,368,1,false,false
4434,1,131872,131872,3491168,3493748,3359296,3361876,369,1,false,false
4435,2,131873,131873,2482260,2485096,2350387,2353223,263,1,false,false
4436,2,131873,131873,2490532,2493368,2358659,2361495,264,1,false,false
4437,2,131873,131873,2500340,2502920,2368467,2371047,265,1,false,false
4438,2,131873,131873,2509636,2512216,2377763,2380343,266,1,false,false
4439,2,131904,131904,2518932,2521768,2387028,2389864,267,1,false,false
4440,2,131904,131904,2528740,2531576,2396836,2399672,268,1,false,false
4441,2,131904,131904,2538548,2541128,2406644,2409224,269,1,false,false
4442,2,131904,131904,2547844,2550424,2415940,2418520,270,1,false,false
4443,2,131905,131905,2557140,2561512,2425235,2429607,271,1,false,false
4444,2,131905,131905,2565924,2570040,2434019,2438135,272,1,false,false
4445,2,131905,131905,2575732,2579848,2443827,2447943,273,1,false,false
4446,2,131905,131905,2585540,2589656,2453635,2457751,274,1,false,false
4447,2,131936,131936,2595092,2598440,2463156,2466504,275,1,false,false
4448,2,131936,131936,2603620,2606968,2471684,2475032,276,1,false,false
4449,2,131936,131936,2612660,2616008,2480724,2484072,277,1,false,false
4450,2,131936,131936,2621700,2625048,2489764,2493112,278,1,false,false
4451,1,131968,131968,3502768,3506884,3370800,3374916,370,1,false,false
4452,1,131968,131968,3515904,3520020,3383936,3388052,371,1,false,false
4453,1,131968,131968,3528784,3532900,3396816,3400932,372,1,false,false
4454,1,131968,131968,3539872,3543732,3407904,3411764,373,1,false,false
4455,1,131969,131969,3550704,3553540,3418735,3421571,374,1,false,false
4456,1,131969,131969,3560256,3563092,3428287,3431123,375,1,false,false
4457,1,131969,131969,3569808,3572388,3437839,3440419,376,1,false,false
4458,1,131969,131969,3578080,3580660,3446111,3448691,377,1,false,false
4459,2,132001,132001,2630484,2633320,2498483,2501319,279,1,false,false
4460,2,132001,132001,2638500,2641336,2506499,2509335,280,1,false,false
4461,2,132001,132001,2648308,2650888,2516307,2518887,281,1,false,false
4462,2,132001,132001,2657860,2660440,2525859,2528439,282,1,false,false
4463,2,132002,132002,2667156,2671528,2535154,2539526,283,1,false,false
4464,2,132002,132002,2678244,2682360,2546242,2550358,284,1,false,false
4465,2,132002,132002,2688564,2692680,2556562,2560678,285,1,false,false
4466,2,132002,132002,2698628,2702744,2566626,2570742,286,1,false,false
4467,1,132033,132033,3586352,3589188,3454319,3457155,378,1,false,false
4468,1,132033,132033,3594624,3597460,3462591,3465427,379,1,false,false
4469,1,132033,132033,3602640,3605220,3470607,3473187,380,1,false,false
4470,1,132033,132033,3613728,3616308,3481695,3484275,381,1,false,false
4471,2,132064,132064,2708692,2711528,2576628,2579464,287,1,false,false
4472,2,132064,132064,2717476,2720312,2585412,2588248,288,1,false,false
4473,2,132064,132064,2727540,2730120,2595476,2598056,289,1,false,false
4474,2,132064,132064,2736836,2739416,2604772,2607352,290,1,false,false
4475,2,132064,132064,2746132,2749480,2614068,2617416,291,1,false,false
4476,2,132064,132064,2756196,2759544,2624132,2627480,292,1,false,false
4477,2,132064,132064,2763444,2766792,2631380,2634728,293,1,false,false
4478,2,132064,132064,2772484,2775832,2640420,2643768,294,1,false,false
4479,2,132064,132064,2781268,2785640,2649204,2653576,295,1,false,false
4480,2,132064,132064,2790820,2794936,2658756,2662872,296,1,false,false
4481,2,132064,132064,2800628,2804744,2668564,2672680,297,1,false,false
4482,2,132064,132064,2812228,2816344,2680164,2684280,298,1,false,false
4483,2,132066,132066,2823828,2826664,2691762,2694598,299,1,false,false
4484,2,132066,132066,2834148,2836984,2702082,2704918,300,1,false,false
4485,2,132066,132066,2844468,2847048,2712402,2714982,301,1,false,false
4486,2,132066,132066,2853252,2855832,2721186,2723766,302,1,false,false
4487,2,132097,132097,2862036,2864872,2729939,2732775,303,1,false,false
4488,2,132097,132097,2870820,2873656,2738723,2741559,304,1,false,false
4489,2,132097,132097,2878324,2880904,2746227,2748807,305,1,false,false
4490,2,132097,132097,2885828,2888408,2753731,2756311,306,1,false,false
4491,2,132161,132161,2893332,2896168,2761171,2764007,307,1,false,false
4492,2,132161,132161,2900324,2903160,2768163,2770999,308,1,false,false
4493,2,132161,132161,2908340,2910920,2776179,2778759,309,1,false,false
4494,2,132161,132161,2916356,2918936,2784195,2786775,310,1,false,false
4495,1,132161,132161,3624560,3627396,3492399,3495235,382,1,false,false
4496,1,132161,132161,3635648,3638484,3503487,3506323,383,1,false,false
4497,1,132161,132161,3646480,3649060,3514319,3516899,384,1,false,false
4498,1,132161,132161,3657568,3660148,3525407,3527987,385,1,false,false
4499,1,132161,132161,3668400,3671236,3536239,3539075,386,1,false,false
4500,1,132161,132161,3679488,3682324,3547327,3550163,387,1,false,false
4501,1,132161,132161,3690576,3693156,3558415,3560995,388,1,false,false
4502,1,132161,132161,3699616,3702196,3567455,3570035,389,1,false,false
4503,1,132192,132192,3708400,3712004,3576208,3579812,390,1,false,false
4504,1,132192,132192,3717952,3721300,3585760,3589108,391,1,false,false
4505,1,132192,132192,3727248,3730596,3595056,3598404,392,1,false,false
4506,1,132192,132192,3737824,3741172,3605632,3608980,393,1,false,false
4507,1,132192,132192,3747888,3752260,3615696,3620068,394,1,false,false
4508,1,132192,132192,3758976,3763092,3626784,3630900,395,1,false,false
4509,1,132192,132192,3769808,3773924,3637616,3641732,396,1,false,false
4510,1,132192,132192,3780896,3785012,3648704,3652820,397,1,false,false
4511,2,132194,132194,2924372,2927208,2792178,2795014,311,1,false,false
4512,2,132194,132194,2932388,2935224,2800194,2803030,312,1,false,false
4513,2,132194,132194,2941428,2944008,2809234,2811814,313,1,false,false
4514,2,132194,132194,2950468,2953048,2818274,2820854,314,1,false,false
4515,2,132288,132288,2959252,2961320,2826964,2829032,315,1,false,false
4516,2,132288,132288,2967012,2969080,2834724,2836792,316,1,false,false
4517,2,132288,132288,2976564,2978632,2844276,2846344,317,1,false,false
4518,2,132288,132288,2987652,2989720,2855364,2857432,318,1,false,false
4519,2,132289,132289,2998484,3002856,2866195,2870567,319,1,false,false
4520,2,132289,132289,3011620,3015736,2879331,2883447,320,1,false,false
4521,2,132289,132289,3024500,3028616,2892211,2896327,321,1,false,false
4522,2,132289,132289,3036868,3040984,2904579,2908695,322,1,false,false
4523,1,132320,132320,3791984,3794820,3659664,3662500,398,1,false,false
4524,1,132320,132320,3801536,3804372,3669216,3672052,399,1,false,false
4525,1,132320,132320,3811088,3813668,3678768,3681348,400,1,false,false
4526,1,132320,132320,3820640,3823220,3688320,3690900,401,1,false,false
4527,1,132352,132352,3829936,3834308,3697584,3701956,402,1,false,false
4528,1,132352,132352,3840768,3844884,3708416,3712532,403,1,false,false
4529,1,132352,132352,3851344,3855460,3718992,3723108,404,1,false,false
4530,1,132352,132352,3862944,3867060,3730592,3734708,405,1,false,false
4531,1,132352,132352,3875312,3878148,3742960,3745796,406,1,false,false
4532,1,132352,132352,3886400,3889236,3754048,3756884,407,1,false,false
4533,1,132352,132352,3897232,3899812,3764880,3767460,408,1,false,false
4534,1,132352,132352,3906784,3909364,3774432,3777012,409,1,false,false
4535,2,132353,132353,3048980,3051816,2916627,2919463,323,1,false,false
4536,2,132353,132353,3059812,3062648,2927459,2930295,324,1,false,false
4537,2,132353,132353,3068852,3071432,2936499,2939079,325,1,false,false
4538,2,132353,132353,3077124,3079704,2944771,2947351,326,1,false,false
4539,1,132353,132353,3915568,3918404,3783215,3786051,410,1,false,false
4540,1,132353,132353,3924608,3927444,3792255,3795091,411,1,false,false
4541,1,132353,132353,3933392,3935972,3801039,3803619,412,1,false,false
4542,1,132353,132353,3944992,3947572,3812639,3815219,413,1,false,false
4543,2,132354,132354,3085396,3087464,2953042,2955110,327,1,false,false
4544,2,132354,132354,3092644,3094712,2960290,2962358,328,1,false,false
4545,2,132354,132354,3102196,3104264,2969842,2971910,329,1,false,false
4546,2,132354,132354,3112516,3114584,2980162,2982230,330,1,false,false
4547,2,132384,132384,3122580,3125416,2990196,2993032,331,1,false,false
4548,2,132384,132384,3133412,3136248,3001028,3003864,332,1,false,false
4549,2,132384,132384,3143732,3146312,3011348,3013928,333,1,false,false
4550,2,132384,132384,3153284,3155864,3020900,3023480,334,1,false,false
4551,1,132416,132416,3956592,3959428,3824176,3827012,414,1,false,false
4552,1,132416,132416,3968192,3971028,3835776,3838612,415,1,false,false
4553,1,132416,132416,3979536,3982116,3847120,3849700,416,1,false,false
4554,1,132416,132416,3989856,3992436,3857440,3860020,417,1,false,false
4555,2,132417,132417,3162580,3166952,3030163,3034535,335,1,false,false
4556,2,132417,132417,3173156,3177272,3040739,3044855,336,1,false,false
4557,2,132417,132417,3182708,3186824,3050291,3054407,337,1,false,false
4558,2,132417,132417,3192516,3196632,3060099,3064215,338,1,false,false
4559,2,132448,132448,3202324,3205160,3069876,3072712,339,1,false,false
4560,2,132448,132448,3210340,3213176,3077892,3080728,340,1,false,false
4561,2,132448,132448,3216820,3219400,3084372,3086952,341,1,false,false
4562,2,132448,132448,3225092,3227672,3092644,3095224,342,1,false,false
4563,2,132480,132480,3233364,3233640,3100884,3101160,343,1,false,false
4564,1,132480,132480,4000176,4003012,3867696,3870532,418,1,false,false
4565,1,132480,132480,4010240,4013076,3877760,3880596,419,1,false,false
4566,1,132480,132480,4020304,4023140,3887824,3890660,420,1,false,false
4567,1,132480,132480,4031392,4033972,3898912,3901492,421,1,false,false
4568,1,132481,132481,4042224,4042500,3909743,3910019,422,1,false,false
4569,2,132513,132513,3238820,3241656,3106307,3109143,344,1,false,false
4570,2,132513,132513,3247860,3250696,3115347,3118183,345,1,false,false
4571,2,132513,132513,3257668,3260248,3125155,3127735,346,1,false,false
4572,2,132513,132513,3267220,3269800,3134707,3137287,347,1,false,false
4573,1,132544,132544,4050496,4054868,3917952,3922324,423,1,false,false
4574,1,132544,132544,4062864,4066980,3930320,3934436,424,1,false,false
4575,1,132544,132544,4072672,4076788,3940128,3944244,425,1,false,false
4576,1,132544,132544,4083248,4087364,3950704,3954820,426,1,false,false
4577,1,132544,132544,4093568,4096916,3961024,3964372,427,1,false,false
4578,1,132544,132544,4102608,4105956,3970064,3973412,428,1,false,false
4579,1,132544,132544,4113440,4116788,3980896,3984244,429,1,false,false
4580,1,132544,132544,4123760,4127108,3991216,3994564,430,1,false,false
4581,2,132608,132608,3276260,3279096,3143652,3146488,348,1,false,false
4582,2,132608,132608,3285044,3287880,3152436,3155272,349,1,false,false
4583,2,132608,132608,3293572,3296152,3160964,3163544,350,1,false,false
4584,2,132608,132608,3301844,3304424,3169236,3171816,351,1,false,false
4585,2,132609,132609,3309604,3312440,3176995,3179831,352,1,false,false
4586,2,132609,132609,3318644,3321480,3186035,3188871,353,1,false,false
4587,2,132609,132609,3329220,3331800,3196611,3199191,354,1,false,false
4588,2,132609,132609,3339284,3341864,3206675,3209255,355,1,false,false
4589,2,132609,132609,3349092,3351928,3216483,3219319,356,1,false,false
4590,2,132609,132609,3360692,3363528,3228083,3230919,357,1,false,false
4591,2,132609,132609,3371268,3373848,3238659,3241239,358,1,false,false
4592,2,132609,132609,3381332,3383912,3248723,3251303,359,1,false,false
4593,1,132640,132640,4133824,4134100,4001184,4001460,431,1,false,false
4594,2,132640,132640,3391140,3396792,3258500,3264152,360,1,false,false
4595,2,132640,132640,3402996,3408648,3270356,3276008,361,1,false,false
4596,2,132640,132640,3414852,3420248,3282212,3287608,362,1,false,false
4597,2,132640,132640,3426452,3431848,3293812,3299208,363,1,false,false
4598,1,132673,132673,4140816,4143652,4008143,4010979,432,1,false,false
4599,1,132673,132673,4150112,4152948,4017439,4020275,433,1,false,false
4600,1,132673,132673,4159152,4161988,4026479,4029315,434,1,false,false
4601,1,132673,132673,4167936,4170516,4035263,4037843,435,1,false,false
4602,1,132737,132737,4176464,4180068,4043727,4047331,436,1,false,false
4603,1,132737,132737,4187296,4190644,4054559,4057907,437,1,false,false
4604,1,132737,132737,4197360,4200708,4064623,4067971,438,1,false,false
4605,1,132737,132737,4207424,4210772,4074687,4078035,439,1,false,false
4606,0,132737,132737,12854992,12855268,12722255,12722531,1873,1,false,false
4607,1,132800,132800,4217488,4221092,4084688,4088292,440,1,false,false
4608,1,132800,132800,4226784,4230132,4093984,4097332,441,1,false,false
4609,1,132800,132800,4236592,4239940,4103792,4107140,442,1,false,false
4610,1,132800,132800,4246144,4249492,4113344,4116692,443,1,false,false
4611,2,132800,132800,3437796,3442168,3304996,3309368,364,1,false,false
4612,2,132800,132800,3448884,3453000,3316084,3320200,365,1,false,false
4613,2,132800,132800,3459972,3464088,3327172,3331288,366,1,false,false
4614,2,132800,132800,3471060,3475176,3338260,3342376,367,1,false,false
4615,1,132833,132833,4255184,4258020,4122351,4125187,444,1,false,false
4616,1,132833,132833,4267808,4270644,4134975,4137811,445,1,false,false
4617,1,132833,132833,4280432,4283012,4147599,4150179,446,1,false,false
4618,1,132833,132833,4292544,4295124,4159711,4162291,447,1,false,false
4619,1,132833,132833,4304400,4307748,4171567,4174915,448,1,false,false
4620,1,132833,132833,4314720,4318068,4181887,4185235,449,1,false,false
4621,1,132833,132833,4324272,4327620,4191439,4194787,450,1,false,false
4622,1,132833,132833,4333568,4336916,4200735,4204083,451,1,false,false
4623,1,132833,132833,4342864,4345700,4210031,4212867,452,1,false,false
4624,1,132833,132833,4352672,4355508,4219839,4222675,453,1,false,false
4625,1,132833,132833,4362480,4365060,4229647,4232227,454,1,false,false
4626,1,132833,132833,4371776,4374356,4238943,4241523,455,1,false,false
4627,1,132865,132865,4381072,4383908,4248207,4251043,456,1,false,false
4628,1,132865,132865,4389600,4392436,4256735,4259571,457,1,false,false
4629,1,132865,132865,4398128,4400708,4265263,4267843,458,1,false,false
4630,1,132865,132865,4406400,4408980,4273535,4276115,459,1,false,false
4631,2,132896,132896,3481892,3486264,3348996,3353368,368,1,false,false
4632,2,132896,132896,3493748,3497864,3360852,3364968,369,1,false,false
4633,2,132896,132896,3506884,3511000,3373988,3378104,370,1,false,false
4634,2,132896,132896,3520020,3524136,3387124,3391240,371,1,false,false
4635,1,132960,132960,4414160,4416996,4281200,4284036,460,1,false,false
4636,1,132960,132960,4423456,4426292,4290496,4293332,461,1,false,false
4637,1,132960,132960,4432496,4435076,4299536,4302116,462,1,false,false
4638,1,132960,132960,4441280,4443860,4308320,4310900,463,1,false,false
4639,2,132960,132960,3532900,3535736,3399940,3402776,372,1,false,false
4640,2,132960,132960,3543732,3546568,3410772,3413608,373,1,false,false
4641,2,132960,132960,3553540,3556120,3420580,3423160,374,1,false,false
4642,2,132960,132960,3563092,3565672,3430132,3432712,375,1,false,false
4643,2,132960,132960,3572388,3575224,3439428,3442264,376,1,false,false
4644,2,132960,132960,3580660,3583496,3447700,3450536,377,1,false,false
4645,2,132960,132960,3589188,3591768,3456228,3458808,378,1,false,false
4646,2,132960,132960,3597460,3600040,3464500,3467080,379,1,false,false
4647,2,132992,132992,3605220,3609592,3472228,3476600,380,1,false,false
4648,2,132992,132992,3616308,3620424,3483316,3487432,381,1,false,false
4649,2,132992,132992,3627396,3631512,3494404,3498520,382,1,false,false
4650,2,132992,132992,3638484,3642600,3505492,3509608,383,1,false,false
4651,1,132993,132993,4449808,4453412,4316815,4320419,464,1,false,false
4652,1,132993,132993,4460640,4463988,4327647,4330995,465,1,false,false
4653,1,132993,132993,4474032,4477380,4341039,4344387,466,1,false,false
4654,1,132993,132993,4487424,4490772,4354431,4357779,467,1,false,false
4655,2,132994,132994,3649060,3653432,3516066,3520438,384,1,false,false
4656,2,132994,132994,3660148,3664264,3527154,3531270,385,1,false,false
4657,2,132994,132994,3671236,3675352,3538242,3542358,386,1,false,false
4658,2,132994,132994,3682324,3686440,3549330,3553446,387,1,false,false
4659,1,132994,132994,4500816,4503652,4367822,4370658,468,1,false,false
4660,1,132994,132994,4513440,4516276,4380446,4383282,469,1,false,false
4661,1,132994,132994,4521200,4523780,4388206,4390786,470,1,false,false
4662,1,132994,132994,4528448,4531028,4395454,4398034,471,1,false,false
4663,1,133024,133024,4535696,4539300,4402672,4406276,472,1,false,false
4664,1,133024,133024,4543200,4546548,4410176,4413524,473,1,false,false
4665,1,133024,133024,4551984,4555332,4418960,4422308,474,1,false,false
4666,1,133024,133024,4560512,4563860,4427488,4430836,475,1,false,false
4667,1,133057,133057,4569040,4571108,4435983,4438051,476,1,false,false
4668,1,133057,133057,4577568,4579636,4444511,4446579,477,1,false,false
4669,1,133057,133057,4585072,4587140,4452015,4454083,478,1,false,false
4670,1,133057,133057,4592576,4594644,4459519,4461587,479,1,false,false
4671,2,133089,133089,3693156,3695992,3560067,3562903,388,1,false,false
4672,2,133089,133089,3702196,3705032,3569107,3571943,389,1,false,false
4673,2,133089,133089,3712004,3714584,3578915,3581495,390,1,false,false
4674,2,133089,133089,3721300,3723880,3588211,3590791,391,1,false,false
4675,1,133089,133089,4599824,4602660,4466735,4469571,480,1,false,false
4676,1,133089,133089,4611424,4614260,4478335,4481171,481,1,false,false
4677,1,133089,133089,4624048,4626628,4490959,4493539,482,1,false,false
4678,1,133089,133089,4636160,4638740,4503071,4505651,483,1,false,false
4679,2,133120,133120,3730596,3734200,3597476,3601080,392,1,false,false
4680,2,133120,133120,3741172,3744520,3608052,3611400,393,1,false,false
4681,2,133120,133120,3752260,3755608,3619140,3622488,394,1,false,false
4682,2,133120,133120,3763092,3766440,3629972,3633320,395,1,false,false
4683,1,133153,133153,4648272,4651108,4515119,4517955,484,1,false,false
4684,1,133153,133153,4658336,4661172,4525183,4528019,485,1,false,false
4685,1,133153,133153,4668144,4670724,4534991,4537571,486,1,false,false
4686,1,133153,133153,4677696,4680276,4544543,4547123,487,1,false,false
4687,2,133153,133153,3773924,3776760,3640771,3643607,396,1,false,false
4688,2,133153,133153,3785012,3787848,3651859,3654695,397,1,false,false
4689,2,133153,133153,3794820,3797400,3661667,3664247,398,1,false,false
4690,2,133153,133153,3804372,3806952,3671219,3673799,399,1,false,false
4691,1,133154,133154,4686992,4690340,4553838,4557186,488,1,false,false
4692,1,133154,133154,4698336,4701684,4565182,4568530,489,1,false,false
4693,1,133154,133154,4709424,4712772,4576270,4579618,490,1,false,false
4694,1,133154,133154,4720512,4723860,4587358,4590706,491,1,false,false
4695,1,133184,133184,4731344,4735460,4598160,4602276,492,1,false,false
4696,1,133184,133184,4741920,4746036,4608736,4612852,493,1,false,false
4697,1,133184,133184,4753008,4757124,4619824,4623940,494,1,false,false
4698,1,133184,133184,4764096,4767956,4630912,4634772,495,1,false,false
4699,1,133216,133216,4774416,4777252,4641200,4644036,496,1,false,false
4700,1,133216,133216,4783456,4786292,4650240,4653076,497,1,false,false
4701,1,133216,133216,4791984,4794564,4658768,4661348,498,1,false,false
4702,1,133216,133216,4800000,4802580,4666784,4669364,499,1,false,false
4703,1,133217,133217,4807760,4811364,4674543,4678147,500,1,false,false
4704,1,133217,133217,4815776,4819124,4682559,4685907,501,1,false,false
4705,1,133217,133217,4826864,4830212,4693647,4696995,502,1,false,false
4706,1,133217,133217,4837952,4841300,4704735,4708083,503,1,false,false
4707,1,133248,133248,4848784,4851620,4715536,4718372,504,1,false,false
4708,1,133248,133248,4857568,4860404,4724320,4727156,505,1,false,false
4709,1,133248,133248,4866096,4868676,4732848,4735428,506,1,false,false
4710,1,133248,133248,4874368,4876948,4741120,4743700,507,1,false,false
4711,1,133280,133280,4882128,4884964,4748848,4751684,508,1,false,false
4712,1,133280,133280,4890400,4893236,4757120,4759956,509,1,false,false
4713,1,133280,133280,4899696,4902276,4766416,4768996,510,1,false,false
4714,1,133280,133280,4908736,4911316,4775456,4778036,511,1,false,false
4715,1,133281,133281,4917264,4920612,4783983,4787331,512,1,false,false
4716,1,133281,133281,4926560,4929908,4793279,4796627,513,1,false,false
4717,1,133281,133281,4935600,4938948,4802319,4805667,514,1,false,false
4718,1,133281,133281,4944640,4947988,4811359,4814707,515,1,false,false
4719,2,133281,133281,3813668,3816504,3680387,3683223,400,1,false,false
4720,2,133281,133281,3823220,3826056,3689939,3692775,401,1,false,false
4721,2,133281,133281,3834308,3836888,3701027,3703607,402,1,false,false
4722,2,133281,133281,3844884,3847464,3711603,3714183,403,1,false,false
4723,1,133312,133312,4953168,4956004,4819856,4822692,516,1,false,false
4724,1,133312,133312,4961440,4964276,4828128,4830964,517,1,false,false
4725,1,133312,133312,4970736,4973316,4837424,4840004,518,1,false,false
4726,1,133312,133312,4979776,4982356,4846464,4849044,519,1,false,false
4727,2,133344,133344,3855460,3858808,3722116,3725464,404,1,false,false
4728,2,133344,133344,3867060,3870408,3733716,3737064,405,1,false,false
4729,2,133344,133344,3878148,3881496,3744804,3748152,406,1,false,false
4730,2,133344,133344,3889236,3892584,3755892,3759240,407,1,false,false
4731,2,133345,133345,3899812,3903416,3766467,3770071,408,1,false,false
4732,2,133345,133345,3909364,3912712,3776019,3779367,409,1,false,false
4733,2,133345,133345,3918404,3921752,3785059,3788407,410,1,false,false
4734,2,133345,133345,3927444,3930792,3794099,3797447,411,1,false,false
4735,2,133377,133377,3935972,3938808,3802595,3805431,412,1,false,false
4736,2,133377,133377,3947572,3950408,3814195,3817031,413,1,false,false
4737,2,133377,133377,3959428,3962008,3826051,3828631,414,1,false,false
4738,2,133377,133377,3971028,3973608,3837651,3840231,415,1,false,false
4739,2,133409,133409,3982116,3984952,3848707,3851543,416,1,false,false
4740,2,133409,133409,3992436,3995272,3859027,3861863,417,1,false,false
4741,2,133409,133409,4003012,4005592,3869603,3872183,418,1,false,false
4742,2,133409,133409,4013076,4015656,3879667,3882247,419,1,false,false
4743,2,133409,133409,4023140,4026488,3889731,3893079,420,1,false,false
4744,2,133409,133409,4033972,4037320,3900563,3903911,421,1,false,false
4745,2,133409,133409,4042500,4045848,3909091,3912439,422,1,false,false
4746,2,133409,133409,4054868,4058216,3921459,3924807,423,1,false,false
4747,1,133410,133410,4988048,4991652,4854638,4858242,520,1,false,false
4748,1,133410,133410,4998368,5001716,4864958,4868306,521,1,false,false
4749,1,133410,133410,5008688,5012036,4875278,4878626,522,1,false,false
4750,1,133410,133410,5019008,5022356,4885598,4888946,523,1,false,false
4751,2,133442,133442,4066980,4069816,3933538,3936374,424,1,false,false
4752,2,133442,133442,4076788,4079624,3943346,3946182,425,1,false,false
4753,2,133442,133442,4087364,4089944,3953922,3956502,426,1,false,false
4754,2,133442,133442,4096916,4099496,3963474,3966054,427,1,false,false
4755,1,133473,133473,5029072,5031908,4895599,4898435,524,1,false,false
4756,1,133473,133473,5039136,5041972,4905663,4908499,525,1,false,false
4757,1,133473,133473,5048944,5051524,4915471,4918051,526,1,false,false
4758,1,133473,133473,5058496,5061076,4925023,4927603,527,1,false,false
4759,1,133473,133473,5067792,5070628,4934319,4937155,528,1,false,false
4760,1,133473,133473,5076064,5078900,4942591,4945427,529,1,false,false
4761,1,133473,133473,5084592,5087172,4951119,4953699,530,1,false,false
4762,1,133473,133473,5092864,5095444,4959391,4961971,531,1,false,false
4763,1,133474,133474,5100624,5102692,4967150,4969218,532,1,false,false
4764,1,133474,133474,5108128,5110196,4974654,4976722,533,1,false,false
4765,1,133474,133474,5115120,5117188,4981646,4983714,534,1,false,false
4766,1,133474,133474,5122112,5124180,4988638,4990706,535,1,false,false
4767,2,133504,133504,4105956,4108792,3972452,3975288,428,1,false,false
4768,2,133504,133504,4116788,4119624,3983284,3986120,429,1,false,false
4769,2,133504,133504,4127108,4129688,3993604,3996184,430,1,false,false
4770,2,133504,133504,4134100,4136680,4000596,4003176,431,1,false,false
4771,1,133536,133536,5128848,5131684,4995312,4998148,536,1,false,false
4772,1,133536,133536,5137376,5140212,5003840,5006676,537,1,false,false
4773,1,133536,133536,5146416,5148996,5012880,5015460,538,1,false,false
4774,1,133536,133536,5155200,5157780,5021664,5024244,539,1,false,false
4775,1,133537,133537,5163728,5164004,5030191,5030467,540,1,false,false
4776,2,133537,133537,4143652,4146488,4010115,4012951,432,1,false,false
4777,2,133537,133537,4152948,4155784,4019411,4022247,433,1,false,false
4778,2,133537,133537,4161988,4164568,4028451,4031031,434,1,false,false
4779,2,133537,133537,4170516,4173096,4036979,4039559,435,1,false,false
4780,1,133538,133538,5171488,5174324,5037950,5040786,541,1,false,false
4781,1,133538,133538,5185392,5188228,5051854,5054690,542,1,false,false
4782,1,133538,133538,5198784,5201364,5065246,5067826,543,1,false,false
4783,1,133538,133538,5211920,5214500,5078382,5080962,544,1,false,false
4784,2,133570,133570,4180068,4183672,4046498,4050102,436,1,false,false
4785,2,133570,133570,4190644,4193992,4057074,4060422,437,1,false,false
4786,2,133570,133570,4200708,4204056,4067138,4070486,438,1,false,false
4787,2,133570,133570,4210772,4214120,4077202,4080550,439,1,false,false
4788,1,133600,133600,5223264,5226100,5089664,5092500,545,1,false,false
4789,1,133600,133600,5234608,5237444,5101008,5103844,546,1,false,false
4790,1,133600,133600,5245952,5248532,5112352,5114932,547,1,false,false
4791,1,133600,133600,5256528,5259108,5122928,5125508,548,1,false,false
4792,1,133601,133601,5268128,5270964,5134527,5137363,549,1,false,false
4793,1,133601,133601,5277936,5280772,5144335,5147171,550,1,false,false
4794,1,133601,133601,5287488,5290068,5153887,5156467,551,1,false,false
4795,1,133601,133601,5296784,5299364,5163183,5165763,552,1,false,false
4796,2,133632,133632,4221092,4223928,4087460,4090296,440,1,false,false
4797,2,133632,133632,4230132,4232968,4096500,4099336,441,1,false,false
4798,2,133632,133632,4239940,4242520,4106308,4108888,442,1,false,false
4799,2,133632,133632,4249492,4252072,4115860,4118440,443,1,false,false
4800,1,133664,133664,5305568,5308404,5171904,5174740,553,1,false,false
4801,1,133664,133664,5314096,5316932,5180432,5183268,554,1,false,false
4802,1,133664,133664,5322624,5325204,5188960,5191540,555,1,false,false
4803,1,133664,133664,5330384,5332964,5196720,5199300,556,1,false,false
4804,2,133664,133664,4258020,4263672,4124356,4130008,444,1,false,false
4805,2,133664,133664,4270644,4276296,4136980,4142632,445,1,false,false
4806,2,133664,133664,4283012,4288408,4149348,4154744,446,1,false,false
4807,2,133664,133664,4295124,4300520,4161460,4166856,447,1,false,false
4808,2,133665,133665,4307748,4310584,4174083,4176919,448,1,false,false
4809,2,133665,133665,4318068,4320904,4184403,4187239,449,1,false,false
4810,2,133665,133665,4327620,4330200,4193955,4196535,450,1,false,false
4811,2,133665,133665,4336916,4339496,4203251,4205831,451,1,false,false
4812,1,133696,133696,5338400,5342772,5204704,5209076,557,1,false,false
4813,1,133696,133696,5350000,5354116,5216304,5220420,558,1,false,false
4814,1,133696,133696,5361088,5365204,5227392,5231508,559,1,false,false
4815,1,133696,133696,5371664,5375780,5237968,5242084,560,1,false,false
4816,1,133696,133696,5382496,5386100,5248800,5252404,561,1,false,false
4817,1,133696,133696,5392560,5395908,5258864,5262212,562,1,false,false
4818,1,133696,133696,5402368,5405716,5268672,5272020,563,1,false,false
4819,1,133696,133696,5411408,5414756,5277712,5281060,564,1,false,false
4820,2,133697,133697,4345700,4348536,4212003,4214839,452,1,false,false
4821,2,133697,133697,4355508,4358344,4221811,4224647,453,1,false,false
4822,2,133697,133697,4365060,4367640,4231363,4233943,454,1,false,false
4823,2,133697,133697,4374356,4376936,4240659,4243239,455,1,false,false
4824,1,133697,133697,5421472,5424308,5287775,5290611,565,1,false,false
4825,1,133697,133697,5430512,5433348,5296815,5299651,566,1,false,false
4826,1,133697,133697,5439552,5442132,5305855,5308435,567,1,false,false
4827,1,133697,133697,5448080,5450660,5314383,5316963,568,1,false,false
4828,2,133728,133728,4383908,4386744,4250180,4253016,456,1,false,false
4829,2,133728,133728,4392436,4395272,4258708,4261544,457,1,false,false
4830,2,133728,133728,4400708,4403544,4266980,4269816,458,1,false,false
4831,2,133728,133728,4408980,4411560,4275252,4277832,459,1,false,false
4832,1,133729,133729,5456096,5458932,5322367,5325203,569,1,false,false
4833,1,133729,133729,5465392,5468228,5331663,5334499,570,1,false,false
4834,1,133729,133729,5474688,5477268,5340959,5343539,571,1,false,false
4835,1,133729,133729,5483216,5485796,5349487,5352067,572,1,false,false
4836,1,133729,133729,5491744,5495348,5358015,5361619,573,1,false,false
4837,1,133729,133729,5501040,5504388,5367311,5370659,574,1,false,false
4838,1,133729,133729,5510080,5513428,5376351,5379699,575,1,false,false
4839,1,133729,133729,5518608,5521956,5384879,5388227,576,1,false,false
4840,2,133729,133729,4416996,4420600,4283267,4286871,460,1,false,false
4841,2,133729,133729,4426292,4429640,4292563,4295911,461,1,false,false
4842,2,133729,133729,4435076,4438424,4301347,4304695,462,1,false,false
4843,2,133729,133729,4443860,4447208,4310131,4313479,463,1,false,false
4844,1,133760,133760,5528672,5532788,5394912,5399028,577,1,false,false
4845,1,133760,133760,5537968,5542084,5404208,5408324,578,1,false,false
4846,1,133760,133760,5549824,5553940,5416064,5420180,579,1,false,false
4847,1,133760,133760,5561424,5565284,5427664,5431524,580,1,false,false
4848,3,133760,133760,12865628,12867696,12731868,12733936,1877,1,false,false
4849,3,133760,133760,12868228,12870296,12734468,12736536,1878,1,false,false
4850,3,133760,133760,12871084,12873152,12737324,12739392,1879,1,false,false
4851,3,133760,133760,12873940,12876008,12740180,12742248,1880,1,false,false
4852,2,133760,133760,4453412,4457016,4319652,4323256,464,1,false,false
4853,2,133760,133760,4463988,4467336,4330228,4333576,465,1,false,false
4854,2,133760,133760,4477380,4480728,4343620,4346968,466,1,false,false
4855,2,133760,133760,4490772,4494120,4357012,4360360,467,1,false,false
4856,1,133761,133761,5573280,5576116,5439519,5442355,581,1,false,false
4857,1,133761,133761,5583600,5586436,5449839,5452675,582,1,false,false
4858,1,133761,133761,5593920,5596500,5460159,5462739,583,1,false,false
4859,1,133761,133761,5603984,5606564,5470223,5472803,584,1,false,false
4860,2,133792,133792,4503652,4506488,4369860,4372696,468,1,false,false
4861,2,133792,133792,4516276,4519112,4382484,4385320,469,1,false,false
4862,2,133792,133792,4523780,4526360,4389988,4392568,470,1,false,false
4863,2,133792,133792,4531028,4533608,4397236,4399816,471,1,false,false
4864,1,133792,133792,5613280,5616116,5479488,5482324,585,1,false,false
4865,1,133792,133792,5622832,5625668,5489040,5491876,586,1,false,false
4866,1,133792,133792,5633408,5635988,5499616,5502196,587,1,false,false
4867,1,133792,133792,5643472,5646052,5509680,5512260,588,1,false,false
4868,1,133793,133793,5655584,5661236,5521791,5527443,589,1,false,false
4869,1,133793,133793,5671536,5677188,5537743,5543395,590,1,false,false
4870,1,133793,133793,5686976,5692372,5553183,5558579,591,1,false,false
4871,1,133793,133793,5701904,5707300,5568111,5573507,592,1,false,false
4872,2,133824,133824,4539300,4542136,4405476,4408312,472,1,false,false
4873,2,133824,133824,4546548,4549384,4412724,4415560,473,1,false,false
4874,2,133824,133824,4555332,4557912,4421508,4424088,474,1,false,false
4875,2,133824,133824,4563860,4566440,4430036,4432616,475,1,false,false
4876,2,133824,133824,4571108,4573944,4437284,4440120,476,1,false,false
4877,2,133824,133824,4579636,4582472,4445812,4448648,477,1,false,false
4878,2,133824,133824,4587140,4589976,4453316,4456152,478,1,false,false
4879,2,133824,133824,4594644,4597224,4460820,4463400,479,1,false,false
4880,2,133825,133825,4602660,4608312,4468835,4474487,480,1,false,false
4881,2,133825,133825,4614260,4619912,4480435,4486087,481,1,false,false
4882,2,133825,133825,4626628,4632024,4492803,4498199,482,1,false,false
4883,2,133825,133825,4638740,4644136,4504915,4510311,483,1,false,false
4884,1,133825,133825,5713248,5716084,5579423,5582259,593,1,false,false
4885,1,133825,133825,5721520,5724356,5587695,5590531,594,1,false,false
4886,1,133825,133825,5727488,5730324,5593663,5596499,595,1,false,false
4887,1,133825,133825,5735760,5738340,5601935,5604515,596,1,false,false
4888,1,133856,133856,5745312,5748148,5611456,5614292,597,1,false,false
4889,1,133856,133856,5754864,5757700,5621008,5623844,598,1,false,false
4890,1,133856,133856,5764416,5766996,5630560,5633140,599,1,false,false
4891,1,133856,133856,5775504,5778084,5641648,5644228,600,1,false,false
4892,2,133856,133856,4651108,4655480,4517252,4521624,484,1,false,false
4893,2,133856,133856,4661172,4665288,4527316,4531432,485,1,false,false
4894,2,133856,133856,4670724,4674840,4536868,4540984,486,1,false,false
4895,2,133856,133856,4680276,4684392,4546420,4550536,487,1,false,false
4896,2,133857,133857,4690340,4693944,4556483,4560087,488,1,false,false
4897,2,133857,133857,4701684,4705032,4567827,4571175,489,1,false,false
4898,2,133857,133857,4712772,4716120,4578915,4582263,490,1,false,false
4899,2,133857,133857,4723860,4727208,4590003,4593351,491,1,false,false
4900,1,133920,133920,5785056,5787892,5651136,5653972,601,1,false,false
4901,1,133920,133920,5794864,5797700,5660944,5663780,602,1,false,false
4902,1,133920,133920,5804672,5807252,5670752,5673332,603,1,false,false
4903,1,133920,133920,5812688,5815268,5678768,5681348,604,1,false,false
4904,0,133921,133921,12858104,12858892,12724183,12724971,1874,1,false,false
4905,0,133921,133921,12861472,12862260,12727551,12728339,1875,1,false,false
4906,0,133921,133921,12864840,12865628,12730919,12731707,1876,1,false,false
4907,0,133921,133921,12867696,12868228,12733775,12734307,1877,1,false,false
4908,1,133921,133921,5820960,5823796,5687039,5689875,605,1,false,false
4909,1,133921,133921,5829232,5832068,5695311,5698147,606,1,false,false
4910,1,133921,133921,5837504,5840084,5703583,5706163,607,1,false,false
4911,1,133921,133921,5845520,5848100,5711599,5714179,608,1,false,false
4912,1,133952,133952,5855072,5857908,5721120,5723956,609,1,false,false
4913,1,133952,133952,5864624,5867460,5730672,5733508,610,1,false,false
4914,1,133952,133952,5874176,5876756,5740224,5742804,611,1,false,false
4915,1,133952,133952,5884240,5886820,5750288,5752868,612,1,false,false
4916,2,133984,133984,4735460,4739064,4601476,4605080,492,1,false,false
4917,2,133984,133984,4746036,4749384,4612052,4615400,493,1,false,false
4918,2,133984,133984,4757124,4760472,4623140,4626488,494,1,false,false
4919,2,133984,133984,4767956,4771304,4633972,4637320,495,1,false,false
4920,1,133984,133984,5895072,5898676,5761088,5764692,613,1,false,false
4921,1,133984,133984,5905648,5908996,5771664,5775012,614,1,false,false
4922,1,133984,133984,5915712,5919060,5781728,5785076,615,1,false,false
4923,1,133984,133984,5926800,5930148,5792816,5796164,616,1,false,false
4924,1,133984,133984,5936864,5939700,5802880,5805716,617,1,false,false
4925,1,133984,133984,5947952,5950788,5813968,5816804,618,1,false,false
4926,1,133984,133984,5959040,5961620,5825056,5827636,619,1,false,false
4927,1,133984,133984,5967568,5970148,5833584,5836164,620,1,false,false
4928,2,133984,133984,4777252,4780088,4643268,4646104,496,1,false,false
4929,2,133984,133984,4786292,4789128,4652308,4655144,497,1,false,false
4930,2,133984,133984,4794564,4797144,4660580,4663160,498,1,false,false
4931,2,133984,133984,4802580,4805160,4668596,4671176,499,1,false,false
4932,0,134017,134017,12870296,12871084,12736279,12737067,1878,1,false,false
4933,0,134017,134017,12873152,12873940,12739135,12739923,1879,1,false,false
4934,0,134017,134017,12876008,12876796,12741991,12742779,1880,1,false,false
4935,0,134017,134017,12878864,12879396,12744847,12745379,1881,1,false,false
4936,1,134049,134049,5975072,5977908,5841023,5843859,621,1,false,false
4937,1,134049,134049,5983600,5986436,5849551,5852387,622,1,false,false
4938,1,134049,134049,5992128,5994964,5858079,5860915,623,1,false,false
4939,1,134049,134049,6002448,6005028,5868399,5870979,624,1,false,false
4940,1,134049,134049,6013024,6017140,5878975,5883091,625,1,false,false
4941,1,134049,134049,6025392,6029508,5891343,5895459,626,1,false,false
4942,1,134049,134049,6037760,6041876,5903711,5907827,627,1,false,false
4943,1,134049,134049,6048336,6052196,5914287,5918147,628,1,false,false
4944,2,134081,134081,4811364,4811640,4677283,4677559,500,1,false,false
4945,1,134081,134081,6058400,6061236,5924319,5927155,629,1,false,false
4946,1,134081,134081,6067440,6070276,5933359,5936195,630,1,false,false
4947,1,134081,134081,6076480,6079060,5942399,5944979,631,1,false,false
4948,1,134081,134081,6085008,6087588,5950927,5953507,632,1,false,false
4949,1,134081,134081,6097376,6100212,5963295,5966131,633,1,false,false
4950,1,134081,134081,6109232,6112068,5975151,5977987,634,1,false,false
4951,1,134081,134081,6121088,6123924,5987007,5989843,635,1,false,false
4952,1,134081,134081,6134480,6137060,6000399,6002979,636,1,false,false
4953,1,134112,134112,6145312,6148148,6011200,6014036,637,1,false,false
4954,1,134112,134112,6156400,6159236,6022288,6025124,638,1,false,false
4955,1,134112,134112,6167488,6170068,6033376,6035956,639,1,false,false
4956,1,134112,134112,6177296,6179876,6043184,6045764,640,1,false,false
4957,0,134112,134112,12881464,12881740,12747352,12747628,1882,1,false,false
4958,1,134113,134113,6187360,6190196,6053247,6056083,641,1,false,false
4959,1,134113,134113,6198448,6201284,6064335,6067171,642,1,false,false
4960,1,134113,134113,6209536,6212116,6075423,6078003,643,1,false,false
4961,1,134113,134113,6220368,6222948,6086255,6088835,644,1,false,false
4962,1,134114,134114,6229664,6232500,6095550,6098386,645,1,false,false
4963,1,134114,134114,6238704,6241540,6104590,6107426,646,1,false,false
4964,1,134114,134114,6247744,6250324,6113630,6116210,647,1,false,false
4965,1,134114,134114,6255760,6258340,6121646,6124226,648,1,false,false
4966,3,134144,134144,12876796,12878864,12742652,12744720,1881,1,false,false
4967,3,134144,134144,12879396,12881464,12745252,12747320,1882,1,false,false
4968,3,134144,134144,12881740,12883808,12747596,12749664,1883,1,false,false
4969,3,134144,134144,12884084,12886152,12749940,12752008,1884,1,false,false
4970,1,134144,134144,6264032,6267380,6129888,6133236,649,1,false,false
4971,1,134144,134144,6273840,6277188,6139696,6143044,650,1,false,false
4972,1,134144,134144,6283392,6286740,6149248,6152596,651,1,false,false
4973,1,134144,134144,6293712,6297060,6159568,6162916,652,1,false,false
4974,1,134145,134145,6305056,6308660,6170911,6174515,653,1,false,false
4975,1,134145,134145,6316144,6319492,6181999,6185347,654,1,false,false
4976,1,134145,134145,6326976,6330324,6192831,6196179,655,1,false,false
4977,1,134145,134145,6338832,6342180,6204687,6208035,656,1,false,false
4978,1,134176,134176,6350432,6352500,6216256,6218324,657,1,false,false
4979,1,134176,134176,6360752,6362820,6226576,6228644,658,1,false,false
4980,1,134176,134176,6371072,6373140,6236896,6238964,659,1,false,false
4981,1,134176,134176,6380880,6382948,6246704,6248772,660,1,false,false
4982,1,134177,134177,6390432,6393268,6256255,6259091,661,1,false,false
4983,1,134177,134177,6402288,6405124,6268111,6270947,662,1,false,false
4984,1,134177,134177,6413888,6416724,6279711,6282547,663,1,false,false
4985,1,134177,134177,6425744,6428324,6291567,6294147,664,1,false,false
4986,2,134177,134177,4819124,4821960,4684947,4687783,501,1,false,false
4987,2,134177,134177,4830212,4833048,4696035,4698871,502,1,false,false
4988,2,134177,134177,4841300,4843880,4707123,4709703,503,1,false,false
4989,2,134177,134177,4851620,4854200,4717443,4720023,504,1,false,false
4990,1,134209,134209,6437856,6440692,6303647,6306483,665,1,false,false
4991,1,134209,134209,6448944,6451780,6314735,6317571,666,1,false,false
4992,1,134209,134209,6459776,6462612,6325567,6328403,667,1,false,false
4993,1,134209,134209,6471632,6474212,6337423,6340003,668,1,false,false
4994,2,134304,134304,4860404,4863240,4726100,4728936,505,1,false,false
4995,2,134304,134304,4868676,4871512,4734372,4737208,506,1,false,false
4996,2,134304,134304,4876948,4879528,4742644,4745224,507,1,false,false
4997,2,134304,134304,4884964,4887544,4750660,4753240,508,1,false,false
4998,2,134304,134304,4893236,4896072,4758932,4761768,509,1,false,false
4999,2,134304,134304,4902276,4905112,4767972,4770808,510,1,false,false
5000,2,134304,134304,4911316,4913896,4777012,4779592,511,1,false,false
5001,2,134304,134304,4920612,4923192,4786308,4788888,512,1,false,false
5002,3,134305,134305,12886428,12889264,12752123,12754959,1885,1,false,false
5003,3,134305,134305,12889540,12892376,12755235,12758071,1886,1,false,false
5004,3,134305,134305,12893164,12896000,12758859,12761695,1887,1,false,false
5005,3,134305,134305,12896788,12899368,12762483,12765063,1888,1,false,false
5006,1,134305,134305,6481184,6481460,6346879,6347155,669,1,false,false
5007,2,134306,134306,4929908,4932744,4795602,4798438,513,1,false,false
5008,2,134306,134306,4938948,4941784,4804642,4807478,514,1,false,false
5009,2,134306,134306,4947988,4950568,4813682,4816262,515,1,false,false
5010,2,134306,134306,4956004,4958584,4821698,4824278,516,1,false,false
5011,1,134336,134336,6488432,6491268,6354096,6356932,670,1,false,false
5012,1,134336,134336,6498240,6501076,6363904,6366740,671,1,false,false
5013,1,134336,134336,6507024,6509604,6372688,6375268,672,1,false,false
5014,1,134336,134336,6516320,6518900,6381984,6384564,673,1,false,false
5015,2,134368,134368,4964276,4967112,4829908,4832744,517,1,false,false
5016,2,134368,134368,4973316,4976152,4838948,4841784,518,1,false,false
5017,2,134368,134368,4982356,4984936,4847988,4850568,519,1,false,false
5018,2,134368,134368,4991652,4994232,4857284,4859864,520,1,false,false
5019,1,134368,134368,6526384,6529220,6392016,6394852,674,1,false,false
5020,1,134368,134368,6536704,6539540,6402336,6405172,675,1,false,false
5021,1,134368,134368,6546256,6549092,6411888,6414724,676,1,false,false
5022,1,134368,134368,6556576,6559156,6422208,6424788,677,1,false,false
5023,1,134368,134368,6565872,6568708,6431504,6434340,678,1,false,false
5024,1,134368,134368,6575424,6578260,6441056,6443892,679,1,false,false
5025,1,134368,134368,6586768,6589348,6452400,6454980,680,1,false,false
5026,1,134368,134368,6597600,6600180,6463232,6465812,681,1,false,false
5027,1,134369,134369,6608432,6611268,6474063,6476899,682,1,false,false
5028,1,134369,134369,6619520,6622356,6485151,6487987,683,1,false,false
5029,1,134369,134369,6629328,6631908,6494959,6497539,684,1,false,false
5030,1,134369,134369,6639648,6642228,6505279,6507859,685,1,false,false
5031,1,134369,134369,6650480,6653316,6516111,6518947,686,1,false,false
5032,1,134369,134369,6661312,6664148,6526943,6529779,687,1,false,false
5033,1,134369,134369,6672912,6675492,6538543,6541123,688,1,false,false
5034,1,134369,134369,6683488,6686068,6549119,6551699,689,1,false,false
5035,3,134400,134400,12900156,12902224,12765756,12767824,1889,1,false,false
5036,3,134400,134400,12902756,12904824,12768356,12770424,1890,1,false,false
5037,3,134400,134400,12904824,12906892,12770424,12772492,1891,1,false,false
5038,3,134400,134400,12906892,12908960,12772492,12774560,1892,1,false,false
5039,1,134432,134432,6693552,6696388,6559120,6561956,690,1,false,false
5040,1,134432,134432,6703872,6706708,6569440,6572276,691,1,false,false
5041,1,134432,134432,6713424,6716004,6578992,6581572,692,1,false,false
5042,1,134432,134432,6722464,6725044,6588032,6590612,693,1,false,false
5043,1,134432,134432,6731760,6736644,6597328,6602212,694,1,false,false
5044,1,134432,134432,6743360,6748244,6608928,6613812,695,1,false,false
5045,1,134432,134432,6755216,6760100,6620784,6625668,696,1,false,false
5046,1,134432,134432,6767072,6771956,6632640,6637524,697,1,false,false
5047,1,134433,134433,6777904,6780740,6643471,6646307,698,1,false,false
5048,1,134433,134433,6786688,6789524,6652255,6655091,699,1,false,false
5049,1,134433,134433,6797264,6799844,6662831,6665411,700,1,false,false
5050,1,134433,134433,6808096,6810676,6673663,6676243,701,1,false,false
5051,1,134433,134433,6818928,6820996,6684495,6686563,702,1,false,false
5052,1,134433,134433,6829248,6831316,6694815,6696883,703,1,false,false
5053,1,134433,134433,6836240,6838308,6701807,6703875,704,1,false,false
5054,1,134433,134433,6843232,6845300,6708799,6710867,705,1,false,false
5055,1,134433,134433,6850224,6853060,6715791,6718627,706,1,false,false
5056,1,134433,134433,6857984,6860820,6723551,6726387,707,1,false,false
5057,1,134433,134433,6867792,6870372,6733359,6735939,708,1,false,false
5058,1,134433,134433,6876064,6878644,6741631,6744211,709,1,false,false
5059,1,134465,134465,6884080,6886916,6749615,6752451,710,1,false,false
5060,1,134465,134465,6892352,6895188,6757887,6760723,711,1,false,false
5061,1,134465,134465,6900624,6903204,6766159,6768739,712,1,false,false
5062,1,134465,134465,6909664,6912244,6775199,6777779,713,1,false,false
5063,1,134496,134496,6918192,6921028,6783696,6786532,714,1,false,false
5064,1,134496,134496,6926976,6929812,6792480,6795316,715,1,false,false
5065,1,134496,134496,6936016,6938596,6801520,6804100,716,1,false,false
5066,1,134496,134496,6944288,6946868,6809792,6812372,717,1,false,false
5067,1,134497,134497,6952304,6955652,6817807,6821155,717,1,false,false
5068,1,134497,134497,6961088,6964436,6826591,6829939,718,1,false,false
5069,1,134497,134497,6969872,6973220,6835375,6838723,719,1,false,false
5070,1,134497,134497,6981728,6985076,6847231,6850579,720,1,false,false
5071,2,134528,134528,5001716,5004552,4867188,4870024,521,1,false,false
5072,2,134528,134528,5012036,5014872,4877508,4880344,522,1,false,false
5073,2,134528,134528,5022356,5024936,4887828,4890408,523,1,false,false
5074,2,134528,134528,5031908,5034488,4897380,4899960,524,1,false,false
5075,1,134529,134529,6993072,6997444,6858543,6862915,721,1,false,false
5076,1,134529,134529,7005440,7009556,6870911,6875027,722,1,false,false
5077,1,134529,134529,7017808,7021924,6883279,6887395,723,1,false,false
5078,1,134529,134529,7028384,7032500,6893855,6897971,724,1,false,false
5079,2,134560,134560,5041972,5044808,4907412,4910248,525,1,false,false
5080,2,134560,134560,5051524,5054360,4916964,4919800,526,1,false,false
5081,2,134560,134560,5061076,5063656,4926516,4929096,527,1,false,false
5082,2,134560,134560,5070628,5073208,4936068,4938648,528,1,false,false
5083,1,134561,134561,7039216,7042820,6904655,6908259,725,1,false,false
5084,1,134561,134561,7049536,7052884,6914975,6918323,726,1,false,false
5085,1,134561,134561,7059856,7063204,6925295,6928643,727,1,false,false
5086,1,134561,134561,7070176,7073524,6935615,6938963,728,1,false,false
5087,2,134562,134562,5078900,5081736,4944338,4947174,529,1,false,false
5088,2,134562,134562,5087172,5090008,4952610,4955446,530,1,false,false
5089,2,134562,134562,5095444,5098024,4960882,4963462,531,1,false,false
5090,2,134562,134562,5102692,5105272,4968130,4970710,532,1,false,false
5091,1,134592,134592,7078704,7081540,6944112,6946948,729,1,false,false
5092,1,134592,134592,7086720,7089556,6952128,6954964,730,1,false,false
5093,1,134592,134592,7094992,7097572,6960400,6962980,731,1,false,false
5094,1,134592,134592,7103008,7105588,6968416,6970996,732,1,false,false
5095,1,134593,134593,7111536,7114372,6976943,6979779,733,1,false,false
5096,1,134593,134593,7120320,7123156,6985727,6988563,734,1,false,false
5097,1,134593,134593,7130896,7133476,6996303,6998883,735,1,false,false
5098,1,134593,134593,7141984,7144564,7007391,7009971,736,1,false,false
5099,1,134624,134624,7153584,7157188,7018960,7022564,737,1,false,false
5100,1,134624,134624,7166208,7169556,7031584,7034932,738,1,false,false
5101,1,134624,134624,7177296,7180644,7042672,7046020,739,1,false,false
5102,1,134624,134624,7186848,7190196,7052224,7055572,740,1,false,false
5103,2,134657,134657,5110196,5112264,4975539,4977607,533,1,false,false
5104,2,134657,134657,5117188,5119256,4982531,4984599,534,1,false,false
5105,2,134657,134657,5124180,5126248,4989523,4991591,535,1,false,false
5106,2,134657,134657,5131684,5133752,4997027,4999095,536,1,false,false
5107,2,134657,134657,5140212,5143048,5005555,5008391,537,1,false,false
5108,2,134657,134657,5148996,5151832,5014339,5017175,538,1,false,false
5109,2,134657,134657,5157780,5160360,5023123,5025703,539,1,false,false
5110,2,134657,134657,5164004,5166584,5029347,5031927,540,1,false,false
5111,2,134657,134657,5174324,5180488,5039667,5045831,541,1,false,false
5112,2,134657,134657,5188228,5194136,5053571,5059479,542,1,false,false
5113,2,134657,134657,5201364,5207272,5066707,5072615,543,1,false,false
5114,2,134657,134657,5214500,5220408,5079843,5085751,544,1,false,false
5115,1,134689,134689,7195632,7198468,7060943,7063779,741,1,false,false
5116,1,134689,134689,7203904,7206740,7069215,7072051,742,1,false,false
5117,1,134689,134689,7212176,7214756,7077487,7080067,743,1,false,false
5118,1,134689,134689,7220448,7223028,7085759,7088339,744,1,false,false
5119,1,134689,134689,7228464,7231300,7093775,7096611,745,1,false,false
5120,1,134689,134689,7236736,7239572,7102047,7104883,746,1,false,false
5121,1,134689,134689,7245008,7247588,7110319,7112899,747,1,false,false
5122,1,134689,134689,7254560,7257140,7119871,7122451,748,1,false,false
5123,1,134721,134721,7263856,7266692,7129135,7131971,749,1,false,false
5124,1,134721,134721,7273408,7276244,7138687,7141523,750,1,false,false
5125,1,134721,134721,7283216,7285796,7148495,7151075,751,1,false,false
5126,1,134721,134721,7291488,7294068,7156767,7159347,752,1,false,false
5127,2,134754,134754,5226100,5231752,5091346,5096998,545,1,false,false
5128,2,134754,134754,5237444,5243096,5102690,5108342,546,1,false,false
5129,2,134754,134754,5248532,5253928,5113778,5119174,547,1,false,false
5130,2,134754,134754,5259108,5264504,5124354,5129750,548,1,false,false
5131,2,134816,134816,5270964,5274568,5136148,5139752,549,1,false,false
5132,2,134816,134816,5280772,5284120,5145956,5149304,550,1,false,false
5133,2,134816,134816,5290068,5293416,5155252,5158600,551,1,false,false
5134,2,134816,134816,5299364,5302712,5164548,5167896,552,1,false,false
5135,1,134816,134816,7299504,7302340,7164688,7167524,753,1,false,false
5136,1,134816,134816,7307776,7310612,7172960,7175796,754,1,false,false
5137,1,134816,134816,7316048,7318628,7181232,7183812,755,1,false,false
5138,1,134816,134816,7324320,7326900,7189504,7192084,756,1,false,false
5139,1,134913,134913,7332336,7335940,7197423,7201027,757,1,false,false
5140,1,134913,134913,7341376,7344724,7206463,7209811,758,1,false,false
5141,1,134913,134913,7350160,7353508,7215247,7218595,759,1,false,false
5142,1,134913,134913,7359968,7363316,7225055,7228403,760,1,false,false
5143,2,134944,134944,5308404,5311240,5173460,5176296,553,1,false,false
5144,2,134944,134944,5316932,5319768,5181988,5184824,554,1,false,false
5145,2,134944,134944,5325204,5327784,5190260,5192840,555,1,false,false
5146,2,134944,134944,5332964,5335544,5198020,5200600,556,1,false,false
5147,1,135008,135008,7369264,7372868,7234256,7237860,761,1,false,false
5148,1,135008,135008,7378816,7382164,7243808,7247156,762,1,false,false
5149,1,135008,135008,7388368,7391716,7253360,7256708,763,1,false,false
5150,1,135008,135008,7397408,7400756,7262400,7265748,764,1,false,false
5151,2,135009,135009,5342772,5345608,5207763,5210599,557,1,false,false
5152,2,135009,135009,5354116,5356952,5219107,5221943,558,1,false,false
5153,2,135009,135009,5365204,5367784,5230195,5232775,559,1,false,false
5154,2,135009,135009,5375780,5378360,5240771,5243351,560,1,false,false
5155,1,135009,135009,7406192,7410564,7271183,7275555,765,1,false,false
5156,1,135009,135009,7416000,7420116,7280991,7285107,766,1,false,false
5157,1,135009,135009,7425552,7429668,7290543,7294659,767,1,false,false
5158,1,135009,135009,7435360,7439476,7300351,7304467,768,1,false,false
5159,1,135009,135009,7444912,7447748,7309903,7312739,769,1,false,false
5160,1,135009,135009,7453184,7456020,7318175,7321011,770,1,false,false
5161,1,135009,135009,7461456,7464036,7326447,7329027,771,1,false,false
5162,1,135009,135009,7469728,7472308,7334719,7337299,772,1,false,false
5163,1,135040,135040,7477744,7480580,7342704,7345540,773,1,false,false
5164,1,135040,135040,7486016,7488852,7350976,7353812,774,1,false,false
5165,1,135040,135040,7494288,7496868,7359248,7361828,775,1,false,false
5166,1,135040,135040,7503840,7506420,7368800,7371380,776,1,false,false
5167,1,135040,135040,7513904,7516740,7378864,7381700,777,1,false,false
5168,1,135040,135040,7524224,7527060,7389184,7392020,778,1,false,false
5169,1,135040,135040,7536080,7538660,7401040,7403620,779,1,false,false
5170,1,135040,135040,7546400,7548980,7411360,7413940,780,1,false,false
5171,1,135040,135040,7555952,7559556,7420912,7424516,781,1,false,false
5172,1,135040,135040,7566528,7569876,7431488,7434836,782,1,false,false
5173,1,135040,135040,7572752,7576100,7437712,7441060,783,1,false,false
5174,1,135040,135040,7580236,7583584,7445196,7448544,784,1,false,false
5175,2,135040,135040,5386100,5388936,5251060,5253896,561,1,false,false
5176,2,135040,135040,5395908,5398744,5260868,5263704,562,1,false,false
5177,2,135040,135040,5405716,5408296,5270676,5273256,563,1,false,false
5178,2,135040,135040,5414756,5417336,5279716,5282296,564,1,false,false
5179,1,135041,135041,7588488,7591836,7453447,7456795,785,1,false,false
5180,1,135041,135041,7596740,7600088,7461699,7465047,786,1,false,false
5181,1,135041,135041,7604736,7608084,7469695,7473043,787,1,false,false
5182,1,135041,135041,7611452,7614800,7476411,7479759,788,1,false,false
5183,1,135041,135041,7617656,7620492,7482615,7485451,789,1,false,false
5184,1,135041,135041,7623348,7626184,7488307,7491143,790,1,false,false
5185,1,135041,135041,7628784,7631364,7493743,7496323,791,1,false,false
5186,1,135041,135041,7634220,7636800,7499179,7501759,792,1,false,false
5187,1,135104,135104,7639656,7642492,7504552,7507388,793,1,false,false
5188,1,135104,135104,7645348,7648184,7510244,7513080,794,1,false,false
5189,1,135104,135104,7650784,7653620,7515680,7518516,795,1,false,false
5190,1,135104,135104,7656476,7659056,7521372,7523952,796,1,false,false
5191,1,135105,135105,7662680,7666796,7527575,7531691,797,1,false,false
5192,1,135105,135105,7670420,7674536,7535315,7539431,798,1,false,false
5193,1,135105,135105,7677648,7681764,7542543,7546659,799,1,false,false
5194,1,135105,135105,7685132,7688992,7550027,7553887,800,1,false,false
5195,1,135137,135137,7691848,7695196,7556711,7560059,801,1,false,false
5196,1,135137,135137,7698052,7701400,7562915,7566263,802,1,false,false
5197,1,135137,135137,7704000,7707348,7568863,7572211,803,1,false,false
5198,1,135137,135137,7711484,7714832,7576347,7579695,804,1,false,false
5199,2,135200,135200,5424308,5427144,5289108,5291944,565,1,false,false
5200,2,135200,135200,5433348,5436184,5298148,5300984,566,1,false,false
5201,2,135200,135200,5442132,5444712,5306932,5309512,567,1,false,false
5202,2,135200,135200,5450660,5453240,5315460,5318040,568,1,false,false
5203,1,135200,135200,7718968,7723852,7583768,7588652,805,1,false,false
5204,1,135200,135200,7727988,7732872,7592788,7597672,806,1,false,false
5205,1,135200,135200,7737008,7741892,7601808,7606692,807,1,false,false
5206,1,135200,135200,7744748,7749632,7609548,7614432,808,1,false,false
5207,1,135201,135201,7752488,7755324,7617287,7620123,809,1,false,false
5208,1,135201,135201,7758180,7761016,7622979,7625815,810,1,false,false
5209,1,135201,135201,7763616,7766452,7628415,7631251,811,1,false,false
5210,1,135201,135201,7769308,7771888,7634107,7636687,812,1,false,false
5211,3,135201,135201,12908960,12911796,12773759,12776595,1893,1,false,false
5212,3,135201,135201,12911796,12914632,12776595,12779431,1894,1,false,false
5213,3,135201,135201,12914632,12917212,12779431,12782011,1895,1,false,false
5214,3,135201,135201,12917212,12919792,12782011,12784591,1896,1,false,false
5215,1,135232,135232,7774744,7778348,7639512,7643116,813,1,false,false
5216,1,135232,135232,7781204,7784552,7645972,7649320,814,1,false,false
5217,1,135232,135232,7787152,7790500,7651920,7655268,815,1,false,false
5218,1,135232,135232,7794124,7797472,7658892,7662240,816,1,false,false
5219,2,135234,135234,5458932,5461768,5323698,5326534,569,1,false,false
5220,2,135234,135234,5468228,5471064,5332994,5335830,570,1,false,false
5221,2,135234,135234,5477268,5479848,5342034,5344614,571,1,false,false
5222,2,135234,135234,5485796,5488376,5350562,5353142,572,1,false,false
5223,2,135264,135264,5495348,5498184,5360084,5362920,573,1,false,false
5224,2,135264,135264,5504388,5507224,5369124,5371960,574,1,false,false
5225,2,135264,135264,5513428,5516008,5378164,5380744,575,1,false,false
5226,2,135264,135264,5521956,5524536,5386692,5389272,576,1,false,false
5227,1,135265,135265,7801608,7804444,7666343,7669179,817,1,false,false
5228,1,135265,135265,7808580,7811416,7673315,7676151,818,1,false,false
5229,1,135265,135265,7815296,7817876,7680031,7682611,819,1,false,false
5230,1,135265,135265,7822524,7825104,7687259,7689839,820,1,false,false
5231,1,135265,135265,7829240,7832588,7693975,7697323,821,1,false,false
5232,1,135265,135265,7836724,7840072,7701459,7704807,822,1,false,false
5233,1,135265,135265,7843952,7847300,7708687,7712035,823,1,false,false
5234,1,135265,135265,7851436,7854784,7716171,7719519,824,1,false,false
5235,1,135296,135296,7858920,7861756,7723624,7726460,825,1,false,false
5236,1,135296,135296,7865892,7868728,7730596,7733432,826,1,false,false
5237,1,135296,135296,7872608,7875188,7737312,7739892,827,1,false,false
5238,1,135296,135296,7878812,7881392,7743516,7746096,828,1,false,false
5239,1,135329,135329,7884760,7885036,7749431,7749707,829,1,false,false
5240,1,135330,135330,7888404,7891240,7753074,7755910,830,1,false,false
5241,1,135330,135330,7894608,7897444,7759278,7762114,831,1,false,false
5242,1,135330,135330,7901580,7904160,7766250,7768830,832,1,false,false
5243,1,135330,135330,7908296,7910876,7772966,7775546,833,1,false,false
5244,2,135360,135360,5532788,5533064,5397428,5397704,577,1,false,false
5245,2,135361,135361,5542084,5544920,5406723,5409559,578,1,false,false
5246,2,135361,135361,5553940,5556776,5418579,5421415,579,1,false,false
5247,2,135361,135361,5565284,5567864,5429923,5432503,580,1,false,false
5248,2,135361,135361,5576116,5578696,5440755,5443335,581,1,false,false
5249,1,135361,135361,7915012,7917848,7779651,7782487,834,1,false,false
5250,1,135361,135361,7921984,7924820,7786623,7789459,835,1,false,false
5251,1,135361,135361,7930492,7933072,7795131,7797711,836,1,false,false
5252,1,135361,135361,7938488,7941068,7803127,7805707,837,1,false,false
5253,0,135361,135361,12883808,12884084,12748447,12748723,1883,1,false,false
5254,1,135393,135393,7946484,7950088,7811091,7814695,838,1,false,false
5255,1,135393,135393,7955504,7958852,7820111,7823459,839,1,false,false
5256,1,135393,135393,7962476,7965824,7827083,7830431,840,1,false,false
5257,1,135393,135393,7969192,7972540,7833799,7837147,841,1,false,false
5258,1,135425,135425,7975908,7978744,7840483,7843319,842,1,false,false
5259,1,135425,135425,7982112,7984948,7846687,7849523,843,1,false,false
5260,1,135425,135425,7989084,7991664,7853659,7856239,844,1,false,false
5261,1,135425,135425,7995800,7998380,7860375,7862955,845,1,false,false
5262,1,135425,135425,8002516,8005352,7867091,7869927,846,1,false,false
5263,1,135425,135425,8009488,8012324,7874063,7876899,847,1,false,false
5264,1,135425,135425,8015948,8018528,7880523,7883103,848,1,false,false
5265,1,135425,135425,8021896,8024476,7886471,7889051,849,1,false,false
5266,2,135457,135457,5586436,5589272,5450979,5453815,582,1,false,false
5267,2,135457,135457,5596500,5599336,5461043,5463879,583,1,false,false
5268,2,135457,135457,5606564,5609144,5471107,5473687,584,1,false,false
5269,2,135457,135457,5616116,5618696,5480659,5483239,585,1,false,false
5270,2,135488,135488,5625668,5629272,5490180,5493784,586,1,false,false
5271,2,135488,135488,5635988,5639336,5500500,5503848,587,1,false,false
5272,2,135488,135488,5646052,5649400,5510564,5513912,588,1,false,false
5273,2,135488,135488,5661236,5664584,5525748,5529096,589,1,false,false
5274,1,135489,135489,8027844,8030680,7892355,7895191,850,1,false,false
5275,1,135489,135489,8034048,8036884,7898559,7901395,851,1,false,false
5276,1,135489,135489,8039740,8042320,7904251,7906831,852,1,false,false
5277,1,135489,135489,8045176,8047756,7909687,7912267,853,1,false,false
5278,2,135520,135520,5677188,5680024,5541668,5544504,590,1,false,false
5279,2,135520,135520,5692372,5695208,5556852,5559688,591,1,false,false
5280,2,135520,135520,5707300,5709880,5571780,5574360,592,1,false,false
5281,2,135520,135520,5716084,5718664,5580564,5583144,593,1,false,false
5282,1,135521,135521,8050612,8054984,7915091,7919463,854,1,false,false
5283,1,135521,135521,8057584,8061700,7922063,7926179,855,1,false,false
5284,1,135521,135521,8065324,8069440,7929803,7933919,856,1,false,false
5285,1,135521,135521,8072808,8076924,7937287,7941403,857,1,false,false
5286,1,135553,135553,8080292,8083640,7944739,7948087,858,1,false,false
5287,1,135553,135553,8087008,8090356,7951455,7954803,859,1,false,false
5288,1,135553,135553,8093980,8097328,7958427,7961775,860,1,false,false
5289,1,135553,135553,8100696,8104044,7965143,7968491,861,1,false,false
5290,2,135584,135584,5724356,5724632,5588772,5589048,594,1,false,false
5291,1,135584,135584,8107412,8110248,7971828,7974664,862,1,false,false
5292,1,135584,135584,8113616,8116452,7978032,7980868,863,1,false,false
5293,1,135584,135584,8120076,8122656,7984492,7987072,864,1,false,false
5294,1,135584,135584,8126024,8128604,7990440,7993020,865,1,false,false
5295,1,135648,135648,8131972,8134808,7996324,7999160,866,1,false,false
5296,1,135648,135648,8138176,8141012,8002528,8005364,867,1,false,false
5297,1,135648,135648,8143868,8146448,8008220,8010800,868,1,false,false
5298,1,135648,135648,8149304,8151884,8013656,8016236,869,1,false,false
5299,2,135648,135648,5730324,5733160,5594676,5597512,595,1,false,false
5300,2,135648,135648,5738340,5741176,5602692,5605528,596,1,false,false
5301,2,135648,135648,5748148,5750728,5612500,5615080,597,1,false,false
5302,2,135648,135648,5757700,5760280,5622052,5624632,598,1,false,false
5303,1,135649,135649,8154740,8157576,8019091,8021927,870,1,false,false
5304,1,135649,135649,8160176,8163012,8024527,8027363,871,1,false,false
5305,1,135649,135649,8165868,8168448,8030219,8032799,872,1,false,false
5306,1,135649,135649,8171304,8173884,8035655,8038235,873,1,false,false
5307,1,135713,135713,8176740,8179576,8041027,8043863,874,1,false,false
5308,1,135713,135713,8182176,8185012,8046463,8049299,875,1,false,false
5309,1,135713,135713,8187868,8190704,8052155,8054991,876,1,false,false
5310,1,135713,135713,8193560,8196140,8057847,8060427,877,1,false,false
5311,1,135714,135714,8198996,8204648,8063282,8068934,878,1,false,false
5312,1,135714,135714,8207248,8212900,8071534,8077186,879,1,false,false
5313,1,135714,135714,8215756,8221152,8080042,8085438,880,1,false,false
5314,1,135714,135714,8224008,8229404,8088294,8093690,881,1,false,false
5315,2,135777,135777,5766996,5771368,5631219,5635591,599,1,false,false
5316,2,135777,135777,5778084,5782200,5642307,5646423,600,1,false,false
5317,2,135777,135777,5787892,5792008,5652115,5656231,601,1,false,false
5318,2,135777,135777,5797700,5801816,5661923,5666039,602,1,false,false
5319,2,135808,135808,5807252,5810088,5671444,5674280,603,1,false,false
5320,2,135808,135808,5815268,5818104,5679460,5682296,604,1,false,false
5321,2,135808,135808,5823796,5826376,5687988,5690568,605,1,false,false
5322,2,135808,135808,5832068,5834648,5696260,5698840,606,1,false,false
5323,1,135809,135809,8232260,8235096,8096451,8099287,882,1,false,false
5324,1,135809,135809,8237696,8240532,8101887,8104723,883,1,false,false
5325,1,135809,135809,8244156,8246736,8108347,8110927,884,1,false,false
5326,1,135809,135809,8250872,8253452,8115063,8117643,885,1,false,false
5327,2,135840,135840,5840084,5842920,5704244,5707080,607,1,false,false
5328,2,135840,135840,5848100,5850936,5712260,5715096,608,1,false,false
5329,2,135840,135840,5857908,5860488,5722068,5724648,609,1,false,false
5330,2,135840,135840,5867460,5870040,5731620,5734200,610,1,false,false
5331,1,135840,135840,8257588,8260936,8121748,8125096,886,1,false,false
5332,1,135840,135840,8264816,8268164,8128976,8132324,887,1,false,false
5333,1,135840,135840,8272300,8275648,8136460,8139808,888,1,false,false
5334,1,135840,135840,8279784,8283132,8143944,8147292,889,1,false,false
5335,1,135841,135841,8287268,8289336,8151427,8153495,890,1,false,false
5336,1,135841,135841,8293216,8295284,8157375,8159443,891,1,false,false
5337,1,135841,135841,8299420,8301488,8163579,8165647,892,1,false,false
5338,1,135841,135841,8304856,8306924,8169015,8171083,893,1,false,false
5339,2,135872,135872,5876756,5880104,5740884,5744232,611,1,false,false
5340,2,135872,135872,5886820,5890168,5750948,5754296,612,1,false,false
5341,2,135872,135872,5898676,5902024,5762804,5766152,613,1,false,false
5342,2,135872,135872,5908996,5912344,5773124,5776472,614,1,false,false
5343,2,135872,135872,5919060,5923432,5783188,5787560,615,1,false,false
5344,2,135872,135872,5930148,5934264,5794276,5798392,616,1,false,false
5345,2,135872,135872,5939700,5943816,5803828,5807944,617,1,false,false
5346,2,135872,135872,5950788,5954904,5814916,5819032,618,1,false,false
5347,1,135904,135904,8310292,8313128,8174388,8177224,894,1,false,false
5348,1,135904,135904,8316496,8319332,8180592,8183428,895,1,false,false
5349,1,135904,135904,8322956,8325536,8187052,8189632,896,1,false,false
5350,1,135904,135904,8328904,8331484,8193000,8195580,897,1,false,false
5351,1,135905,135905,8334852,8336920,8198947,8201015,898,1,false,false
5352,1,135905,135905,8340288,8342356,8204383,8206451,899,1,false,false
5353,1,135905,135905,8345980,8348048,8210075,8212143,900,1,false,false
5354,1,135905,135905,8351416,8353484,8215511,8217579,901,1,false,false
5355,1,135906,135906,8356852,8360456,8220946,8224550,902,1,false,false
5356,1,135906,135906,8363824,8367172,8227918,8231266,903,1,false,false
5357,1,135906,135906,8370028,8373376,8234122,8237470,904,1,false,false
5358,1,135906,135906,8376232,8379580,8240326,8243674,905,1,false,false
5359,1,135936,135936,8382436,8385272,8246500,8249336,906,1,false,false
5360,1,135936,135936,8387872,8390708,8251936,8254772,907,1,false,false
5361,1,135936,135936,8394844,8397424,8258908,8261488,908,1,false,false
5362,1,135936,135936,8401560,8404140,8265624,8268204,909,1,false,false
5363,2,135937,135937,5961620,5963688,5825683,5827751,619,1,false,false
5364,2,135937,135937,5970148,5972216,5834211,5836279,620,1,false,false
5365,2,135937,135937,5977908,5979976,5841971,5844039,621,1,false,false
5366,2,135937,135937,5986436,5988504,5850499,5852567,622,1,false,false
5367,1,136000,136000,8408276,8410344,8272276,8274344,910,1,false,false
5368,1,136000,136000,8414480,8416548,8278480,8280548,911,1,false,false
5369,1,136000,136000,8421452,8423520,8285452,8287520,912,1,false,false
5370,1,136000,136000,8428424,8430492,8292424,8294492,913,1,false,false
5371,2,136001,136001,5994964,5999336,5858963,5863335,623,1,false,false
5372,2,136001,136001,6005028,6009144,5869027,5873143,624,1,false,false
5373,2,136001,136001,6017140,6021256,5881139,5885255,625,1,false,false
5374,2,136001,136001,6029508,6033624,5893507,5897623,626,1,false,false
5375,1,136002,136002,8435396,8438232,8299394,8302230,914,1,false,false
5376,1,136002,136002,8442880,8445716,8306878,8309714,915,1,false,false
5377,1,136002,136002,8449852,8452432,8313850,8316430,916,1,false,false
5378,1,136002,136002,8456568,8459148,8320566,8323146,917,1,false,false
5379,2,136002,136002,6041876,6044712,5905874,5908710,627,1,false,false
5380,2,136002,136002,6052196,6055032,5916194,5919030,628,1,false,false
5381,2,136002,136002,6061236,6063816,5925234,5927814,629,1,false,false
5382,2,136002,136002,6070276,6072856,5934274,5936854,630,1,false,false
5383,1,136032,136032,8463284,8466632,8327252,8330600,918,1,false,false
5384,1,136032,136032,8470768,8474116,8334736,8338084,919,1,false,false
5385,1,136032,136032,8478252,8481600,8342220,8345568,920,1,false,false
5386,1,136032,136032,8485736,8489084,8349704,8353052,921,1,false,false
5387,0,136032,136032,12886152,12886428,12750120,12750396,1884,1,false,false
5388,1,136033,136033,8493220,8496056,8357187,8360023,922,1,false,false
5389,1,136033,136033,8500192,8503028,8364159,8366995,923,1,false,false
5390,1,136033,136033,8506652,8509232,8370619,8373199,924,1,false,false
5391,1,136033,136033,8513368,8515948,8377335,8379915,925,1,false,false
5392,1,136064,136064,8520084,8523688,8384020,8387624,926,1,false,false
5393,1,136064,136064,8527568,8530916,8391504,8394852,927,1,false,false
5394,1,136064,136064,8534284,8537632,8398220,8401568,928,1,false,false
5395,1,136064,136064,8540488,8543836,8404424,8407772,929,1,false,false
5396,1,136065,136065,8546692,8550296,8410627,8414231,930,1,false,false
5397,1,136065,136065,8552896,8556244,8416831,8420179,931,1,false,false
5398,1,136065,136065,8560380,8563728,8424315,8427663,932,1,false,false
5399,1,136065,136065,8567864,8571212,8431799,8435147,933,1,false,false
5400,1,136160,136160,8575348,8578184,8439188,8442024,934,1,false,false
5401,1,136160,136160,8582064,8584900,8445904,8448740,935,1,false,false
5402,1,136160,136160,8589036,8591616,8452876,8455456,936,1,false,false
5403,1,136160,136160,8596520,8599100,8460360,8462940,937,1,false,false
5404,2,136160,136160,6079060,6081896,5942900,5945736,631,1,false,false
5405,2,136160,136160,6087588,6090424,5951428,5954264,632,1,false,false
5406,2,136160,136160,6100212,6103048,5964052,5966888,633,1,false,false
5407,2,136160,136160,6112068,6114904,5975908,5978744,634,1,false,false
5408,1,136193,136193,8604004,8606840,8467811,8470647,938,1,false,false
5409,1,136193,136193,8611744,8614580,8475551,8478387,939,1,false,false
5410,1,136193,136193,8620764,8623344,8484571,8487151,940,1,false,false
5411,1,136193,136193,8629528,8632108,8493335,8495915,941,1,false,false
5412,1,136193,136193,8638292,8642408,8502099,8506215,942,1,false,false
5413,1,136193,136193,8648336,8652452,8512143,8516259,943,1,false,false
5414,1,136193,136193,8655564,8659680,8519371,8523487,944,1,false,false
5415,1,136193,136193,8663048,8666908,8526855,8530715,945,1,false,false
5416,1,136225,136225,8670276,8673624,8534051,8537399,946,1,false,false
5417,1,136225,136225,8676736,8680084,8540511,8543859,947,1,false,false
5418,1,136225,136225,8684220,8687568,8547995,8551343,948,1,false,false
5419,1,136225,136225,8691704,8695052,8555479,8558827,949,1,false,false
5420,1,136256,136256,8699188,8702792,8562932,8566536,950,1,false,false
5421,1,136256,136256,8706672,8710020,8570416,8573764,951,1,false,false
5422,1,136256,136256,8713388,8716736,8577132,8580480,952,1,false,false
5423,1,136256,136256,8718312,8721660,8582056,8585404,953,1,false,false
5424,2,136257,136257,6123924,6128296,5987667,5992039,635,1,false,false
5425,2,136257,136257,6137060,6141176,6000803,6004919,636,1,false,false
5426,2,136257,136257,6148148,6152264,6011891,6016007,637,1,false,false
5427,2,136257,136257,6159236,6163352,6022979,6027095,638,1,false,false
5428,2,136257,136257,6170068,6173416,6033811,6037159,639,1,false,false
5429,2,136257,136257,6179876,6183224,6043619,6046967,640,1,false,false
5430,2,136257,136257,6190196,6193544,6053939,6057287,641,1,false,false
5431,2,136257,136257,6201284,6204632,6065027,6068375,642,1,false,false
5432,1,136288,136288,8723236,8726072,8586948,8589784,954,1,false,false
5433,1,136288,136288,8727392,8730228,8591104,8593940,955,1,false,false
5434,1,136288,136288,8732828,8735408,8596540,8599120,956,1,false,false
5435,1,136288,136288,8739544,8742124,8603256,8605836,957,1,false,false
5436,1,136320,136320,8746260,8749864,8609940,8613544,958,1,false,false
5437,1,136320,136320,8754000,8757348,8617680,8621028,959,1,false,false
5438,1,136320,136320,8761484,8764832,8625164,8628512,960,1,false,false
5439,1,136320,136320,8768968,8772316,8632648,8635996,961,1,false,false
5440,2,136352,136352,6212116,6215720,6075764,6079368,643,1,false,false
5441,2,136352,136352,6222948,6226296,6086596,6089944,644,1,false,false
5442,2,136352,136352,6232500,6235848,6096148,6099496,645,1,false,false
5443,2,136352,136352,6241540,6244888,6105188,6108536,646,1,false,false
5444,2,136353,136353,6250324,6253160,6113971,6116807,647,1,false,false
5445,2,136353,136353,6258340,6261176,6121987,6124823,648,1,false,false
5446,2,136353,136353,6267380,6270216,6131027,6133863,649,1,false,false
5447,2,136353,136353,6277188,6279768,6140835,6143415,650,1,false,false
5448,2,136353,136353,6286740,6290344,6150387,6153991,651,1,false,false
5449,2,136353,136353,6297060,6300408,6160707,6164055,652,1,false,false
5450,2,136353,136353,6308660,6312008,6172307,6175655,653,1,false,false
5451,2,136353,136353,6319492,6322840,6183139,6186487,654,1,false,false
5452,2,136384,136384,6330324,6334696,6193940,6198312,655,1,false,false
5453,2,136384,136384,6342180,6346296,6205796,6209912,656,1,false,false
5454,2,136384,136384,6352500,6356616,6216116,6220232,657,1,false,false
5455,2,136384,136384,6362820,6366936,6226436,6230552,658,1,false,false
5456,1,136385,136385,8776452,8779800,8640067,8643415,962,1,false,false
5457,1,136385,136385,8783680,8787028,8647295,8650643,963,1,false,false
5458,1,136385,136385,8789884,8793232,8653499,8656847,964,1,false,false
5459,1,136385,136385,8796088,8799436,8659703,8663051,965,1,false,false
5460,2,136386,136386,6373140,6376744,6236754,6240358,659,1,false,false
5461,2,136386,136386,6382948,6386296,6246562,6249910,660,1,false,false
5462,2,136386,136386,6393268,6396616,6256882,6260230,661,1,false,false
5463,2,136386,136386,6405124,6408472,6268738,6272086,662,1,false,false
5464,1,136417,136417,8802292,8806408,8665875,8669991,966,1,false,false
5465,1,136417,136417,8809008,8813124,8672591,8676707,967,1,false,false
5466,1,136417,136417,8815980,8820096,8679563,8683679,968,1,false,false
5467,1,136417,136417,8822952,8826812,8686535,8690395,969,1,false,false
5468,1,136448,136448,8829668,8832504,8693220,8696056,970,1,false,false
5469,1,136448,136448,8835104,8837940,8698656,8701492,971,1,false,false
5470,1,136448,136448,8840796,8843376,8704348,8706928,972,1,false,false
5471,1,136448,136448,8847000,8849580,8710552,8713132,973,1,false,false
5472,1,136449,136449,8853204,8856040,8716755,8719591,974,1,false,false
5473,1,136449,136449,8859152,8861988,8722703,8725539,975,1,false,false
5474,1,136449,136449,8865356,8867936,8728907,8731487,976,1,false,false
5475,1,136449,136449,8870792,8873372,8734343,8736923,977,1,false,false
5476,3,136450,136450,12919792,12923396,12783342,12786946,1897,1,false,false
5477,3,136450,136450,12923396,12926744,12786946,12790294,1898,1,false,false
5478,3,136450,136450,12926744,12930092,12790294,12793642,1899,1,false,false
5479,3,136450,136450,12930092,12933440,12793642,12796990,1900,1,false,false
5480,2,136544,136544,6416724,6420328,6280180,6283784,663,1,false,false
5481,2,136544,136544,6428324,6431672,6291780,6295128,664,1,false,false
5482,2,136544,136544,6440692,6444040,6304148,6307496,665,1,false,false
5483,2,136544,136544,6451780,6455128,6315236,6318584,666,1,false,false
5484,1,136544,136544,8876228,8879064,8739684,8742520,978,1,false,false
5485,1,136544,136544,8881664,8884500,8745120,8747956,979,1,false,false
5486,1,136544,136544,8887356,8889936,8750812,8753392,980,1,false,false
5487,1,136544,136544,8892792,8895372,8756248,8758828,981,1,false,false
5488,1,136673,136673,8898228,8901576,8761555,8764903,982,1,false,false
5489,1,136673,136673,8904176,8907524,8767503,8770851,983,1,false,false
5490,1,136673,136673,8911148,8914496,8774475,8777823,984,1,false,false
5491,1,136673,136673,8918632,8921980,8781959,8785307,985,1,false,false
5492,1,136705,136705,8926116,8928952,8789411,8792247,986,1,false,false
5493,1,136705,136705,8932832,8935668,8796127,8798963,987,1,false,false
5494,1,136705,136705,8940316,8942896,8803611,8806191,988,1,false,false
5495,1,136705,136705,8947800,8950380,8811095,8813675,989,1,false,false
5496,1,136705,136705,8955284,8958120,8818579,8821415,990,1,false,false
5497,1,136705,136705,8962768,8965604,8826063,8828899,991,1,false,false
5498,1,136705,136705,8968972,8971552,8832267,8834847,992,1,false,false
5499,1,136705,136705,8974408,8976988,8837703,8840283,993,1,false,false
5500,1,136737,136737,8979844,8983448,8843107,8846711,994,1,false,false
5501,1,136737,136737,8986048,8989396,8849311,8852659,995,1,false,false
5502,1,136737,136737,8993020,8996368,8856283,8859631,996,1,false,false
5503,1,136737,136737,9000504,9003852,8863767,8867115,997,1,false,false
5504,1,136864,136864,9007988,9010824,8871124,8873960,998,1,false,false
5505,1,136864,136864,9014960,9017796,8878096,8880932,999,1,false,false
5506,1,136864,136864,9021932,9024512,8885068,8887648,1000,1,false,false
5507,1,136864,136864,9027880,9030460,8891016,8893596,1001,1,false,false
5508,3,136865,136865,12933440,12937556,12796575,12800691,1901,1,false,false
5509,3,136865,136865,12937556,12941672,12800691,12804807,1902,1,false,false
5510,3,136865,136865,12941672,12945788,12804807,12808923,1903,1,false,false
5511,3,136865,136865,12945788,12949648,12808923,12812783,1904,1,false,false
5512,2,136960,136960,6462612,6466984,6325652,6330024,667,1,false,false
5513,2,136960,136960,6474212,6478328,6337252,6341368,668,1,false,false
5514,2,136960,136960,6481460,6485576,6344500,6348616,669,1,false,false
5515,2,136960,136960,6491268,6495384,6354308,6358424,670,1,false,false
5516,1,136961,136961,9033828,9036664,8896867,8899703,1002,1,false,false
5517,1,136961,136961,9040032,9042868,8903071,8905907,1003,1,false,false
5518,1,136961,136961,9047004,9049584,8910043,8912623,1004,1,false,false
5519,1,136961,136961,9054488,9057068,8917527,8920107,1005,1,false,false
5520,2,136992,136992,6501076,6504424,6364084,6367432,671,1,false,false
5521,2,136992,136992,6509604,6512952,6372612,6375960,672,1,false,false
5522,2,136992,136992,6518900,6522248,6381908,6385256,673,1,false,false
5523,2,136992,136992,6529220,6532568,6392228,6395576,674,1,false,false
5524,0,136992,136992,12889264,12889540,12752272,12752548,1885,1,false,false
5525,2,136992,136992,6539540,6542376,6402548,6405384,675,1,false,false
5526,2,136992,136992,6549092,6551928,6412100,6414936,676,1,false,false
5527,2,136992,136992,6559156,6561736,6422164,6424744,677,1,false,false
5528,2,136992,136992,6568708,6571288,6431716,6434296,678,1,false,false
5529,1,137025,137025,9061972,9064808,8924947,8927783,1006,1,false,false
5530,1,137025,137025,9069456,9072292,8932431,8935267,1007,1,false,false
5531,1,137025,137025,9075660,9078240,8938635,8941215,1008,1,false,false
5532,1,137025,137025,9081096,9083676,8944071,8946651,1009,1,false,false
5533,1,137025,137025,9086532,9090136,8949507,8953111,1010,1,false,false
5534,1,137025,137025,9092736,9096084,8955711,8959059,1011,1,false,false
5535,1,137025,137025,9099708,9103056,8962683,8966031,1012,1,false,false
5536,1,137025,137025,9106424,9109772,8969399,8972747,1013,1,false,false
5537,1,137056,137056,9113140,9118792,8976084,8981736,1014,1,false,false
5538,1,137056,137056,9122160,9127812,8985104,8990756,1015,1,false,false
5539,1,137056,137056,9130668,9136320,8993612,8999264,1016,1,false,false
5540,1,137056,137056,9139176,9144572,9002120,9007516,1017,1,false,false
5541,1,137121,137121,9147428,9150264,9010307,9013143,1018,1,false,false
5542,1,137121,137121,9152864,9155700,9015743,9018579,1019,1,false,false
5543,1,137121,137121,9158556,9161136,9021435,9024015,1020,1,false,false
5544,1,137121,137121,9163992,9166572,9026871,9029451,1021,1,false,false
5545,1,137216,137216,9169428,9172264,9032212,9035048,1022,1,false,false
5546,1,137216,137216,9174864,9177700,9037648,9040484,1023,1,false,false
5547,1,137216,137216,9181324,9183904,9044108,9046688,1024,1,false,false
5548,1,137216,137216,9187272,9189852,9050056,9052636,1025,1,false,false
5549,1,137217,137217,9193220,9196056,9056003,9058839,1026,1,false,false
5550,1,137217,137217,9199424,9202260,9062207,9065043,1027,1,false,false
5551,1,137217,137217,9206652,9209232,9069435,9072015,1028,1,false,false
5552,1,137217,137217,9214392,9216972,9077175,9079755,1029,1,false,false
5553,1,137249,137249,9222132,9225736,9084883,9088487,1030,1,false,false
5554,1,137249,137249,9230384,9233732,9093135,9096483,1031,1,false,false
5555,1,137249,137249,9238380,9241728,9101131,9104479,1032,1,false,false
5556,1,137249,137249,9246632,9249980,9109383,9112731,1033,1,false,false
5557,2,137280,137280,6578260,6582632,6440980,6445352,679,1,false,false
5558,2,137280,137280,6589348,6593464,6452068,6456184,680,1,false,false
5559,2,137280,137280,6600180,6604296,6462900,6467016,681,1,false,false
5560,2,137280,137280,6611268,6615384,6473988,6478104,682,1,false,false
5561,1,137281,137281,9254884,9257720,9117603,9120439,1034,1,false,false
5562,1,137281,137281,9262624,9265460,9125343,9128179,1035,1,false,false
5563,1,137281,137281,9270108,9272688,9132827,9135407,1036,1,false,false
5564,1,137281,137281,9277592,9280172,9140311,9142891,1037,1,false,false
5565,1,137313,137313,9285076,9287912,9147763,9150599,1038,1,false,false
5566,1,137313,137313,9292816,9295652,9155503,9158339,1039,1,false,false
5567,1,137313,137313,9299020,9301600,9161707,9164287,1040,1,false,false
5568,1,137313,137313,9304456,9307036,9167143,9169723,1041,1,false,false
5569,1,137408,137408,9309892,9315288,9172484,9177880,1042,1,false,false
5570,1,137408,137408,9317888,9323284,9180480,9185876,1043,1,false,false
5571,1,137408,137408,9327420,9332816,9190012,9195408,1044,1,false,false
5572,1,137408,137408,9337720,9342860,9200312,9205452,1045,1,false,false
5573,1,137408,137408,9347764,9350600,9210356,9213192,1046,1,false,false
5574,1,137408,137408,9355248,9358084,9217840,9220676,1047,1,false,false
5575,1,137408,137408,9361452,9364032,9224044,9226624,1048,1,false,false
5576,1,137408,137408,9368424,9371004,9231016,9233596,1049,1,false,false
5577,1,137440,137440,9375140,9377976,9237700,9240536,1050,1,false,false
5578,1,137440,137440,9381856,9384692,9244416,9247252,1051,1,false,false
5579,1,137440,137440,9389596,9392432,9252156,9254992,1052,1,false,false
5580,1,137440,137440,9395800,9398380,9258360,9260940,1053,1,false,false
5581,1,137472,137472,9401748,9405352,9264276,9267880,1054,1,false,false
5582,1,137472,137472,9408720,9412068,9271248,9274596,1055,1,false,false
5583,1,137472,137472,9416204,9419552,9278732,9282080,1056,1,false,false
5584,1,137472,137472,9423688,9427036,9286216,9289564,1057,1,false,false
5585,1,137472,137472,9431172,9433240,9293700,9295768,1058,1,false,false
5586,1,137472,137472,9437120,9439188,9299648,9301716,1059,1,false,false
5587,1,137472,137472,9442044,9444112,9304572,9306640,1060,1,false,false
5588,1,137472,137472,9446968,9449036,9309496,9311564,1061,1,false,false
5589,1,137473,137473,9451892,9454728,9314419,9317255,1062,1,false,false
5590,1,137473,137473,9457328,9460164,9319855,9322691,1063,1,false,false
5591,1,137473,137473,9463020,9465600,9325547,9328127,1064,1,false,false
5592,1,137473,137473,9468456,9471036,9330983,9333563,1065,1,false,false
5593,1,137505,137505,9473892,9476728,9336387,9339223,1066,1,false,false
5594,1,137505,137505,9479328,9482164,9341823,9344659,1067,1,false,false
5595,1,137505,137505,9486300,9488880,9348795,9351375,1068,1,false,false
5596,1,137505,137505,9492760,9495340,9355255,9357835,1069,1,false,false
5597,1,137568,137568,9499220,9502056,9361652,9364488,1070,1,false,false
5598,1,137568,137568,9505936,9508772,9368368,9371204,1071,1,false,false
5599,1,137568,137568,9511628,9514208,9374060,9376640,1072,1,false,false
5600,1,137568,137568,9517064,9519644,9379496,9382076,1073,1,false,false
5601,2,137570,137570,6622356,6625192,6484786,6487622,683,1,false,false
5602,2,137570,137570,6631908,6634744,6494338,6497174,684,1,false,false
5603,2,137570,137570,6642228,6644808,6504658,6507238,685,1,false,false
5604,2,137570,137570,6653316,6655896,6515746,6518326,686,1,false,false
5605,2,137601,137601,6664148,6667752,6526547,6530151,687,1,false,false
5606,2,137601,137601,6675492,6678840,6537891,6541239,688,1,false,false
5607,2,137601,137601,6686068,6689416,6548467,6551815,689,1,false,false
5608,2,137601,137601,6696388,6699736,6558787,6562135,690,1,false,false
5609,1,137728,137728,9522500,9526616,9384772,9388888,1074,1,false,false
5610,1,137728,137728,9529216,9533332,9391488,9395604,1075,1,false,false
5611,1,137728,137728,9536188,9540304,9398460,9402576,1076,1,false,false
5612,1,137728,137728,9543928,9547788,9406200,9410060,1077,1,false,false
5613,2,137729,137729,6706708,6709544,6568979,6571815,691,1,false,false
5614,2,137729,137729,6716004,6718840,6578275,6581111,692,1,false,false
5615,2,137729,137729,6725044,6727624,6587315,6589895,693,1,false,false
5616,2,137729,137729,6736644,6739224,6598915,6601495,694,1,false,false
5617,1,137729,137729,9551412,9551688,9413683,9413959,1078,1,false,false
5618,1,137857,137857,9555056,9557892,9417199,9420035,1079,1,false,false
5619,1,137857,137857,9561260,9564096,9423403,9426239,1080,1,false,false
5620,1,137857,137857,9566184,9568764,9428327,9430907,1081,1,false,false
5621,1,137857,137857,9570852,9573432,9432995,9435575,1082,1,false,false
5622,1,137920,137920,9575264,9578100,9437344,9440180,1083,1,false,false
5623,1,137920,137920,9581980,9584816,9444060,9446896,1084,1,false,false
5624,1,137920,137920,9590488,9593068,9452568,9455148,1085,1,false,false
5625,1,137920,137920,9598484,9601064,9460564,9463144,1086,1,false,false
5626,2,137920,137920,6748244,6751080,6610324,6613160,694,1,false,false
5627,2,137920,137920,6760100,6762936,6622180,6625016,695,1,false,false
5628,2,137920,137920,6771956,6774536,6634036,6636616,696,1,false,false
5629,2,137920,137920,6780740,6783320,6642820,6645400,697,1,false,false
5630,2,138080,138080,6789524,6793896,6651444,6655816,698,1,false,false
5631,2,138080,138080,6799844,6803960,6661764,6665880,699,1,false,false
5632,2,138080,138080,6810676,6814792,6672596,6676712,700,1,false,false
5633,2,138080,138080,6820996,6825112,6682916,6687032,701,1,false,false
5634,2,138177,138177,6831316,6832104,6693139,6693927,702,1,false,false
5635,2,138177,138177,6838308,6839096,6700131,6700919,703,1,false,false
5636,2,138177,138177,6845300,6846088,6707123,6707911,704,1,false,false
5637,2,138177,138177,6853060,6853848,6714883,6715671,705,1,false,false
5638,1,138240,138240,9606224,9609060,9467984,9470820,1087,1,false,false
5639,1,138240,138240,9613196,9616032,9474956,9477792,1088,1,false,false
5640,1,138240,138240,9619400,9621980,9481160,9483740,1089,1,false,false
5641,1,138240,138240,9625348,9627928,9487108,9489688,1090,1,false,false
5642,2,138304,138304,6860820,6863656,6722516,6725352,706,1,false,false
5643,2,138304,138304,6870372,6873208,6732068,6734904,707,1,false,false
5644,2,138304,138304,6878644,6881224,6740340,6742920,708,1,false,false
5645,2,138304,138304,6886916,6889496,6748612,6751192,709,1,false,false
5646,1,138496,138496,9631296,9634132,9492800,9495636,1091,1,false,false
5647,1,138496,138496,9638268,9641104,9499772,9502608,1092,1,false,false
5648,1,138496,138496,9648568,9651148,9510072,9512652,1093,1,false,false
5649,1,138496,138496,9658612,9661192,9520116,9522696,1094,1,false,false
5650,2,138561,138561,6895188,6898024,6756627,6759463,710,1,false,false
5651,2,138561,138561,6903204,6906040,6764643,6767479,711,1,false,false
5652,2,138561,138561,6912244,6914824,6773683,6776263,712,1,false,false
5653,2,138561,138561,6921028,6923608,6782467,6785047,713,1,false,false
5654,1,138625,138625,9668656,9671492,9530031,9532867,1095,1,false,false
5655,1,138625,138625,9678444,9681280,9539819,9542655,1096,1,false,false
5656,1,138625,138625,9684648,9687484,9546023,9548859,1097,1,false,false
5657,1,138625,138625,9690852,9693432,9552227,9554807,1098,1,false,false
5658,1,138657,138657,9696800,9699636,9558143,9560979,1099,1,false,false
5659,1,138657,138657,9702492,9705328,9563835,9566671,1100,1,false,false
5660,1,138657,138657,9708952,9711532,9570295,9572875,1101,1,false,false
5661,1,138657,138657,9715156,9717736,9576499,9579079,1102,1,false,false
5662,1,138689,138689,9721104,9723940,9582415,9585251,1103,1,false,false
5663,1,138689,138689,9728076,9730912,9589387,9592223,1104,1,false,false
5664,1,138689,138689,9734280,9736860,9595591,9598171,1105,1,false,false
5665,1,138689,138689,9740228,9742808,9601539,9604119,1106,1,false,false
5666,2,138784,138784,6929812,6932648,6791028,6793864,714,1,false,false
5667,2,138784,138784,6938596,6941432,6799812,6802648,715,1,false,false
5668,2,138784,138784,6946868,6949448,6808084,6810664,716,1,false,false
5669,2,138784,138784,6955652,6958232,6816868,6819448,717,1,false,false
5670,1,139040,139040,9746176,9749012,9607136,9609972,1107,1,false,false
5671,1,139040,139040,9751868,9754704,9612828,9615664,1108,1,false,false
5672,1,139040,139040,9757560,9760140,9618520,9621100,1109,1,false,false
5673,1,139040,139040,9762996,9765576,9623956,9626536,1110,1,false,false
5674,2,139040,139040,6964436,6967272,6825396,6828232,718,1,false,false
5675,2,139040,139040,6973220,6976056,6834180,6837016,719,1,false,false
5676,2,139040,139040,6985076,6987656,6846036,6848616,720,1,false,false
5677,2,139040,139040,6997444,7000024,6858404,6860984,721,1,false,false
5678,1,139072,139072,9768176,9771780,9629104,9632708,1111,1,false,false
5679,1,139072,139072,9774636,9777984,9635564,9638912,1112,1,false,false
5680,1,139072,139072,9781608,9784956,9642536,9645884,1113,1,false,false
5681,1,139072,139072,9788580,9791928,9649508,9652856,1114,1,false,false
5682,1,139232,139232,9795040,9797876,9655808,9658644,1115,1,false,false
5683,1,139232,139232,9802524,9805360,9663292,9666128,1116,1,false,false
5684,1,139232,139232,9810264,9812844,9671032,9673612,1117,1,false,false
5685,1,139232,139232,9817748,9820328,9678516,9681096,1118,1,false,false
5686,1,139234,139234,9824976,9827812,9685742,9688578,1119,1,false,false
5687,1,139234,139234,9831948,9834784,9692714,9695550,1120,1,false,false
5688,1,139234,139234,9838152,9840732,9698918,9701498,1121,1,false,false
5689,1,139234,139234,9844100,9846680,9704866,9707446,1122,1,false,false
5690,2,139328,139328,7009556,7012392,6870228,6873064,722,1,false,false
5691,2,139328,139328,7021924,7024760,6882596,6885432,723,1,false,false
5692,2,139328,139328,7032500,7035080,6893172,6895752,724,1,false,false
5693,2,139328,139328,7042820,7045400,6903492,6906072,725,1,false,false
5694,1,139392,139392,9850048,9850324,9710656,9710932,1123,1,false,false
5695,1,139424,139424,9853180,9857296,9713756,9717872,1124,1,false,false
5696,1,139424,139424,9860152,9864268,9720728,9724844,1125,1,false,false
5697,1,139424,139424,9867124,9871240,9727700,9731816,1126,1,false,false
5698,1,139424,139424,9873840,9877700,9734416,9738276,1127,1,false,false
5699,1,139488,139488,9881836,9885440,9742348,9745952,1128,1,false,false
5700,1,139488,139488,9889576,9892924,9750088,9753436,1129,1,false,false
5701,1,139488,139488,9897060,9900408,9757572,9760920,1130,1,false,false
5702,1,139488,139488,9904288,9907636,9764800,9768148,1131,1,false,false
5703,1,139552,139552,9910236,9913072,9770684,9773520,1132,1,false,false
5704,1,139552,139552,9915928,9918764,9776376,9779212,1133,1,false,false
5705,1,139552,139552,9921620,9924200,9782068,9784648,1134,1,false,false
5706,1,139552,139552,9926800,9929380,9787248,9789828,1135,1,false,false
5707,1,139553,139553,9932236,9935840,9792683,9796287,1136,1,false,false
5708,1,139553,139553,9939464,9942812,9799911,9803259,1137,1,false,false
5709,1,139553,139553,9946436,9949784,9806883,9810231,1138,1,false,false
5710,1,139553,139553,9952896,9956244,9813343,9816691,1139,1,false,false
5711,2,139904,139904,7052884,7055720,6912980,6915816,726,1,false,false
5712,2,139904,139904,7063204,7066040,6923300,6926136,727,1,false,false
5713,2,139904,139904,7073524,7076104,6933620,6936200,728,1,false,false
5714,2,139904,139904,7081540,7084120,6941636,6944216,729,1,false,false
5715,1,139969,139969,9960380,9963216,9820411,9823247,1140,1,false,false
5716,1,139969,139969,9966584,9969420,9826615,9829451,1141,1,false,false
5717,1,139969,139969,9972788,9975368,9832819,9835399,1142,1,false,false
5718,1,139969,139969,9978736,9981316,9838767,9841347,1143,1,false,false
5719,2,140033,140033,7089556,7092392,6949523,6952359,730,1,false,false
5720,2,140033,140033,7097572,7100408,6957539,6960375,731,1,false,false
5721,2,140033,140033,7105588,7108168,6965555,6968135,732,1,false,false
5722,2,140033,140033,7114372,7116952,6974339,6976919,733,1,false,false
5723,2,140768,140768,7123156,7127528,6982388,6986760,734,1,false,false
5724,2,140768,140768,7133476,7137848,6992708,6997080,735,1,false,false
5725,2,140768,140768,7144564,7148680,7003796,7007912,736,1,false,false
5726,2,140768,140768,7157188,7161304,7016420,7020536,737,1,false,false
5727,1,140960,140960,9984940,9987776,9843980,9846816,1144,1,false,false
5728,1,140960,140960,9991144,9993980,9850184,9853020,1145,1,false,false
5729,1,140960,140960,9997348,9999928,9856388,9858968,1146,1,false,false
5730,1,140960,140960,10003296,10005876,9862336,9864916,1147,1,false,false
5731,2,140992,140992,7169556,7172392,7028564,7031400,738,1,false,false
5732,2,140992,140992,7180644,7183480,7039652,7042488,739,1,false,false
5733,2,140992,140992,7190196,7192776,7049204,7051784,740,1,false,false
5734,2,140992,140992,7198468,7201048,7057476,7060056,741,1,false,false
5735,1,141025,141025,10009500,10011568,9868475,9870543,1148,1,false,false
5736,1,141025,141025,10014936,10017004,9873911,9875979,1149,1,false,false
5737,1,141025,141025,10020372,10022440,9879347,9881415,1150,1,false,false
5738,1,141025,141025,10025808,10027876,9884783,9886851,1151,1,false,false
5739,3,141440,141440,12949648,12951716,12808208,12810276,1904,1,false,false
5740,3,141440,141440,12951716,12953784,12810276,12812344,1905,1,false,false
5741,3,141440,141440,12953784,12955852,12812344,12814412,1906,1,false,false
5742,3,141440,141440,12955852,12957920,12814412,12816480,1907,1,false,false
5743,1,141857,141857,10030732,10033568,9888875,9891711,1152,1,false,false
5744,1,141857,141857,10035912,10038748,9894055,9896891,1153,1,false,false
5745,1,141857,141857,10040836,10043416,9898979,9901559,1154,1,false,false
5746,1,141857,141857,10045248,10047828,9903391,9905971,1155,1,false,false
5747,2,142016,142016,7206740,7209576,7064724,7067560,742,1,false,false
5748,2,142016,142016,7214756,7217592,7072740,7075576,743,1,false,false
5749,2,142016,142016,7223028,7225608,7081012,7083592,744,1,false,false
5750,2,142016,142016,7231300,7233880,7089284,7091864,745,1,false,false
5751,2,142369,142369,7239572,7242408,7097203,7100039,746,1,false,false
5752,2,142369,142369,7247588,7250424,7105219,7108055,747,1,false,false
5753,2,142369,142369,7257140,7259720,7114771,7117351,748,1,false,false
5754,2,142369,142369,7266692,7269272,7124323,7126903,749,1,false,false
5755,1,143329,143329,10049916,10052752,9906587,9909423,1155,1,false,false
5756,1,143329,143329,10056376,10059212,9913047,9915883,1156,1,false,false
5757,1,143329,143329,10062836,10065416,9919507,9922087,1157,1,false,false
5758,1,143329,143329,10068528,10071108,9925199,9927779,1158,1,false,false
5759,2,143362,143362,7276244,7279080,7132882,7135718,750,1,false,false
5760,2,143362,143362,7285796,7288632,7142434,7145270,751,1,false,false
5761,2,143362,143362,7294068,7296648,7150706,7153286,752,1,false,false
5762,2,143362,143362,7302340,7304920,7158978,7161558,753,1,false,false
5763,2,143456,143456,7310612,7313448,7167156,7169992,754,1,false,false
5764,2,143456,143456,7318628,7321464,7175172,7178008,755,1,false,false
5765,2,143456,143456,7326900,7329480,7183444,7186024,756,1,false,false
5766,2,143456,143456,7335940,7338520,7192484,7195064,757,1,false,false
5767,1,143616,143616,10075244,10078080,9931628,9934464,1159,1,false,false
5768,1,143616,143616,10081448,10084284,9937832,9940668,1160,1,false,false
5769,1,143616,143616,10087652,10090232,9944036,9946616,1161,1,false,false
5770,1,143616,143616,10093600,10096180,9949984,9952564,1162,1,false,false
5771,1,148128,148128,10099036,10102640,9950908,9954512,1163,1,false,false
5772,1,148128,148128,10104728,10108076,9956600,9959948,1164,1,false,false
5773,1,148128,148128,10110164,10113512,9962036,9965384,1165,1,false,false
5774,1,148128,148128,10115344,10118692,9967216,9970564,1166,1,false,false
5775,1,149473,149473,10121804,10125408,9972331,9975935,1167,1,false,false
5776,1,149473,149473,10129544,10132892,9980071,9983419,1168,1,false,false
5777,1,149473,149473,10137028,10140376,9987555,9990903,1169,1,false,false
5778,1,149473,149473,10144512,10147860,9995039,9998387,1170,1,false,false
5779,1,150274,150274,10150716,10153552,10000442,10003278,1171,1,false,false
5780,1,150274,150274,10156408,10159244,10006134,10008970,1172,1,false,false
5781,1,150274,150274,10162100,10164680,10011826,10014406,1173,1,false,false
5782,1,150274,150274,10167280,10169860,10017006,10019586,1174,1,false,false
5783,1,151105,151105,10172716,10175552,10021611,10024447,1175,1,false,false
5784,1,151105,151105,10178408,10181244,10027303,10030139,1176,1,false,false
5785,1,151105,151105,10184100,10186936,10032995,10035831,1177,1,false,false
5786,1,151105,151105,10189536,10192116,10038431,10041011,1178,1,false,false
5787,1,158176,158176,10195740,10200112,10037564,10041936,1178,1,false,false
5788,1,158176,158176,10203480,10207852,10045304,10049676,1179,1,false,false
5789,1,158176,158176,10211220,10215336,10053044,10057160,1180,1,false,false
5790,1,158176,158176,10218704,10222820,10060528,10064644,1181,1,false,false
5791,1,159649,159649,10226956,10231328,10067307,10071679,1182,1,false,false
5792,1,159649,159649,10236232,10240604,10076583,10080955,1183,1,false,false
5793,1,159649,159649,10245508,10249624,10085859,10089975,1184,1,false,false
5794,1,159649,159649,10254528,10258644,10094879,10098995,1185,1,false,false
5795,1,161664,161664,10263292,10264848,10101628,10103184,1185,1,false,false
5796,1,161664,161664,10269752,10271052,10108088,10109388,1186,1,false,false
5797,1,161664,161664,10275956,10277256,10114292,10115592,1187,1,false,false
5798,1,161664,161664,10281904,10283204,10120240,10121540,1188,1,false,false
5799,1,161696,161696,10288620,10294272,10126924,10132576,1189,1,false,false
5800,1,161696,161696,10299176,10304828,10137480,10143132,1190,1,false,false
5801,1,161696,161696,10309476,10315128,10147780,10153432,1191,1,false,false
5802,1,161696,161696,10319776,10325172,10158080,10163476,1192,1,false,false
5803,2,161761,161761,7344724,7347560,7182963,7185799,756,1,false,false
5804,2,161761,161761,7353508,7356344,7191747,7194583,757,1,false,false
5805,2,161761,161761,7363316,7365896,7201555,7204135,758,1,false,false
5806,2,161761,161761,7372868,7375448,7211107,7213687,759,1,false,false
5807,2,161762,161762,7382164,7385000,7220402,7223238,760,1,false,false
5808,2,161762,161762,7391716,7394552,7229954,7232790,761,1,false,false
5809,2,161762,161762,7400756,7403336,7238994,7241574,762,1,false,false
5810,2,161762,161762,7410564,7413144,7248802,7251382,763,1,false,false
5811,2,162144,162144,7420116,7422952,7257972,7260808,764,1,false,false
5812,2,162144,162144,7429668,7432504,7267524,7270360,765,1,false,false
5813,2,162144,162144,7439476,7442056,7277332,7279912,766,1,false,false
5814,2,162144,162144,7447748,7450328,7285604,7288184,767,1,false,false
5815,2,162400,162400,7456020,7458856,7293620,7296456,768,1,false,false
5816,2,162400,162400,7464036,7466872,7301636,7304472,769,1,false,false
5817,2,162400,162400,7472308,7474888,7309908,7312488,770,1,false,false
5818,2,162400,162400,7480580,7483160,7318180,7320760,771,1,false,false
5819,1,162657,162657,10328796,10331632,10166139,10168975,1193,1,false,false
5820,1,162657,162657,10335000,10337836,10172343,10175179,1194,1,false,false
5821,1,162657,162657,10341204,10343784,10178547,10181127,1195,1,false,false
5822,1,162657,162657,10347152,10349732,10184495,10187075,1196,1,false,false
5823,2,163330,163330,7488852,7491688,7325522,7328358,772,1,false,false
5824,2,163330,163330,7496868,7499704,7333538,7336374,773,1,false,false
5825,2,163330,163330,7506420,7509000,7343090,7345670,774,1,false,false
5826,2,163330,163330,7516740,7519320,7353410,7355990,775,1,false,false
5827,2,165889,165889,7527060,7531432,7361171,7365543,775,1,false,false
5828,2,165889,165889,7538660,7543032,7372771,7377143,776,1,false,false
5829,2,165889,165889,7548980,7553096,7383091,7387207,777,1,false,false
5830,2,165889,165889,7559556,7563672,7393667,7397783,778,1,false,false
5831,1,167424,167424,10353868,10356704,10186444,10189280,1197,1,false,false
5832,1,167424,167424,10360840,10363676,10193416,10196252,1198,1,false,false
5833,1,167424,167424,10367812,10370392,10200388,10202968,1199,1,false,false
5834,1,167424,167424,10374528,10377108,10207104,10209684,1200,1,false,false
5835,1,168512,168512,10380732,10383568,10212220,10215056,1201,1,false,false
5836,1,168512,168512,10386936,10389772,10218424,10221260,1202,1,false,false
5837,1,168512,168512,10393140,10395720,10224628,10227208,1203,1,false,false
5838,1,168512,168512,10399088,10401668,10230576,10233156,1204,1,false,false
5839,1,239810,239810,10404524,10407360,10164714,10167550,1197,1,false,false
5840,1,239810,239810,10410216,10413052,10170406,10173242,1198,1,false,false
5841,1,239810,239810,10415908,10418488,10176098,10178678,1199,1,false,false
5842,1,239810,239810,10421088,10423668,10181278,10183858,1200,1,false,false
5843,0,940133,940133,12892376,12893164,11952243,11953031,1801,1,false,false
5844,0,940133,940133,12896000,12896788,11955867,11956655,1802,1,false,false
5845,0,940133,940133,12899368,12900156,11959235,11960023,1803,1,false,false
5846,0,940133,940133,12902224,12902756,11962091,11962623,1804,1,false,false
5847,2,1165477,1165477,7569876,7570152,6404399,6404675,674,1,false,false
