token_id,dst_rank,arrival_cycle,enqueue_cycle,dispatch_cycle,completion_cycle,queue_delay,total_latency,queue_depth_at_enqueue,aggregation_size,credit_stalled,counter_stalled
0,1,0,0,0,10772,0,10772,1,4,false,false
1,1,0,0,0,10772,0,10772,2,4,false,false
2,1,0,0,0,10772,0,10772,3,4,false,false
3,1,0,0,0,10772,0,10772,4,4,false,false
4,2,0,0,59492,70264,59492,70264,1,4,false,false
5,2,0,0,59492,70264,59492,70264,2,4,false,false
6,2,0,0,59492,70264,59492,70264,3,4,false,false
7,2,0,0,59492,70264,59492,70264,4,4,false,false
8,2,0,0,5253936,5259332,5253936,5259332,5,4,false,false
9,2,0,0,5253936,5259332,5253936,5259332,6,4,false,false
10,2,0,0,5253936,5259332,5253936,5259332,7,4,false,false
11,2,0,0,5253936,5259332,5253936,5259332,8,4,false,false
12,2,0,0,5285504,5290900,5285504,5290900,9,4,false,false
13,2,0,0,5285504,5290900,5285504,5290900,10,4,false,false
14,2,0,0,5285504,5290900,5285504,5290900,11,4,false,false
15,2,0,0,5285504,5290900,5285504,5290900,12,4,false,false
16,2,0,0,5318096,5323492,5318096,5323492,13,4,false,false
17,2,0,0,5318096,5323492,5318096,5323492,14,4,false,false
18,2,0,0,5318096,5323492,5318096,5323492,15,4,false,false
19,2,0,0,5318096,5323492,5318096,5323492,16,4,false,false
20,2,0,0,5347360,5352756,5347360,5352756,17,4,false,false
21,2,0,0,5347360,5352756,5347360,5352756,18,4,false,false
22,2,0,0,5347360,5352756,5347360,5352756,19,4,false,false
23,2,0,0,5347360,5352756,5347360,5352756,20,4,false,false
24,2,0,0,5374576,5388164,5374576,5388164,21,4,false,false
25,2,0,0,5374576,5388164,5374576,5388164,22,4,false,false
26,2,0,0,5374576,5388164,5374576,5388164,23,4,false,false
27,2,0,0,5374576,5388164,5374576,5388164,24,4,false,false
28,1,0,0,10772,24360,10772,24360,5,4,false,false
29,1,0,0,10772,24360,10772,24360,6,4,false,false
30,1,0,0,10772,24360,10772,24360,7,4,false,false
31,1,0,0,10772,24360,10772,24360,8,4,false,false
32,1,0,0,24360,35132,24360,35132,9,4,false,false
33,1,0,0,24360,35132,24360,35132,10,4,false,false
34,1,0,0,24360,35132,24360,35132,11,4,false,false
35,1,0,0,24360,35132,24360,35132,12,4,false,false
36,1,0,0,35132,45904,35132,45904,13,4,false,false
37,1,0,0,35132,45904,35132,45904,14,4,false,false
38,1,0,0,35132,45904,35132,45904,15,4,false,false
39,1,0,0,35132,45904,35132,45904,16,4,false,false
40,1,0,0,45904,59492,45904,59492,17,4,false,false
41,1,0,0,45904,59492,45904,59492,18,4,false,false
42,1,0,0,45904,59492,45904,59492,19,4,false,false
43,1,0,0,45904,59492,45904,59492,20,4,false,false
44,2,0,0,5412544,5423316,5412544,5423316,25,4,false,false
45,2,0,0,5412544,5423316,5412544,5423316,26,4,false,false
46,2,0,0,5412544,5423316,5412544,5423316,27,4,false,false
47,2,0,0,5412544,5423316,5412544,5423316,28,4,false,false
48,2,0,0,5455376,5466148,5455376,5466148,29,4,false,false
49,2,0,0,5455376,5466148,5455376,5466148,30,4,false,false
50,2,0,0,5455376,5466148,5455376,5466148,31,4,false,false
51,2,0,0,5455376,5466148,5455376,5466148,32,4,false,false
52,1,0,0,2685412,2696184,2685412,2696184,21,4,false,false
53,1,0,0,2685412,2696184,2685412,2696184,22,4,false,false
54,1,0,0,2685412,2696184,2685412,2696184,23,4,false,false
55,1,0,0,2685412,2696184,2685412,2696184,24,4,false,false
56,1,0,0,2715168,2725940,2715168,2725940,25,4,false,false
57,1,0,0,2715168,2725940,2715168,2725940,26,4,false,false
58,1,0,0,2715168,2725940,2715168,2725940,27,4,false,false
59,1,0,0,2715168,2725940,2715168,2725940,28,4,false,false
60,1,0,0,2742108,2747504,2742108,2747504,29,4,false,false
61,1,0,0,2742108,2747504,2742108,2747504,30,4,false,false
62,1,0,0,2742108,2747504,2742108,2747504,31,4,false,false
63,1,0,0,2742108,2747504,2742108,2747504,32,4,false,false
64,1,0,0,2761112,2772140,2761112,2772140,33,4,false,false
65,1,0,0,2761112,2772140,2761112,2772140,34,4,false,false
66,1,0,0,2761112,2772140,2761112,2772140,35,4,false,false
67,1,0,0,2761112,2772140,2761112,2772140,36,4,false,false
68,0,0,0,70264,86412,70264,86412,1,4,false,false
69,0,0,0,70264,86412,70264,86412,2,4,false,false
70,0,0,0,70264,86412,70264,86412,3,4,false,false
71,0,0,0,70264,86412,70264,86412,4,4,false,false
72,1,0,0,2785748,2793704,2785748,2793704,37,4,false,false
73,1,0,0,2785748,2793704,2785748,2793704,38,4,false,false
74,1,0,0,2785748,2793704,2785748,2793704,39,4,false,false
75,1,0,0,2785748,2793704,2785748,2793704,40,4,false,false
76,1,0,0,2810128,2826276,2810128,2826276,41,4,false,false
77,1,0,0,2810128,2826276,2810128,2826276,42,4,false,false
78,1,0,0,2810128,2826276,2810128,2826276,43,4,false,false
79,1,0,0,2810128,2826276,2810128,2826276,44,4,false,false
80,1,0,0,2842700,2853472,2842700,2853472,45,4,false,false
81,1,0,0,2842700,2853472,2842700,2853472,46,4,false,false
82,1,0,0,2842700,2853472,2842700,2853472,47,4,false,false
83,1,0,0,2842700,2853472,2842700,2853472,48,4,false,false
84,2,0,0,5491040,5501812,5491040,5501812,33,4,false,false
85,2,0,0,5491040,5501812,5491040,5501812,34,4,false,false
86,2,0,0,5491040,5501812,5491040,5501812,35,4,false,false
87,2,0,0,5491040,5501812,5491040,5501812,36,4,false,false
88,1,0,0,2866824,2877596,2866824,2877596,49,4,false,false
89,1,0,0,2866824,2877596,2866824,2877596,50,4,false,false
90,1,0,0,2866824,2877596,2866824,2877596,51,4,false,false
91,1,0,0,2866824,2877596,2866824,2877596,52,4,false,false
92,2,0,0,5526192,5536964,5526192,5536964,37,4,false,false
93,2,0,0,5526192,5536964,5526192,5536964,38,4,false,false
94,2,0,0,5526192,5536964,5526192,5536964,39,4,false,false
95,2,0,0,5526192,5536964,5526192,5536964,40,4,false,false
96,2,0,0,5564160,5580052,5564160,5580052,41,4,false,false
97,2,0,0,5564160,5580052,5564160,5580052,42,4,false,false
98,2,0,0,5564160,5580052,5564160,5580052,43,4,false,false
99,2,0,0,5564160,5580052,5564160,5580052,44,4,false,false
100,1,0,0,2889412,2903000,2889412,2903000,53,4,false,false
101,1,0,0,2889412,2903000,2889412,2903000,54,4,false,false
102,1,0,0,2889412,2903000,2889412,2903000,55,4,false,false
103,1,0,0,2889412,2903000,2889412,2903000,56,4,false,false
104,1,0,0,2913024,2921236,2913024,2921236,57,4,false,false
105,1,0,0,2913024,2921236,2913024,2921236,58,4,false,false
106,1,0,0,2913024,2921236,2913024,2921236,59,4,false,false
107,1,0,0,2913024,2921236,2913024,2921236,60,4,false,false
108,2,0,0,5599824,5621860,5599824,5621860,45,4,false,false
109,2,0,0,5599824,5621860,5599824,5621860,46,4,false,false
110,2,0,0,5599824,5621860,5599824,5621860,47,4,false,false
111,2,0,0,5599824,5621860,5599824,5621860,48,4,false,false
112,1,0,0,2945340,2958928,2945340,2958928,61,4,false,false
113,1,0,0,2945340,2958928,2945340,2958928,62,4,false,false
114,1,0,0,2945340,2958928,2945340,2958928,63,4,false,false
115,1,0,0,2945340,2958928,2945340,2958928,64,4,false,false
116,2,0,0,5644960,5655732,5644960,5655732,49,4,false,false
117,2,0,0,5644960,5655732,5644960,5655732,50,4,false,false
118,2,0,0,5644960,5655732,5644960,5655732,51,4,false,false
119,2,0,0,5644960,5655732,5644960,5655732,52,4,false,false
120,2,0,0,5683440,5694212,5683440,5694212,53,4,false,false
121,2,0,0,5683440,5694212,5683440,5694212,54,4,false,false
122,2,0,0,5683440,5694212,5683440,5694212,55,4,false,false
123,2,0,0,5683440,5694212,5683440,5694212,56,4,false,false
124,1,0,0,2973048,2983820,2973048,2983820,65,4,false,false
125,1,0,0,2973048,2983820,2973048,2983820,66,4,false,false
126,1,0,0,2973048,2983820,2973048,2983820,67,4,false,false
127,1,0,0,2973048,2983820,2973048,2983820,68,4,false,false
128,2,0,0,5716288,5727060,5716288,5727060,57,4,false,false
129,2,0,0,5716288,5727060,5716288,5727060,58,4,false,false
130,2,0,0,5716288,5727060,5716288,5727060,59,4,false,false
131,2,0,0,5716288,5727060,5716288,5727060,60,4,false,false
132,1,0,0,2997428,3008200,2997428,3008200,69,4,false,false
133,1,0,0,2997428,3008200,2997428,3008200,70,4,false,false
134,1,0,0,2997428,3008200,2997428,3008200,71,4,false,false
135,1,0,0,2997428,3008200,2997428,3008200,72,4,false,false
136,1,0,0,3021808,3035140,3021808,3035140,73,4,false,false
137,1,0,0,3021808,3035140,3021808,3035140,74,4,false,false
138,1,0,0,3021808,3035140,3021808,3035140,75,4,false,false
139,1,0,0,3021808,3035140,3021808,3035140,76,4,false,false
140,2,0,0,5753232,5764004,5753232,5764004,61,4,false,false
141,2,0,0,5753232,5764004,5753232,5764004,62,4,false,false
142,2,0,0,5753232,5764004,5753232,5764004,63,4,false,false
143,2,0,0,5753232,5764004,5753232,5764004,64,4,false,false
144,1,0,0,3051564,3065152,3051564,3065152,77,4,false,false
145,1,0,0,3051564,3065152,3051564,3065152,78,4,false,false
146,1,0,0,3051564,3065152,3051564,3065152,79,4,false,false
147,1,0,0,3051564,3065152,3051564,3065152,80,4,false,false
148,1,0,0,3076200,3089788,3076200,3089788,81,4,false,false
149,1,0,0,3076200,3089788,3076200,3089788,82,4,false,false
150,1,0,0,3076200,3089788,3076200,3089788,83,4,false,false
151,1,0,0,3076200,3089788,3076200,3089788,84,4,false,false
152,1,0,0,3100836,3114424,3100836,3114424,85,4,false,false
153,1,0,0,3100836,3114424,3100836,3114424,86,4,false,false
154,1,0,0,3100836,3114424,3100836,3114424,87,4,false,false
155,1,0,0,3100836,3114424,3100836,3114424,88,4,false,false
156,1,0,0,3130848,3141620,3130848,3141620,89,4,false,false
157,1,0,0,3130848,3141620,3130848,3141620,90,4,false,false
158,1,0,0,3130848,3141620,3130848,3141620,91,4,false,false
159,1,0,0,3130848,3141620,3130848,3141620,92,4,false,false
160,2,0,0,5783264,5794036,5783264,5794036,65,4,false,false
161,2,0,0,5783264,5794036,5783264,5794036,66,4,false,false
162,2,0,0,5783264,5794036,5783264,5794036,67,4,false,false
163,2,0,0,5783264,5794036,5783264,5794036,68,4,false,false
164,1,0,0,3152668,3163440,3152668,3163440,93,4,false,false
165,1,0,0,3152668,3163440,3152668,3163440,94,4,false,false
166,1,0,0,3152668,3163440,3152668,3163440,95,4,false,false
167,1,0,0,3152668,3163440,3152668,3163440,96,4,false,false
168,2,0,0,5815856,5826628,5815856,5826628,69,4,false,false
169,2,0,0,5815856,5826628,5815856,5826628,70,4,false,false
170,2,0,0,5815856,5826628,5815856,5826628,71,4,false,false
171,2,0,0,5815856,5826628,5815856,5826628,72,4,false,false
172,2,0,0,5851008,5864596,5851008,5864596,73,4,false,false
173,2,0,0,5851008,5864596,5851008,5864596,74,4,false,false
174,2,0,0,5851008,5864596,5851008,5864596,75,4,false,false
175,2,0,0,5851008,5864596,5851008,5864596,76,4,false,false
176,1,0,0,3174488,3190636,3174488,3190636,97,4,false,false
177,1,0,0,3174488,3190636,3174488,3190636,98,4,false,false
178,1,0,0,3174488,3190636,3174488,3190636,99,4,false,false
179,1,0,0,3174488,3190636,3174488,3190636,100,4,false,false
180,1,0,0,3206292,3219624,3206292,3219624,101,4,false,false
181,1,0,0,3206292,3219624,3206292,3219624,102,4,false,false
182,1,0,0,3206292,3219624,3206292,3219624,103,4,false,false
183,1,0,0,3206292,3219624,3206292,3219624,104,4,false,false
184,1,0,0,3231184,3244516,3231184,3244516,105,4,false,false
185,1,0,0,3231184,3244516,3231184,3244516,106,4,false,false
186,1,0,0,3231184,3244516,3231184,3244516,107,4,false,false
187,1,0,0,3231184,3244516,3231184,3244516,108,4,false,false
188,2,0,0,5891280,5899748,5891280,5899748,77,4,false,false
189,2,0,0,5891280,5899748,5891280,5899748,78,4,false,false
190,2,0,0,5891280,5899748,5891280,5899748,79,4,false,false
191,2,0,0,5891280,5899748,5891280,5899748,80,4,false,false
192,2,0,0,5934880,5950516,5934880,5950516,81,4,false,false
193,2,0,0,5934880,5950516,5934880,5950516,82,4,false,false
194,2,0,0,5934880,5950516,5934880,5950516,83,4,false,false
195,2,0,0,5934880,5950516,5934880,5950516,84,4,false,false
196,2,0,0,5972848,5985412,5972848,5985412,85,4,false,false
197,2,0,0,5972848,5985412,5972848,5985412,86,4,false,false
198,2,0,0,5972848,5985412,5972848,5985412,87,4,false,false
199,2,0,0,5972848,5985412,5972848,5985412,88,4,false,false
200,2,0,0,6010048,6020820,6010048,6020820,89,4,false,false
201,1,0,0,3257612,3271200,3257612,3271200,109,4,false,false
202,1,0,0,3257612,3271200,3257612,3271200,110,4,false,false
203,1,0,0,3257612,3271200,3257612,3271200,111,4,false,false
204,1,0,0,3257612,3271200,3257612,3271200,112,4,false,false
205,1,0,0,3282760,3293276,3282760,3293276,113,4,false,false
206,2,0,0,6010048,6020820,6010048,6020820,90,4,false,false
207,2,0,0,6010048,6020820,6010048,6020820,91,4,false,false
208,2,0,0,6010048,6020820,6010048,6020820,92,4,false,false
209,2,0,0,6045200,6058020,6045200,6058020,93,4,false,false
210,1,0,0,3282760,3293276,3282760,3293276,114,4,false,false
211,1,0,0,3282760,3293276,3282760,3293276,115,4,false,false
212,1,0,0,3282760,3293276,3282760,3293276,116,4,false,false
213,1,0,0,3309700,3323288,3309700,3323288,117,4,false,false
214,2,0,0,6045200,6058020,6045200,6058020,94,4,false,false
215,2,0,0,6045200,6058020,6045200,6058020,95,4,false,false
216,2,0,0,6045200,6058020,6045200,6058020,96,4,false,false
217,2,0,0,6085216,6100852,6085216,6100852,97,4,false,false
218,1,0,0,3309700,3323288,3309700,3323288,118,4,false,false
219,1,0,0,3309700,3323288,3309700,3323288,119,4,false,false
220,1,0,0,3309700,3323288,3309700,3323288,120,4,false,false
221,1,0,0,3336384,3345876,3336384,3345876,121,4,false,false
222,2,0,0,6085216,6100852,6085216,6100852,98,4,false,false
223,2,0,0,6085216,6100852,6085216,6100852,99,4,false,false
224,2,0,0,6085216,6100852,6085216,6100852,100,4,false,false
225,2,0,0,6130608,6142660,6130608,6142660,101,4,false,false
226,1,0,0,3336384,3345876,3336384,3345876,122,4,false,false
227,1,0,0,3336384,3345876,3336384,3345876,123,4,false,false
228,1,0,0,3336384,3345876,3336384,3345876,124,4,false,false
229,1,0,0,3362812,3373072,3362812,3373072,125,4,false,false
230,2,0,0,6130608,6142660,6130608,6142660,102,4,false,false
231,2,0,0,6130608,6142660,6130608,6142660,103,4,false,false
232,2,0,0,6130608,6142660,6130608,6142660,104,4,false,false
233,2,0,0,6174464,6185236,6174464,6185236,105,4,false,false
234,1,0,0,3362812,3373072,3362812,3373072,126,4,false,false
235,1,0,0,3362812,3373072,3362812,3373072,127,4,false,false
236,1,0,0,3362812,3373072,3362812,3373072,128,4,false,false
237,1,0,0,3384120,3394892,3384120,3394892,129,4,false,false
238,2,0,0,6174464,6185236,6174464,6185236,106,4,false,false
239,2,0,0,6174464,6185236,6174464,6185236,107,4,false,false
240,2,0,0,6174464,6185236,6174464,6185236,108,4,false,false
241,2,0,0,6212944,6228068,6212944,6228068,109,4,false,false
242,2,0,0,6212944,6228068,6212944,6228068,110,4,false,false
243,2,0,0,6212944,6228068,6212944,6228068,111,4,false,false
244,2,0,0,6212944,6228068,6212944,6228068,112,4,false,false
245,2,0,0,6255264,6267572,6255264,6267572,113,4,false,false
246,2,0,0,6255264,6267572,6255264,6267572,114,4,false,false
247,2,0,0,6255264,6267572,6255264,6267572,115,4,false,false
248,2,0,0,6255264,6267572,6255264,6267572,116,4,false,false
249,2,0,0,6291952,6302724,6291952,6302724,117,4,false,false
250,1,0,0,3384120,3394892,3384120,3394892,130,4,false,false
251,1,0,0,3384120,3394892,3384120,3394892,131,4,false,false
252,1,0,0,3384120,3394892,3384120,3394892,132,4,false,false
253,1,0,0,3405940,3416712,3405940,3416712,133,4,false,false
254,2,0,0,6291952,6302724,6291952,6302724,118,4,false,false
255,2,0,0,6291952,6302724,6291952,6302724,119,4,false,false
256,2,0,0,6291952,6302724,6291952,6302724,120,4,false,false
257,2,0,0,6321984,6332756,6321984,6332756,121,4,false,false
258,1,0,0,3405940,3416712,3405940,3416712,134,4,false,false
259,1,0,0,3405940,3416712,3405940,3416712,135,4,false,false
260,1,0,0,3405940,3416712,3405940,3416712,136,4,false,false
261,1,0,0,3427760,3432644,3427760,3432644,137,4,false,false
262,2,0,0,6321984,6332756,6321984,6332756,122,4,false,false
263,2,0,0,6321984,6332756,6321984,6332756,123,4,false,false
264,2,0,0,6321984,6332756,6321984,6332756,124,4,false,false
265,2,0,0,6359952,6372772,6359952,6372772,125,4,false,false
266,1,2176,2176,3427760,3432644,3425584,3430468,134,4,false,false
267,1,2176,2176,3427760,3432644,3425584,3430468,135,4,false,false
268,1,2176,2176,3427760,3432644,3425584,3430468,136,4,false,false
269,1,2176,2176,3445740,3449344,3443564,3447168,137,4,false,false
270,3,59360,59360,86412,94624,27052,35264,1,4,false,false
271,3,59360,59360,86412,94624,27052,35264,2,4,false,false
272,3,59360,59360,86412,94624,27052,35264,3,4,false,false
273,3,59360,59360,86412,94624,27052,35264,4,4,false,false
274,3,60160,60160,94624,110772,34464,50612,5,4,false,false
275,3,60160,60160,94624,110772,34464,50612,6,4,false,false
276,3,60160,60160,94624,110772,34464,50612,7,4,false,false
277,3,60160,60160,94624,110772,34464,50612,8,4,false,false
278,2,62816,62816,6359952,6372772,6297136,6309956,122,4,false,false
279,2,62816,62816,6359952,6372772,6297136,6309956,123,4,false,false
280,2,62816,62816,6359952,6372772,6297136,6309956,124,4,false,false
281,2,62816,62816,6394848,6406388,6332032,6343572,125,4,false,false
282,0,63392,63392,110772,118984,47380,55592,5,4,false,false
283,0,63392,63392,110772,118984,47380,55592,6,4,false,false
284,0,63392,63392,110772,118984,47380,55592,7,4,false,false
285,0,63392,63392,110772,118984,47380,55592,8,4,false,false
286,0,63456,63456,127196,130032,63740,66576,9,4,false,false
287,0,63456,63456,127196,130032,63740,66576,10,4,false,false
288,0,63456,63456,127196,130032,63740,66576,11,4,false,false
289,0,63456,63456,127196,130032,63740,66576,12,4,false,false
290,0,63520,63520,173140,181352,109620,117832,13,4,false,false
291,0,63520,63520,173140,181352,109620,117832,14,4,false,false
292,0,63520,63520,173140,181352,109620,117832,15,4,false,false
293,0,63520,63520,173140,181352,109620,117832,16,4,false,false
294,2,63617,63617,6394848,6406388,6331231,6342771,126,4,false,false
295,2,63617,63617,6394848,6406388,6331231,6342771,127,4,false,false
296,2,63617,63617,6394848,6406388,6331231,6342771,128,4,false,false
297,2,63617,63617,6430768,6437444,6367151,6373827,129,4,false,false
298,0,63680,63680,189564,192400,125884,128720,17,4,false,false
299,0,63680,63680,189564,192400,125884,128720,18,4,false,false
300,0,63680,63680,189564,192400,125884,128720,19,4,false,false
301,0,63680,63680,189564,192400,125884,128720,20,4,false,false
302,0,63872,63872,200612,206008,136740,142136,21,4,false,false
303,0,63872,63872,200612,206008,136740,142136,22,4,false,false
304,0,63872,63872,200612,206008,136740,142136,23,4,false,false
305,0,63872,63872,200612,206008,136740,142136,24,4,false,false
306,0,63873,63873,214220,217056,150347,153183,25,4,false,false
307,0,63873,63873,214220,217056,150347,153183,26,4,false,false
308,0,63873,63873,214220,217056,150347,153183,27,4,false,false
309,0,63873,63873,214220,217056,150347,153183,28,4,false,false
310,0,64065,64065,225268,230664,161203,166599,29,4,false,false
311,0,64065,64065,225268,230664,161203,166599,30,4,false,false
312,0,64065,64065,225268,230664,161203,166599,31,4,false,false
313,0,64065,64065,225268,230664,161203,166599,32,4,false,false
314,2,64096,64096,6430768,6437444,6366672,6373348,130,4,false,false
315,2,64096,64096,6430768,6437444,6366672,6373348,131,4,false,false
316,2,64096,64096,6430768,6437444,6366672,6373348,132,4,false,false
317,2,64096,64096,6459264,6466708,6395168,6402612,133,4,false,false
318,0,64128,64128,241436,244272,177308,180144,33,4,false,false
319,0,64128,64128,241436,244272,177308,180144,34,4,false,false
320,0,64128,64128,241436,244272,177308,180144,35,4,false,false
321,0,64128,64128,241436,244272,177308,180144,36,4,false,false
322,0,64192,64192,252484,257880,188292,193688,37,4,false,false
323,0,64192,64192,252484,257880,188292,193688,38,4,false,false
324,0,64192,64192,252484,257880,188292,193688,39,4,false,false
325,0,64192,64192,252484,257880,188292,193688,40,4,false,false
326,0,64224,64224,266092,268928,201868,204704,41,4,false,false
327,0,64224,64224,266092,268928,201868,204704,42,4,false,false
328,0,64224,64224,266092,268928,201868,204704,43,4,false,false
329,0,64224,64224,266092,268928,201868,204704,44,4,false,false
330,0,64288,64288,277140,279976,212852,215688,45,4,false,false
331,0,64288,64288,277140,279976,212852,215688,46,4,false,false
332,0,64288,64288,277140,279976,212852,215688,47,4,false,false
333,0,64288,64288,277140,279976,212852,215688,48,4,false,false
334,2,64352,64352,6459264,6466708,6394912,6402356,134,4,false,false
335,2,64352,64352,6459264,6466708,6394912,6402356,135,4,false,false
336,2,64352,64352,6459264,6466708,6394912,6402356,136,4,false,false
337,2,64352,64352,6488528,6493668,6424176,6429316,137,4,false,false
338,0,64384,64384,288188,296400,223804,232016,49,4,false,false
339,0,64384,64384,288188,296400,223804,232016,50,4,false,false
340,0,64384,64384,288188,296400,223804,232016,51,4,false,false
341,0,64384,64384,288188,296400,223804,232016,52,4,false,false
342,2,64385,64385,6488528,6493668,6424143,6429283,138,4,false,false
343,0,64480,64480,304612,307448,240132,242968,53,4,false,false
344,0,64480,64480,304612,307448,240132,242968,54,4,false,false
345,0,64480,64480,304612,307448,240132,242968,55,4,false,false
346,0,64480,64480,304612,307448,240132,242968,56,4,false,false
347,3,64480,64480,118984,127196,54504,62716,9,4,false,false
348,3,64480,64480,118984,127196,54504,62716,10,4,false,false
349,3,64480,64480,118984,127196,54504,62716,11,4,false,false
350,3,64480,64480,118984,127196,54504,62716,12,4,false,false
351,2,64512,64512,6488528,6493668,6424016,6429156,139,4,false,false
352,2,64512,64512,6488528,6493668,6424016,6429156,140,4,false,false
353,2,64512,64512,6527776,6533172,6463264,6468660,141,4,false,false
354,2,64512,64512,6527776,6533172,6463264,6468660,142,4,false,false
355,3,64544,64544,130032,140804,65488,76260,13,4,false,false
356,3,64544,64544,130032,140804,65488,76260,14,4,false,false
357,3,64544,64544,130032,140804,65488,76260,15,4,false,false
358,3,64544,64544,130032,140804,65488,76260,16,4,false,false
359,0,64544,64544,315660,318496,251116,253952,57,4,false,false
360,0,64544,64544,315660,318496,251116,253952,58,4,false,false
361,0,64544,64544,315660,318496,251116,253952,59,4,false,false
362,0,64544,64544,315660,318496,251116,253952,60,4,false,false
363,0,64545,64545,326708,332104,262163,267559,61,4,false,false
364,0,64545,64545,326708,332104,262163,267559,62,4,false,false
365,0,64545,64545,326708,332104,262163,267559,63,4,false,false
366,0,64545,64545,326708,332104,262163,267559,64,4,false,false
367,0,64577,64577,334940,345712,270363,281135,65,4,false,false
368,0,64577,64577,334940,345712,270363,281135,66,4,false,false
369,0,64577,64577,334940,345712,270363,281135,67,4,false,false
370,0,64577,64577,334940,345712,270363,281135,68,4,false,false
371,0,64608,64608,356484,359320,291876,294712,69,4,false,false
372,0,64608,64608,356484,359320,291876,294712,70,4,false,false
373,0,64608,64608,356484,359320,291876,294712,71,4,false,false
374,0,64608,64608,356484,359320,291876,294712,72,4,false,false
375,0,64608,64608,370092,378304,305484,313696,73,4,false,false
376,0,64608,64608,370092,378304,305484,313696,74,4,false,false
377,0,64608,64608,370092,378304,305484,313696,75,4,false,false
378,0,64608,64608,370092,378304,305484,313696,76,4,false,false
379,3,64609,64609,140804,148504,76195,83895,17,4,false,false
380,3,64609,64609,140804,148504,76195,83895,18,4,false,false
381,3,64609,64609,140804,148504,76195,83895,19,4,false,false
382,3,64609,64609,140804,148504,76195,83895,20,4,false,false
383,0,64672,64672,386516,389352,321844,324680,77,4,false,false
384,0,64672,64672,386516,389352,321844,324680,78,4,false,false
385,0,64672,64672,386516,389352,321844,324680,79,4,false,false
386,0,64672,64672,386516,389352,321844,324680,80,4,false,false
387,0,64704,64704,397564,405776,332860,341072,81,4,false,false
388,0,64704,64704,397564,405776,332860,341072,82,4,false,false
389,0,64704,64704,397564,405776,332860,341072,83,4,false,false
390,0,64704,64704,397564,405776,332860,341072,84,4,false,false
391,1,64736,64736,3445740,3449344,3381004,3384608,122,4,false,false
392,0,64736,64736,410660,416056,345924,351320,85,4,false,false
393,0,64736,64736,410660,416056,345924,351320,86,4,false,false
394,0,64736,64736,410660,416056,345924,351320,87,4,false,false
395,0,64736,64736,410660,416056,345924,351320,88,4,false,false
396,0,64737,64737,424268,429664,359531,364927,89,4,false,false
397,0,64737,64737,424268,429664,359531,364927,90,4,false,false
398,0,64737,64737,424268,429664,359531,364927,91,4,false,false
399,0,64737,64737,424268,429664,359531,364927,92,4,false,false
400,0,64768,64768,437876,443272,373108,378504,93,4,false,false
401,0,64768,64768,437876,443272,373108,378504,94,4,false,false
402,0,64768,64768,437876,443272,373108,378504,95,4,false,false
403,0,64768,64768,437876,443272,373108,378504,96,4,false,false
404,0,64768,64768,451484,456880,386716,392112,97,4,false,false
405,0,64768,64768,451484,456880,386716,392112,98,4,false,false
406,0,64768,64768,451484,456880,386716,392112,99,4,false,false
407,0,64768,64768,451484,456880,386716,392112,100,4,false,false
408,0,64800,64800,465092,473304,400292,408504,101,4,false,false
409,0,64800,64800,465092,473304,400292,408504,102,4,false,false
410,0,64800,64800,465092,473304,400292,408504,103,4,false,false
411,0,64800,64800,465092,473304,400292,408504,104,4,false,false
412,0,64800,64800,481516,492288,416716,427488,105,4,false,false
413,0,64800,64800,481516,492288,416716,427488,106,4,false,false
414,0,64800,64800,481516,492288,416716,427488,107,4,false,false
415,0,64800,64800,481516,492288,416716,427488,108,4,false,false
416,0,64800,64800,500500,503336,435700,438536,109,4,false,false
417,0,64800,64800,500500,503336,435700,438536,110,4,false,false
418,0,64800,64800,500500,503336,435700,438536,111,4,false,false
419,0,64800,64800,500500,503336,435700,438536,112,4,false,false
420,0,64800,64800,511548,519760,446748,454960,113,4,false,false
421,0,64800,64800,511548,519760,446748,454960,114,4,false,false
422,0,64800,64800,511548,519760,446748,454960,115,4,false,false
423,0,64800,64800,511548,519760,446748,454960,116,4,false,false
424,2,64801,64801,6527776,6533172,6462975,6468371,143,4,false,false
425,2,64801,64801,6527776,6533172,6462975,6468371,144,4,false,false
426,2,64801,64801,6563952,6569348,6499151,6504547,145,4,false,false
427,2,64801,64801,6563952,6569348,6499151,6504547,146,4,false,false
428,0,64832,64832,527972,533368,463140,468536,117,4,false,false
429,0,64832,64832,527972,533368,463140,468536,118,4,false,false
430,0,64832,64832,527972,533368,463140,468536,119,4,false,false
431,0,64832,64832,527972,533368,463140,468536,120,4,false,false
432,0,64832,64832,536204,544416,471372,479584,121,4,false,false
433,0,64832,64832,536204,544416,471372,479584,122,4,false,false
434,0,64832,64832,536204,544416,471372,479584,123,4,false,false
435,0,64832,64832,536204,544416,471372,479584,124,4,false,false
436,3,64833,64833,148504,156716,83671,91883,21,4,false,false
437,3,64833,64833,148504,156716,83671,91883,22,4,false,false
438,3,64833,64833,148504,156716,83671,91883,23,4,false,false
439,3,64833,64833,148504,156716,83671,91883,24,4,false,false
440,0,64864,64864,552628,558024,487764,493160,125,4,false,false
441,0,64864,64864,552628,558024,487764,493160,126,4,false,false
442,0,64864,64864,552628,558024,487764,493160,127,4,false,false
443,0,64864,64864,552628,558024,487764,493160,128,4,false,false
444,0,64896,64896,566236,574448,501340,509552,129,4,false,false
445,0,64896,64896,566236,574448,501340,509552,130,4,false,false
446,0,64896,64896,566236,574448,501340,509552,131,4,false,false
447,0,64896,64896,566236,574448,501340,509552,132,4,false,false
448,0,64896,64896,582660,585496,517764,520600,133,4,false,false
449,0,64896,64896,582660,585496,517764,520600,134,4,false,false
450,0,64896,64896,582660,585496,517764,520600,135,4,false,false
451,0,64896,64896,582660,585496,517764,520600,136,4,false,false
452,0,64928,64928,596268,601664,531340,536736,137,4,false,false
453,0,64928,64928,596268,601664,531340,536736,138,4,false,false
454,0,64928,64928,596268,601664,531340,536736,139,4,false,false
455,0,64928,64928,596268,601664,531340,536736,140,4,false,false
456,0,64928,64928,609876,615272,544948,550344,141,4,false,false
457,0,64928,64928,609876,615272,544948,550344,142,4,false,false
458,0,64928,64928,609876,615272,544948,550344,143,4,false,false
459,0,64928,64928,609876,615272,544948,550344,144,4,false,false
460,0,64928,64928,623484,626320,558556,561392,145,4,false,false
461,0,64928,64928,623484,626320,558556,561392,146,4,false,false
462,0,64928,64928,623484,626320,558556,561392,147,4,false,false
463,0,64928,64928,623484,626320,558556,561392,148,4,false,false
464,0,64929,64929,634532,642744,569603,577815,149,4,false,false
465,0,64929,64929,634532,642744,569603,577815,150,4,false,false
466,0,64929,64929,634532,642744,569603,577815,151,4,false,false
467,0,64929,64929,634532,642744,569603,577815,152,4,false,false
468,0,64960,64960,650956,653792,585996,588832,153,4,false,false
469,0,64960,64960,650956,653792,585996,588832,154,4,false,false
470,0,64960,64960,650956,653792,585996,588832,155,4,false,false
471,0,64960,64960,650956,653792,585996,588832,156,4,false,false
472,3,64960,64960,156716,164928,91756,99968,25,4,false,false
473,3,64960,64960,156716,164928,91756,99968,26,4,false,false
474,3,64960,64960,156716,164928,91756,99968,27,4,false,false
475,3,64960,64960,156716,164928,91756,99968,28,4,false,false
476,0,64960,64960,662004,670216,597044,605256,157,4,false,false
477,0,64960,64960,662004,670216,597044,605256,158,4,false,false
478,0,64960,64960,662004,670216,597044,605256,159,4,false,false
479,0,64960,64960,662004,670216,597044,605256,160,4,false,false
480,0,64960,64960,678428,681264,613468,616304,161,4,false,false
481,0,64960,64960,678428,681264,613468,616304,162,4,false,false
482,0,64960,64960,678428,681264,613468,616304,163,4,false,false
483,0,64960,64960,678428,681264,613468,616304,164,4,false,false
484,2,64992,64992,6563952,6569348,6498960,6504356,147,4,false,false
485,2,64992,64992,6563952,6569348,6498960,6504356,148,4,false,false
486,2,64992,64992,6591936,6597332,6526944,6532340,149,4,false,false
487,2,64992,64992,6591936,6597332,6526944,6532340,150,4,false,false
488,0,65024,65024,689476,692312,624452,627288,165,4,false,false
489,0,65024,65024,689476,692312,624452,627288,166,4,false,false
490,0,65024,65024,689476,692312,624452,627288,167,4,false,false
491,0,65024,65024,689476,692312,624452,627288,168,4,false,false
492,3,65024,65024,164928,173140,99904,108116,29,4,false,false
493,3,65024,65024,164928,173140,99904,108116,30,4,false,false
494,3,65024,65024,164928,173140,99904,108116,31,4,false,false
495,3,65024,65024,164928,173140,99904,108116,32,4,false,false
496,0,65057,65057,700524,705920,635467,640863,169,4,false,false
497,0,65057,65057,700524,705920,635467,640863,170,4,false,false
498,0,65057,65057,700524,705920,635467,640863,171,4,false,false
499,0,65057,65057,700524,705920,635467,640863,172,4,false,false
500,0,65088,65088,714132,719528,649044,654440,173,4,false,false
501,0,65088,65088,714132,719528,649044,654440,174,4,false,false
502,0,65088,65088,714132,719528,649044,654440,175,4,false,false
503,0,65088,65088,714132,719528,649044,654440,176,4,false,false
504,3,65088,65088,181352,189564,116264,124476,33,4,false,false
505,3,65088,65088,181352,189564,116264,124476,34,4,false,false
506,3,65088,65088,181352,189564,116264,124476,35,4,false,false
507,3,65088,65088,181352,189564,116264,124476,36,4,false,false
508,2,65088,65088,6591936,6597332,6526848,6532244,151,4,false,false
509,2,65088,65088,6591936,6597332,6526848,6532244,152,4,false,false
510,2,65088,65088,6621200,6626596,6556112,6561508,153,4,false,false
511,2,65088,65088,6621200,6626596,6556112,6561508,154,4,false,false
512,0,65120,65120,727228,732624,662108,667504,177,4,false,false
513,0,65120,65120,727228,732624,662108,667504,178,4,false,false
514,0,65120,65120,727228,732624,662108,667504,179,4,false,false
515,0,65120,65120,727228,732624,662108,667504,180,4,false,false
516,0,65152,65152,740836,746232,675684,681080,181,4,false,false
517,0,65152,65152,740836,746232,675684,681080,182,4,false,false
518,0,65152,65152,740836,746232,675684,681080,183,4,false,false
519,0,65152,65152,740836,746232,675684,681080,184,4,false,false
520,0,65153,65153,754444,762656,689291,697503,185,4,false,false
521,0,65153,65153,754444,762656,689291,697503,186,4,false,false
522,0,65153,65153,754444,762656,689291,697503,187,4,false,false
523,0,65153,65153,754444,762656,689291,697503,188,4,false,false
524,3,65184,65184,192400,200612,127216,135428,37,4,false,false
525,3,65184,65184,192400,200612,127216,135428,38,4,false,false
526,3,65184,65184,192400,200612,127216,135428,39,4,false,false
527,3,65184,65184,192400,200612,127216,135428,40,4,false,false
528,0,65184,65184,770868,787016,705684,721832,189,4,false,false
529,0,65184,65184,770868,787016,705684,721832,190,4,false,false
530,0,65184,65184,770868,787016,705684,721832,191,4,false,false
531,0,65184,65184,770868,787016,705684,721832,192,4,false,false
532,1,65185,65185,3445740,3449344,3380555,3384159,123,4,false,false
533,1,65185,65185,3445740,3449344,3380555,3384159,124,4,false,false
534,1,65185,65185,3466280,3471676,3401095,3406491,125,4,false,false
535,1,65185,65185,3466280,3471676,3401095,3406491,126,4,false,false
536,2,65185,65185,6621200,6626596,6556015,6561411,155,4,false,false
537,2,65185,65185,6621200,6626596,6556015,6561411,156,4,false,false
538,2,65185,65185,6658400,6661492,6593215,6596307,157,4,false,false
539,2,65185,65185,6658400,6661492,6593215,6596307,158,4,false,false
540,1,65185,65185,3466280,3471676,3401095,3406491,127,4,false,false
541,1,65185,65185,3466280,3471676,3401095,3406491,128,4,false,false
542,1,65185,65185,3482724,3488120,3417539,3422935,129,4,false,false
543,1,65185,65185,3482724,3488120,3417539,3422935,130,4,false,false
544,0,65216,65216,795228,798064,730012,732848,193,4,false,false
545,0,65216,65216,795228,798064,730012,732848,194,4,false,false
546,0,65216,65216,795228,798064,730012,732848,195,4,false,false
547,0,65216,65216,795228,798064,730012,732848,196,4,false,false
548,0,65216,65216,806276,811672,741060,746456,197,4,false,false
549,0,65216,65216,806276,811672,741060,746456,198,4,false,false
550,0,65216,65216,806276,811672,741060,746456,199,4,false,false
551,0,65216,65216,806276,811672,741060,746456,200,4,false,false
552,2,65216,65216,6658400,6661492,6593184,6596276,159,4,false,false
553,0,65248,65248,819884,830656,754636,765408,201,4,false,false
554,0,65248,65248,819884,830656,754636,765408,202,4,false,false
555,0,65248,65248,819884,830656,754636,765408,203,4,false,false
556,0,65248,65248,819884,830656,754636,765408,204,4,false,false
557,0,65248,65248,838868,852200,773620,786952,205,4,false,false
558,0,65248,65248,838868,852200,773620,786952,206,4,false,false
559,0,65248,65248,838868,852200,773620,786952,207,4,false,false
560,0,65248,65248,838868,852200,773620,786952,208,4,false,false
561,0,65248,65248,860412,865808,795164,800560,209,4,false,false
562,0,65248,65248,860412,865808,795164,800560,210,4,false,false
563,0,65248,65248,860412,865808,795164,800560,211,4,false,false
564,0,65248,65248,860412,865808,795164,800560,212,4,false,false
565,3,65248,65248,206008,214220,140760,148972,41,4,false,false
566,3,65248,65248,206008,214220,140760,148972,42,4,false,false
567,3,65248,65248,206008,214220,140760,148972,43,4,false,false
568,3,65248,65248,206008,214220,140760,148972,44,4,false,false
569,3,65248,65248,217056,225268,151808,160020,45,4,false,false
570,3,65248,65248,217056,225268,151808,160020,46,4,false,false
571,3,65248,65248,217056,225268,151808,160020,47,4,false,false
572,3,65248,65248,217056,225268,151808,160020,48,4,false,false
573,0,65280,65280,874020,876856,808740,811576,213,4,false,false
574,0,65280,65280,874020,876856,808740,811576,214,4,false,false
575,0,65280,65280,874020,876856,808740,811576,215,4,false,false
576,0,65280,65280,874020,876856,808740,811576,216,4,false,false
577,0,65280,65280,885068,893280,819788,828000,217,4,false,false
578,0,65280,65280,885068,893280,819788,828000,218,4,false,false
579,0,65280,65280,885068,893280,819788,828000,219,4,false,false
580,0,65280,65280,885068,893280,819788,828000,220,4,false,false
581,0,65281,65281,901492,906888,836211,841607,221,4,false,false
582,0,65281,65281,901492,906888,836211,841607,222,4,false,false
583,0,65281,65281,901492,906888,836211,841607,223,4,false,false
584,0,65281,65281,901492,906888,836211,841607,224,4,false,false
585,0,65312,65312,917660,923056,852348,857744,225,4,false,false
586,0,65312,65312,917660,923056,852348,857744,226,4,false,false
587,0,65312,65312,917660,923056,852348,857744,227,4,false,false
588,0,65312,65312,917660,923056,852348,857744,228,4,false,false
589,0,65344,65344,931268,936152,865924,870808,229,4,false,false
590,0,65344,65344,931268,936152,865924,870808,230,4,false,false
591,0,65344,65344,931268,936152,865924,870808,231,4,false,false
592,0,65344,65344,931268,936152,865924,870808,232,4,false,false
593,0,65345,65345,944364,947200,879019,881855,233,4,false,false
594,0,65345,65345,944364,947200,879019,881855,234,4,false,false
595,0,65345,65345,944364,947200,879019,881855,235,4,false,false
596,0,65345,65345,944364,947200,879019,881855,236,4,false,false
597,0,65376,65376,947200,960788,881824,895412,237,4,false,false
598,0,65376,65376,947200,960788,881824,895412,238,4,false,false
599,0,65376,65376,947200,960788,881824,895412,239,4,false,false
600,0,65376,65376,947200,960788,881824,895412,240,4,false,false
601,0,65377,65377,971560,976956,906183,911579,241,4,false,false
602,0,65377,65377,971560,976956,906183,911579,242,4,false,false
603,0,65377,65377,971560,976956,906183,911579,243,4,false,false
604,0,65377,65377,971560,976956,906183,911579,244,4,false,false
605,3,65377,65377,230664,241436,165287,176059,49,4,false,false
606,3,65377,65377,230664,241436,165287,176059,50,4,false,false
607,3,65377,65377,230664,241436,165287,176059,51,4,false,false
608,3,65377,65377,230664,241436,165287,176059,52,4,false,false
609,3,65377,65377,244272,252484,178895,187107,53,4,false,false
610,3,65377,65377,244272,252484,178895,187107,54,4,false,false
611,3,65377,65377,244272,252484,178895,187107,55,4,false,false
612,3,65377,65377,244272,252484,178895,187107,56,4,false,false
613,3,65408,65408,257880,266092,192472,200684,57,4,false,false
614,3,65408,65408,257880,266092,192472,200684,58,4,false,false
615,3,65408,65408,257880,266092,192472,200684,59,4,false,false
616,3,65408,65408,257880,266092,192472,200684,60,4,false,false
617,0,65408,65408,985168,995940,919760,930532,245,4,false,false
618,0,65408,65408,985168,995940,919760,930532,246,4,false,false
619,0,65408,65408,985168,995940,919760,930532,247,4,false,false
620,0,65408,65408,985168,995940,919760,930532,248,4,false,false
621,3,65440,65440,268928,277140,203488,211700,61,4,false,false
622,3,65440,65440,268928,277140,203488,211700,62,4,false,false
623,3,65440,65440,268928,277140,203488,211700,63,4,false,false
624,3,65440,65440,268928,277140,203488,211700,64,4,false,false
625,3,65440,65440,279976,288188,214536,222748,65,4,false,false
626,3,65440,65440,279976,288188,214536,222748,66,4,false,false
627,3,65440,65440,279976,288188,214536,222748,67,4,false,false
628,3,65440,65440,279976,288188,214536,222748,68,4,false,false
629,3,65440,65440,296400,304612,230960,239172,69,4,false,false
630,3,65440,65440,296400,304612,230960,239172,70,4,false,false
631,3,65440,65440,296400,304612,230960,239172,71,4,false,false
632,3,65440,65440,296400,304612,230960,239172,72,4,false,false
633,0,65441,65441,1004152,1006988,938711,941547,249,4,false,false
634,0,65441,65441,1004152,1006988,938711,941547,250,4,false,false
635,0,65441,65441,1004152,1006988,938711,941547,251,4,false,false
636,0,65441,65441,1004152,1006988,938711,941547,252,4,false,false
637,0,65472,65472,1020576,1028788,955104,963316,253,4,false,false
638,0,65472,65472,1020576,1028788,955104,963316,254,4,false,false
639,0,65472,65472,1020576,1028788,955104,963316,255,4,false,false
640,0,65472,65472,1020576,1028788,955104,963316,256,4,false,false
641,0,65472,65472,1037000,1050588,971528,985116,257,4,false,false
642,0,65472,65472,1037000,1050588,971528,985116,258,4,false,false
643,0,65472,65472,1037000,1050588,971528,985116,259,4,false,false
644,0,65472,65472,1037000,1050588,971528,985116,260,4,false,false
645,3,65472,65472,307448,315660,241976,250188,73,4,false,false
646,3,65472,65472,307448,315660,241976,250188,74,4,false,false
647,3,65472,65472,307448,315660,241976,250188,75,4,false,false
648,3,65472,65472,307448,315660,241976,250188,76,4,false,false
649,3,65504,65504,318496,326708,252992,261204,77,4,false,false
650,3,65504,65504,318496,326708,252992,261204,78,4,false,false
651,3,65504,65504,318496,326708,252992,261204,79,4,false,false
652,3,65504,65504,318496,326708,252992,261204,80,4,false,false
653,0,65504,65504,1058800,1072388,993296,1006884,261,4,false,false
654,0,65504,65504,1058800,1072388,993296,1006884,262,4,false,false
655,0,65504,65504,1058800,1072388,993296,1006884,263,4,false,false
656,0,65504,65504,1058800,1072388,993296,1006884,264,4,false,false
657,0,65504,65504,1080600,1094444,1015096,1028940,265,4,false,false
658,0,65504,65504,1080600,1094444,1015096,1028940,266,4,false,false
659,0,65504,65504,1080600,1094444,1015096,1028940,267,4,false,false
660,0,65504,65504,1080600,1094444,1015096,1028940,268,4,false,false
661,0,65536,65536,1102656,1110868,1037120,1045332,269,4,false,false
662,0,65536,65536,1102656,1110868,1037120,1045332,270,4,false,false
663,0,65536,65536,1102656,1110868,1037120,1045332,271,4,false,false
664,0,65536,65536,1102656,1110868,1037120,1045332,272,4,false,false
665,0,65536,65536,1119080,1121916,1053544,1056380,273,4,false,false
666,0,65536,65536,1119080,1121916,1053544,1056380,274,4,false,false
667,0,65536,65536,1119080,1121916,1053544,1056380,275,4,false,false
668,0,65536,65536,1119080,1121916,1053544,1056380,276,4,false,false
669,1,65536,65536,3482724,3488120,3417188,3422584,131,4,false,false
670,1,65536,65536,3482724,3488120,3417188,3422584,132,4,false,false
671,1,65536,65536,3499168,3504052,3433632,3438516,133,4,false,false
672,1,65536,65536,3499168,3504052,3433632,3438516,134,4,false,false
673,3,65537,65537,332104,334940,266567,269403,81,4,false,false
674,3,65537,65537,332104,334940,266567,269403,82,4,false,false
675,3,65537,65537,332104,334940,266567,269403,83,4,false,false
676,3,65537,65537,332104,334940,266567,269403,84,4,false,false
677,0,65537,65537,1130128,1138340,1064591,1072803,277,4,false,false
678,0,65537,65537,1130128,1138340,1064591,1072803,278,4,false,false
679,0,65537,65537,1130128,1138340,1064591,1072803,279,4,false,false
680,0,65537,65537,1130128,1138340,1064591,1072803,280,4,false,false
681,0,65568,65568,1146552,1154764,1080984,1089196,281,4,false,false
682,0,65568,65568,1146552,1154764,1080984,1089196,282,4,false,false
683,0,65568,65568,1146552,1154764,1080984,1089196,283,4,false,false
684,0,65568,65568,1146552,1154764,1080984,1089196,284,4,false,false
685,0,65568,65568,1162976,1165812,1097408,1100244,285,4,false,false
686,0,65568,65568,1162976,1165812,1097408,1100244,286,4,false,false
687,0,65568,65568,1162976,1165812,1097408,1100244,287,4,false,false
688,0,65568,65568,1162976,1165812,1097408,1100244,288,4,false,false
689,0,65600,65600,1176584,1179420,1110984,1113820,289,4,false,false
690,0,65600,65600,1176584,1179420,1110984,1113820,290,4,false,false
691,0,65600,65600,1176584,1179420,1110984,1113820,291,4,false,false
692,0,65600,65600,1176584,1179420,1110984,1113820,292,4,false,false
693,0,65600,65600,1187632,1195844,1122032,1130244,293,4,false,false
694,0,65600,65600,1187632,1195844,1122032,1130244,294,4,false,false
695,0,65600,65600,1187632,1195844,1122032,1130244,295,4,false,false
696,0,65600,65600,1187632,1195844,1122032,1130244,296,4,false,false
697,3,65600,65600,345712,356484,280112,290884,85,4,false,false
698,3,65600,65600,345712,356484,280112,290884,86,4,false,false
699,3,65600,65600,345712,356484,280112,290884,87,4,false,false
700,3,65600,65600,345712,356484,280112,290884,88,4,false,false
701,0,65600,65600,1204056,1206124,1138456,1140524,297,4,false,false
702,0,65600,65600,1204056,1206124,1138456,1140524,298,4,false,false
703,0,65600,65600,1204056,1206124,1138456,1140524,299,4,false,false
704,0,65600,65600,1204056,1206124,1138456,1140524,300,4,false,false
705,3,65600,65600,359320,370092,293720,304492,89,4,false,false
706,3,65600,65600,359320,370092,293720,304492,90,4,false,false
707,3,65600,65600,359320,370092,293720,304492,91,4,false,false
708,3,65600,65600,359320,370092,293720,304492,92,4,false,false
709,0,65601,65601,1211008,1216404,1145407,1150803,301,4,false,false
710,0,65601,65601,1211008,1216404,1145407,1150803,302,4,false,false
711,0,65601,65601,1211008,1216404,1145407,1150803,303,4,false,false
712,0,65601,65601,1211008,1216404,1145407,1150803,304,4,false,false
713,0,65632,65632,1224616,1227452,1158984,1161820,305,4,false,false
714,0,65632,65632,1224616,1227452,1158984,1161820,306,4,false,false
715,0,65632,65632,1224616,1227452,1158984,1161820,307,4,false,false
716,0,65632,65632,1224616,1227452,1158984,1161820,308,4,false,false
717,3,65632,65632,378304,386516,312672,320884,93,4,false,false
718,3,65632,65632,378304,386516,312672,320884,94,4,false,false
719,3,65632,65632,378304,386516,312672,320884,95,4,false,false
720,3,65632,65632,378304,386516,312672,320884,96,4,false,false
721,3,65664,65664,389352,397564,323688,331900,97,4,false,false
722,3,65664,65664,389352,397564,323688,331900,98,4,false,false
723,3,65664,65664,389352,397564,323688,331900,99,4,false,false
724,3,65664,65664,389352,397564,323688,331900,100,4,false,false
725,0,65664,65664,1238224,1243620,1172560,1177956,309,4,false,false
726,0,65664,65664,1238224,1243620,1172560,1177956,310,4,false,false
727,0,65664,65664,1238224,1243620,1172560,1177956,311,4,false,false
728,0,65664,65664,1238224,1243620,1172560,1177956,312,4,false,false
729,0,65664,65664,1251832,1257228,1186168,1191564,313,4,false,false
730,0,65664,65664,1251832,1257228,1186168,1191564,314,4,false,false
731,0,65664,65664,1251832,1257228,1186168,1191564,315,4,false,false
732,0,65664,65664,1251832,1257228,1186168,1191564,316,4,false,false
733,0,65665,65665,1268000,1270836,1202335,1205171,317,4,false,false
734,0,65665,65665,1268000,1270836,1202335,1205171,318,4,false,false
735,0,65665,65665,1268000,1270836,1202335,1205171,319,4,false,false
736,0,65665,65665,1268000,1270836,1202335,1205171,320,4,false,false
737,0,65665,65665,1279048,1281116,1213383,1215451,321,4,false,false
738,0,65665,65665,1279048,1281116,1213383,1215451,322,4,false,false
739,0,65665,65665,1279048,1281116,1213383,1215451,323,4,false,false
740,0,65665,65665,1279048,1281116,1213383,1215451,324,4,false,false
741,0,65665,65665,1289328,1292164,1223663,1226499,325,4,false,false
742,0,65665,65665,1289328,1292164,1223663,1226499,326,4,false,false
743,0,65665,65665,1289328,1292164,1223663,1226499,327,4,false,false
744,0,65665,65665,1289328,1292164,1223663,1226499,328,4,false,false
745,3,65696,65696,405776,410660,340080,344964,101,4,false,false
746,3,65696,65696,405776,410660,340080,344964,102,4,false,false
747,3,65696,65696,405776,410660,340080,344964,103,4,false,false
748,3,65696,65696,405776,410660,340080,344964,104,4,false,false
749,0,65696,65696,1302936,1313708,1237240,1248012,329,4,false,false
750,0,65696,65696,1302936,1313708,1237240,1248012,330,4,false,false
751,0,65696,65696,1302936,1313708,1237240,1248012,331,4,false,false
752,0,65696,65696,1302936,1313708,1237240,1248012,332,4,false,false
753,0,65696,65696,1321920,1330132,1256224,1264436,333,4,false,false
754,0,65696,65696,1321920,1330132,1256224,1264436,334,4,false,false
755,0,65696,65696,1321920,1330132,1256224,1264436,335,4,false,false
756,0,65696,65696,1321920,1330132,1256224,1264436,336,4,false,false
757,3,65696,65696,416056,424268,350360,358572,105,4,false,false
758,3,65696,65696,416056,424268,350360,358572,106,4,false,false
759,3,65696,65696,416056,424268,350360,358572,107,4,false,false
760,3,65696,65696,416056,424268,350360,358572,108,4,false,false
761,3,65696,65696,429664,437876,363968,372180,109,4,false,false
762,3,65696,65696,429664,437876,363968,372180,110,4,false,false
763,3,65696,65696,429664,437876,363968,372180,111,4,false,false
764,3,65696,65696,429664,437876,363968,372180,112,4,false,false
765,0,65697,65697,1336552,1339388,1270855,1273691,337,4,false,false
766,0,65697,65697,1336552,1339388,1270855,1273691,338,4,false,false
767,0,65697,65697,1336552,1339388,1270855,1273691,339,4,false,false
768,0,65697,65697,1336552,1339388,1270855,1273691,340,4,false,false
769,0,65728,65728,1349648,1360420,1283920,1294692,341,4,false,false
770,0,65728,65728,1349648,1360420,1283920,1294692,342,4,false,false
771,0,65728,65728,1349648,1360420,1283920,1294692,343,4,false,false
772,0,65728,65728,1349648,1360420,1283920,1294692,344,4,false,false
773,0,65728,65728,1369144,1374028,1303416,1308300,345,4,false,false
774,0,65728,65728,1369144,1374028,1303416,1308300,346,4,false,false
775,0,65728,65728,1369144,1374028,1303416,1308300,347,4,false,false
776,0,65728,65728,1369144,1374028,1303416,1308300,348,4,false,false
777,0,65728,65728,1384288,1387124,1318560,1321396,349,4,false,false
778,0,65728,65728,1384288,1387124,1318560,1321396,350,4,false,false
779,0,65728,65728,1384288,1387124,1318560,1321396,351,4,false,false
780,0,65728,65728,1384288,1387124,1318560,1321396,352,4,false,false
781,3,65760,65760,443272,451484,377512,385724,113,4,false,false
782,3,65760,65760,443272,451484,377512,385724,114,4,false,false
783,3,65760,65760,443272,451484,377512,385724,115,4,false,false
784,3,65760,65760,443272,451484,377512,385724,116,4,false,false
785,0,65760,65760,1395848,1398684,1330088,1332924,353,4,false,false
786,0,65760,65760,1395848,1398684,1330088,1332924,354,4,false,false
787,0,65760,65760,1395848,1398684,1330088,1332924,355,4,false,false
788,0,65760,65760,1395848,1398684,1330088,1332924,356,4,false,false
789,3,65760,65760,456880,465092,391120,399332,117,4,false,false
790,3,65760,65760,456880,465092,391120,399332,118,4,false,false
791,3,65760,65760,456880,465092,391120,399332,119,4,false,false
792,3,65760,65760,456880,465092,391120,399332,120,4,false,false
793,0,65761,65761,1406896,1412292,1341135,1346531,357,4,false,false
794,0,65761,65761,1406896,1412292,1341135,1346531,358,4,false,false
795,0,65761,65761,1406896,1412292,1341135,1346531,359,4,false,false
796,0,65761,65761,1406896,1412292,1341135,1346531,360,4,false,false
797,0,65761,65761,1420504,1423340,1354743,1357579,361,4,false,false
798,0,65761,65761,1420504,1423340,1354743,1357579,362,4,false,false
799,0,65761,65761,1420504,1423340,1354743,1357579,363,4,false,false
800,0,65761,65761,1420504,1423340,1354743,1357579,364,4,false,false
801,0,65761,65761,1431552,1436948,1365791,1371187,365,4,false,false
802,0,65761,65761,1431552,1436948,1365791,1371187,366,4,false,false
803,0,65761,65761,1431552,1436948,1365791,1371187,367,4,false,false
804,0,65761,65761,1431552,1436948,1365791,1371187,368,4,false,false
805,3,65761,65761,473304,481516,407543,415755,121,4,false,false
806,3,65761,65761,473304,481516,407543,415755,122,4,false,false
807,3,65761,65761,473304,481516,407543,415755,123,4,false,false
808,3,65761,65761,473304,481516,407543,415755,124,4,false,false
809,0,65761,65761,1445160,1455932,1379399,1390171,369,4,false,false
810,0,65761,65761,1445160,1455932,1379399,1390171,370,4,false,false
811,0,65761,65761,1445160,1455932,1379399,1390171,371,4,false,false
812,0,65761,65761,1445160,1455932,1379399,1390171,372,4,false,false
813,3,65792,65792,492288,500500,426496,434708,125,4,false,false
814,3,65792,65792,492288,500500,426496,434708,126,4,false,false
815,3,65792,65792,492288,500500,426496,434708,127,4,false,false
816,3,65792,65792,492288,500500,426496,434708,128,4,false,false
817,0,65792,65792,1464144,1469540,1398352,1403748,373,4,false,false
818,0,65792,65792,1464144,1469540,1398352,1403748,374,4,false,false
819,0,65792,65792,1464144,1469540,1398352,1403748,375,4,false,false
820,0,65792,65792,1464144,1469540,1398352,1403748,376,4,false,false
821,3,65793,65793,503336,511548,437543,445755,129,4,false,false
822,3,65793,65793,503336,511548,437543,445755,130,4,false,false
823,3,65793,65793,503336,511548,437543,445755,131,4,false,false
824,3,65793,65793,503336,511548,437543,445755,132,4,false,false
825,0,65824,65824,1477752,1485708,1411928,1419884,377,4,false,false
826,0,65824,65824,1477752,1485708,1411928,1419884,378,4,false,false
827,0,65824,65824,1477752,1485708,1411928,1419884,379,4,false,false
828,0,65824,65824,1477752,1485708,1411928,1419884,380,4,false,false
829,0,65824,65824,1493920,1504948,1428096,1439124,381,4,false,false
830,0,65824,65824,1493920,1504948,1428096,1439124,382,4,false,false
831,0,65824,65824,1493920,1504948,1428096,1439124,383,4,false,false
832,0,65824,65824,1493920,1504948,1428096,1439124,384,4,false,false
833,3,65824,65824,519760,527972,453936,462148,133,4,false,false
834,3,65824,65824,519760,527972,453936,462148,134,4,false,false
835,3,65824,65824,519760,527972,453936,462148,135,4,false,false
836,3,65824,65824,519760,527972,453936,462148,136,4,false,false
837,3,65856,65856,533368,536204,467512,470348,137,4,false,false
838,3,65856,65856,533368,536204,467512,470348,138,4,false,false
839,3,65856,65856,533368,536204,467512,470348,139,4,false,false
840,3,65856,65856,533368,536204,467512,470348,140,4,false,false
841,0,65857,65857,1513160,1521372,1447303,1455515,385,4,false,false
842,0,65857,65857,1513160,1521372,1447303,1455515,386,4,false,false
843,0,65857,65857,1513160,1521372,1447303,1455515,387,4,false,false
844,0,65857,65857,1513160,1521372,1447303,1455515,388,4,false,false
845,0,65857,65857,1529584,1532420,1463727,1466563,389,4,false,false
846,0,65857,65857,1529584,1532420,1463727,1466563,390,4,false,false
847,0,65857,65857,1529584,1532420,1463727,1466563,391,4,false,false
848,0,65857,65857,1529584,1532420,1463727,1466563,392,4,false,false
849,3,65857,65857,544416,552628,478559,486771,141,4,false,false
850,3,65857,65857,544416,552628,478559,486771,142,4,false,false
851,3,65857,65857,544416,552628,478559,486771,143,4,false,false
852,3,65857,65857,544416,552628,478559,486771,144,4,false,false
853,3,65888,65888,558024,566236,492136,500348,145,4,false,false
854,3,65888,65888,558024,566236,492136,500348,146,4,false,false
855,3,65888,65888,558024,566236,492136,500348,147,4,false,false
856,3,65888,65888,558024,566236,492136,500348,148,4,false,false
857,2,65888,65888,6658400,6661492,6592512,6595604,160,4,false,false
858,1,65920,65920,3499168,3504052,3433248,3438132,135,4,false,false
859,3,65920,65920,574448,582660,508528,516740,149,4,false,false
860,3,65920,65920,574448,582660,508528,516740,150,4,false,false
861,3,65920,65920,574448,582660,508528,516740,151,4,false,false
862,3,65920,65920,574448,582660,508528,516740,152,4,false,false
863,1,65952,65952,3499168,3504052,3433216,3438100,136,4,false,false
864,1,65952,65952,3517660,3524080,3451708,3458128,137,4,false,false
865,1,65952,65952,3517660,3524080,3451708,3458128,138,4,false,false
866,1,65952,65952,3517660,3524080,3451708,3458128,139,4,false,false
867,3,65952,65952,585496,596268,519544,530316,153,4,false,false
868,3,65952,65952,585496,596268,519544,530316,154,4,false,false
869,3,65952,65952,585496,596268,519544,530316,155,4,false,false
870,3,65952,65952,585496,596268,519544,530316,156,4,false,false
871,0,65952,65952,1540632,1548588,1474680,1482636,393,4,false,false
872,0,65952,65952,1540632,1548588,1474680,1482636,394,4,false,false
873,0,65952,65952,1540632,1548588,1474680,1482636,395,4,false,false
874,0,65952,65952,1540632,1548588,1474680,1482636,396,4,false,false
875,3,65952,65952,601664,609876,535712,543924,157,4,false,false
876,3,65952,65952,601664,609876,535712,543924,158,4,false,false
877,3,65952,65952,601664,609876,535712,543924,159,4,false,false
878,3,65952,65952,601664,609876,535712,543924,160,4,false,false
879,0,65952,65952,1556800,1565012,1490848,1499060,397,4,false,false
880,0,65952,65952,1556800,1565012,1490848,1499060,398,4,false,false
881,0,65952,65952,1556800,1565012,1490848,1499060,399,4,false,false
882,0,65952,65952,1556800,1565012,1490848,1499060,400,4,false,false
883,3,65984,65984,615272,623484,549288,557500,161,4,false,false
884,3,65984,65984,615272,623484,549288,557500,162,4,false,false
885,3,65984,65984,615272,623484,549288,557500,163,4,false,false
886,3,65984,65984,615272,623484,549288,557500,164,4,false,false
887,0,65984,65984,1575272,1580668,1509288,1514684,401,4,false,false
888,0,65984,65984,1575272,1580668,1509288,1514684,402,4,false,false
889,0,65984,65984,1575272,1580668,1509288,1514684,403,4,false,false
890,0,65984,65984,1575272,1580668,1509288,1514684,404,4,false,false
891,0,65984,65984,1589392,1594788,1523408,1528804,405,4,false,false
892,0,65984,65984,1589392,1594788,1523408,1528804,406,4,false,false
893,0,65984,65984,1589392,1594788,1523408,1528804,407,4,false,false
894,0,65984,65984,1589392,1594788,1523408,1528804,408,4,false,false
895,0,65984,65984,1603000,1611212,1537016,1545228,409,4,false,false
896,0,65984,65984,1603000,1611212,1537016,1545228,410,4,false,false
897,0,65984,65984,1603000,1611212,1537016,1545228,411,4,false,false
898,0,65984,65984,1603000,1611212,1537016,1545228,412,4,false,false
899,0,65984,65984,1619424,1626868,1553440,1560884,413,4,false,false
900,0,65984,65984,1619424,1626868,1553440,1560884,414,4,false,false
901,0,65984,65984,1619424,1626868,1553440,1560884,415,4,false,false
902,0,65984,65984,1619424,1626868,1553440,1560884,416,4,false,false
903,2,65985,65985,6694064,6701508,6628079,6635523,161,4,false,false
904,0,65985,65985,1635080,1643292,1569095,1577307,417,4,false,false
905,0,65985,65985,1635080,1643292,1569095,1577307,418,4,false,false
906,0,65985,65985,1635080,1643292,1569095,1577307,419,4,false,false
907,0,65985,65985,1635080,1643292,1569095,1577307,420,4,false,false
908,0,66016,66016,1653552,1656388,1587536,1590372,421,4,false,false
909,0,66016,66016,1653552,1656388,1587536,1590372,422,4,false,false
910,0,66016,66016,1653552,1656388,1587536,1590372,423,4,false,false
911,0,66016,66016,1653552,1656388,1587536,1590372,424,4,false,false
912,3,66016,66016,626320,634532,560304,568516,165,4,false,false
913,3,66016,66016,626320,634532,560304,568516,166,4,false,false
914,3,66016,66016,626320,634532,560304,568516,167,4,false,false
915,3,66016,66016,626320,634532,560304,568516,168,4,false,false
916,3,66016,66016,642744,650956,576728,584940,169,4,false,false
917,3,66016,66016,642744,650956,576728,584940,170,4,false,false
918,3,66016,66016,642744,650956,576728,584940,171,4,false,false
919,3,66016,66016,642744,650956,576728,584940,172,4,false,false
920,3,66016,66016,653792,662004,587776,595988,173,4,false,false
921,3,66016,66016,653792,662004,587776,595988,174,4,false,false
922,3,66016,66016,653792,662004,587776,595988,175,4,false,false
923,3,66016,66016,653792,662004,587776,595988,176,4,false,false
924,3,66016,66016,670216,678428,604200,612412,177,4,false,false
925,3,66016,66016,670216,678428,604200,612412,178,4,false,false
926,3,66016,66016,670216,678428,604200,612412,179,4,false,false
927,3,66016,66016,670216,678428,604200,612412,180,4,false,false
928,0,66016,66016,1665112,1681260,1599096,1615244,425,4,false,false
929,0,66016,66016,1665112,1681260,1599096,1615244,426,4,false,false
930,0,66016,66016,1665112,1681260,1599096,1615244,427,4,false,false
931,0,66016,66016,1665112,1681260,1599096,1615244,428,4,false,false
932,0,66017,66017,1689472,1700244,1623455,1634227,429,4,false,false
933,0,66017,66017,1689472,1700244,1623455,1634227,430,4,false,false
934,0,66017,66017,1689472,1700244,1623455,1634227,431,4,false,false
935,0,66017,66017,1689472,1700244,1623455,1634227,432,4,false,false
936,3,66048,66048,681264,689476,615216,623428,181,4,false,false
937,3,66048,66048,681264,689476,615216,623428,182,4,false,false
938,3,66048,66048,681264,689476,615216,623428,183,4,false,false
939,3,66048,66048,681264,689476,615216,623428,184,4,false,false
940,3,66048,66048,692312,700524,626264,634476,185,4,false,false
941,3,66048,66048,692312,700524,626264,634476,186,4,false,false
942,3,66048,66048,692312,700524,626264,634476,187,4,false,false
943,3,66048,66048,692312,700524,626264,634476,188,4,false,false
944,0,66048,66048,1708456,1719228,1642408,1653180,433,4,false,false
945,0,66048,66048,1708456,1719228,1642408,1653180,434,4,false,false
946,0,66048,66048,1708456,1719228,1642408,1653180,435,4,false,false
947,0,66048,66048,1708456,1719228,1642408,1653180,436,4,false,false
948,0,66048,66048,1729488,1732324,1663440,1666276,437,4,false,false
949,0,66048,66048,1729488,1732324,1663440,1666276,438,4,false,false
950,0,66048,66048,1729488,1732324,1663440,1666276,439,4,false,false
951,0,66048,66048,1729488,1732324,1663440,1666276,440,4,false,false
952,0,66048,66048,1743096,1751308,1677048,1685260,441,4,false,false
953,0,66048,66048,1743096,1751308,1677048,1685260,442,4,false,false
954,0,66048,66048,1743096,1751308,1677048,1685260,443,4,false,false
955,0,66048,66048,1743096,1751308,1677048,1685260,444,4,false,false
956,0,66080,66080,1760032,1765428,1693952,1699348,445,4,false,false
957,0,66080,66080,1760032,1765428,1693952,1699348,446,4,false,false
958,0,66080,66080,1760032,1765428,1693952,1699348,447,4,false,false
959,0,66080,66080,1760032,1765428,1693952,1699348,448,4,false,false
960,3,66080,66080,705920,714132,639840,648052,189,4,false,false
961,3,66080,66080,705920,714132,639840,648052,190,4,false,false
962,3,66080,66080,705920,714132,639840,648052,191,4,false,false
963,3,66080,66080,705920,714132,639840,648052,192,4,false,false
964,3,66080,66080,719528,727228,653448,661148,193,4,false,false
965,3,66080,66080,719528,727228,653448,661148,194,4,false,false
966,3,66080,66080,719528,727228,653448,661148,195,4,false,false
967,3,66080,66080,719528,727228,653448,661148,196,4,false,false
968,0,66080,66080,1773640,1779036,1707560,1712956,449,4,false,false
969,0,66080,66080,1773640,1779036,1707560,1712956,450,4,false,false
970,0,66080,66080,1773640,1779036,1707560,1712956,451,4,false,false
971,0,66080,66080,1773640,1779036,1707560,1712956,452,4,false,false
972,0,66112,66112,1787248,1790084,1721136,1723972,453,4,false,false
973,0,66112,66112,1787248,1790084,1721136,1723972,454,4,false,false
974,0,66112,66112,1787248,1790084,1721136,1723972,455,4,false,false
975,0,66112,66112,1787248,1790084,1721136,1723972,456,4,false,false
976,3,66113,66113,732624,740836,666511,674723,197,4,false,false
977,3,66113,66113,732624,740836,666511,674723,198,4,false,false
978,3,66113,66113,732624,740836,666511,674723,199,4,false,false
979,3,66113,66113,732624,740836,666511,674723,200,4,false,false
980,0,66144,66144,1798296,1803692,1732152,1737548,457,4,false,false
981,0,66144,66144,1798296,1803692,1732152,1737548,458,4,false,false
982,0,66144,66144,1798296,1803692,1732152,1737548,459,4,false,false
983,0,66144,66144,1798296,1803692,1732152,1737548,460,4,false,false
984,0,66144,66144,1821888,1827284,1755744,1761140,461,4,false,false
985,0,66144,66144,1821888,1827284,1755744,1761140,462,4,false,false
986,0,66144,66144,1821888,1827284,1755744,1761140,463,4,false,false
987,0,66144,66144,1821888,1827284,1755744,1761140,464,4,false,false
988,3,66144,66144,746232,754444,680088,688300,201,4,false,false
989,3,66144,66144,746232,754444,680088,688300,202,4,false,false
990,3,66144,66144,746232,754444,680088,688300,203,4,false,false
991,3,66144,66144,746232,754444,680088,688300,204,4,false,false
992,0,66144,66144,1834984,1843196,1768840,1777052,465,4,false,false
993,0,66144,66144,1834984,1843196,1768840,1777052,466,4,false,false
994,0,66144,66144,1834984,1843196,1768840,1777052,467,4,false,false
995,0,66144,66144,1834984,1843196,1768840,1777052,468,4,false,false
996,3,66144,66144,762656,770868,696512,704724,205,4,false,false
997,3,66144,66144,762656,770868,696512,704724,206,4,false,false
998,3,66144,66144,762656,770868,696512,704724,207,4,false,false
999,3,66144,66144,762656,770868,696512,704724,208,4,false,false
1000,3,66144,66144,787016,795228,720872,729084,209,4,false,false
1001,3,66144,66144,787016,795228,720872,729084,210,4,false,false
1002,3,66144,66144,787016,795228,720872,729084,211,4,false,false
1003,3,66144,66144,787016,795228,720872,729084,212,4,false,false
1004,0,66145,66145,1849872,1852708,1783727,1786563,469,4,false,false
1005,0,66145,66145,1849872,1852708,1783727,1786563,470,4,false,false
1006,0,66145,66145,1849872,1852708,1783727,1786563,471,4,false,false
1007,0,66145,66145,1849872,1852708,1783727,1786563,472,4,false,false
1008,3,66145,66145,798064,806276,731919,740131,213,4,false,false
1009,3,66145,66145,798064,806276,731919,740131,214,4,false,false
1010,3,66145,66145,798064,806276,731919,740131,215,4,false,false
1011,3,66145,66145,798064,806276,731919,740131,216,4,false,false
1012,0,66176,66176,1858616,1861452,1792440,1795276,473,4,false,false
1013,0,66176,66176,1858616,1861452,1792440,1795276,474,4,false,false
1014,0,66176,66176,1858616,1861452,1792440,1795276,475,4,false,false
1015,0,66176,66176,1858616,1861452,1792440,1795276,476,4,false,false
1016,3,66176,66176,811672,819884,745496,753708,217,4,false,false
1017,3,66176,66176,811672,819884,745496,753708,218,4,false,false
1018,3,66176,66176,811672,819884,745496,753708,219,4,false,false
1019,3,66176,66176,811672,819884,745496,753708,220,4,false,false
1020,1,66176,66176,3517660,3524080,3451484,3457904,140,4,false,false
1021,3,66177,66177,830656,838868,764479,772691,221,4,false,false
1022,3,66177,66177,830656,838868,764479,772691,222,4,false,false
1023,3,66177,66177,830656,838868,764479,772691,223,4,false,false
1024,3,66177,66177,830656,838868,764479,772691,224,4,false,false
1025,0,66177,66177,1868640,1874036,1802463,1807859,477,4,false,false
1026,0,66177,66177,1868640,1874036,1802463,1807859,478,4,false,false
1027,0,66177,66177,1868640,1874036,1802463,1807859,479,4,false,false
1028,0,66177,66177,1868640,1874036,1802463,1807859,480,4,false,false
1029,3,66177,66177,852200,860412,786023,794235,225,4,false,false
1030,3,66177,66177,852200,860412,786023,794235,226,4,false,false
1031,3,66177,66177,852200,860412,786023,794235,227,4,false,false
1032,3,66177,66177,852200,860412,786023,794235,228,4,false,false
1033,3,66208,66208,865808,874020,799600,807812,229,4,false,false
1034,3,66208,66208,865808,874020,799600,807812,230,4,false,false
1035,3,66208,66208,865808,874020,799600,807812,231,4,false,false
1036,3,66208,66208,865808,874020,799600,807812,232,4,false,false
1037,1,66208,66208,3540248,3548460,3474040,3482252,141,4,false,false
1038,1,66208,66208,3540248,3548460,3474040,3482252,142,4,false,false
1039,1,66208,66208,3540248,3548460,3474040,3482252,143,4,false,false
1040,1,66208,66208,3540248,3548460,3474040,3482252,144,4,false,false
1041,0,66208,66208,1882248,1887644,1816040,1821436,481,4,false,false
1042,0,66208,66208,1882248,1887644,1816040,1821436,482,4,false,false
1043,0,66208,66208,1882248,1887644,1816040,1821436,483,4,false,false
1044,0,66208,66208,1882248,1887644,1816040,1821436,484,4,false,false
1045,0,66208,66208,1895856,1897924,1829648,1831716,485,4,false,false
1046,0,66208,66208,1895856,1897924,1829648,1831716,486,4,false,false
1047,0,66208,66208,1895856,1897924,1829648,1831716,487,4,false,false
1048,0,66208,66208,1895856,1897924,1829648,1831716,488,4,false,false
1049,0,66209,66209,1908184,1913580,1841975,1847371,489,4,false,false
1050,0,66209,66209,1908184,1913580,1841975,1847371,490,4,false,false
1051,0,66209,66209,1908184,1913580,1841975,1847371,491,4,false,false
1052,0,66209,66209,1908184,1913580,1841975,1847371,492,4,false,false
1053,0,66209,66209,1922304,1930516,1856095,1864307,493,4,false,false
1054,0,66209,66209,1922304,1930516,1856095,1864307,494,4,false,false
1055,0,66209,66209,1922304,1930516,1856095,1864307,495,4,false,false
1056,0,66209,66209,1922304,1930516,1856095,1864307,496,4,false,false
1057,3,66240,66240,876856,885068,810616,818828,233,4,false,false
1058,3,66240,66240,876856,885068,810616,818828,234,4,false,false
1059,3,66240,66240,876856,885068,810616,818828,235,4,false,false
1060,3,66240,66240,876856,885068,810616,818828,236,4,false,false
1061,3,66240,66240,893280,901492,827040,835252,237,4,false,false
1062,3,66240,66240,893280,901492,827040,835252,238,4,false,false
1063,3,66240,66240,893280,901492,827040,835252,239,4,false,false
1064,3,66240,66240,893280,901492,827040,835252,240,4,false,false
1065,3,66241,66241,906888,917660,840647,851419,241,4,false,false
1066,3,66241,66241,906888,917660,840647,851419,242,4,false,false
1067,3,66241,66241,906888,917660,840647,851419,243,4,false,false
1068,3,66241,66241,906888,917660,840647,851419,244,4,false,false
1069,0,66272,66272,1941032,1943868,1874760,1877596,497,4,false,false
1070,0,66272,66272,1941032,1943868,1874760,1877596,498,4,false,false
1071,0,66272,66272,1941032,1943868,1874760,1877596,499,4,false,false
1072,0,66272,66272,1941032,1943868,1874760,1877596,500,4,false,false
1073,3,66272,66272,923056,931268,856784,864996,245,4,false,false
1074,3,66272,66272,923056,931268,856784,864996,246,4,false,false
1075,3,66272,66272,923056,931268,856784,864996,247,4,false,false
1076,3,66272,66272,923056,931268,856784,864996,248,4,false,false
1077,0,66272,66272,1952592,1961572,1886320,1895300,501,4,false,false
1078,0,66272,66272,1952592,1961572,1886320,1895300,502,4,false,false
1079,0,66272,66272,1952592,1961572,1886320,1895300,503,4,false,false
1080,0,66272,66272,1952592,1961572,1886320,1895300,504,4,false,false
1081,0,66272,66272,1972088,1974924,1905816,1908652,505,4,false,false
1082,0,66272,66272,1972088,1974924,1905816,1908652,506,4,false,false
1083,0,66272,66272,1972088,1974924,1905816,1908652,507,4,false,false
1084,0,66272,66272,1972088,1974924,1905816,1908652,508,4,false,false
1085,3,66272,66272,936152,944364,869880,878092,249,4,false,false
1086,3,66272,66272,936152,944364,869880,878092,250,4,false,false
1087,3,66272,66272,936152,944364,869880,878092,251,4,false,false
1088,3,66272,66272,936152,944364,869880,878092,252,4,false,false
1089,0,66273,66273,1983648,1986484,1917375,1920211,509,4,false,false
1090,0,66273,66273,1983648,1986484,1917375,1920211,510,4,false,false
1091,0,66273,66273,1983648,1986484,1917375,1920211,511,4,false,false
1092,0,66273,66273,1983648,1986484,1917375,1920211,512,4,false,false
1093,0,66304,66304,1996744,2004956,1930440,1938652,513,4,false,false
1094,0,66304,66304,1996744,2004956,1930440,1938652,514,4,false,false
1095,0,66304,66304,1996744,2004956,1930440,1938652,515,4,false,false
1096,0,66304,66304,1996744,2004956,1930440,1938652,516,4,false,false
1097,0,66304,66304,2015984,2018820,1949680,1952516,517,4,false,false
1098,0,66304,66304,2015984,2018820,1949680,1952516,518,4,false,false
1099,0,66304,66304,2015984,2018820,1949680,1952516,519,4,false,false
1100,0,66304,66304,2015984,2018820,1949680,1952516,520,4,false,false
1101,3,66304,66304,960788,971560,894484,905256,253,4,false,false
1102,3,66304,66304,960788,971560,894484,905256,254,4,false,false
1103,3,66304,66304,960788,971560,894484,905256,255,4,false,false
1104,3,66304,66304,960788,971560,894484,905256,256,4,false,false
1105,0,66304,66304,2027544,2030380,1961240,1964076,521,4,false,false
1106,0,66304,66304,2027544,2030380,1961240,1964076,522,4,false,false
1107,0,66304,66304,2027544,2030380,1961240,1964076,523,4,false,false
1108,0,66304,66304,2027544,2030380,1961240,1964076,524,4,false,false
1109,2,66304,66304,6694064,6701508,6627760,6635204,162,4,false,false
1110,3,66305,66305,976956,985168,910651,918863,257,4,false,false
1111,3,66305,66305,976956,985168,910651,918863,258,4,false,false
1112,3,66305,66305,976956,985168,910651,918863,259,4,false,false
1113,3,66305,66305,976956,985168,910651,918863,260,4,false,false
1114,3,66305,66305,995940,1004152,929635,937847,261,4,false,false
1115,3,66305,66305,995940,1004152,929635,937847,262,4,false,false
1116,3,66305,66305,995940,1004152,929635,937847,263,4,false,false
1117,3,66305,66305,995940,1004152,929635,937847,264,4,false,false
1118,0,66336,66336,2038592,2041428,1972256,1975092,525,4,false,false
1119,0,66336,66336,2038592,2041428,1972256,1975092,526,4,false,false
1120,0,66336,66336,2038592,2041428,1972256,1975092,527,4,false,false
1121,0,66336,66336,2038592,2041428,1972256,1975092,528,4,false,false
1122,0,66336,66336,2049640,2052476,1983304,1986140,529,4,false,false
1123,0,66336,66336,2049640,2052476,1983304,1986140,530,4,false,false
1124,0,66336,66336,2049640,2052476,1983304,1986140,531,4,false,false
1125,0,66336,66336,2049640,2052476,1983304,1986140,532,4,false,false
1126,3,66336,66336,1006988,1020576,940652,954240,265,4,false,false
1127,3,66336,66336,1006988,1020576,940652,954240,266,4,false,false
1128,3,66336,66336,1006988,1020576,940652,954240,267,4,false,false
1129,3,66336,66336,1006988,1020576,940652,954240,268,4,false,false
1130,1,66336,66336,3564628,3570024,3498292,3503688,145,4,false,false
1131,1,66336,66336,3564628,3570024,3498292,3503688,146,4,false,false
1132,1,66336,66336,3564628,3570024,3498292,3503688,147,4,false,false
1133,1,66336,66336,3564628,3570024,3498292,3503688,148,4,false,false
1134,3,66368,66368,1028788,1037000,962420,970632,269,4,false,false
1135,3,66368,66368,1028788,1037000,962420,970632,270,4,false,false
1136,3,66368,66368,1028788,1037000,962420,970632,271,4,false,false
1137,3,66368,66368,1028788,1037000,962420,970632,272,4,false,false
1138,2,66368,66368,6694064,6701508,6627696,6635140,163,4,false,false
1139,2,66368,66368,6694064,6701508,6627696,6635140,164,4,false,false
1140,2,66368,66368,6732032,6741524,6665664,6675156,165,4,false,false
1141,2,66368,66368,6732032,6741524,6665664,6675156,166,4,false,false
1142,0,66368,66368,2060688,2066084,1994320,1999716,533,4,false,false
1143,0,66368,66368,2060688,2066084,1994320,1999716,534,4,false,false
1144,0,66368,66368,2060688,2066084,1994320,1999716,535,4,false,false
1145,0,66368,66368,2060688,2066084,1994320,1999716,536,4,false,false
1146,0,66368,66368,2074296,2082508,2007928,2016140,537,4,false,false
1147,0,66368,66368,2074296,2082508,2007928,2016140,538,4,false,false
1148,0,66368,66368,2074296,2082508,2007928,2016140,539,4,false,false
1149,0,66368,66368,2074296,2082508,2007928,2016140,540,4,false,false
1150,3,66368,66368,1050588,1058800,984220,992432,273,4,false,false
1151,3,66368,66368,1050588,1058800,984220,992432,274,4,false,false
1152,3,66368,66368,1050588,1058800,984220,992432,275,4,false,false
1153,3,66368,66368,1050588,1058800,984220,992432,276,4,false,false
1154,1,66368,66368,3583632,3589028,3517264,3522660,149,4,false,false
1155,1,66368,66368,3583632,3589028,3517264,3522660,150,4,false,false
1156,1,66368,66368,3583632,3589028,3517264,3522660,151,4,false,false
1157,1,66368,66368,3583632,3589028,3517264,3522660,152,4,false,false
1158,0,66369,66369,2090720,2093556,2024351,2027187,541,4,false,false
1159,0,66369,66369,2090720,2093556,2024351,2027187,542,4,false,false
1160,0,66369,66369,2090720,2093556,2024351,2027187,543,4,false,false
1161,0,66369,66369,2090720,2093556,2024351,2027187,544,4,false,false
1162,0,66369,66369,2101768,2104604,2035399,2038235,545,4,false,false
1163,0,66369,66369,2101768,2104604,2035399,2038235,546,4,false,false
1164,0,66369,66369,2101768,2104604,2035399,2038235,547,4,false,false
1165,0,66369,66369,2101768,2104604,2035399,2038235,548,4,false,false
1166,0,66369,66369,2112816,2118212,2046447,2051843,549,4,false,false
1167,0,66369,66369,2112816,2118212,2046447,2051843,550,4,false,false
1168,0,66369,66369,2112816,2118212,2046447,2051843,551,4,false,false
1169,0,66369,66369,2112816,2118212,2046447,2051843,552,4,false,false
1170,3,66369,66369,1072388,1080600,1006019,1014231,277,4,false,false
1171,3,66369,66369,1072388,1080600,1006019,1014231,278,4,false,false
1172,3,66369,66369,1072388,1080600,1006019,1014231,279,4,false,false
1173,3,66369,66369,1072388,1080600,1006019,1014231,280,4,false,false
1174,3,66400,66400,1094444,1102656,1028044,1036256,281,4,false,false
1175,3,66400,66400,1094444,1102656,1028044,1036256,282,4,false,false
1176,3,66400,66400,1094444,1102656,1028044,1036256,283,4,false,false
1177,3,66400,66400,1094444,1102656,1028044,1036256,284,4,false,false
1178,3,66400,66400,1110868,1119080,1044468,1052680,285,4,false,false
1179,3,66400,66400,1110868,1119080,1044468,1052680,286,4,false,false
1180,3,66400,66400,1110868,1119080,1044468,1052680,287,4,false,false
1181,3,66400,66400,1110868,1119080,1044468,1052680,288,4,false,false
1182,0,66400,66400,2130520,2141292,2064120,2074892,553,4,false,false
1183,0,66400,66400,2130520,2141292,2064120,2074892,554,4,false,false
1184,0,66400,66400,2130520,2141292,2064120,2074892,555,4,false,false
1185,0,66400,66400,2130520,2141292,2064120,2074892,556,4,false,false
1186,3,66400,66400,1121916,1130128,1055516,1063728,289,4,false,false
1187,3,66400,66400,1121916,1130128,1055516,1063728,290,4,false,false
1188,3,66400,66400,1121916,1130128,1055516,1063728,291,4,false,false
1189,3,66400,66400,1121916,1130128,1055516,1063728,292,4,false,false
1190,3,66400,66400,1138340,1146552,1071940,1080152,293,4,false,false
1191,3,66400,66400,1138340,1146552,1071940,1080152,294,4,false,false
1192,3,66400,66400,1138340,1146552,1071940,1080152,295,4,false,false
1193,3,66400,66400,1138340,1146552,1071940,1080152,296,4,false,false
1194,0,66400,66400,2152832,2155668,2086432,2089268,557,4,false,false
1195,0,66400,66400,2152832,2155668,2086432,2089268,558,4,false,false
1196,0,66400,66400,2152832,2155668,2086432,2089268,559,4,false,false
1197,0,66400,66400,2152832,2155668,2086432,2089268,560,4,false,false
1198,0,66401,66401,2164392,2169788,2097991,2103387,561,4,false,false
1199,0,66401,66401,2164392,2169788,2097991,2103387,562,4,false,false
1200,0,66401,66401,2164392,2169788,2097991,2103387,563,4,false,false
1201,0,66401,66401,2164392,2169788,2097991,2103387,564,4,false,false
1202,3,66432,66432,1154764,1162976,1088332,1096544,297,4,false,false
1203,3,66432,66432,1154764,1162976,1088332,1096544,298,4,false,false
1204,3,66432,66432,1154764,1162976,1088332,1096544,299,4,false,false
1205,3,66432,66432,1154764,1162976,1088332,1096544,300,4,false,false
1206,0,66432,66432,2180304,2183140,2113872,2116708,565,4,false,false
1207,0,66432,66432,2180304,2183140,2113872,2116708,566,4,false,false
1208,0,66432,66432,2180304,2183140,2113872,2116708,567,4,false,false
1209,0,66432,66432,2180304,2183140,2113872,2116708,568,4,false,false
1210,0,66432,66432,2191864,2194700,2125432,2128268,569,4,false,false
1211,0,66432,66432,2191864,2194700,2125432,2128268,570,4,false,false
1212,0,66432,66432,2191864,2194700,2125432,2128268,571,4,false,false
1213,0,66432,66432,2191864,2194700,2125432,2128268,572,4,false,false
1214,3,66432,66432,1165812,1176584,1099380,1110152,301,4,false,false
1215,3,66432,66432,1165812,1176584,1099380,1110152,302,4,false,false
1216,3,66432,66432,1165812,1176584,1099380,1110152,303,4,false,false
1217,3,66432,66432,1165812,1176584,1099380,1110152,304,4,false,false
1218,3,66432,66432,1179420,1187632,1112988,1121200,305,4,false,false
1219,3,66432,66432,1179420,1187632,1112988,1121200,306,4,false,false
1220,3,66432,66432,1179420,1187632,1112988,1121200,307,4,false,false
1221,3,66432,66432,1179420,1187632,1112988,1121200,308,4,false,false
1222,0,66432,66432,2204960,2207796,2138528,2141364,573,4,false,false
1223,0,66432,66432,2204960,2207796,2138528,2141364,574,4,false,false
1224,0,66432,66432,2204960,2207796,2138528,2141364,575,4,false,false
1225,0,66432,66432,2204960,2207796,2138528,2141364,576,4,false,false
1226,0,66432,66432,2216520,2221916,2150088,2155484,577,4,false,false
1227,0,66432,66432,2216520,2221916,2150088,2155484,578,4,false,false
1228,0,66432,66432,2216520,2221916,2150088,2155484,579,4,false,false
1229,0,66432,66432,2216520,2221916,2150088,2155484,580,4,false,false
1230,3,66432,66432,1195844,1204056,1129412,1137624,309,4,false,false
1231,3,66432,66432,1195844,1204056,1129412,1137624,310,4,false,false
1232,3,66432,66432,1195844,1204056,1129412,1137624,311,4,false,false
1233,3,66432,66432,1195844,1204056,1129412,1137624,312,4,false,false
1234,3,66432,66432,1206124,1211008,1139692,1144576,313,4,false,false
1235,3,66432,66432,1206124,1211008,1139692,1144576,314,4,false,false
1236,3,66432,66432,1206124,1211008,1139692,1144576,315,4,false,false
1237,3,66432,66432,1206124,1211008,1139692,1144576,316,4,false,false
1238,0,66432,66432,2230128,2232964,2163696,2166532,581,4,false,false
1239,0,66432,66432,2230128,2232964,2163696,2166532,582,4,false,false
1240,0,66432,66432,2230128,2232964,2163696,2166532,583,4,false,false
1241,0,66432,66432,2230128,2232964,2163696,2166532,584,4,false,false
1242,0,66433,66433,2243480,2246316,2177047,2179883,585,4,false,false
1243,0,66433,66433,2243480,2246316,2177047,2179883,586,4,false,false
1244,0,66433,66433,2243480,2246316,2177047,2179883,587,4,false,false
1245,0,66433,66433,2243480,2246316,2177047,2179883,588,4,false,false
1246,0,66433,66433,2255040,2263252,2188607,2196819,589,4,false,false
1247,0,66433,66433,2255040,2263252,2188607,2196819,590,4,false,false
1248,0,66433,66433,2255040,2263252,2188607,2196819,591,4,false,false
1249,0,66433,66433,2255040,2263252,2188607,2196819,592,4,false,false
1250,0,66433,66433,2271464,2282236,2205031,2215803,593,4,false,false
1251,0,66433,66433,2271464,2282236,2205031,2215803,594,4,false,false
1252,0,66433,66433,2271464,2282236,2205031,2215803,595,4,false,false
1253,0,66433,66433,2271464,2282236,2205031,2215803,596,4,false,false
1254,0,66433,66433,2290448,2298660,2224015,2232227,597,4,false,false
1255,0,66433,66433,2290448,2298660,2224015,2232227,598,4,false,false
1256,0,66433,66433,2290448,2298660,2224015,2232227,599,4,false,false
1257,0,66433,66433,2290448,2298660,2224015,2232227,600,4,false,false
1258,2,66464,66464,6732032,6741524,6665568,6675060,167,4,false,false
1259,2,66464,66464,6732032,6741524,6665568,6675060,168,4,false,false
1260,2,66464,66464,6769232,6773348,6702768,6706884,169,4,false,false
1261,2,66464,66464,6769232,6773348,6702768,6706884,170,4,false,false
1262,0,66464,66464,2306872,2323020,2240408,2256556,601,4,false,false
1263,0,66464,66464,2306872,2323020,2240408,2256556,602,4,false,false
1264,0,66464,66464,2306872,2323020,2240408,2256556,603,4,false,false
1265,0,66464,66464,2306872,2323020,2240408,2256556,604,4,false,false
1266,3,66465,66465,1216404,1224616,1149939,1158151,317,4,false,false
1267,3,66465,66465,1216404,1224616,1149939,1158151,318,4,false,false
1268,3,66465,66465,1216404,1224616,1149939,1158151,319,4,false,false
1269,3,66465,66465,1216404,1224616,1149939,1158151,320,4,false,false
1270,1,66465,66465,3605452,3613664,3538987,3547199,153,4,false,false
1271,1,66465,66465,3605452,3613664,3538987,3547199,154,4,false,false
1272,1,66465,66465,3605452,3613664,3538987,3547199,155,4,false,false
1273,1,66465,66465,3605452,3613664,3538987,3547199,156,4,false,false
1274,0,66465,66465,2331232,2334068,2264767,2267603,605,4,false,false
1275,0,66465,66465,2331232,2334068,2264767,2267603,606,4,false,false
1276,0,66465,66465,2331232,2334068,2264767,2267603,607,4,false,false
1277,0,66465,66465,2331232,2334068,2264767,2267603,608,4,false,false
1278,3,66496,66496,1227452,1238224,1160956,1171728,321,4,false,false
1279,3,66496,66496,1227452,1238224,1160956,1171728,322,4,false,false
1280,3,66496,66496,1227452,1238224,1160956,1171728,323,4,false,false
1281,3,66496,66496,1227452,1238224,1160956,1171728,324,4,false,false
1282,0,66496,66496,2338440,2346652,2271944,2280156,609,4,false,false
1283,0,66496,66496,2338440,2346652,2271944,2280156,610,4,false,false
1284,0,66496,66496,2338440,2346652,2271944,2280156,611,4,false,false
1285,0,66496,66496,2338440,2346652,2271944,2280156,612,4,false,false
1286,3,66496,66496,1243620,1251832,1177124,1185336,325,4,false,false
1287,3,66496,66496,1243620,1251832,1177124,1185336,326,4,false,false
1288,3,66496,66496,1243620,1251832,1177124,1185336,327,4,false,false
1289,3,66496,66496,1243620,1251832,1177124,1185336,328,4,false,false
1290,3,66496,66496,1257228,1268000,1190732,1201504,329,4,false,false
1291,3,66496,66496,1257228,1268000,1190732,1201504,330,4,false,false
1292,3,66496,66496,1257228,1268000,1190732,1201504,331,4,false,false
1293,3,66496,66496,1257228,1268000,1190732,1201504,332,4,false,false
1294,0,66496,66496,2353328,2356164,2286832,2289668,613,4,false,false
1295,0,66496,66496,2353328,2356164,2286832,2289668,614,4,false,false
1296,0,66496,66496,2353328,2356164,2286832,2289668,615,4,false,false
1297,0,66496,66496,2353328,2356164,2286832,2289668,616,4,false,false
1298,0,66496,66496,2366424,2369260,2299928,2302764,617,4,false,false
1299,0,66496,66496,2366424,2369260,2299928,2302764,618,4,false,false
1300,0,66496,66496,2366424,2369260,2299928,2302764,619,4,false,false
1301,0,66496,66496,2366424,2369260,2299928,2302764,620,4,false,false
1302,0,66497,66497,2380032,2388244,2313535,2321747,621,4,false,false
1303,0,66497,66497,2380032,2388244,2313535,2321747,622,4,false,false
1304,0,66497,66497,2380032,2388244,2313535,2321747,623,4,false,false
1305,0,66497,66497,2380032,2388244,2313535,2321747,624,4,false,false
1306,3,66497,66497,1270836,1279048,1204339,1212551,333,4,false,false
1307,3,66497,66497,1270836,1279048,1204339,1212551,334,4,false,false
1308,3,66497,66497,1270836,1279048,1204339,1212551,335,4,false,false
1309,3,66497,66497,1270836,1279048,1204339,1212551,336,4,false,false
1310,3,66528,66528,1281116,1289328,1214588,1222800,337,4,false,false
1311,3,66528,66528,1281116,1289328,1214588,1222800,338,4,false,false
1312,3,66528,66528,1281116,1289328,1214588,1222800,339,4,false,false
1313,3,66528,66528,1281116,1289328,1214588,1222800,340,4,false,false
1314,0,66528,66528,2399016,2409788,2332488,2343260,625,4,false,false
1315,0,66528,66528,2399016,2409788,2332488,2343260,626,4,false,false
1316,0,66528,66528,2399016,2409788,2332488,2343260,627,4,false,false
1317,0,66528,66528,2399016,2409788,2332488,2343260,628,4,false,false
1318,0,66528,66528,2418512,2426468,2351984,2359940,629,4,false,false
1319,0,66528,66528,2418512,2426468,2351984,2359940,630,4,false,false
1320,0,66528,66528,2418512,2426468,2351984,2359940,631,4,false,false
1321,0,66528,66528,2418512,2426468,2351984,2359940,632,4,false,false
1322,3,66528,66528,1292164,1302936,1225636,1236408,341,4,false,false
1323,3,66528,66528,1292164,1302936,1225636,1236408,342,4,false,false
1324,3,66528,66528,1292164,1302936,1225636,1236408,343,4,false,false
1325,3,66528,66528,1292164,1302936,1225636,1236408,344,4,false,false
1326,3,66560,66560,1313708,1321920,1247148,1255360,345,4,false,false
1327,3,66560,66560,1313708,1321920,1247148,1255360,346,4,false,false
1328,3,66560,66560,1313708,1321920,1247148,1255360,347,4,false,false
1329,3,66560,66560,1313708,1321920,1247148,1255360,348,4,false,false
1330,0,66560,66560,2434680,2437516,2368120,2370956,633,4,false,false
1331,0,66560,66560,2434680,2437516,2368120,2370956,634,4,false,false
1332,0,66560,66560,2434680,2437516,2368120,2370956,635,4,false,false
1333,0,66560,66560,2434680,2437516,2368120,2370956,636,4,false,false
1334,3,66592,66592,1330132,1336552,1263540,1269960,349,4,false,false
1335,0,66592,66592,2447776,2452660,2381184,2386068,637,4,false,false
1336,0,66592,66592,2447776,2452660,2381184,2386068,638,4,false,false
1337,0,66592,66592,2447776,2452660,2381184,2386068,639,4,false,false
1338,0,66592,66592,2447776,2452660,2381184,2386068,640,4,false,false
1339,0,66593,66593,2461384,2464220,2394791,2397627,641,4,false,false
1340,0,66593,66593,2461384,2464220,2394791,2397627,642,4,false,false
1341,0,66593,66593,2461384,2464220,2394791,2397627,643,4,false,false
1342,0,66593,66593,2461384,2464220,2394791,2397627,644,4,false,false
1343,3,66624,66624,1330132,1336552,1263508,1269928,350,4,false,false
1344,3,66624,66624,1330132,1336552,1263508,1269928,351,4,false,false
1345,3,66624,66624,1330132,1336552,1263508,1269928,352,4,false,false
1346,3,66624,66624,1339388,1349648,1272764,1283024,353,4,false,false
1347,0,66624,66624,2474736,2491396,2408112,2424772,645,4,false,false
1348,0,66624,66624,2474736,2491396,2408112,2424772,646,4,false,false
1349,0,66624,66624,2474736,2491396,2408112,2424772,647,4,false,false
1350,0,66624,66624,2474736,2491396,2408112,2424772,648,4,false,false
1351,0,66624,66624,2500120,2508076,2433496,2441452,649,4,false,false
1352,0,66624,66624,2500120,2508076,2433496,2441452,650,4,false,false
1353,0,66624,66624,2500120,2508076,2433496,2441452,651,4,false,false
1354,0,66624,66624,2500120,2508076,2433496,2441452,652,4,false,false
1355,3,66624,66624,1339388,1349648,1272764,1283024,354,4,false,false
1356,3,66624,66624,1339388,1349648,1272764,1283024,355,4,false,false
1357,3,66624,66624,1339388,1349648,1272764,1283024,356,4,false,false
1358,3,66624,66624,1360420,1369144,1293796,1302520,357,4,false,false
1359,3,66624,66624,1360420,1369144,1293796,1302520,358,4,false,false
1360,3,66624,66624,1360420,1369144,1293796,1302520,359,4,false,false
1361,3,66624,66624,1360420,1369144,1293796,1302520,360,4,false,false
1362,3,66624,66624,1374028,1384288,1307404,1317664,361,4,false,false
1363,0,66625,66625,2516288,2524500,2449663,2457875,653,4,false,false
1364,0,66625,66625,2516288,2524500,2449663,2457875,654,4,false,false
1365,0,66625,66625,2516288,2524500,2449663,2457875,655,4,false,false
1366,0,66625,66625,2516288,2524500,2449663,2457875,656,4,false,false
1367,0,66625,66625,2536808,2539644,2470183,2473019,657,4,false,false
1368,0,66625,66625,2536808,2539644,2470183,2473019,658,4,false,false
1369,0,66625,66625,2536808,2539644,2470183,2473019,659,4,false,false
1370,0,66625,66625,2536808,2539644,2470183,2473019,660,4,false,false
1371,0,66656,66656,2549136,2551972,2482480,2485316,661,4,false,false
1372,0,66656,66656,2549136,2551972,2482480,2485316,662,4,false,false
1373,0,66656,66656,2549136,2551972,2482480,2485316,663,4,false,false
1374,0,66656,66656,2549136,2551972,2482480,2485316,664,4,false,false
1375,0,66656,66656,2560184,2568396,2493528,2501740,665,4,false,false
1376,0,66656,66656,2560184,2568396,2493528,2501740,666,4,false,false
1377,0,66656,66656,2560184,2568396,2493528,2501740,667,4,false,false
1378,0,66656,66656,2560184,2568396,2493528,2501740,668,4,false,false
1379,0,66688,66688,2578912,2587124,2512224,2520436,669,4,false,false
1380,0,66688,66688,2578912,2587124,2512224,2520436,670,4,false,false
1381,0,66688,66688,2578912,2587124,2512224,2520436,671,4,false,false
1382,0,66688,66688,2578912,2587124,2512224,2520436,672,4,false,false
1383,0,66688,66688,2595848,2604060,2529160,2537372,673,4,false,false
1384,0,66688,66688,2595848,2604060,2529160,2537372,674,4,false,false
1385,0,66688,66688,2595848,2604060,2529160,2537372,675,4,false,false
1386,0,66688,66688,2595848,2604060,2529160,2537372,676,4,false,false
1387,2,66689,66689,6769232,6773348,6702543,6706659,171,4,false,false
1388,2,66689,66689,6769232,6773348,6702543,6706659,172,4,false,false
1389,2,66689,66689,6803616,6812084,6736927,6745395,173,4,false,false
1390,2,66689,66689,6803616,6812084,6736927,6745395,174,4,false,false
1391,0,66689,66689,2612272,2623044,2545583,2556355,677,4,false,false
1392,0,66689,66689,2612272,2623044,2545583,2556355,678,4,false,false
1393,0,66689,66689,2612272,2623044,2545583,2556355,679,4,false,false
1394,0,66689,66689,2612272,2623044,2545583,2556355,680,4,false,false
1395,0,66689,66689,2633304,2636140,2566615,2569451,681,4,false,false
1396,0,66689,66689,2633304,2636140,2566615,2569451,682,4,false,false
1397,0,66689,66689,2633304,2636140,2566615,2569451,683,4,false,false
1398,0,66689,66689,2633304,2636140,2566615,2569451,684,4,false,false
1399,1,66720,66720,3635464,3638300,3568744,3571580,157,4,false,false
1400,1,66720,66720,3635464,3638300,3568744,3571580,158,4,false,false
1401,1,66720,66720,3635464,3638300,3568744,3571580,159,4,false,false
1402,1,66720,66720,3635464,3638300,3568744,3571580,160,4,false,false
1403,0,66720,66720,2644864,2649748,2578144,2583028,685,4,false,false
1404,0,66720,66720,2644864,2649748,2578144,2583028,686,4,false,false
1405,0,66720,66720,2644864,2649748,2578144,2583028,687,4,false,false
1406,0,66720,66720,2644864,2649748,2578144,2583028,688,4,false,false
1407,0,66721,66721,2660264,2668476,2593543,2601755,689,4,false,false
1408,0,66721,66721,2660264,2668476,2593543,2601755,690,4,false,false
1409,0,66721,66721,2660264,2668476,2593543,2601755,691,4,false,false
1410,0,66721,66721,2660264,2668476,2593543,2601755,692,4,false,false
1411,0,66721,66721,2677200,2685412,2610479,2618691,693,4,false,false
1412,0,66721,66721,2677200,2685412,2610479,2618691,694,4,false,false
1413,0,66721,66721,2677200,2685412,2610479,2618691,695,4,false,false
1414,0,66721,66721,2677200,2685412,2610479,2618691,696,4,false,false
1415,3,66721,66721,1374028,1384288,1307307,1317567,362,4,false,false
1416,3,66721,66721,1374028,1384288,1307307,1317567,363,4,false,false
1417,3,66721,66721,1374028,1384288,1307307,1317567,364,4,false,false
1418,3,66721,66721,1387124,1395848,1320403,1329127,365,4,false,false
1419,3,66721,66721,1387124,1395848,1320403,1329127,366,4,false,false
1420,3,66721,66721,1387124,1395848,1320403,1329127,367,4,false,false
1421,3,66721,66721,1387124,1395848,1320403,1329127,368,4,false,false
1422,3,66721,66721,1398684,1406896,1331963,1340175,369,4,false,false
1423,3,66752,66752,1398684,1406896,1331932,1340144,370,4,false,false
1424,3,66752,66752,1398684,1406896,1331932,1340144,371,4,false,false
1425,3,66752,66752,1398684,1406896,1331932,1340144,372,4,false,false
1426,3,66752,66752,1412292,1420504,1345540,1353752,373,4,false,false
1427,0,66752,66752,2704396,2715168,2637644,2648416,697,4,false,false
1428,0,66752,66752,2704396,2715168,2637644,2648416,698,4,false,false
1429,0,66752,66752,2704396,2715168,2637644,2648416,699,4,false,false
1430,0,66752,66752,2704396,2715168,2637644,2648416,700,4,false,false
1431,3,66752,66752,1412292,1420504,1345540,1353752,374,4,false,false
1432,3,66752,66752,1412292,1420504,1345540,1353752,375,4,false,false
1433,3,66752,66752,1412292,1420504,1345540,1353752,376,4,false,false
1434,3,66752,66752,1423340,1431552,1356588,1364800,377,4,false,false
1435,0,66752,66752,2734152,2742108,2667400,2675356,701,4,false,false
1436,0,66752,66752,2734152,2742108,2667400,2675356,702,4,false,false
1437,0,66752,66752,2734152,2742108,2667400,2675356,703,4,false,false
1438,0,66752,66752,2734152,2742108,2667400,2675356,704,4,false,false
1439,0,66752,66752,2755716,2761112,2688964,2694360,705,4,false,false
1440,0,66752,66752,2755716,2761112,2688964,2694360,706,4,false,false
1441,0,66752,66752,2755716,2761112,2688964,2694360,707,4,false,false
1442,0,66752,66752,2755716,2761112,2688964,2694360,708,4,false,false
1443,0,66753,66753,2780352,2785748,2713599,2718995,709,4,false,false
1444,0,66753,66753,2780352,2785748,2713599,2718995,710,4,false,false
1445,0,66753,66753,2780352,2785748,2713599,2718995,711,4,false,false
1446,0,66753,66753,2780352,2785748,2713599,2718995,712,4,false,false
1447,0,66753,66753,2801916,2810128,2735163,2743375,713,4,false,false
1448,0,66753,66753,2801916,2810128,2735163,2743375,714,4,false,false
1449,0,66753,66753,2801916,2810128,2735163,2743375,715,4,false,false
1450,0,66753,66753,2801916,2810128,2735163,2743375,716,4,false,false
1451,3,66753,66753,1423340,1431552,1356587,1364799,378,4,false,false
1452,3,66753,66753,1423340,1431552,1356587,1364799,379,4,false,false
1453,3,66753,66753,1423340,1431552,1356587,1364799,380,4,false,false
1454,3,66753,66753,1436948,1445160,1370195,1378407,381,4,false,false
1455,0,66784,66784,2834488,2842700,2767704,2775916,717,4,false,false
1456,0,66784,66784,2834488,2842700,2767704,2775916,718,4,false,false
1457,0,66784,66784,2834488,2842700,2767704,2775916,719,4,false,false
1458,0,66784,66784,2834488,2842700,2767704,2775916,720,4,false,false
1459,3,66784,66784,1436948,1445160,1370164,1378376,382,4,false,false
1460,3,66784,66784,1436948,1445160,1370164,1378376,383,4,false,false
1461,3,66784,66784,1436948,1445160,1370164,1378376,384,4,false,false
1462,3,66784,66784,1455932,1464144,1389148,1397360,385,4,false,false
1463,2,66784,66784,6803616,6812084,6736832,6745300,175,4,false,false
1464,2,66784,66784,6803616,6812084,6736832,6745300,176,4,false,false
1465,2,66784,66784,6836976,6849284,6770192,6782500,177,4,false,false
1466,2,66784,66784,6836976,6849284,6770192,6782500,178,4,false,false
1467,3,66784,66784,1455932,1464144,1389148,1397360,386,4,false,false
1468,3,66784,66784,1455932,1464144,1389148,1397360,387,4,false,false
1469,3,66784,66784,1455932,1464144,1389148,1397360,388,4,false,false
1470,3,66784,66784,1469540,1477752,1402756,1410968,389,4,false,false
1471,3,66784,66784,1469540,1477752,1402756,1410968,390,4,false,false
1472,3,66784,66784,1469540,1477752,1402756,1410968,391,4,false,false
1473,3,66784,66784,1469540,1477752,1402756,1410968,392,4,false,false
1474,3,66784,66784,1485708,1493920,1418924,1427136,393,4,false,false
1475,0,66784,66784,2863988,2866824,2797204,2800040,721,4,false,false
1476,0,66784,66784,2863988,2866824,2797204,2800040,722,4,false,false
1477,0,66784,66784,2863988,2866824,2797204,2800040,723,4,false,false
1478,0,66784,66784,2863988,2866824,2797204,2800040,724,4,false,false
1479,0,66785,66785,2884016,2889412,2817231,2822627,725,4,false,false
1480,0,66785,66785,2884016,2889412,2817231,2822627,726,4,false,false
1481,0,66785,66785,2884016,2889412,2817231,2822627,727,4,false,false
1482,0,66785,66785,2884016,2889412,2817231,2822627,728,4,false,false
1483,3,66816,66816,1485708,1493920,1418892,1427104,394,4,false,false
1484,3,66816,66816,1485708,1493920,1418892,1427104,395,4,false,false
1485,3,66816,66816,1485708,1493920,1418892,1427104,396,4,false,false
1486,3,66816,66816,1504948,1513160,1438132,1446344,397,4,false,false
1487,0,66816,66816,2910188,2913024,2843372,2846208,729,4,false,false
1488,0,66816,66816,2910188,2913024,2843372,2846208,730,4,false,false
1489,0,66816,66816,2910188,2913024,2843372,2846208,731,4,false,false
1490,0,66816,66816,2910188,2913024,2843372,2846208,732,4,false,false
1491,0,66816,66816,2931752,2945340,2864936,2878524,733,4,false,false
1492,0,66816,66816,2931752,2945340,2864936,2878524,734,4,false,false
1493,0,66816,66816,2931752,2945340,2864936,2878524,735,4,false,false
1494,0,66816,66816,2931752,2945340,2864936,2878524,736,4,false,false
1495,3,66816,66816,1504948,1513160,1438132,1446344,398,4,false,false
1496,3,66816,66816,1504948,1513160,1438132,1446344,399,4,false,false
1497,3,66816,66816,1504948,1513160,1438132,1446344,400,4,false,false
1498,3,66816,66816,1521372,1529584,1454556,1462768,401,4,false,false
1499,0,66817,66817,2967652,2973048,2900835,2906231,737,4,false,false
1500,0,66817,66817,2967652,2973048,2900835,2906231,738,4,false,false
1501,0,66817,66817,2967652,2973048,2900835,2906231,739,4,false,false
1502,0,66817,66817,2967652,2973048,2900835,2906231,740,4,false,false
1503,0,66848,66848,2992032,2997428,2925184,2930580,741,4,false,false
1504,0,66848,66848,2992032,2997428,2925184,2930580,742,4,false,false
1505,0,66848,66848,2992032,2997428,2925184,2930580,743,4,false,false
1506,0,66848,66848,2992032,2997428,2925184,2930580,744,4,false,false
1507,0,66848,66848,3016412,3021808,2949564,2954960,745,4,false,false
1508,0,66848,66848,3016412,3021808,2949564,2954960,746,4,false,false
1509,0,66848,66848,3016412,3021808,2949564,2954960,747,4,false,false
1510,0,66848,66848,3016412,3021808,2949564,2954960,748,4,false,false
1511,3,66848,66848,1521372,1529584,1454524,1462736,402,4,false,false
1512,3,66848,66848,1521372,1529584,1454524,1462736,403,4,false,false
1513,3,66848,66848,1521372,1529584,1454524,1462736,404,4,false,false
1514,3,66848,66848,1532420,1540632,1465572,1473784,405,4,false,false
1515,0,66848,66848,3043352,3051564,2976504,2984716,749,4,false,false
1516,0,66848,66848,3043352,3051564,2976504,2984716,750,4,false,false
1517,0,66848,66848,3043352,3051564,2976504,2984716,751,4,false,false
1518,0,66848,66848,3043352,3051564,2976504,2984716,752,4,false,false
1519,0,66880,66880,3073364,3076200,3006484,3009320,753,4,false,false
1520,0,66880,66880,3073364,3076200,3006484,3009320,754,4,false,false
1521,0,66880,66880,3073364,3076200,3006484,3009320,755,4,false,false
1522,0,66880,66880,3073364,3076200,3006484,3009320,756,4,false,false
1523,0,66880,66880,3098000,3100836,3031120,3033956,757,4,false,false
1524,0,66880,66880,3098000,3100836,3031120,3033956,758,4,false,false
1525,0,66880,66880,3098000,3100836,3031120,3033956,759,4,false,false
1526,0,66880,66880,3098000,3100836,3031120,3033956,760,4,false,false
1527,3,66880,66880,1532420,1540632,1465540,1473752,406,4,false,false
1528,3,66880,66880,1532420,1540632,1465540,1473752,407,4,false,false
1529,3,66880,66880,1532420,1540632,1465540,1473752,408,4,false,false
1530,3,66880,66880,1548588,1556800,1481708,1489920,409,4,false,false
1531,0,66880,66880,3122636,3130848,3055756,3063968,761,4,false,false
1532,0,66880,66880,3122636,3130848,3055756,3063968,762,4,false,false
1533,0,66880,66880,3122636,3130848,3055756,3063968,763,4,false,false
1534,0,66880,66880,3122636,3130848,3055756,3063968,764,4,false,false
1535,3,66912,66912,1548588,1556800,1481676,1489888,410,4,false,false
1536,3,66912,66912,1548588,1556800,1481676,1489888,411,4,false,false
1537,3,66912,66912,1548588,1556800,1481676,1489888,412,4,false,false
1538,3,66912,66912,1565012,1575272,1498100,1508360,413,4,false,false
1539,3,66912,66912,1565012,1575272,1498100,1508360,414,4,false,false
1540,3,66912,66912,1565012,1575272,1498100,1508360,415,4,false,false
1541,3,66912,66912,1565012,1575272,1498100,1508360,416,4,false,false
1542,3,66912,66912,1580668,1589392,1513756,1522480,417,4,false,false
1543,0,66912,66912,3149832,3152668,3082920,3085756,765,4,false,false
1544,0,66912,66912,3149832,3152668,3082920,3085756,766,4,false,false
1545,0,66912,66912,3149832,3152668,3082920,3085756,767,4,false,false
1546,0,66912,66912,3149832,3152668,3082920,3085756,768,4,false,false
1547,3,66912,66912,1580668,1589392,1513756,1522480,418,4,false,false
1548,3,66912,66912,1580668,1589392,1513756,1522480,419,4,false,false
1549,3,66912,66912,1580668,1589392,1513756,1522480,420,4,false,false
1550,3,66912,66912,1594788,1603000,1527876,1536088,421,4,false,false
1551,0,66912,66912,3171652,3174488,3104740,3107576,769,4,false,false
1552,0,66912,66912,3171652,3174488,3104740,3107576,770,4,false,false
1553,0,66912,66912,3171652,3174488,3104740,3107576,771,4,false,false
1554,0,66912,66912,3171652,3174488,3104740,3107576,772,4,false,false
1555,3,66912,66912,1594788,1603000,1527876,1536088,422,4,false,false
1556,3,66912,66912,1594788,1603000,1527876,1536088,423,4,false,false
1557,3,66912,66912,1594788,1603000,1527876,1536088,424,4,false,false
1558,3,66912,66912,1611212,1619424,1544300,1552512,425,4,false,false
1559,0,66913,66913,3200896,3206292,3133983,3139379,773,4,false,false
1560,0,66913,66913,3200896,3206292,3133983,3139379,774,4,false,false
1561,0,66913,66913,3200896,3206292,3133983,3139379,775,4,false,false
1562,0,66913,66913,3200896,3206292,3133983,3139379,776,4,false,false
1563,0,66913,66913,3228348,3231184,3161435,3164271,777,4,false,false
1564,0,66913,66913,3228348,3231184,3161435,3164271,778,4,false,false
1565,0,66913,66913,3228348,3231184,3161435,3164271,779,4,false,false
1566,0,66913,66913,3228348,3231184,3161435,3164271,780,4,false,false
1567,0,66944,66944,3254776,3257612,3187832,3190668,781,4,false,false
1568,0,66944,66944,3254776,3257612,3187832,3190668,782,4,false,false
1569,0,66944,66944,3254776,3257612,3187832,3190668,783,4,false,false
1570,0,66944,66944,3254776,3257612,3187832,3190668,784,4,false,false
1571,0,66944,66944,3279924,3282760,3212980,3215816,785,4,false,false
1572,0,66944,66944,3279924,3282760,3212980,3215816,786,4,false,false
1573,0,66944,66944,3279924,3282760,3212980,3215816,787,4,false,false
1574,0,66944,66944,3279924,3282760,3212980,3215816,788,4,false,false
1575,0,66944,66944,3301488,3309700,3234544,3242756,789,4,false,false
1576,0,66944,66944,3301488,3309700,3234544,3242756,790,4,false,false
1577,0,66944,66944,3301488,3309700,3234544,3242756,791,4,false,false
1578,0,66944,66944,3301488,3309700,3234544,3242756,792,4,false,false
1579,0,66944,66944,3333548,3336384,3266604,3269440,793,4,false,false
1580,0,66944,66944,3333548,3336384,3266604,3269440,794,4,false,false
1581,0,66944,66944,3333548,3336384,3266604,3269440,795,4,false,false
1582,0,66944,66944,3333548,3336384,3266604,3269440,796,4,false,false
1583,0,66944,66944,3354600,3362812,3287656,3295868,797,4,false,false
1584,0,66944,66944,3354600,3362812,3287656,3295868,798,4,false,false
1585,0,66944,66944,3354600,3362812,3287656,3295868,799,4,false,false
1586,0,66944,66944,3354600,3362812,3287656,3295868,800,4,false,false
1587,1,66944,66944,3651908,3657304,3584964,3590360,161,4,false,false
1588,1,66944,66944,3651908,3657304,3584964,3590360,162,4,false,false
1589,1,66944,66944,3651908,3657304,3584964,3590360,163,4,false,false
1590,1,66944,66944,3651908,3657304,3584964,3590360,164,4,false,false
1591,3,66944,66944,1611212,1619424,1544268,1552480,426,4,false,false
1592,3,66944,66944,1611212,1619424,1544268,1552480,427,4,false,false
1593,3,66944,66944,1611212,1619424,1544268,1552480,428,4,false,false
1594,3,66944,66944,1626868,1635080,1559924,1568136,429,4,false,false
1595,3,66945,66945,1626868,1635080,1559923,1568135,430,4,false,false
1596,3,66945,66945,1626868,1635080,1559923,1568135,431,4,false,false
1597,3,66945,66945,1626868,1635080,1559923,1568135,432,4,false,false
1598,3,66945,66945,1643292,1653552,1576347,1586607,433,4,false,false
1599,0,66945,66945,3381284,3384120,3314339,3317175,801,4,false,false
1600,0,66945,66945,3381284,3384120,3314339,3317175,802,4,false,false
1601,0,66945,66945,3381284,3384120,3314339,3317175,803,4,false,false
1602,0,66945,66945,3381284,3384120,3314339,3317175,804,4,false,false
1603,0,66976,66976,3403104,3405940,3336128,3338964,805,4,false,false
1604,0,66976,66976,3403104,3405940,3336128,3338964,806,4,false,false
1605,0,66976,66976,3403104,3405940,3336128,3338964,807,4,false,false
1606,0,66976,66976,3403104,3405940,3336128,3338964,808,4,false,false
1607,0,66976,66976,3424924,3427760,3357948,3360784,809,4,false,false
1608,0,66976,66976,3424924,3427760,3357948,3360784,810,4,false,false
1609,0,66976,66976,3424924,3427760,3357948,3360784,811,4,false,false
1610,0,66976,66976,3424924,3427760,3357948,3360784,812,4,false,false
1611,0,66976,66976,3442904,3445740,3375928,3378764,813,4,false,false
1612,0,66976,66976,3442904,3445740,3375928,3378764,814,4,false,false
1613,0,66976,66976,3442904,3445740,3375928,3378764,815,4,false,false
1614,0,66976,66976,3442904,3445740,3375928,3378764,816,4,false,false
1615,3,66976,66976,1643292,1653552,1576316,1586576,434,4,false,false
1616,3,66976,66976,1643292,1653552,1576316,1586576,435,4,false,false
1617,3,66976,66976,1643292,1653552,1576316,1586576,436,4,false,false
1618,3,66976,66976,1656388,1665112,1589412,1598136,437,4,false,false
1619,3,67008,67008,1656388,1665112,1589380,1598104,438,4,false,false
1620,3,67008,67008,1656388,1665112,1589380,1598104,439,4,false,false
1621,3,67008,67008,1656388,1665112,1589380,1598104,440,4,false,false
1622,3,67008,67008,1681260,1689472,1614252,1622464,441,4,false,false
1623,2,67009,67009,6836976,6849284,6769967,6782275,179,4,false,false
1624,2,67009,67009,6836976,6849284,6769967,6782275,180,4,false,false
1625,2,67009,67009,6876480,6885972,6809471,6818963,181,4,false,false
1626,2,67009,67009,6876480,6885972,6809471,6818963,182,4,false,false
1627,0,67009,67009,3458068,3466280,3391059,3399271,817,4,false,false
1628,0,67009,67009,3458068,3466280,3391059,3399271,818,4,false,false
1629,0,67009,67009,3458068,3466280,3391059,3399271,819,4,false,false
1630,0,67009,67009,3458068,3466280,3391059,3399271,820,4,false,false
1631,3,67040,67040,1681260,1689472,1614220,1622432,442,4,false,false
1632,3,67040,67040,1681260,1689472,1614220,1622432,443,4,false,false
1633,3,67040,67040,1681260,1689472,1614220,1622432,444,4,false,false
1634,3,67040,67040,1700244,1708456,1633204,1641416,445,4,false,false
1635,3,67040,67040,1700244,1708456,1633204,1641416,446,4,false,false
1636,3,67040,67040,1700244,1708456,1633204,1641416,447,4,false,false
1637,3,67040,67040,1700244,1708456,1633204,1641416,448,4,false,false
1638,3,67040,67040,1719228,1729488,1652188,1662448,449,4,false,false
1639,0,67040,67040,3479888,3482724,3412848,3415684,821,4,false,false
1640,0,67040,67040,3479888,3482724,3412848,3415684,822,4,false,false
1641,0,67040,67040,3479888,3482724,3412848,3415684,823,4,false,false
1642,0,67040,67040,3479888,3482724,3412848,3415684,824,4,false,false
1643,0,67040,67040,3496332,3499168,3429292,3432128,825,4,false,false
1644,0,67040,67040,3496332,3499168,3429292,3432128,826,4,false,false
1645,0,67040,67040,3496332,3499168,3429292,3432128,827,4,false,false
1646,0,67040,67040,3496332,3499168,3429292,3432128,828,4,false,false
1647,0,67040,67040,3512264,3517660,3445224,3450620,829,4,false,false
1648,0,67040,67040,3512264,3517660,3445224,3450620,830,4,false,false
1649,0,67040,67040,3512264,3517660,3445224,3450620,831,4,false,false
1650,0,67040,67040,3512264,3517660,3445224,3450620,832,4,false,false
1651,0,67040,67040,3532292,3540248,3465252,3473208,833,4,false,false
1652,0,67040,67040,3532292,3540248,3465252,3473208,834,4,false,false
1653,0,67040,67040,3532292,3540248,3465252,3473208,835,4,false,false
1654,0,67040,67040,3532292,3540248,3465252,3473208,836,4,false,false
1655,3,67041,67041,1719228,1729488,1652187,1662447,450,4,false,false
1656,3,67041,67041,1719228,1729488,1652187,1662447,451,4,false,false
1657,3,67041,67041,1719228,1729488,1652187,1662447,452,4,false,false
1658,3,67041,67041,1732324,1743096,1665283,1676055,453,4,false,false
1659,3,67072,67072,1732324,1743096,1665252,1676024,454,4,false,false
1660,3,67072,67072,1732324,1743096,1665252,1676024,455,4,false,false
1661,3,67072,67072,1732324,1743096,1665252,1676024,456,4,false,false
1662,3,67072,67072,1751308,1760032,1684236,1692960,457,4,false,false
1663,3,67072,67072,1751308,1760032,1684236,1692960,458,4,false,false
1664,3,67072,67072,1751308,1760032,1684236,1692960,459,4,false,false
1665,3,67072,67072,1751308,1760032,1684236,1692960,460,4,false,false
1666,3,67072,67072,1765428,1773640,1698356,1706568,461,4,false,false
1667,3,67072,67072,1765428,1773640,1698356,1706568,462,4,false,false
1668,3,67072,67072,1765428,1773640,1698356,1706568,463,4,false,false
1669,3,67072,67072,1765428,1773640,1698356,1706568,464,4,false,false
1670,3,67072,67072,1779036,1787248,1711964,1720176,465,4,false,false
1671,3,67072,67072,1779036,1787248,1711964,1720176,466,4,false,false
1672,3,67072,67072,1779036,1787248,1711964,1720176,467,4,false,false
1673,3,67072,67072,1779036,1787248,1711964,1720176,468,4,false,false
1674,3,67072,67072,1790084,1798296,1723012,1731224,469,4,false,false
1675,0,67072,67072,3556672,3564628,3489600,3497556,837,4,false,false
1676,0,67072,67072,3556672,3564628,3489600,3497556,838,4,false,false
1677,0,67072,67072,3556672,3564628,3489600,3497556,839,4,false,false
1678,0,67072,67072,3556672,3564628,3489600,3497556,840,4,false,false
1679,3,67072,67072,1790084,1798296,1723012,1731224,470,4,false,false
1680,3,67072,67072,1790084,1798296,1723012,1731224,471,4,false,false
1681,3,67072,67072,1790084,1798296,1723012,1731224,472,4,false,false
1682,3,67072,67072,1803692,1821888,1736620,1754816,473,4,false,false
1683,0,67072,67072,3578236,3583632,3511164,3516560,841,4,false,false
1684,0,67072,67072,3578236,3583632,3511164,3516560,842,4,false,false
1685,0,67072,67072,3578236,3583632,3511164,3516560,843,4,false,false
1686,0,67072,67072,3578236,3583632,3511164,3516560,844,4,false,false
1687,0,67072,67072,3597240,3605452,3530168,3538380,845,4,false,false
1688,0,67072,67072,3597240,3605452,3530168,3538380,846,4,false,false
1689,0,67072,67072,3597240,3605452,3530168,3538380,847,4,false,false
1690,0,67072,67072,3597240,3605452,3530168,3538380,848,4,false,false
1691,0,67072,67072,3621876,3635464,3554804,3568392,849,4,false,false
1692,0,67072,67072,3621876,3635464,3554804,3568392,850,4,false,false
1693,0,67072,67072,3621876,3635464,3554804,3568392,851,4,false,false
1694,0,67072,67072,3621876,3635464,3554804,3568392,852,4,false,false
1695,0,67073,67073,3646512,3651908,3579439,3584835,853,4,false,false
1696,0,67073,67073,3646512,3651908,3579439,3584835,854,4,false,false
1697,0,67073,67073,3646512,3651908,3579439,3584835,855,4,false,false
1698,0,67073,67073,3646512,3651908,3579439,3584835,856,4,false,false
1699,0,67104,67104,3665516,3673728,3598412,3606624,857,4,false,false
1700,0,67104,67104,3665516,3673728,3598412,3606624,858,4,false,false
1701,0,67104,67104,3665516,3673728,3598412,3606624,859,4,false,false
1702,0,67104,67104,3665516,3673728,3598412,3606624,860,4,false,false
1703,3,67104,67104,1803692,1821888,1736588,1754784,474,4,false,false
1704,3,67104,67104,1803692,1821888,1736588,1754784,475,4,false,false
1705,3,67104,67104,1803692,1821888,1736588,1754784,476,4,false,false
1706,3,67104,67104,1827284,1834984,1760180,1767880,477,4,false,false
1707,0,67104,67104,3688360,3693756,3621256,3626652,861,4,false,false
1708,0,67104,67104,3688360,3693756,3621256,3626652,862,4,false,false
1709,0,67104,67104,3688360,3693756,3621256,3626652,863,4,false,false
1710,0,67104,67104,3688360,3693756,3621256,3626652,864,4,false,false
1711,3,67104,67104,1827284,1834984,1760180,1767880,478,4,false,false
1712,3,67104,67104,1827284,1834984,1760180,1767880,479,4,false,false
1713,3,67104,67104,1827284,1834984,1760180,1767880,480,4,false,false
1714,3,67104,67104,1843196,1849872,1776092,1782768,481,4,false,false
1715,3,67104,67104,1843196,1849872,1776092,1782768,482,4,false,false
1716,3,67104,67104,1843196,1849872,1776092,1782768,483,4,false,false
1717,3,67104,67104,1843196,1849872,1776092,1782768,484,4,false,false
1718,3,67104,67104,1852708,1858616,1785604,1791512,485,4,false,false
1719,3,67105,67105,1852708,1858616,1785603,1791511,486,4,false,false
1720,3,67105,67105,1852708,1858616,1785603,1791511,487,4,false,false
1721,3,67105,67105,1852708,1858616,1785603,1791511,488,4,false,false
1722,3,67105,67105,1861452,1868640,1794347,1801535,489,4,false,false
1723,0,67105,67105,3710180,3713016,3643075,3645911,865,4,false,false
1724,0,67105,67105,3710180,3713016,3643075,3645911,866,4,false,false
1725,0,67105,67105,3710180,3713016,3643075,3645911,867,4,false,false
1726,0,67105,67105,3710180,3713016,3643075,3645911,868,4,false,false
1727,3,67136,67136,1861452,1868640,1794316,1801504,490,4,false,false
1728,3,67136,67136,1861452,1868640,1794316,1801504,491,4,false,false
1729,3,67136,67136,1861452,1868640,1794316,1801504,492,4,false,false
1730,3,67136,67136,1874036,1882248,1806900,1815112,493,4,false,false
1731,2,67136,67136,6876480,6885972,6809344,6818836,183,4,false,false
1732,2,67136,67136,6876480,6885972,6809344,6818836,184,4,false,false
1733,2,67136,67136,6912400,6919076,6845264,6851940,185,4,false,false
1734,2,67136,67136,6912400,6919076,6845264,6851940,186,4,false,false
1735,3,67136,67136,1874036,1882248,1806900,1815112,494,4,false,false
1736,3,67136,67136,1874036,1882248,1806900,1815112,495,4,false,false
1737,3,67136,67136,1874036,1882248,1806900,1815112,496,4,false,false
1738,3,67136,67136,1887644,1895856,1820508,1828720,497,4,false,false
1739,3,67136,67136,1887644,1895856,1820508,1828720,498,4,false,false
1740,3,67136,67136,1887644,1895856,1820508,1828720,499,4,false,false
1741,3,67136,67136,1887644,1895856,1820508,1828720,500,4,false,false
1742,3,67136,67136,1897924,1908184,1830788,1841048,501,4,false,false
1743,0,67136,67136,3729440,3734836,3662304,3667700,869,4,false,false
1744,0,67136,67136,3729440,3734836,3662304,3667700,870,4,false,false
1745,0,67136,67136,3729440,3734836,3662304,3667700,871,4,false,false
1746,0,67136,67136,3729440,3734836,3662304,3667700,872,4,false,false
1747,3,67136,67136,1897924,1908184,1830788,1841048,502,4,false,false
1748,3,67136,67136,1897924,1908184,1830788,1841048,503,4,false,false
1749,3,67136,67136,1897924,1908184,1830788,1841048,504,4,false,false
1750,3,67136,67136,1913580,1922304,1846444,1855168,505,4,false,false
1751,3,67136,67136,1913580,1922304,1846444,1855168,506,4,false,false
1752,3,67136,67136,1913580,1922304,1846444,1855168,507,4,false,false
1753,3,67136,67136,1913580,1922304,1846444,1855168,508,4,false,false
1754,3,67136,67136,1930516,1941032,1863380,1873896,509,4,false,false
1755,0,67136,67136,3751260,3756656,3684124,3689520,873,4,false,false
1756,0,67136,67136,3751260,3756656,3684124,3689520,874,4,false,false
1757,0,67136,67136,3751260,3756656,3684124,3689520,875,4,false,false
1758,0,67136,67136,3751260,3756656,3684124,3689520,876,4,false,false
1759,3,67137,67137,1930516,1941032,1863379,1873895,510,4,false,false
1760,3,67137,67137,1930516,1941032,1863379,1873895,511,4,false,false
1761,3,67137,67137,1930516,1941032,1863379,1873895,512,4,false,false
1762,3,67137,67137,1943868,1952592,1876731,1885455,513,4,false,false
1763,3,67137,67137,1943868,1952592,1876731,1885455,514,4,false,false
1764,3,67137,67137,1943868,1952592,1876731,1885455,515,4,false,false
1765,3,67137,67137,1943868,1952592,1876731,1885455,516,4,false,false
1766,3,67137,67137,1961572,1972088,1894435,1904951,517,4,false,false
1767,0,67137,67137,3771032,3776428,3703895,3709291,877,4,false,false
1768,0,67137,67137,3771032,3776428,3703895,3709291,878,4,false,false
1769,0,67137,67137,3771032,3776428,3703895,3709291,879,4,false,false
1770,0,67137,67137,3771032,3776428,3703895,3709291,880,4,false,false
1771,3,67168,67168,1961572,1972088,1894404,1904920,518,4,false,false
1772,3,67168,67168,1961572,1972088,1894404,1904920,519,4,false,false
1773,3,67168,67168,1961572,1972088,1894404,1904920,520,4,false,false
1774,3,67168,67168,1974924,1983648,1907756,1916480,521,4,false,false
1775,3,67168,67168,1974924,1983648,1907756,1916480,522,4,false,false
1776,3,67168,67168,1974924,1983648,1907756,1916480,523,4,false,false
1777,3,67168,67168,1974924,1983648,1907756,1916480,524,4,false,false
1778,3,67168,67168,1986484,1996744,1919316,1929576,525,4,false,false
1779,0,67169,67169,3792340,3795176,3725171,3728007,881,4,false,false
1780,0,67169,67169,3792340,3795176,3725171,3728007,882,4,false,false
1781,0,67169,67169,3792340,3795176,3725171,3728007,883,4,false,false
1782,0,67169,67169,3792340,3795176,3725171,3728007,884,4,false,false
1783,0,67200,67200,3812880,3815716,3745680,3748516,885,4,false,false
1784,0,67200,67200,3812880,3815716,3745680,3748516,886,4,false,false
1785,0,67200,67200,3812880,3815716,3745680,3748516,887,4,false,false
1786,0,67200,67200,3812880,3815716,3745680,3748516,888,4,false,false
1787,0,67200,67200,3831116,3833952,3763916,3766752,889,4,false,false
1788,0,67200,67200,3831116,3833952,3763916,3766752,890,4,false,false
1789,0,67200,67200,3831116,3833952,3763916,3766752,891,4,false,false
1790,0,67200,67200,3831116,3833952,3763916,3766752,892,4,false,false
1791,0,67200,67200,3848072,3850908,3780872,3783708,893,4,false,false
1792,0,67200,67200,3848072,3850908,3780872,3783708,894,4,false,false
1793,0,67200,67200,3848072,3850908,3780872,3783708,895,4,false,false
1794,0,67200,67200,3848072,3850908,3780872,3783708,896,4,false,false
1795,3,67200,67200,1986484,1996744,1919284,1929544,526,4,false,false
1796,3,67200,67200,1986484,1996744,1919284,1929544,527,4,false,false
1797,3,67200,67200,1986484,1996744,1919284,1929544,528,4,false,false
1798,3,67200,67200,2004956,2015984,1937756,1948784,529,4,false,false
1799,0,67232,67232,3864516,3869912,3797284,3802680,897,4,false,false
1800,0,67232,67232,3864516,3869912,3797284,3802680,898,4,false,false
1801,0,67232,67232,3864516,3869912,3797284,3802680,899,4,false,false
1802,0,67232,67232,3864516,3869912,3797284,3802680,900,4,false,false
1803,3,67232,67232,2004956,2015984,1937724,1948752,530,4,false,false
1804,3,67232,67232,2004956,2015984,1937724,1948752,531,4,false,false
1805,3,67232,67232,2004956,2015984,1937724,1948752,532,4,false,false
1806,3,67232,67232,2018820,2027544,1951588,1960312,533,4,false,false
1807,0,67232,67232,3883520,3888916,3816288,3821684,901,4,false,false
1808,0,67232,67232,3883520,3888916,3816288,3821684,902,4,false,false
1809,0,67232,67232,3883520,3888916,3816288,3821684,903,4,false,false
1810,0,67232,67232,3883520,3888916,3816288,3821684,904,4,false,false
1811,3,67232,67232,2018820,2027544,1951588,1960312,534,4,false,false
1812,3,67232,67232,2018820,2027544,1951588,1960312,535,4,false,false
1813,3,67232,67232,2018820,2027544,1951588,1960312,536,4,false,false
1814,3,67232,67232,2030380,2038592,1963148,1971360,537,4,false,false
1815,0,67233,67233,3902524,3907920,3835291,3840687,905,4,false,false
1816,0,67233,67233,3902524,3907920,3835291,3840687,906,4,false,false
1817,0,67233,67233,3902524,3907920,3835291,3840687,907,4,false,false
1818,0,67233,67233,3902524,3907920,3835291,3840687,908,4,false,false
1819,3,67264,67264,2030380,2038592,1963116,1971328,538,4,false,false
1820,3,67264,67264,2030380,2038592,1963116,1971328,539,4,false,false
1821,3,67264,67264,2030380,2038592,1963116,1971328,540,4,false,false
1822,3,67264,67264,2041428,2049640,1974164,1982376,541,4,false,false
1823,3,67264,67264,2041428,2049640,1974164,1982376,542,4,false,false
1824,3,67264,67264,2041428,2049640,1974164,1982376,543,4,false,false
1825,3,67264,67264,2041428,2049640,1974164,1982376,544,4,false,false
1826,3,67264,67264,2052476,2060688,1985212,1993424,545,4,false,false
1827,0,67264,67264,3921528,3926924,3854264,3859660,909,4,false,false
1828,0,67264,67264,3921528,3926924,3854264,3859660,910,4,false,false
1829,0,67264,67264,3921528,3926924,3854264,3859660,911,4,false,false
1830,0,67264,67264,3921528,3926924,3854264,3859660,912,4,false,false
1831,2,67264,67264,6912400,6919076,6845136,6851812,187,4,false,false
1832,2,67264,67264,6912400,6919076,6845136,6851812,188,4,false,false
1833,2,67264,67264,6941408,6950900,6874144,6883636,189,4,false,false
1834,2,67264,67264,6941408,6950900,6874144,6883636,190,4,false,false
1835,3,67264,67264,2052476,2060688,1985212,1993424,546,4,false,false
1836,3,67264,67264,2052476,2060688,1985212,1993424,547,4,false,false
1837,3,67264,67264,2052476,2060688,1985212,1993424,548,4,false,false
1838,3,67264,67264,2066084,2074296,1998820,2007032,549,4,false,false
1839,0,67265,67265,3941812,3947208,3874547,3879943,913,4,false,false
1840,0,67265,67265,3941812,3947208,3874547,3879943,914,4,false,false
1841,0,67265,67265,3941812,3947208,3874547,3879943,915,4,false,false
1842,0,67265,67265,3941812,3947208,3874547,3879943,916,4,false,false
1843,0,67265,67265,3966960,3969796,3899695,3902531,917,4,false,false
1844,0,67265,67265,3966960,3969796,3899695,3902531,918,4,false,false
1845,0,67265,67265,3966960,3969796,3899695,3902531,919,4,false,false
1846,0,67265,67265,3966960,3969796,3899695,3902531,920,4,false,false
1847,3,67296,67296,2066084,2074296,1998788,2007000,550,4,false,false
1848,3,67296,67296,2066084,2074296,1998788,2007000,551,4,false,false
1849,3,67296,67296,2066084,2074296,1998788,2007000,552,4,false,false
1850,3,67296,67296,2082508,2090720,2015212,2023424,553,4,false,false
1851,0,67296,67296,3994412,4002624,3927116,3935328,921,4,false,false
1852,0,67296,67296,3994412,4002624,3927116,3935328,922,4,false,false
1853,0,67296,67296,3994412,4002624,3927116,3935328,923,4,false,false
1854,0,67296,67296,3994412,4002624,3927116,3935328,924,4,false,false
1855,0,67296,67296,4026472,4037500,3959176,3970204,925,4,false,false
1856,0,67296,67296,4026472,4037500,3959176,3970204,926,4,false,false
1857,0,67296,67296,4026472,4037500,3959176,3970204,927,4,false,false
1858,0,67296,67296,4026472,4037500,3959176,3970204,928,4,false,false
1859,3,67296,67296,2082508,2090720,2015212,2023424,554,4,false,false
1860,3,67296,67296,2082508,2090720,2015212,2023424,555,4,false,false
1861,3,67296,67296,2082508,2090720,2015212,2023424,556,4,false,false
1862,3,67296,67296,2093556,2101768,2026260,2034472,557,4,false,false
1863,0,67296,67296,4057252,4065464,3989956,3998168,929,4,false,false
1864,0,67296,67296,4057252,4065464,3989956,3998168,930,4,false,false
1865,0,67296,67296,4057252,4065464,3989956,3998168,931,4,false,false
1866,0,67296,67296,4057252,4065464,3989956,3998168,932,4,false,false
1867,0,67296,67296,4088800,4097012,4021504,4029716,933,4,false,false
1868,0,67296,67296,4088800,4097012,4021504,4029716,934,4,false,false
1869,0,67296,67296,4088800,4097012,4021504,4029716,935,4,false,false
1870,0,67296,67296,4088800,4097012,4021504,4029716,936,4,false,false
1871,1,67297,67297,3673728,3680148,3606431,3612851,165,4,false,false
1872,0,67297,67297,4118556,4123952,4051259,4056655,937,4,false,false
1873,0,67297,67297,4118556,4123952,4051259,4056655,938,4,false,false
1874,0,67297,67297,4118556,4123952,4051259,4056655,939,4,false,false
1875,0,67297,67297,4118556,4123952,4051259,4056655,940,4,false,false
1876,0,67297,67297,4145496,4148332,4078199,4081035,941,4,false,false
1877,0,67297,67297,4145496,4148332,4078199,4081035,942,4,false,false
1878,0,67297,67297,4145496,4148332,4078199,4081035,943,4,false,false
1879,0,67297,67297,4145496,4148332,4078199,4081035,944,4,false,false
1880,0,67297,67297,4167316,4175272,4100019,4107975,945,4,false,false
1881,0,67297,67297,4167316,4175272,4100019,4107975,946,4,false,false
1882,0,67297,67297,4167316,4175272,4100019,4107975,947,4,false,false
1883,0,67297,67297,4167316,4175272,4100019,4107975,948,4,false,false
1884,3,67328,67328,2093556,2101768,2026228,2034440,558,4,false,false
1885,3,67328,67328,2093556,2101768,2026228,2034440,559,4,false,false
1886,3,67328,67328,2093556,2101768,2026228,2034440,560,4,false,false
1887,3,67328,67328,2104604,2112816,2037276,2045488,561,4,false,false
1888,0,67328,67328,4190928,4199140,4123600,4131812,949,4,false,false
1889,0,67328,67328,4190928,4199140,4123600,4131812,950,4,false,false
1890,0,67328,67328,4190928,4199140,4123600,4131812,951,4,false,false
1891,0,67328,67328,4190928,4199140,4123600,4131812,952,4,false,false
1892,3,67328,67328,2104604,2112816,2037276,2045488,562,4,false,false
1893,3,67328,67328,2104604,2112816,2037276,2045488,563,4,false,false
1894,3,67328,67328,2104604,2112816,2037276,2045488,564,4,false,false
1895,3,67328,67328,2118212,2130520,2050884,2063192,565,4,false,false
1896,0,67328,67328,4219148,4232736,4151820,4165408,953,4,false,false
1897,0,67328,67328,4219148,4232736,4151820,4165408,954,4,false,false
1898,0,67328,67328,4219148,4232736,4151820,4165408,955,4,false,false
1899,0,67328,67328,4219148,4232736,4151820,4165408,956,4,false,false
1900,0,67328,67328,4251720,4253788,4184392,4186460,957,4,false,false
1901,0,67328,67328,4251720,4253788,4184392,4186460,958,4,false,false
1902,0,67328,67328,4251720,4253788,4184392,4186460,959,4,false,false
1903,0,67328,67328,4251720,4253788,4184392,4186460,960,4,false,false
1904,0,67329,67329,4272772,4278168,4205443,4210839,961,4,false,false
1905,0,67329,67329,4272772,4278168,4205443,4210839,962,4,false,false
1906,0,67329,67329,4272772,4278168,4205443,4210839,963,4,false,false
1907,0,67329,67329,4272772,4278168,4205443,4210839,964,4,false,false
1908,0,67360,67360,4294848,4297684,4227488,4230324,965,4,false,false
1909,0,67360,67360,4294848,4297684,4227488,4230324,966,4,false,false
1910,0,67360,67360,4294848,4297684,4227488,4230324,967,4,false,false
1911,0,67360,67360,4294848,4297684,4227488,4230324,968,4,false,false
1912,0,67360,67360,4318716,4326928,4251356,4259568,969,4,false,false
1913,0,67360,67360,4318716,4326928,4251356,4259568,970,4,false,false
1914,0,67360,67360,4318716,4326928,4251356,4259568,971,4,false,false
1915,0,67360,67360,4318716,4326928,4251356,4259568,972,4,false,false
1916,0,67360,67360,4346424,4354380,4279064,4287020,973,4,false,false
1917,0,67360,67360,4346424,4354380,4279064,4287020,974,4,false,false
1918,0,67360,67360,4346424,4354380,4279064,4287020,975,4,false,false
1919,0,67360,67360,4346424,4354380,4279064,4287020,976,4,false,false
1920,0,67361,67361,4375412,4378248,4308051,4310887,977,4,false,false
1921,0,67361,67361,4375412,4378248,4308051,4310887,978,4,false,false
1922,0,67361,67361,4375412,4378248,4308051,4310887,979,4,false,false
1923,0,67361,67361,4375412,4378248,4308051,4310887,980,4,false,false
1924,0,67361,67361,4402096,4404932,4334735,4337571,981,4,false,false
1925,0,67361,67361,4402096,4404932,4334735,4337571,982,4,false,false
1926,0,67361,67361,4402096,4404932,4334735,4337571,983,4,false,false
1927,0,67361,67361,4402096,4404932,4334735,4337571,984,4,false,false
1928,3,67392,67392,2118212,2130520,2050820,2063128,566,4,false,false
1929,3,67392,67392,2118212,2130520,2050820,2063128,567,4,false,false
1930,3,67392,67392,2118212,2130520,2050820,2063128,568,4,false,false
1931,3,67392,67392,2141292,2152832,2073900,2085440,569,4,false,false
1932,3,67392,67392,2141292,2152832,2073900,2085440,570,4,false,false
1933,3,67392,67392,2141292,2152832,2073900,2085440,571,4,false,false
1934,3,67392,67392,2141292,2152832,2073900,2085440,572,4,false,false
1935,3,67392,67392,2155668,2164392,2088276,2097000,573,4,false,false
1936,3,67392,67392,2155668,2164392,2088276,2097000,574,4,false,false
1937,3,67392,67392,2155668,2164392,2088276,2097000,575,4,false,false
1938,3,67392,67392,2155668,2164392,2088276,2097000,576,4,false,false
1939,3,67392,67392,2169788,2180304,2102396,2112912,577,4,false,false
1940,3,67392,67392,2169788,2180304,2102396,2112912,578,4,false,false
1941,3,67392,67392,2169788,2180304,2102396,2112912,579,4,false,false
1942,3,67392,67392,2169788,2180304,2102396,2112912,580,4,false,false
1943,3,67392,67392,2183140,2191864,2115748,2124472,581,4,false,false
1944,0,67392,67392,4423404,4426240,4356012,4358848,985,4,false,false
1945,0,67392,67392,4423404,4426240,4356012,4358848,986,4,false,false
1946,0,67392,67392,4423404,4426240,4356012,4358848,987,4,false,false
1947,0,67392,67392,4423404,4426240,4356012,4358848,988,4,false,false
1948,0,67392,67392,4447272,4450108,4379880,4382716,989,4,false,false
1949,0,67392,67392,4447272,4450108,4379880,4382716,990,4,false,false
1950,0,67392,67392,4447272,4450108,4379880,4382716,991,4,false,false
1951,0,67392,67392,4447272,4450108,4379880,4382716,992,4,false,false
1952,0,67392,67392,4474212,4477048,4406820,4409656,993,4,false,false
1953,0,67392,67392,4474212,4477048,4406820,4409656,994,4,false,false
1954,0,67392,67392,4474212,4477048,4406820,4409656,995,4,false,false
1955,0,67392,67392,4474212,4477048,4406820,4409656,996,4,false,false
1956,0,67392,67392,4496544,4501940,4429152,4434548,997,4,false,false
1957,0,67392,67392,4496544,4501940,4429152,4434548,998,4,false,false
1958,0,67392,67392,4496544,4501940,4429152,4434548,999,4,false,false
1959,0,67392,67392,4496544,4501940,4429152,4434548,1000,4,false,false
1960,0,67392,67392,4522972,4531184,4455580,4463792,1001,4,false,false
1961,0,67392,67392,4522972,4531184,4455580,4463792,1002,4,false,false
1962,0,67392,67392,4522972,4531184,4455580,4463792,1003,4,false,false
1963,0,67392,67392,4522972,4531184,4455580,4463792,1004,4,false,false
1964,3,67392,67392,2183140,2191864,2115748,2124472,582,4,false,false
1965,3,67392,67392,2183140,2191864,2115748,2124472,583,4,false,false
1966,3,67392,67392,2183140,2191864,2115748,2124472,584,4,false,false
1967,3,67392,67392,2194700,2204960,2127308,2137568,585,4,false,false
1968,3,67392,67392,2194700,2204960,2127308,2137568,586,4,false,false
1969,3,67392,67392,2194700,2204960,2127308,2137568,587,4,false,false
1970,3,67392,67392,2194700,2204960,2127308,2137568,588,4,false,false
1971,3,67392,67392,2207796,2216520,2140404,2149128,589,4,false,false
1972,3,67392,67392,2207796,2216520,2140404,2149128,590,4,false,false
1973,3,67392,67392,2207796,2216520,2140404,2149128,591,4,false,false
1974,3,67392,67392,2207796,2216520,2140404,2149128,592,4,false,false
1975,3,67392,67392,2221916,2230128,2154524,2162736,593,4,false,false
1976,3,67424,67424,2221916,2230128,2154492,2162704,594,4,false,false
1977,3,67424,67424,2221916,2230128,2154492,2162704,595,4,false,false
1978,3,67424,67424,2221916,2230128,2154492,2162704,596,4,false,false
1979,3,67424,67424,2232964,2243480,2165540,2176056,597,4,false,false
1980,3,67424,67424,2232964,2243480,2165540,2176056,598,4,false,false
1981,3,67424,67424,2232964,2243480,2165540,2176056,599,4,false,false
1982,3,67424,67424,2232964,2243480,2165540,2176056,600,4,false,false
1983,3,67424,67424,2246316,2255040,2178892,2187616,601,4,false,false
1984,3,67424,67424,2246316,2255040,2178892,2187616,602,4,false,false
1985,3,67424,67424,2246316,2255040,2178892,2187616,603,4,false,false
1986,3,67424,67424,2246316,2255040,2178892,2187616,604,4,false,false
1987,3,67424,67424,2263252,2271464,2195828,2204040,605,4,false,false
1988,0,67424,67424,4550680,4553516,4483256,4486092,1005,4,false,false
1989,0,67424,67424,4550680,4553516,4483256,4486092,1006,4,false,false
1990,0,67424,67424,4550680,4553516,4483256,4486092,1007,4,false,false
1991,0,67424,67424,4550680,4553516,4483256,4486092,1008,4,false,false
1992,3,67424,67424,2263252,2271464,2195828,2204040,606,4,false,false
1993,3,67424,67424,2263252,2271464,2195828,2204040,607,4,false,false
1994,3,67424,67424,2263252,2271464,2195828,2204040,608,4,false,false
1995,3,67424,67424,2282236,2290448,2214812,2223024,609,4,false,false
1996,3,67425,67425,2282236,2290448,2214811,2223023,610,4,false,false
1997,3,67425,67425,2282236,2290448,2214811,2223023,611,4,false,false
1998,3,67425,67425,2282236,2290448,2214811,2223023,612,4,false,false
1999,3,67425,67425,2298660,2306872,2231235,2239447,613,4,false,false
2000,0,67425,67425,4575060,4580456,4507635,4513031,1009,4,false,false
2001,0,67425,67425,4575060,4580456,4507635,4513031,1010,4,false,false
2002,0,67425,67425,4575060,4580456,4507635,4513031,1011,4,false,false
2003,0,67425,67425,4575060,4580456,4507635,4513031,1012,4,false,false
2004,3,67456,67456,2298660,2306872,2231204,2239416,614,4,false,false
2005,3,67456,67456,2298660,2306872,2231204,2239416,615,4,false,false
2006,3,67456,67456,2298660,2306872,2231204,2239416,616,4,false,false
2007,3,67456,67456,2323020,2331232,2255564,2263776,617,4,false,false
2008,0,67456,67456,4603280,4608676,4535824,4541220,1013,4,false,false
2009,0,67456,67456,4603280,4608676,4535824,4541220,1014,4,false,false
2010,0,67456,67456,4603280,4608676,4535824,4541220,1015,4,false,false
2011,0,67456,67456,4603280,4608676,4535824,4541220,1016,4,false,false
2012,3,67456,67456,2323020,2331232,2255564,2263776,618,4,false,false
2013,3,67456,67456,2323020,2331232,2255564,2263776,619,4,false,false
2014,3,67456,67456,2323020,2331232,2255564,2263776,620,4,false,false
2015,3,67456,67456,2334068,2338440,2266612,2270984,621,4,false,false
2016,3,67456,67456,2334068,2338440,2266612,2270984,622,4,false,false
2017,3,67456,67456,2334068,2338440,2266612,2270984,623,4,false,false
2018,3,67456,67456,2334068,2338440,2266612,2270984,624,4,false,false
2019,3,67456,67456,2346652,2353328,2279196,2285872,625,4,false,false
2020,0,67456,67456,4629196,4637408,4561740,4569952,1017,4,false,false
2021,0,67456,67456,4629196,4637408,4561740,4569952,1018,4,false,false
2022,0,67456,67456,4629196,4637408,4561740,4569952,1019,4,false,false
2023,0,67456,67456,4629196,4637408,4561740,4569952,1020,4,false,false
2024,3,67456,67456,2346652,2353328,2279196,2285872,626,4,false,false
2025,3,67456,67456,2346652,2353328,2279196,2285872,627,4,false,false
2026,3,67456,67456,2346652,2353328,2279196,2285872,628,4,false,false
2027,3,67456,67456,2356164,2366424,2288708,2298968,629,4,false,false
2028,0,67457,67457,4657416,4660252,4589959,4592795,1021,4,false,false
2029,0,67457,67457,4657416,4660252,4589959,4592795,1022,4,false,false
2030,0,67457,67457,4657416,4660252,4589959,4592795,1023,4,false,false
2031,0,67457,67457,4657416,4660252,4589959,4592795,1024,4,false,false
2032,0,67457,67457,4682820,4688216,4615363,4620759,1025,4,false,false
2033,0,67457,67457,4682820,4688216,4615363,4620759,1026,4,false,false
2034,0,67457,67457,4682820,4688216,4615363,4620759,1027,4,false,false
2035,0,67457,67457,4682820,4688216,4615363,4620759,1028,4,false,false
2036,0,67457,67457,4710016,4712852,4642559,4645395,1029,4,false,false
2037,0,67457,67457,4710016,4712852,4642559,4645395,1030,4,false,false
2038,0,67457,67457,4710016,4712852,4642559,4645395,1031,4,false,false
2039,0,67457,67457,4710016,4712852,4642559,4645395,1032,4,false,false
2040,3,67488,67488,2356164,2366424,2288676,2298936,630,4,false,false
2041,3,67488,67488,2356164,2366424,2288676,2298936,631,4,false,false
2042,3,67488,67488,2356164,2366424,2288676,2298936,632,4,false,false
2043,3,67488,67488,2369260,2380032,2301772,2312544,633,4,false,false
2044,0,67488,67488,4734652,4737488,4667164,4670000,1033,4,false,false
2045,0,67488,67488,4734652,4737488,4667164,4670000,1034,4,false,false
2046,0,67488,67488,4734652,4737488,4667164,4670000,1035,4,false,false
2047,0,67488,67488,4734652,4737488,4667164,4670000,1036,4,false,false
2048,3,67489,67489,2369260,2380032,2301771,2312543,634,4,false,false
2049,3,67489,67489,2369260,2380032,2301771,2312543,635,4,false,false
2050,3,67489,67489,2369260,2380032,2301771,2312543,636,4,false,false
2051,3,67489,67489,2388244,2399016,2320755,2331527,637,4,false,false
2052,0,67489,67489,4756984,4762380,4689495,4694891,1037,4,false,false
2053,0,67489,67489,4756984,4762380,4689495,4694891,1038,4,false,false
2054,0,67489,67489,4756984,4762380,4689495,4694891,1039,4,false,false
2055,0,67489,67489,4756984,4762380,4689495,4694891,1040,4,false,false
2056,0,67489,67489,4783412,4792392,4715923,4724903,1041,4,false,false
2057,0,67489,67489,4783412,4792392,4715923,4724903,1042,4,false,false
2058,0,67489,67489,4783412,4792392,4715923,4724903,1043,4,false,false
2059,0,67489,67489,4783412,4792392,4715923,4724903,1044,4,false,false
2060,0,67489,67489,4817264,4825476,4749775,4757987,1045,4,false,false
2061,0,67489,67489,4817264,4825476,4749775,4757987,1046,4,false,false
2062,0,67489,67489,4817264,4825476,4749775,4757987,1047,4,false,false
2063,0,67489,67489,4817264,4825476,4749775,4757987,1048,4,false,false
2064,0,67489,67489,4847276,4855488,4779787,4787999,1049,4,false,false
2065,0,67489,67489,4847276,4855488,4779787,4787999,1050,4,false,false
2066,0,67489,67489,4847276,4855488,4779787,4787999,1051,4,false,false
2067,0,67489,67489,4847276,4855488,4779787,4787999,1052,4,false,false
2068,0,67520,67520,4874472,4877308,4806952,4809788,1053,4,false,false
2069,0,67520,67520,4874472,4877308,4806952,4809788,1054,4,false,false
2070,0,67520,67520,4874472,4877308,4806952,4809788,1055,4,false,false
2071,0,67520,67520,4874472,4877308,4806952,4809788,1056,4,false,false
2072,3,67520,67520,2388244,2399016,2320724,2331496,638,4,false,false
2073,3,67520,67520,2388244,2399016,2320724,2331496,639,4,false,false
2074,3,67520,67520,2388244,2399016,2320724,2331496,640,4,false,false
2075,3,67520,67520,2409788,2418512,2342268,2350992,641,4,false,false
2076,3,67520,67520,2409788,2418512,2342268,2350992,642,4,false,false
2077,3,67520,67520,2409788,2418512,2342268,2350992,643,4,false,false
2078,3,67520,67520,2409788,2418512,2342268,2350992,644,4,false,false
2079,3,67520,67520,2426468,2434680,2358948,2367160,645,4,false,false
2080,3,67520,67520,2426468,2434680,2358948,2367160,646,4,false,false
2081,3,67520,67520,2426468,2434680,2358948,2367160,647,4,false,false
2082,3,67520,67520,2426468,2434680,2358948,2367160,648,4,false,false
2083,3,67520,67520,2437516,2447776,2369996,2380256,649,4,false,false
2084,1,67520,67520,3673728,3680148,3606208,3612628,166,4,false,false
2085,1,67520,67520,3673728,3680148,3606208,3612628,167,4,false,false
2086,1,67520,67520,3673728,3680148,3606208,3612628,168,4,false,false
2087,1,67520,67520,3693756,3701968,3626236,3634448,169,4,false,false
2088,0,67520,67520,4896292,4904504,4828772,4836984,1057,4,false,false
2089,0,67520,67520,4896292,4904504,4828772,4836984,1058,4,false,false
2090,0,67520,67520,4896292,4904504,4828772,4836984,1059,4,false,false
2091,0,67520,67520,4896292,4904504,4828772,4836984,1060,4,false,false
2092,3,67520,67520,2437516,2447776,2369996,2380256,650,4,false,false
2093,3,67520,67520,2437516,2447776,2369996,2380256,651,4,false,false
2094,3,67520,67520,2437516,2447776,2369996,2380256,652,4,false,false
2095,3,67520,67520,2452660,2461384,2385140,2393864,653,4,false,false
2096,3,67520,67520,2452660,2461384,2385140,2393864,654,4,false,false
2097,3,67520,67520,2452660,2461384,2385140,2393864,655,4,false,false
2098,3,67520,67520,2452660,2461384,2385140,2393864,656,4,false,false
2099,3,67520,67520,2464220,2474736,2396700,2407216,657,4,false,false
2100,0,67521,67521,4926304,4929140,4858783,4861619,1061,4,false,false
2101,0,67521,67521,4926304,4929140,4858783,4861619,1062,4,false,false
2102,0,67521,67521,4926304,4929140,4858783,4861619,1063,4,false,false
2103,0,67521,67521,4926304,4929140,4858783,4861619,1064,4,false,false
2104,0,67521,67521,4950940,4956336,4883419,4888815,1065,4,false,false
2105,0,67521,67521,4950940,4956336,4883419,4888815,1066,4,false,false
2106,0,67521,67521,4950940,4956336,4883419,4888815,1067,4,false,false
2107,0,67521,67521,4950940,4956336,4883419,4888815,1068,4,false,false
2108,1,67521,67521,3693756,3701968,3626235,3634447,170,4,false,false
2109,1,67521,67521,3693756,3701968,3626235,3634447,171,4,false,false
2110,1,67521,67521,3693756,3701968,3626235,3634447,172,4,false,false
2111,1,67521,67521,3713016,3721228,3645495,3653707,173,4,false,false
2112,3,67552,67552,2464220,2474736,2396668,2407184,658,4,false,false
2113,3,67552,67552,2464220,2474736,2396668,2407184,659,4,false,false
2114,3,67552,67552,2464220,2474736,2396668,2407184,660,4,false,false
2115,3,67552,67552,2491396,2500120,2423844,2432568,661,4,false,false
2116,3,67552,67552,2491396,2500120,2423844,2432568,662,4,false,false
2117,3,67552,67552,2491396,2500120,2423844,2432568,663,4,false,false
2118,3,67552,67552,2491396,2500120,2423844,2432568,664,4,false,false
2119,3,67552,67552,2508076,2516288,2440524,2448736,665,4,false,false
2120,3,67552,67552,2508076,2516288,2440524,2448736,666,4,false,false
2121,3,67552,67552,2508076,2516288,2440524,2448736,667,4,false,false
2122,3,67552,67552,2508076,2516288,2440524,2448736,668,4,false,false
2123,3,67552,67552,2524500,2536808,2456948,2469256,669,4,false,false
2124,0,67552,67552,4975320,4983276,4907768,4915724,1069,4,false,false
2125,0,67552,67552,4975320,4983276,4907768,4915724,1070,4,false,false
2126,0,67552,67552,4975320,4983276,4907768,4915724,1071,4,false,false
2127,0,67552,67552,4975320,4983276,4907768,4915724,1072,4,false,false
2128,3,67552,67552,2524500,2536808,2456948,2469256,670,4,false,false
2129,3,67552,67552,2524500,2536808,2456948,2469256,671,4,false,false
2130,3,67552,67552,2524500,2536808,2456948,2469256,672,4,false,false
2131,3,67552,67552,2539644,2549136,2472092,2481584,673,4,false,false
2132,3,67552,67552,2539644,2549136,2472092,2481584,674,4,false,false
2133,3,67552,67552,2539644,2549136,2472092,2481584,675,4,false,false
2134,3,67552,67552,2539644,2549136,2472092,2481584,676,4,false,false
2135,3,67552,67552,2551972,2560184,2484420,2492632,677,4,false,false
2136,3,67552,67552,2551972,2560184,2484420,2492632,678,4,false,false
2137,3,67552,67552,2551972,2560184,2484420,2492632,679,4,false,false
2138,3,67552,67552,2551972,2560184,2484420,2492632,680,4,false,false
2139,3,67552,67552,2568396,2578912,2500844,2511360,681,4,false,false
2140,1,67552,67552,3713016,3721228,3645464,3653676,174,4,false,false
2141,1,67552,67552,3713016,3721228,3645464,3653676,175,4,false,false
2142,1,67552,67552,3713016,3721228,3645464,3653676,176,4,false,false
2143,1,67552,67552,3734836,3743048,3667284,3675496,177,4,false,false
2144,0,67553,67553,5004564,5007400,4937011,4939847,1073,4,false,false
2145,0,67553,67553,5004564,5007400,4937011,4939847,1074,4,false,false
2146,0,67553,67553,5004564,5007400,4937011,4939847,1075,4,false,false
2147,0,67553,67553,5004564,5007400,4937011,4939847,1076,4,false,false
2148,3,67553,67553,2568396,2578912,2500843,2511359,682,4,false,false
2149,3,67553,67553,2568396,2578912,2500843,2511359,683,4,false,false
2150,3,67553,67553,2568396,2578912,2500843,2511359,684,4,false,false
2151,3,67553,67553,2587124,2595848,2519571,2528295,685,4,false,false
2152,3,67584,67584,2587124,2595848,2519540,2528264,686,4,false,false
2153,3,67584,67584,2587124,2595848,2519540,2528264,687,4,false,false
2154,3,67584,67584,2587124,2595848,2519540,2528264,688,4,false,false
2155,3,67584,67584,2604060,2612272,2536476,2544688,689,4,false,false
2156,3,67584,67584,2604060,2612272,2536476,2544688,690,4,false,false
2157,3,67584,67584,2604060,2612272,2536476,2544688,691,4,false,false
2158,3,67584,67584,2604060,2612272,2536476,2544688,692,4,false,false
2159,3,67584,67584,2623044,2633304,2555460,2565720,693,4,false,false
2160,3,67584,67584,2623044,2633304,2555460,2565720,694,4,false,false
2161,3,67584,67584,2623044,2633304,2555460,2565720,695,4,false,false
2162,3,67584,67584,2623044,2633304,2555460,2565720,696,4,false,false
2163,3,67584,67584,2636140,2644864,2568556,2577280,697,4,false,false
2164,0,67584,67584,5024592,5027428,4957008,4959844,1077,4,false,false
2165,0,67584,67584,5024592,5027428,4957008,4959844,1078,4,false,false
2166,0,67584,67584,5024592,5027428,4957008,4959844,1079,4,false,false
2167,0,67584,67584,5024592,5027428,4957008,4959844,1080,4,false,false
2168,3,67585,67585,2636140,2644864,2568555,2577279,698,4,false,false
2169,3,67585,67585,2636140,2644864,2568555,2577279,699,4,false,false
2170,3,67585,67585,2636140,2644864,2568555,2577279,700,4,false,false
2171,3,67585,67585,2649748,2660264,2582163,2592679,701,4,false,false
2172,3,67616,67616,2649748,2660264,2582132,2592648,702,4,false,false
2173,3,67616,67616,2649748,2660264,2582132,2592648,703,4,false,false
2174,3,67616,67616,2649748,2660264,2582132,2592648,704,4,false,false
2175,3,67616,67616,2668476,2677200,2600860,2609584,705,4,false,false
2176,1,67616,67616,3734836,3743048,3667220,3675432,178,4,false,false
2177,1,67616,67616,3734836,3743048,3667220,3675432,179,4,false,false
2178,1,67616,67616,3734836,3743048,3667220,3675432,180,4,false,false
2179,1,67616,67616,3756656,3762820,3689040,3695204,181,4,false,false
2180,0,67617,67617,5048716,5056160,4981099,4988543,1081,4,false,false
2181,0,67617,67617,5048716,5056160,4981099,4988543,1082,4,false,false
2182,0,67617,67617,5048716,5056160,4981099,4988543,1083,4,false,false
2183,0,67617,67617,5048716,5056160,4981099,4988543,1084,4,false,false
2184,0,67617,67617,5080008,5082844,5012391,5015227,1085,4,false,false
2185,0,67617,67617,5080008,5082844,5012391,5015227,1086,4,false,false
2186,0,67617,67617,5080008,5082844,5012391,5015227,1087,4,false,false
2187,0,67617,67617,5080008,5082844,5012391,5015227,1088,4,false,false
2188,3,67617,67617,2668476,2677200,2600859,2609583,706,4,false,false
2189,3,67617,67617,2668476,2677200,2600859,2609583,707,4,false,false
2190,3,67617,67617,2668476,2677200,2600859,2609583,708,4,false,false
2191,3,67617,67617,2696184,2704396,2628567,2636779,709,4,false,false
2192,3,67648,67648,2696184,2704396,2628536,2636748,710,4,false,false
2193,3,67648,67648,2696184,2704396,2628536,2636748,711,4,false,false
2194,3,67648,67648,2696184,2704396,2628536,2636748,712,4,false,false
2195,3,67648,67648,2725940,2734152,2658292,2666504,713,4,false,false
2196,3,67648,67648,2725940,2734152,2658292,2666504,714,4,false,false
2197,3,67648,67648,2725940,2734152,2658292,2666504,715,4,false,false
2198,3,67648,67648,2725940,2734152,2658292,2666504,716,4,false,false
2199,3,67648,67648,2747504,2755716,2679856,2688068,717,4,false,false
2200,0,67648,67648,5114884,5117720,5047236,5050072,1089,4,false,false
2201,0,67648,67648,5114884,5117720,5047236,5050072,1090,4,false,false
2202,0,67648,67648,5114884,5117720,5047236,5050072,1091,4,false,false
2203,0,67648,67648,5114884,5117720,5047236,5050072,1092,4,false,false
2204,3,67648,67648,2747504,2755716,2679856,2688068,718,4,false,false
2205,3,67648,67648,2747504,2755716,2679856,2688068,719,4,false,false
2206,3,67648,67648,2747504,2755716,2679856,2688068,720,4,false,false
2207,3,67648,67648,2772140,2780352,2704492,2712704,721,4,false,false
2208,0,67648,67648,5142848,5145684,5075200,5078036,1093,4,false,false
2209,0,67648,67648,5142848,5145684,5075200,5078036,1094,4,false,false
2210,0,67648,67648,5142848,5145684,5075200,5078036,1095,4,false,false
2211,0,67648,67648,5142848,5145684,5075200,5078036,1096,4,false,false
2212,0,67648,67648,5170044,5180816,5102396,5113168,1097,4,false,false
2213,0,67648,67648,5170044,5180816,5102396,5113168,1098,4,false,false
2214,0,67648,67648,5170044,5180816,5102396,5113168,1099,4,false,false
2215,0,67648,67648,5170044,5180816,5102396,5113168,1100,4,false,false
2216,0,67649,67649,5200312,5205708,5132663,5138059,1101,4,false,false
2217,0,67649,67649,5200312,5205708,5132663,5138059,1102,4,false,false
2218,0,67649,67649,5200312,5205708,5132663,5138059,1103,4,false,false
2219,0,67649,67649,5200312,5205708,5132663,5138059,1104,4,false,false
2220,3,67680,67680,2772140,2780352,2704460,2712672,722,4,false,false
2221,3,67680,67680,2772140,2780352,2704460,2712672,723,4,false,false
2222,3,67680,67680,2772140,2780352,2704460,2712672,724,4,false,false
2223,3,67680,67680,2793704,2801916,2726024,2734236,725,4,false,false
2224,0,67680,67680,5224692,5232904,5157012,5165224,1105,4,false,false
2225,0,67680,67680,5224692,5232904,5157012,5165224,1106,4,false,false
2226,0,67680,67680,5224692,5232904,5157012,5165224,1107,4,false,false
2227,0,67680,67680,5224692,5232904,5157012,5165224,1108,4,false,false
2228,0,67680,67680,5259332,5264728,5191652,5197048,1109,4,false,false
2229,0,67680,67680,5259332,5264728,5191652,5197048,1110,4,false,false
2230,0,67680,67680,5259332,5264728,5191652,5197048,1111,4,false,false
2231,0,67680,67680,5259332,5264728,5191652,5197048,1112,4,false,false
2232,3,67680,67680,2793704,2801916,2726024,2734236,726,4,false,false
2233,3,67680,67680,2793704,2801916,2726024,2734236,727,4,false,false
2234,3,67680,67680,2793704,2801916,2726024,2734236,728,4,false,false
2235,3,67680,67680,2826276,2834488,2758596,2766808,729,4,false,false
2236,3,67680,67680,2826276,2834488,2758596,2766808,730,4,false,false
2237,3,67680,67680,2826276,2834488,2758596,2766808,731,4,false,false
2238,3,67680,67680,2826276,2834488,2758596,2766808,732,4,false,false
2239,3,67680,67680,2853472,2863988,2785792,2796308,733,4,false,false
2240,0,67680,67680,5290900,5293736,5223220,5226056,1113,4,false,false
2241,0,67680,67680,5290900,5293736,5223220,5226056,1114,4,false,false
2242,0,67680,67680,5290900,5293736,5223220,5226056,1115,4,false,false
2243,0,67680,67680,5290900,5293736,5223220,5226056,1116,4,false,false
2244,3,67680,67680,2853472,2863988,2785792,2796308,734,4,false,false
2245,3,67680,67680,2853472,2863988,2785792,2796308,735,4,false,false
2246,3,67680,67680,2853472,2863988,2785792,2796308,736,4,false,false
2247,3,67680,67680,2877596,2884016,2809916,2816336,737,4,false,false
2248,2,67681,67681,6941408,6950900,6873727,6883219,191,4,false,false
2249,2,67681,67681,6941408,6950900,6873727,6883219,192,4,false,false
2250,2,67681,67681,6978096,6987588,6910415,6919907,193,4,false,false
2251,2,67681,67681,6978096,6987588,6910415,6919907,194,4,false,false
2252,3,67712,67712,2877596,2884016,2809884,2816304,738,4,false,false
2253,3,67712,67712,2877596,2884016,2809884,2816304,739,4,false,false
2254,3,67712,67712,2877596,2884016,2809884,2816304,740,4,false,false
2255,3,67712,67712,2903000,2910188,2835288,2842476,741,4,false,false
2256,0,67712,67712,5323492,5328888,5255780,5261176,1117,4,false,false
2257,0,67712,67712,5323492,5328888,5255780,5261176,1118,4,false,false
2258,0,67712,67712,5323492,5328888,5255780,5261176,1119,4,false,false
2259,0,67712,67712,5323492,5328888,5255780,5261176,1120,4,false,false
2260,3,67712,67712,2903000,2910188,2835288,2842476,742,4,false,false
2261,3,67712,67712,2903000,2910188,2835288,2842476,743,4,false,false
2262,3,67712,67712,2903000,2910188,2835288,2842476,744,4,false,false
2263,3,67712,67712,2921236,2931752,2853524,2864040,745,4,false,false
2264,0,67712,67712,5352756,5355592,5285044,5287880,1121,4,false,false
2265,0,67712,67712,5352756,5355592,5285044,5287880,1122,4,false,false
2266,0,67712,67712,5352756,5355592,5285044,5287880,1123,4,false,false
2267,0,67712,67712,5352756,5355592,5285044,5287880,1124,4,false,false
2268,0,67712,67712,5388164,5391000,5320452,5323288,1125,4,false,false
2269,0,67712,67712,5388164,5391000,5320452,5323288,1126,4,false,false
2270,0,67712,67712,5388164,5391000,5320452,5323288,1127,4,false,false
2271,0,67712,67712,5388164,5391000,5320452,5323288,1128,4,false,false
2272,0,67713,67713,5423316,5431528,5355603,5363815,1129,4,false,false
2273,0,67713,67713,5423316,5431528,5355603,5363815,1130,4,false,false
2274,0,67713,67713,5423316,5431528,5355603,5363815,1131,4,false,false
2275,0,67713,67713,5423316,5431528,5355603,5363815,1132,4,false,false
2276,0,67713,67713,5466148,5471544,5398435,5403831,1133,4,false,false
2277,0,67713,67713,5466148,5471544,5398435,5403831,1134,4,false,false
2278,0,67713,67713,5466148,5471544,5398435,5403831,1135,4,false,false
2279,0,67713,67713,5466148,5471544,5398435,5403831,1136,4,false,false
2280,3,67713,67713,2921236,2931752,2853523,2864039,746,4,false,false
2281,3,67713,67713,2921236,2931752,2853523,2864039,747,4,false,false
2282,3,67713,67713,2921236,2931752,2853523,2864039,748,4,false,false
2283,3,67713,67713,2958928,2967652,2891215,2899939,749,4,false,false
2284,3,67744,67744,2958928,2967652,2891184,2899908,750,4,false,false
2285,3,67744,67744,2958928,2967652,2891184,2899908,751,4,false,false
2286,3,67744,67744,2958928,2967652,2891184,2899908,752,4,false,false
2287,3,67744,67744,2983820,2992032,2916076,2924288,753,4,false,false
2288,3,67744,67744,2983820,2992032,2916076,2924288,754,4,false,false
2289,3,67744,67744,2983820,2992032,2916076,2924288,755,4,false,false
2290,3,67744,67744,2983820,2992032,2916076,2924288,756,4,false,false
2291,3,67744,67744,3008200,3016412,2940456,2948668,757,4,false,false
2292,0,67744,67744,5501812,5504648,5434068,5436904,1137,4,false,false
2293,0,67744,67744,5501812,5504648,5434068,5436904,1138,4,false,false
2294,0,67744,67744,5501812,5504648,5434068,5436904,1139,4,false,false
2295,0,67744,67744,5501812,5504648,5434068,5436904,1140,4,false,false
2296,0,67745,67745,5536964,5545176,5469219,5477431,1141,4,false,false
2297,0,67745,67745,5536964,5545176,5469219,5477431,1142,4,false,false
2298,0,67745,67745,5536964,5545176,5469219,5477431,1143,4,false,false
2299,0,67745,67745,5536964,5545176,5469219,5477431,1144,4,false,false
2300,0,67776,67776,5580052,5582888,5512276,5515112,1145,4,false,false
2301,0,67776,67776,5580052,5582888,5512276,5515112,1146,4,false,false
2302,0,67776,67776,5580052,5582888,5512276,5515112,1147,4,false,false
2303,0,67776,67776,5580052,5582888,5512276,5515112,1148,4,false,false
2304,0,67776,67776,5621860,5624696,5554084,5556920,1149,4,false,false
2305,0,67776,67776,5621860,5624696,5554084,5556920,1150,4,false,false
2306,0,67776,67776,5621860,5624696,5554084,5556920,1151,4,false,false
2307,0,67776,67776,5621860,5624696,5554084,5556920,1152,4,false,false
2308,0,67776,67776,5655732,5661128,5587956,5593352,1153,4,false,false
2309,0,67776,67776,5655732,5661128,5587956,5593352,1154,4,false,false
2310,0,67776,67776,5655732,5661128,5587956,5593352,1155,4,false,false
2311,0,67776,67776,5655732,5661128,5587956,5593352,1156,4,false,false
2312,3,67776,67776,3008200,3016412,2940424,2948636,758,4,false,false
2313,3,67776,67776,3008200,3016412,2940424,2948636,759,4,false,false
2314,3,67776,67776,3008200,3016412,2940424,2948636,760,4,false,false
2315,3,67776,67776,3035140,3043352,2967364,2975576,761,4,false,false
2316,0,67776,67776,5694212,5699608,5626436,5631832,1157,4,false,false
2317,0,67776,67776,5694212,5699608,5626436,5631832,1158,4,false,false
2318,0,67776,67776,5694212,5699608,5626436,5631832,1159,4,false,false
2319,0,67776,67776,5694212,5699608,5626436,5631832,1160,4,false,false
2320,0,67776,67776,5727060,5732456,5659284,5664680,1161,4,false,false
2321,0,67776,67776,5727060,5732456,5659284,5664680,1162,4,false,false
2322,0,67776,67776,5727060,5732456,5659284,5664680,1163,4,false,false
2323,0,67776,67776,5727060,5732456,5659284,5664680,1164,4,false,false
2324,0,67776,67776,5764004,5766840,5696228,5699064,1165,4,false,false
2325,0,67776,67776,5764004,5766840,5696228,5699064,1166,4,false,false
2326,0,67776,67776,5764004,5766840,5696228,5699064,1167,4,false,false
2327,0,67776,67776,5764004,5766840,5696228,5699064,1168,4,false,false
2328,0,67776,67776,5794036,5796872,5726260,5729096,1169,4,false,false
2329,0,67776,67776,5794036,5796872,5726260,5729096,1170,4,false,false
2330,0,67776,67776,5794036,5796872,5726260,5729096,1171,4,false,false
2331,0,67776,67776,5794036,5796872,5726260,5729096,1172,4,false,false
2332,1,67777,67777,3756656,3762820,3688879,3695043,182,4,false,false
2333,1,67777,67777,3756656,3762820,3688879,3695043,183,4,false,false
2334,1,67777,67777,3756656,3762820,3688879,3695043,184,4,false,false
2335,1,67777,67777,3776428,3782080,3708651,3714303,185,4,false,false
2336,3,67808,67808,3035140,3043352,2967332,2975544,762,4,false,false
2337,3,67808,67808,3035140,3043352,2967332,2975544,763,4,false,false
2338,3,67808,67808,3035140,3043352,2967332,2975544,764,4,false,false
2339,3,67808,67808,3065152,3073364,2997344,3005556,765,4,false,false
2340,2,67808,67808,6978096,6987588,6910288,6919780,195,4,false,false
2341,2,67808,67808,6978096,6987588,6910288,6919780,196,4,false,false
2342,2,67808,67808,7013504,7016596,6945696,6948788,197,4,false,false
2343,2,67808,67808,7013504,7016596,6945696,6948788,198,4,false,false
2344,0,67808,67808,5826628,5832024,5758820,5764216,1173,4,false,false
2345,0,67808,67808,5826628,5832024,5758820,5764216,1174,4,false,false
2346,0,67808,67808,5826628,5832024,5758820,5764216,1175,4,false,false
2347,0,67808,67808,5826628,5832024,5758820,5764216,1176,4,false,false
2348,3,67808,67808,3065152,3073364,2997344,3005556,766,4,false,false
2349,3,67808,67808,3065152,3073364,2997344,3005556,767,4,false,false
2350,3,67808,67808,3065152,3073364,2997344,3005556,768,4,false,false
2351,3,67808,67808,3089788,3098000,3021980,3030192,769,4,false,false
2352,3,67808,67808,3089788,3098000,3021980,3030192,770,4,false,false
2353,3,67808,67808,3089788,3098000,3021980,3030192,771,4,false,false
2354,3,67808,67808,3089788,3098000,3021980,3030192,772,4,false,false
2355,3,67808,67808,3114424,3122636,3046616,3054828,773,4,false,false
2356,0,67809,67809,5864596,5867432,5796787,5799623,1177,4,false,false
2357,0,67809,67809,5864596,5867432,5796787,5799623,1178,4,false,false
2358,0,67809,67809,5864596,5867432,5796787,5799623,1179,4,false,false
2359,0,67809,67809,5864596,5867432,5796787,5799623,1180,4,false,false
2360,3,67840,67840,3114424,3122636,3046584,3054796,774,4,false,false
2361,3,67840,67840,3114424,3122636,3046584,3054796,775,4,false,false
2362,3,67840,67840,3114424,3122636,3046584,3054796,776,4,false,false
2363,3,67840,67840,3141620,3149832,3073780,3081992,777,4,false,false
2364,3,67840,67840,3141620,3149832,3073780,3081992,778,4,false,false
2365,3,67840,67840,3141620,3149832,3073780,3081992,779,4,false,false
2366,3,67840,67840,3141620,3149832,3073780,3081992,780,4,false,false
2367,3,67840,67840,3163440,3171652,3095600,3103812,781,4,false,false
2368,3,67840,67840,3163440,3171652,3095600,3103812,782,4,false,false
2369,3,67840,67840,3163440,3171652,3095600,3103812,783,4,false,false
2370,3,67840,67840,3163440,3171652,3095600,3103812,784,4,false,false
2371,3,67840,67840,3190636,3200896,3122796,3133056,785,4,false,false
2372,0,67840,67840,5899748,5907960,5831908,5840120,1181,4,false,false
2373,0,67840,67840,5899748,5907960,5831908,5840120,1182,4,false,false
2374,0,67840,67840,5899748,5907960,5831908,5840120,1183,4,false,false
2375,0,67840,67840,5899748,5907960,5831908,5840120,1184,4,false,false
2376,0,67841,67841,5950516,5953352,5882675,5885511,1185,4,false,false
2377,0,67841,67841,5950516,5953352,5882675,5885511,1186,4,false,false
2378,0,67841,67841,5950516,5953352,5882675,5885511,1187,4,false,false
2379,0,67841,67841,5950516,5953352,5882675,5885511,1188,4,false,false
2380,0,67872,67872,5985412,5988248,5917540,5920376,1189,4,false,false
2381,0,67872,67872,5985412,5988248,5917540,5920376,1190,4,false,false
2382,0,67872,67872,5985412,5988248,5917540,5920376,1191,4,false,false
2383,0,67872,67872,5985412,5988248,5917540,5920376,1192,4,false,false
2384,3,67872,67872,3190636,3200896,3122764,3133024,786,4,false,false
2385,3,67872,67872,3190636,3200896,3122764,3133024,787,4,false,false
2386,3,67872,67872,3190636,3200896,3122764,3133024,788,4,false,false
2387,3,67872,67872,3219624,3228348,3151752,3160476,789,4,false,false
2388,0,67872,67872,6020820,6026216,5952948,5958344,1193,4,false,false
2389,0,67872,67872,6020820,6026216,5952948,5958344,1194,4,false,false
2390,0,67872,67872,6020820,6026216,5952948,5958344,1195,4,false,false
2391,0,67872,67872,6020820,6026216,5952948,5958344,1196,4,false,false
2392,0,67872,67872,6058020,6066232,5990148,5998360,1197,4,false,false
2393,0,67872,67872,6058020,6066232,5990148,5998360,1198,4,false,false
2394,0,67872,67872,6058020,6066232,5990148,5998360,1199,4,false,false
2395,0,67872,67872,6058020,6066232,5990148,5998360,1200,4,false,false
2396,3,67872,67872,3219624,3228348,3151752,3160476,790,4,false,false
2397,3,67872,67872,3219624,3228348,3151752,3160476,791,4,false,false
2398,3,67872,67872,3219624,3228348,3151752,3160476,792,4,false,false
2399,3,67872,67872,3244516,3254776,3176644,3186904,793,4,false,false
2400,0,67872,67872,6100852,6109064,6032980,6041192,1201,4,false,false
2401,0,67872,67872,6100852,6109064,6032980,6041192,1202,4,false,false
2402,0,67872,67872,6100852,6109064,6032980,6041192,1203,4,false,false
2403,0,67872,67872,6100852,6109064,6032980,6041192,1204,4,false,false
2404,0,67904,67904,6142660,6153432,6074756,6085528,1205,4,false,false
2405,0,67904,67904,6142660,6153432,6074756,6085528,1206,4,false,false
2406,0,67904,67904,6142660,6153432,6074756,6085528,1207,4,false,false
2407,0,67904,67904,6142660,6153432,6074756,6085528,1208,4,false,false
2408,0,67904,67904,6185236,6190632,6117332,6122728,1209,4,false,false
2409,0,67904,67904,6185236,6190632,6117332,6122728,1210,4,false,false
2410,0,67904,67904,6185236,6190632,6117332,6122728,1211,4,false,false
2411,0,67904,67904,6185236,6190632,6117332,6122728,1212,4,false,false
2412,0,67905,67905,6228068,6236280,6160163,6168375,1213,4,false,false
2413,0,67905,67905,6228068,6236280,6160163,6168375,1214,4,false,false
2414,0,67905,67905,6228068,6236280,6160163,6168375,1215,4,false,false
2415,0,67905,67905,6228068,6236280,6160163,6168375,1216,4,false,false
2416,0,67936,67936,6267572,6272968,6199636,6205032,1217,4,false,false
2417,0,67936,67936,6267572,6272968,6199636,6205032,1218,4,false,false
2418,0,67936,67936,6267572,6272968,6199636,6205032,1219,4,false,false
2419,0,67936,67936,6267572,6272968,6199636,6205032,1220,4,false,false
2420,3,67936,67936,3244516,3254776,3176580,3186840,794,4,false,false
2421,3,67936,67936,3244516,3254776,3176580,3186840,795,4,false,false
2422,3,67936,67936,3244516,3254776,3176580,3186840,796,4,false,false
2423,3,67936,67936,3271200,3279924,3203264,3211988,797,4,false,false
2424,3,67936,67936,3271200,3279924,3203264,3211988,798,4,false,false
2425,3,67936,67936,3271200,3279924,3203264,3211988,799,4,false,false
2426,3,67936,67936,3271200,3279924,3203264,3211988,800,4,false,false
2427,3,67936,67936,3293276,3301488,3225340,3233552,801,4,false,false
2428,3,67936,67936,3293276,3301488,3225340,3233552,802,4,false,false
2429,3,67936,67936,3293276,3301488,3225340,3233552,803,4,false,false
2430,3,67936,67936,3293276,3301488,3225340,3233552,804,4,false,false
2431,3,67936,67936,3323288,3333548,3255352,3265612,805,4,false,false
2432,3,67936,67936,3323288,3333548,3255352,3265612,806,4,false,false
2433,3,67936,67936,3323288,3333548,3255352,3265612,807,4,false,false
2434,3,67936,67936,3323288,3333548,3255352,3265612,808,4,false,false
2435,3,67936,67936,3345876,3354600,3277940,3286664,809,4,false,false
2436,0,67937,67937,6302724,6305560,6234787,6237623,1221,4,false,false
2437,0,67937,67937,6302724,6305560,6234787,6237623,1222,4,false,false
2438,0,67937,67937,6302724,6305560,6234787,6237623,1223,4,false,false
2439,0,67937,67937,6302724,6305560,6234787,6237623,1224,4,false,false
2440,0,67937,67937,6332756,6340968,6264819,6273031,1225,4,false,false
2441,0,67937,67937,6332756,6340968,6264819,6273031,1226,4,false,false
2442,0,67937,67937,6332756,6340968,6264819,6273031,1227,4,false,false
2443,0,67937,67937,6332756,6340968,6264819,6273031,1228,4,false,false
2444,0,67968,67968,6372772,6378168,6304804,6310200,1229,4,false,false
2445,0,67968,67968,6372772,6378168,6304804,6310200,1230,4,false,false
2446,0,67968,67968,6372772,6378168,6304804,6310200,1231,4,false,false
2447,0,67968,67968,6372772,6378168,6304804,6310200,1232,4,false,false
2448,3,67968,67968,3345876,3354600,3277908,3286632,810,4,false,false
2449,3,67968,67968,3345876,3354600,3277908,3286632,811,4,false,false
2450,3,67968,67968,3345876,3354600,3277908,3286632,812,4,false,false
2451,3,67968,67968,3373072,3381284,3305104,3313316,813,4,false,false
2452,3,67968,67968,3373072,3381284,3305104,3313316,814,4,false,false
2453,3,67968,67968,3373072,3381284,3305104,3313316,815,4,false,false
2454,3,67968,67968,3373072,3381284,3305104,3313316,816,4,false,false
2455,3,67968,67968,3394892,3403104,3326924,3335136,817,4,false,false
2456,0,67968,67968,6406388,6411784,6338420,6343816,1233,4,false,false
2457,0,67968,67968,6406388,6411784,6338420,6343816,1234,4,false,false
2458,0,67968,67968,6406388,6411784,6338420,6343816,1235,4,false,false
2459,0,67968,67968,6406388,6411784,6338420,6343816,1236,4,false,false
2460,3,67968,67968,3394892,3403104,3326924,3335136,818,4,false,false
2461,3,67968,67968,3394892,3403104,3326924,3335136,819,4,false,false
2462,3,67968,67968,3394892,3403104,3326924,3335136,820,4,false,false
2463,3,67968,67968,3416712,3424924,3348744,3356956,821,4,false,false
2464,0,67968,67968,6437444,6440280,6369476,6372312,1237,4,false,false
2465,0,67968,67968,6437444,6440280,6369476,6372312,1238,4,false,false
2466,0,67968,67968,6437444,6440280,6369476,6372312,1239,4,false,false
2467,0,67968,67968,6437444,6440280,6369476,6372312,1240,4,false,false
2468,0,68000,68000,6466708,6469544,6398708,6401544,1241,4,false,false
2469,0,68000,68000,6466708,6469544,6398708,6401544,1242,4,false,false
2470,0,68000,68000,6466708,6469544,6398708,6401544,1243,4,false,false
2471,0,68000,68000,6466708,6469544,6398708,6401544,1244,4,false,false
2472,0,68000,68000,6493668,6504440,6425668,6436440,1245,4,false,false
2473,0,68000,68000,6493668,6504440,6425668,6436440,1246,4,false,false
2474,0,68000,68000,6493668,6504440,6425668,6436440,1247,4,false,false
2475,0,68000,68000,6493668,6504440,6425668,6436440,1248,4,false,false
2476,3,68000,68000,3416712,3424924,3348712,3356924,822,4,false,false
2477,3,68000,68000,3416712,3424924,3348712,3356924,823,4,false,false
2478,3,68000,68000,3416712,3424924,3348712,3356924,824,4,false,false
2479,3,68000,68000,3432644,3442904,3364644,3374904,825,4,false,false
2480,3,68000,68000,3432644,3442904,3364644,3374904,826,4,false,false
2481,3,68000,68000,3432644,3442904,3364644,3374904,827,4,false,false
2482,3,68000,68000,3432644,3442904,3364644,3374904,828,4,false,false
2483,3,68000,68000,3449344,3458068,3381344,3390068,829,4,false,false
2484,2,68000,68000,7013504,7016596,6945504,6948596,199,4,false,false
2485,0,68000,68000,6533172,6541384,6465172,6473384,1249,4,false,false
2486,0,68000,68000,6533172,6541384,6465172,6473384,1250,4,false,false
2487,0,68000,68000,6533172,6541384,6465172,6473384,1251,4,false,false
2488,0,68000,68000,6533172,6541384,6465172,6473384,1252,4,false,false
2489,0,68000,68000,6569348,6572184,6501348,6504184,1253,4,false,false
2490,0,68000,68000,6569348,6572184,6501348,6504184,1254,4,false,false
2491,0,68000,68000,6569348,6572184,6501348,6504184,1255,4,false,false
2492,0,68000,68000,6569348,6572184,6501348,6504184,1256,4,false,false
2493,0,68001,68001,6597332,6600168,6529331,6532167,1257,4,false,false
2494,0,68001,68001,6597332,6600168,6529331,6532167,1258,4,false,false
2495,0,68001,68001,6597332,6600168,6529331,6532167,1259,4,false,false
2496,0,68001,68001,6597332,6600168,6529331,6532167,1260,4,false,false
2497,0,68001,68001,6626596,6634808,6558595,6566807,1261,4,false,false
2498,0,68001,68001,6626596,6634808,6558595,6566807,1262,4,false,false
2499,0,68001,68001,6626596,6634808,6558595,6566807,1263,4,false,false
2500,0,68001,68001,6626596,6634808,6558595,6566807,1264,4,false,false
2501,3,68032,68032,3449344,3458068,3381312,3390036,830,4,false,false
2502,3,68032,68032,3449344,3458068,3381312,3390036,831,4,false,false
2503,3,68032,68032,3449344,3458068,3381312,3390036,832,4,false,false
2504,3,68032,68032,3471676,3479888,3403644,3411856,833,4,false,false
2505,3,68032,68032,3471676,3479888,3403644,3411856,834,4,false,false
2506,3,68032,68032,3471676,3479888,3403644,3411856,835,4,false,false
2507,3,68032,68032,3471676,3479888,3403644,3411856,836,4,false,false
2508,3,68032,68032,3488120,3496332,3420088,3428300,837,4,false,false
2509,3,68032,68032,3488120,3496332,3420088,3428300,838,4,false,false
2510,3,68032,68032,3488120,3496332,3420088,3428300,839,4,false,false
2511,3,68032,68032,3488120,3496332,3420088,3428300,840,4,false,false
2512,3,68032,68032,3504052,3512264,3436020,3444232,841,4,false,false
2513,3,68032,68032,3504052,3512264,3436020,3444232,842,4,false,false
2514,3,68032,68032,3504052,3512264,3436020,3444232,843,4,false,false
2515,3,68032,68032,3504052,3512264,3436020,3444232,844,4,false,false
2516,3,68032,68032,3524080,3532292,3456048,3464260,845,4,false,false
2517,0,68033,68033,6661492,6669704,6593459,6601671,1265,4,false,false
2518,0,68033,68033,6661492,6669704,6593459,6601671,1266,4,false,false
2519,0,68033,68033,6661492,6669704,6593459,6601671,1267,4,false,false
2520,0,68033,68033,6661492,6669704,6593459,6601671,1268,4,false,false
2521,3,68033,68033,3524080,3532292,3456047,3464259,846,4,false,false
2522,3,68033,68033,3524080,3532292,3456047,3464259,847,4,false,false
2523,3,68033,68033,3524080,3532292,3456047,3464259,848,4,false,false
2524,3,68033,68033,3548460,3556672,3480427,3488639,849,4,false,false
2525,3,68033,68033,3548460,3556672,3480427,3488639,850,4,false,false
2526,3,68033,68033,3548460,3556672,3480427,3488639,851,4,false,false
2527,3,68033,68033,3548460,3556672,3480427,3488639,852,4,false,false
2528,3,68033,68033,3570024,3578236,3501991,3510203,853,4,false,false
2529,0,68033,68033,6701508,6709720,6633475,6641687,1269,4,false,false
2530,0,68033,68033,6701508,6709720,6633475,6641687,1270,4,false,false
2531,0,68033,68033,6701508,6709720,6633475,6641687,1271,4,false,false
2532,0,68033,68033,6701508,6709720,6633475,6641687,1272,4,false,false
2533,3,68033,68033,3570024,3578236,3501991,3510203,854,4,false,false
2534,3,68033,68033,3570024,3578236,3501991,3510203,855,4,false,false
2535,3,68033,68033,3570024,3578236,3501991,3510203,856,4,false,false
2536,3,68033,68033,3589028,3597240,3520995,3529207,857,4,false,false
2537,0,68064,68064,6741524,6749736,6673460,6681672,1273,4,false,false
2538,0,68064,68064,6741524,6749736,6673460,6681672,1274,4,false,false
2539,0,68064,68064,6741524,6749736,6673460,6681672,1275,4,false,false
2540,0,68064,68064,6741524,6749736,6673460,6681672,1276,4,false,false
2541,3,68064,68064,3589028,3597240,3520964,3529176,858,4,false,false
2542,3,68064,68064,3589028,3597240,3520964,3529176,859,4,false,false
2543,3,68064,68064,3589028,3597240,3520964,3529176,860,4,false,false
2544,3,68064,68064,3613664,3621876,3545600,3553812,861,4,false,false
2545,0,68096,68096,6773348,6776184,6705252,6708088,1277,4,false,false
2546,0,68096,68096,6773348,6776184,6705252,6708088,1278,4,false,false
2547,0,68096,68096,6773348,6776184,6705252,6708088,1279,4,false,false
2548,0,68096,68096,6773348,6776184,6705252,6708088,1280,4,false,false
2549,3,68096,68096,3613664,3621876,3545568,3553780,862,4,false,false
2550,3,68096,68096,3613664,3621876,3545568,3553780,863,4,false,false
2551,3,68096,68096,3613664,3621876,3545568,3553780,864,4,false,false
2552,3,68096,68096,3638300,3646512,3570204,3578416,865,4,false,false
2553,3,68096,68096,3638300,3646512,3570204,3578416,866,4,false,false
2554,3,68096,68096,3638300,3646512,3570204,3578416,867,4,false,false
2555,3,68096,68096,3638300,3646512,3570204,3578416,868,4,false,false
2556,3,68096,68096,3657304,3665516,3589208,3597420,869,4,false,false
2557,0,68097,68097,6812084,6814920,6743987,6746823,1281,4,false,false
2558,0,68097,68097,6812084,6814920,6743987,6746823,1282,4,false,false
2559,0,68097,68097,6812084,6814920,6743987,6746823,1283,4,false,false
2560,0,68097,68097,6812084,6814920,6743987,6746823,1284,4,false,false
2561,3,68097,68097,3657304,3665516,3589207,3597419,870,4,false,false
2562,3,68097,68097,3657304,3665516,3589207,3597419,871,4,false,false
2563,3,68097,68097,3657304,3665516,3589207,3597419,872,4,false,false
2564,3,68097,68097,3680148,3688360,3612051,3620263,873,4,false,false
2565,0,68097,68097,6849284,6857496,6781187,6789399,1285,4,false,false
2566,0,68097,68097,6849284,6857496,6781187,6789399,1286,4,false,false
2567,0,68097,68097,6849284,6857496,6781187,6789399,1287,4,false,false
2568,0,68097,68097,6849284,6857496,6781187,6789399,1288,4,false,false
2569,0,68128,68128,6885972,6891368,6817844,6823240,1289,4,false,false
2570,0,68128,68128,6885972,6891368,6817844,6823240,1290,4,false,false
2571,0,68128,68128,6885972,6891368,6817844,6823240,1291,4,false,false
2572,0,68128,68128,6885972,6891368,6817844,6823240,1292,4,false,false
2573,1,68128,68128,3776428,3782080,3708300,3713952,186,4,false,false
2574,0,68128,68128,6919076,6921912,6850948,6853784,1293,4,false,false
2575,0,68128,68128,6919076,6921912,6850948,6853784,1294,4,false,false
2576,0,68128,68128,6919076,6921912,6850948,6853784,1295,4,false,false
2577,0,68128,68128,6919076,6921912,6850948,6853784,1296,4,false,false
2578,3,68128,68128,3680148,3688360,3612020,3620232,874,4,false,false
2579,3,68128,68128,3680148,3688360,3612020,3620232,875,4,false,false
2580,3,68128,68128,3680148,3688360,3612020,3620232,876,4,false,false
2581,3,68128,68128,3701968,3710180,3633840,3642052,877,4,false,false
2582,3,68128,68128,3701968,3710180,3633840,3642052,878,4,false,false
2583,3,68128,68128,3701968,3710180,3633840,3642052,879,4,false,false
2584,3,68128,68128,3701968,3710180,3633840,3642052,880,4,false,false
2585,3,68128,68128,3721228,3729440,3653100,3661312,881,4,false,false
2586,3,68129,68129,3721228,3729440,3653099,3661311,882,4,false,false
2587,3,68129,68129,3721228,3729440,3653099,3661311,883,4,false,false
2588,3,68129,68129,3721228,3729440,3653099,3661311,884,4,false,false
2589,3,68129,68129,3743048,3751260,3674919,3683131,885,4,false,false
2590,0,68160,68160,6950900,6959112,6882740,6890952,1297,4,false,false
2591,0,68160,68160,6950900,6959112,6882740,6890952,1298,4,false,false
2592,0,68160,68160,6950900,6959112,6882740,6890952,1299,4,false,false
2593,0,68160,68160,6950900,6959112,6882740,6890952,1300,4,false,false
2594,3,68160,68160,3743048,3751260,3674888,3683100,886,4,false,false
2595,3,68160,68160,3743048,3751260,3674888,3683100,887,4,false,false
2596,3,68160,68160,3743048,3751260,3674888,3683100,888,4,false,false
2597,3,68160,68160,3762820,3771032,3694660,3702872,889,4,false,false
2598,0,68160,68160,6987588,6990424,6919428,6922264,1301,4,false,false
2599,0,68160,68160,6987588,6990424,6919428,6922264,1302,4,false,false
2600,0,68160,68160,6987588,6990424,6919428,6922264,1303,4,false,false
2601,0,68160,68160,6987588,6990424,6919428,6922264,1304,4,false,false
2602,0,68160,68160,7016596,7024808,6948436,6956648,1305,4,false,false
2603,0,68160,68160,7016596,7024808,6948436,6956648,1306,4,false,false
2604,0,68160,68160,7016596,7024808,6948436,6956648,1307,4,false,false
2605,0,68160,68160,7016596,7024808,6948436,6956648,1308,4,false,false
2606,0,68161,68161,7055588,7063800,6987427,6995639,1309,4,false,false
2607,0,68161,68161,7055588,7063800,6987427,6995639,1310,4,false,false
2608,0,68161,68161,7055588,7063800,6987427,6995639,1311,4,false,false
2609,0,68161,68161,7055588,7063800,6987427,6995639,1312,4,false,false
2610,3,68161,68161,3762820,3771032,3694659,3702871,890,4,false,false
2611,3,68161,68161,3762820,3771032,3694659,3702871,891,4,false,false
2612,3,68161,68161,3762820,3771032,3694659,3702871,892,4,false,false
2613,3,68161,68161,3782080,3792340,3713919,3724179,893,4,false,false
2614,0,68161,68161,7089716,7097928,7021555,7029767,1313,4,false,false
2615,0,68161,68161,7089716,7097928,7021555,7029767,1314,4,false,false
2616,0,68161,68161,7089716,7097928,7021555,7029767,1315,4,false,false
2617,0,68161,68161,7089716,7097928,7021555,7029767,1316,4,false,false
2618,3,68192,68192,3782080,3792340,3713888,3724148,894,4,false,false
2619,3,68192,68192,3782080,3792340,3713888,3724148,895,4,false,false
2620,3,68192,68192,3782080,3792340,3713888,3724148,896,4,false,false
2621,3,68192,68192,3802108,3812880,3733916,3744688,897,4,false,false
2622,3,68192,68192,3802108,3812880,3733916,3744688,898,4,false,false
2623,3,68192,68192,3802108,3812880,3733916,3744688,899,4,false,false
2624,3,68192,68192,3802108,3812880,3733916,3744688,900,4,false,false
2625,3,68192,68192,3822392,3831116,3754200,3762924,901,4,false,false
2626,0,68224,68224,7139460,7144856,7071236,7076632,1317,4,false,false
2627,0,68224,68224,7139460,7144856,7071236,7076632,1318,4,false,false
2628,0,68224,68224,7139460,7144856,7071236,7076632,1319,4,false,false
2629,0,68224,68224,7139460,7144856,7071236,7076632,1320,4,false,false
2630,3,68224,68224,3822392,3831116,3754168,3762892,902,4,false,false
2631,3,68224,68224,3822392,3831116,3754168,3762892,903,4,false,false
2632,3,68224,68224,3822392,3831116,3754168,3762892,904,4,false,false
2633,3,68224,68224,3839860,3848072,3771636,3779848,905,4,false,false
2634,3,68224,68224,3839860,3848072,3771636,3779848,906,4,false,false
2635,3,68224,68224,3839860,3848072,3771636,3779848,907,4,false,false
2636,3,68224,68224,3839860,3848072,3771636,3779848,908,4,false,false
2637,3,68224,68224,3856304,3864516,3788080,3796292,909,4,false,false
2638,0,68225,68225,7186388,7191784,7118163,7123559,1321,4,false,false
2639,0,68225,68225,7186388,7191784,7118163,7123559,1322,4,false,false
2640,0,68225,68225,7186388,7191784,7118163,7123559,1323,4,false,false
2641,0,68225,68225,7186388,7191784,7118163,7123559,1324,4,false,false
2642,0,68225,68225,7231268,7239480,7163043,7171255,1325,4,false,false
2643,0,68225,68225,7231268,7239480,7163043,7171255,1326,4,false,false
2644,0,68225,68225,7231268,7239480,7163043,7171255,1327,4,false,false
2645,0,68225,68225,7231268,7239480,7163043,7171255,1328,4,false,false
2646,0,68225,68225,7275380,7278216,7207155,7209991,1329,4,false,false
2647,0,68225,68225,7275380,7278216,7207155,7209991,1330,4,false,false
2648,0,68225,68225,7275380,7278216,7207155,7209991,1331,4,false,false
2649,0,68225,68225,7275380,7278216,7207155,7209991,1332,4,false,false
2650,0,68225,68225,7310788,7313624,7242563,7245399,1333,4,false,false
2651,0,68225,68225,7310788,7313624,7242563,7245399,1334,4,false,false
2652,0,68225,68225,7310788,7313624,7242563,7245399,1335,4,false,false
2653,0,68225,68225,7310788,7313624,7242563,7245399,1336,4,false,false
2654,0,68256,68256,7351828,7354664,7283572,7286408,1337,4,false,false
2655,0,68256,68256,7351828,7354664,7283572,7286408,1338,4,false,false
2656,0,68256,68256,7351828,7354664,7283572,7286408,1339,4,false,false
2657,0,68256,68256,7351828,7354664,7283572,7286408,1340,4,false,false
2658,3,68256,68256,3856304,3864516,3788048,3796260,910,4,false,false
2659,3,68256,68256,3856304,3864516,3788048,3796260,911,4,false,false
2660,3,68256,68256,3856304,3864516,3788048,3796260,912,4,false,false
2661,3,68256,68256,3875308,3883520,3807052,3815264,913,4,false,false
2662,3,68256,68256,3875308,3883520,3807052,3815264,914,4,false,false
2663,3,68256,68256,3875308,3883520,3807052,3815264,915,4,false,false
2664,3,68256,68256,3875308,3883520,3807052,3815264,916,4,false,false
2665,3,68256,68256,3894312,3902524,3826056,3834268,917,4,false,false
2666,0,68256,68256,7394660,7402872,7326404,7334616,1341,4,false,false
2667,0,68256,68256,7394660,7402872,7326404,7334616,1342,4,false,false
2668,0,68256,68256,7394660,7402872,7326404,7334616,1343,4,false,false
2669,0,68256,68256,7394660,7402872,7326404,7334616,1344,4,false,false
2670,3,68256,68256,3894312,3902524,3826056,3834268,918,4,false,false
2671,3,68256,68256,3894312,3902524,3826056,3834268,919,4,false,false
2672,3,68256,68256,3894312,3902524,3826056,3834268,920,4,false,false
2673,3,68256,68256,3913316,3921528,3845060,3853272,921,4,false,false
2674,3,68256,68256,3913316,3921528,3845060,3853272,922,4,false,false
2675,3,68256,68256,3913316,3921528,3845060,3853272,923,4,false,false
2676,3,68256,68256,3913316,3921528,3845060,3853272,924,4,false,false
2677,3,68256,68256,3933600,3941812,3865344,3873556,925,4,false,false
2678,3,68256,68256,3933600,3941812,3865344,3873556,926,4,false,false
2679,3,68256,68256,3933600,3941812,3865344,3873556,927,4,false,false
2680,3,68256,68256,3933600,3941812,3865344,3873556,928,4,false,false
2681,3,68256,68256,3958748,3966960,3890492,3898704,929,4,false,false
2682,0,68256,68256,7441332,7446728,7373076,7378472,1345,4,false,false
2683,0,68256,68256,7441332,7446728,7373076,7378472,1346,4,false,false
2684,0,68256,68256,7441332,7446728,7373076,7378472,1347,4,false,false
2685,0,68256,68256,7441332,7446728,7373076,7378472,1348,4,false,false
2686,3,68288,68288,3958748,3966960,3890460,3898672,930,4,false,false
2687,3,68288,68288,3958748,3966960,3890460,3898672,931,4,false,false
2688,3,68288,68288,3958748,3966960,3890460,3898672,932,4,false,false
2689,3,68288,68288,3984152,3994412,3915864,3926124,933,4,false,false
2690,3,68288,68288,3984152,3994412,3915864,3926124,934,4,false,false
2691,3,68288,68288,3984152,3994412,3915864,3926124,935,4,false,false
2692,3,68288,68288,3984152,3994412,3915864,3926124,936,4,false,false
2693,3,68288,68288,4017748,4026472,3949460,3958184,937,4,false,false
2694,3,68288,68288,4017748,4026472,3949460,3958184,938,4,false,false
2695,3,68288,68288,4017748,4026472,3949460,3958184,939,4,false,false
2696,3,68288,68288,4017748,4026472,3949460,3958184,940,4,false,false
2697,3,68288,68288,4049040,4057252,3980752,3988964,941,4,false,false
2698,3,68289,68289,4049040,4057252,3980751,3988963,942,4,false,false
2699,3,68289,68289,4049040,4057252,3980751,3988963,943,4,false,false
2700,3,68289,68289,4049040,4057252,3980751,3988963,944,4,false,false
2701,3,68289,68289,4078284,4088800,4009995,4020511,945,4,false,false
2702,0,68289,68289,7483908,7486744,7415619,7418455,1349,4,false,false
2703,0,68289,68289,7483908,7486744,7415619,7418455,1350,4,false,false
2704,0,68289,68289,7483908,7486744,7415619,7418455,1351,4,false,false
2705,0,68289,68289,7483908,7486744,7415619,7418455,1352,4,false,false
2706,0,68320,68320,7521876,7530088,7453556,7461768,1353,4,false,false
2707,0,68320,68320,7521876,7530088,7453556,7461768,1354,4,false,false
2708,0,68320,68320,7521876,7530088,7453556,7461768,1355,4,false,false
2709,0,68320,68320,7521876,7530088,7453556,7461768,1356,4,false,false
2710,3,68320,68320,4078284,4088800,4009964,4020480,946,4,false,false
2711,3,68320,68320,4078284,4088800,4009964,4020480,947,4,false,false
2712,3,68320,68320,4078284,4088800,4009964,4020480,948,4,false,false
2713,3,68320,68320,4107784,4118556,4039464,4050236,949,4,false,false
2714,0,68321,68321,7562916,7571128,7494595,7502807,1357,4,false,false
2715,0,68321,68321,7562916,7571128,7494595,7502807,1358,4,false,false
2716,0,68321,68321,7562916,7571128,7494595,7502807,1359,4,false,false
2717,0,68321,68321,7562916,7571128,7494595,7502807,1360,4,false,false
2718,0,68321,68321,7606516,7614728,7538195,7546407,1361,4,false,false
2719,0,68321,68321,7606516,7614728,7538195,7546407,1362,4,false,false
2720,0,68321,68321,7606516,7614728,7538195,7546407,1363,4,false,false
2721,0,68321,68321,7606516,7614728,7538195,7546407,1364,4,false,false
2722,3,68321,68321,4107784,4118556,4039463,4050235,950,4,false,false
2723,3,68321,68321,4107784,4118556,4039463,4050235,951,4,false,false
2724,3,68321,68321,4107784,4118556,4039463,4050235,952,4,false,false
2725,3,68321,68321,4134724,4145496,4066403,4077175,953,4,false,false
2726,3,68352,68352,4134724,4145496,4066372,4077144,954,4,false,false
2727,3,68352,68352,4134724,4145496,4066372,4077144,955,4,false,false
2728,3,68352,68352,4134724,4145496,4066372,4077144,956,4,false,false
2729,3,68352,68352,4156544,4167316,4088192,4098964,957,4,false,false
2730,0,68353,68353,7649092,7651928,7580739,7583575,1365,4,false,false
2731,0,68353,68353,7649092,7651928,7580739,7583575,1366,4,false,false
2732,0,68353,68353,7649092,7651928,7580739,7583575,1367,4,false,false
2733,0,68353,68353,7649092,7651928,7580739,7583575,1368,4,false,false
2734,3,68384,68384,4156544,4167316,4088160,4098932,958,4,false,false
2735,3,68384,68384,4156544,4167316,4088160,4098932,959,4,false,false
2736,3,68384,68384,4156544,4167316,4088160,4098932,960,4,false,false
2737,3,68384,68384,4186044,4190928,4117660,4122544,961,4,false,false
2738,3,68384,68384,4186044,4190928,4117660,4122544,962,4,false,false
2739,3,68384,68384,4186044,4190928,4117660,4122544,963,4,false,false
2740,3,68384,68384,4186044,4190928,4117660,4122544,964,4,false,false
2741,3,68384,68384,4212472,4219148,4144088,4150764,965,4,false,false
2742,0,68384,68384,7683476,7697064,7615092,7628680,1369,4,false,false
2743,0,68384,68384,7683476,7697064,7615092,7628680,1370,4,false,false
2744,0,68384,68384,7683476,7697064,7615092,7628680,1371,4,false,false
2745,0,68384,68384,7683476,7697064,7615092,7628680,1372,4,false,false
2746,0,68385,68385,7724260,7727096,7655875,7658711,1373,4,false,false
2747,0,68385,68385,7724260,7727096,7655875,7658711,1374,4,false,false
2748,0,68385,68385,7724260,7727096,7655875,7658711,1375,4,false,false
2749,0,68385,68385,7724260,7727096,7655875,7658711,1376,4,false,false
2750,0,68385,68385,7756852,7762248,7688467,7693863,1377,4,false,false
2751,0,68385,68385,7756852,7762248,7688467,7693863,1378,4,false,false
2752,0,68385,68385,7756852,7762248,7688467,7693863,1379,4,false,false
2753,0,68385,68385,7756852,7762248,7688467,7693863,1380,4,false,false
2754,3,68416,68416,4212472,4219148,4144056,4150732,966,4,false,false
2755,3,68416,68416,4212472,4219148,4144056,4150732,967,4,false,false
2756,3,68416,68416,4212472,4219148,4144056,4150732,968,4,false,false
2757,3,68416,68416,4243508,4251720,4175092,4183304,969,4,false,false
2758,3,68416,68416,4243508,4251720,4175092,4183304,970,4,false,false
2759,3,68416,68416,4243508,4251720,4175092,4183304,971,4,false,false
2760,3,68416,68416,4243508,4251720,4175092,4183304,972,4,false,false
2761,3,68416,68416,4264560,4272772,4196144,4204356,973,4,false,false
2762,3,68416,68416,4264560,4272772,4196144,4204356,974,4,false,false
2763,3,68416,68416,4264560,4272772,4196144,4204356,975,4,false,false
2764,3,68416,68416,4264560,4272772,4196144,4204356,976,4,false,false
2765,3,68416,68416,4286636,4294848,4218220,4226432,977,4,false,false
2766,0,68416,68416,7794052,7804824,7725636,7736408,1381,4,false,false
2767,0,68416,68416,7794052,7804824,7725636,7736408,1382,4,false,false
2768,0,68416,68416,7794052,7804824,7725636,7736408,1383,4,false,false
2769,0,68416,68416,7794052,7804824,7725636,7736408,1384,4,false,false
2770,0,68417,68417,7839188,7842024,7770771,7773607,1385,4,false,false
2771,0,68417,68417,7839188,7842024,7770771,7773607,1386,4,false,false
2772,0,68417,68417,7839188,7842024,7770771,7773607,1387,4,false,false
2773,0,68417,68417,7839188,7842024,7770771,7773607,1388,4,false,false
2774,3,68448,68448,4286636,4294848,4218188,4226400,978,4,false,false
2775,3,68448,68448,4286636,4294848,4218188,4226400,979,4,false,false
2776,3,68448,68448,4286636,4294848,4218188,4226400,980,4,false,false
2777,3,68448,68448,4308456,4318716,4240008,4250268,981,4,false,false
2778,3,68448,68448,4308456,4318716,4240008,4250268,982,4,false,false
2779,3,68448,68448,4308456,4318716,4240008,4250268,983,4,false,false
2780,3,68448,68448,4308456,4318716,4240008,4250268,984,4,false,false
2781,3,68448,68448,4337700,4346424,4269252,4277976,985,4,false,false
2782,0,68448,68448,7877924,7880760,7809476,7812312,1389,4,false,false
2783,0,68448,68448,7877924,7880760,7809476,7812312,1390,4,false,false
2784,0,68448,68448,7877924,7880760,7809476,7812312,1391,4,false,false
2785,0,68448,68448,7877924,7880760,7809476,7812312,1392,4,false,false
2786,0,68448,68448,7913844,7922056,7845396,7853608,1393,4,false,false
2787,0,68448,68448,7913844,7922056,7845396,7853608,1394,4,false,false
2788,0,68448,68448,7913844,7922056,7845396,7853608,1395,4,false,false
2789,0,68448,68448,7913844,7922056,7845396,7853608,1396,4,false,false
2790,3,68448,68448,4337700,4346424,4269252,4277976,986,4,false,false
2791,3,68448,68448,4337700,4346424,4269252,4277976,987,4,false,false
2792,3,68448,68448,4337700,4346424,4269252,4277976,988,4,false,false
2793,3,68448,68448,4367200,4375412,4298752,4306964,989,4,false,false
2794,0,68449,68449,7950532,7961304,7882083,7892855,1397,4,false,false
2795,0,68449,68449,7950532,7961304,7882083,7892855,1398,4,false,false
2796,0,68449,68449,7950532,7961304,7882083,7892855,1399,4,false,false
2797,0,68449,68449,7950532,7961304,7882083,7892855,1400,4,false,false
2798,0,68449,68449,7991572,7994408,7923123,7925959,1401,4,false,false
2799,0,68449,68449,7991572,7994408,7923123,7925959,1402,4,false,false
2800,0,68449,68449,7991572,7994408,7923123,7925959,1403,4,false,false
2801,0,68449,68449,7991572,7994408,7923123,7925959,1404,4,false,false
2802,3,68449,68449,4367200,4375412,4298751,4306963,990,4,false,false
2803,3,68449,68449,4367200,4375412,4298751,4306963,991,4,false,false
2804,3,68449,68449,4367200,4375412,4298751,4306963,992,4,false,false
2805,3,68449,68449,4391836,4402096,4323387,4333647,993,4,false,false
2806,3,68480,68480,4391836,4402096,4323356,4333616,994,4,false,false
2807,3,68480,68480,4391836,4402096,4323356,4333616,995,4,false,false
2808,3,68480,68480,4391836,4402096,4323356,4333616,996,4,false,false
2809,3,68480,68480,4412632,4423404,4344152,4354924,997,4,false,false
2810,0,68480,68480,8030564,8035960,7962084,7967480,1405,4,false,false
2811,0,68480,68480,8030564,8035960,7962084,7967480,1406,4,false,false
2812,0,68480,68480,8030564,8035960,7962084,7967480,1407,4,false,false
2813,0,68480,68480,8030564,8035960,7962084,7967480,1408,4,false,false
2814,3,68480,68480,4412632,4423404,4344152,4354924,998,4,false,false
2815,3,68480,68480,4412632,4423404,4344152,4354924,999,4,false,false
2816,3,68480,68480,4412632,4423404,4344152,4354924,1000,4,false,false
2817,3,68480,68480,4438548,4447272,4370068,4378792,1001,4,false,false
2818,3,68481,68481,4438548,4447272,4370067,4378791,1002,4,false,false
2819,3,68481,68481,4438548,4447272,4370067,4378791,1003,4,false,false
2820,3,68481,68481,4438548,4447272,4370067,4378791,1004,4,false,false
2821,3,68481,68481,4463696,4474212,4395215,4405731,1005,4,false,false
2822,0,68512,68512,8069812,8078024,8001300,8009512,1409,4,false,false
2823,0,68512,68512,8069812,8078024,8001300,8009512,1410,4,false,false
2824,0,68512,68512,8069812,8078024,8001300,8009512,1411,4,false,false
2825,0,68512,68512,8069812,8078024,8001300,8009512,1412,4,false,false
2826,0,68512,68512,8116228,8119064,8047716,8050552,1413,4,false,false
2827,0,68512,68512,8116228,8119064,8047716,8050552,1414,4,false,false
2828,0,68512,68512,8116228,8119064,8047716,8050552,1415,4,false,false
2829,0,68512,68512,8116228,8119064,8047716,8050552,1416,4,false,false
2830,0,68512,68512,8155476,8160872,8086964,8092360,1417,4,false,false
2831,0,68512,68512,8155476,8160872,8086964,8092360,1418,4,false,false
2832,0,68512,68512,8155476,8160872,8086964,8092360,1419,4,false,false
2833,0,68512,68512,8155476,8160872,8086964,8092360,1420,4,false,false
2834,3,68512,68512,4463696,4474212,4395184,4405700,1006,4,false,false
2835,3,68512,68512,4463696,4474212,4395184,4405700,1007,4,false,false
2836,3,68512,68512,4463696,4474212,4395184,4405700,1008,4,false,false
2837,3,68512,68512,4487820,4496544,4419308,4428032,1009,4,false,false
2838,0,68512,68512,8191396,8199608,8122884,8131096,1421,4,false,false
2839,0,68512,68512,8191396,8199608,8122884,8131096,1422,4,false,false
2840,0,68512,68512,8191396,8199608,8122884,8131096,1423,4,false,false
2841,0,68512,68512,8191396,8199608,8122884,8131096,1424,4,false,false
2842,3,68512,68512,4487820,4496544,4419308,4428032,1010,4,false,false
2843,3,68512,68512,4487820,4496544,4419308,4428032,1011,4,false,false
2844,3,68512,68512,4487820,4496544,4419308,4428032,1012,4,false,false
2845,3,68512,68512,4512712,4522972,4444200,4454460,1013,4,false,false
2846,0,68512,68512,8229364,8234760,8160852,8166248,1425,4,false,false
2847,0,68512,68512,8229364,8234760,8160852,8166248,1426,4,false,false
2848,0,68512,68512,8229364,8234760,8160852,8166248,1427,4,false,false
2849,0,68512,68512,8229364,8234760,8160852,8166248,1428,4,false,false
2850,0,68512,68512,8265796,8268632,8197284,8200120,1429,4,false,false
2851,0,68512,68512,8265796,8268632,8197284,8200120,1430,4,false,false
2852,0,68512,68512,8265796,8268632,8197284,8200120,1431,4,false,false
2853,0,68512,68512,8265796,8268632,8197284,8200120,1432,4,false,false
2854,3,68513,68513,4512712,4522972,4444199,4454459,1014,4,false,false
2855,3,68513,68513,4512712,4522972,4444199,4454459,1015,4,false,false
2856,3,68513,68513,4512712,4522972,4444199,4454459,1016,4,false,false
2857,3,68513,68513,4541956,4550680,4473443,4482167,1017,4,false,false
2858,3,68513,68513,4541956,4550680,4473443,4482167,1018,4,false,false
2859,3,68513,68513,4541956,4550680,4473443,4482167,1019,4,false,false
2860,3,68513,68513,4541956,4550680,4473443,4482167,1020,4,false,false
2861,3,68513,68513,4566848,4575060,4498335,4506547,1021,4,false,false
2862,3,68544,68544,4566848,4575060,4498304,4506516,1022,4,false,false
2863,3,68544,68544,4566848,4575060,4498304,4506516,1023,4,false,false
2864,3,68544,68544,4566848,4575060,4498304,4506516,1024,4,false,false
2865,3,68544,68544,4595068,4603280,4526524,4534736,1025,4,false,false
2866,3,68544,68544,4595068,4603280,4526524,4534736,1026,4,false,false
2867,3,68544,68544,4595068,4603280,4526524,4534736,1027,4,false,false
2868,3,68544,68544,4595068,4603280,4526524,4534736,1028,4,false,false
2869,3,68544,68544,4620984,4629196,4552440,4560652,1029,4,false,false
2870,1,68544,68544,3776428,3782080,3707884,3713536,187,4,false,false
2871,1,68544,68544,3776428,3782080,3707884,3713536,188,4,false,false
2872,1,68544,68544,3795176,3802108,3726632,3733564,189,4,false,false
2873,1,68544,68544,3795176,3802108,3726632,3733564,190,4,false,false
2874,3,68544,68544,4620984,4629196,4552440,4560652,1030,4,false,false
2875,3,68544,68544,4620984,4629196,4552440,4560652,1031,4,false,false
2876,3,68544,68544,4620984,4629196,4552440,4560652,1032,4,false,false
2877,3,68544,68544,4649204,4657416,4580660,4588872,1033,4,false,false
2878,0,68544,68544,8299156,8311976,8230612,8243432,1433,4,false,false
2879,0,68544,68544,8299156,8311976,8230612,8243432,1434,4,false,false
2880,0,68544,68544,8299156,8311976,8230612,8243432,1435,4,false,false
2881,0,68544,68544,8299156,8311976,8230612,8243432,1436,4,false,false
2882,0,68545,68545,8343524,8354296,8274979,8285751,1437,4,false,false
2883,0,68545,68545,8343524,8354296,8274979,8285751,1438,4,false,false
2884,0,68545,68545,8343524,8354296,8274979,8285751,1439,4,false,false
2885,0,68545,68545,8343524,8354296,8274979,8285751,1440,4,false,false
2886,0,68545,68545,8388916,8399688,8320371,8331143,1441,4,false,false
2887,0,68545,68545,8388916,8399688,8320371,8331143,1442,4,false,false
2888,0,68545,68545,8388916,8399688,8320371,8331143,1443,4,false,false
2889,0,68545,68545,8388916,8399688,8320371,8331143,1444,4,false,false
2890,3,68545,68545,4649204,4657416,4580659,4588871,1034,4,false,false
2891,3,68545,68545,4649204,4657416,4580659,4588871,1035,4,false,false
2892,3,68545,68545,4649204,4657416,4580659,4588871,1036,4,false,false
2893,3,68545,68545,4672560,4682820,4604015,4614275,1037,4,false,false
2894,3,68576,68576,4672560,4682820,4603984,4614244,1038,4,false,false
2895,3,68576,68576,4672560,4682820,4603984,4614244,1039,4,false,false
2896,3,68576,68576,4672560,4682820,4603984,4614244,1040,4,false,false
2897,3,68576,68576,4698988,4710016,4630412,4641440,1041,4,false,false
2898,3,68576,68576,4698988,4710016,4630412,4641440,1042,4,false,false
2899,3,68576,68576,4698988,4710016,4630412,4641440,1043,4,false,false
2900,3,68576,68576,4698988,4710016,4630412,4641440,1044,4,false,false
2901,3,68576,68576,4723624,4734652,4655048,4666076,1045,4,false,false
2902,0,68576,68576,8430724,8436120,8362148,8367544,1445,4,false,false
2903,0,68576,68576,8430724,8436120,8362148,8367544,1446,4,false,false
2904,0,68576,68576,8430724,8436120,8362148,8367544,1447,4,false,false
2905,0,68576,68576,8430724,8436120,8362148,8367544,1448,4,false,false
2906,3,68608,68608,4723624,4734652,4655016,4666044,1046,4,false,false
2907,3,68608,68608,4723624,4734652,4655016,4666044,1047,4,false,false
2908,3,68608,68608,4723624,4734652,4655016,4666044,1048,4,false,false
2909,3,68608,68608,4748260,4756984,4679652,4688376,1049,4,false,false
2910,3,68608,68608,4748260,4756984,4679652,4688376,1050,4,false,false
2911,3,68608,68608,4748260,4756984,4679652,4688376,1051,4,false,false
2912,3,68608,68608,4748260,4756984,4679652,4688376,1052,4,false,false
2913,3,68608,68608,4773152,4783412,4704544,4714804,1053,4,false,false
2914,3,68608,68608,4773152,4783412,4704544,4714804,1054,4,false,false
2915,3,68608,68608,4773152,4783412,4704544,4714804,1055,4,false,false
2916,3,68608,68608,4773152,4783412,4704544,4714804,1056,4,false,false
2917,3,68608,68608,4804444,4817264,4735836,4748656,1057,4,false,false
2918,3,68608,68608,4804444,4817264,4735836,4748656,1058,4,false,false
2919,3,68608,68608,4804444,4817264,4735836,4748656,1059,4,false,false
2920,3,68608,68608,4804444,4817264,4735836,4748656,1060,4,false,false
2921,3,68608,68608,4837784,4847276,4769176,4778668,1061,4,false,false
2922,0,68608,68608,8465876,8474088,8397268,8405480,1449,4,false,false
2923,0,68608,68608,8465876,8474088,8397268,8405480,1450,4,false,false
2924,0,68608,68608,8465876,8474088,8397268,8405480,1451,4,false,false
2925,0,68608,68608,8465876,8474088,8397268,8405480,1452,4,false,false
2926,0,68609,68609,8508196,8511032,8439587,8442423,1453,4,false,false
2927,0,68609,68609,8508196,8511032,8439587,8442423,1454,4,false,false
2928,0,68609,68609,8508196,8511032,8439587,8442423,1455,4,false,false
2929,0,68609,68609,8508196,8511032,8439587,8442423,1456,4,false,false
2930,3,68609,68609,4837784,4847276,4769175,4778667,1062,4,false,false
2931,3,68609,68609,4837784,4847276,4769175,4778667,1063,4,false,false
2932,3,68609,68609,4837784,4847276,4769175,4778667,1064,4,false,false
2933,3,68609,68609,4866260,4874472,4797651,4805863,1065,4,false,false
2934,3,68640,68640,4866260,4874472,4797620,4805832,1066,4,false,false
2935,3,68640,68640,4866260,4874472,4797620,4805832,1067,4,false,false
2936,3,68640,68640,4866260,4874472,4797620,4805832,1068,4,false,false
2937,3,68640,68640,4888080,4896292,4819440,4827652,1069,4,false,false
2938,0,68640,68640,8551796,8554632,8483156,8485992,1457,4,false,false
2939,0,68640,68640,8551796,8554632,8483156,8485992,1458,4,false,false
2940,0,68640,68640,8551796,8554632,8483156,8485992,1459,4,false,false
2941,0,68640,68640,8551796,8554632,8483156,8485992,1460,4,false,false
2942,3,68640,68640,4888080,4896292,4819440,4827652,1070,4,false,false
2943,3,68640,68640,4888080,4896292,4819440,4827652,1071,4,false,false
2944,3,68640,68640,4888080,4896292,4819440,4827652,1072,4,false,false
2945,3,68640,68640,4918092,4926304,4849452,4857664,1073,4,false,false
2946,3,68640,68640,4918092,4926304,4849452,4857664,1074,4,false,false
2947,3,68640,68640,4918092,4926304,4849452,4857664,1075,4,false,false
2948,3,68640,68640,4918092,4926304,4849452,4857664,1076,4,false,false
2949,3,68640,68640,4942728,4950940,4874088,4882300,1077,4,false,false
2950,0,68640,68640,8587716,8590552,8519076,8521912,1461,4,false,false
2951,0,68640,68640,8587716,8590552,8519076,8521912,1462,4,false,false
2952,0,68640,68640,8587716,8590552,8519076,8521912,1463,4,false,false
2953,0,68640,68640,8587716,8590552,8519076,8521912,1464,4,false,false
2954,0,68640,68640,8620820,8628264,8552180,8559624,1465,4,false,false
2955,0,68640,68640,8620820,8628264,8552180,8559624,1466,4,false,false
2956,0,68640,68640,8620820,8628264,8552180,8559624,1467,4,false,false
2957,0,68640,68640,8620820,8628264,8552180,8559624,1468,4,false,false
2958,3,68672,68672,4942728,4950940,4874056,4882268,1078,4,false,false
2959,3,68672,68672,4942728,4950940,4874056,4882268,1079,4,false,false
2960,3,68672,68672,4942728,4950940,4874056,4882268,1080,4,false,false
2961,3,68672,68672,4967108,4975320,4898436,4906648,1081,4,false,false
2962,0,68672,68672,8655716,8661112,8587044,8592440,1469,4,false,false
2963,0,68672,68672,8655716,8661112,8587044,8592440,1470,4,false,false
2964,0,68672,68672,8655716,8661112,8587044,8592440,1471,4,false,false
2965,0,68672,68672,8655716,8661112,8587044,8592440,1472,4,false,false
2966,0,68672,68672,8691124,8696520,8622452,8627848,1473,4,false,false
2967,0,68672,68672,8691124,8696520,8622452,8627848,1474,4,false,false
2968,0,68672,68672,8691124,8696520,8622452,8627848,1475,4,false,false
2969,0,68672,68672,8691124,8696520,8622452,8627848,1476,4,false,false
2970,3,68672,68672,4967108,4975320,4898436,4906648,1082,4,false,false
2971,3,68672,68672,4967108,4975320,4898436,4906648,1083,4,false,false
2972,3,68672,68672,4967108,4975320,4898436,4906648,1084,4,false,false
2973,3,68672,68672,4994048,5004564,4925376,4935892,1085,4,false,false
2974,3,68672,68672,4994048,5004564,4925376,4935892,1086,4,false,false
2975,3,68672,68672,4994048,5004564,4925376,4935892,1087,4,false,false
2976,3,68672,68672,4994048,5004564,4925376,4935892,1088,4,false,false
2977,3,68672,68672,5018172,5024592,4949500,4955920,1089,4,false,false
2978,3,68672,68672,5018172,5024592,4949500,4955920,1090,4,false,false
2979,3,68672,68672,5018172,5024592,4949500,4955920,1091,4,false,false
2980,3,68672,68672,5018172,5024592,4949500,4955920,1092,4,false,false
2981,3,68672,68672,5039480,5048716,4970808,4980044,1093,4,false,false
2982,3,68672,68672,5039480,5048716,4970808,4980044,1094,4,false,false
2983,3,68672,68672,5039480,5048716,4970808,4980044,1095,4,false,false
2984,3,68672,68672,5039480,5048716,4970808,4980044,1096,4,false,false
2985,3,68672,68672,5071284,5080008,5002612,5011336,1097,4,false,false
2986,0,68672,68672,8730884,8733720,8662212,8665048,1477,4,false,false
2987,0,68672,68672,8730884,8733720,8662212,8665048,1478,4,false,false
2988,0,68672,68672,8730884,8733720,8662212,8665048,1479,4,false,false
2989,0,68672,68672,8730884,8733720,8662212,8665048,1480,4,false,false
2990,0,68673,68673,8776788,8785000,8708115,8716327,1481,4,false,false
2991,0,68673,68673,8776788,8785000,8708115,8716327,1482,4,false,false
2992,0,68673,68673,8776788,8785000,8708115,8716327,1483,4,false,false
2993,0,68673,68673,8776788,8785000,8708115,8716327,1484,4,false,false
2994,0,68673,68673,8822692,8825528,8754019,8756855,1485,4,false,false
2995,0,68673,68673,8822692,8825528,8754019,8756855,1486,4,false,false
2996,0,68673,68673,8822692,8825528,8754019,8756855,1487,4,false,false
2997,0,68673,68673,8822692,8825528,8754019,8756855,1488,4,false,false
2998,3,68704,68704,5071284,5080008,5002580,5011304,1098,4,false,false
2999,3,68704,68704,5071284,5080008,5002580,5011304,1099,4,false,false
3000,3,68704,68704,5071284,5080008,5002580,5011304,1100,4,false,false
3001,3,68704,68704,5096688,5114884,5027984,5046180,1101,4,false,false
3002,3,68704,68704,5096688,5114884,5027984,5046180,1102,4,false,false
3003,3,68704,68704,5096688,5114884,5027984,5046180,1103,4,false,false
3004,3,68704,68704,5096688,5114884,5027984,5046180,1104,4,false,false
3005,3,68704,68704,5131308,5142848,5062604,5074144,1105,4,false,false
3006,3,68704,68704,5131308,5142848,5062604,5074144,1106,4,false,false
3007,3,68704,68704,5131308,5142848,5062604,5074144,1107,4,false,false
3008,3,68704,68704,5131308,5142848,5062604,5074144,1108,4,false,false
3009,3,68704,68704,5159528,5170044,5090824,5101340,1109,4,false,false
3010,0,68705,68705,8864500,8867336,8795795,8798631,1489,4,false,false
3011,0,68705,68705,8864500,8867336,8795795,8798631,1490,4,false,false
3012,0,68705,68705,8864500,8867336,8795795,8798631,1491,4,false,false
3013,0,68705,68705,8864500,8867336,8795795,8798631,1492,4,false,false
3014,3,68736,68736,5159528,5170044,5090792,5101308,1110,4,false,false
3015,3,68736,68736,5159528,5170044,5090792,5101308,1111,4,false,false
3016,3,68736,68736,5159528,5170044,5090792,5101308,1112,4,false,false
3017,3,68736,68736,5191588,5200312,5122852,5131576,1113,4,false,false
3018,3,68736,68736,5191588,5200312,5122852,5131576,1114,4,false,false
3019,3,68736,68736,5191588,5200312,5122852,5131576,1115,4,false,false
3020,3,68736,68736,5191588,5200312,5122852,5131576,1116,4,false,false
3021,3,68736,68736,5216480,5224692,5147744,5155956,1117,4,false,false
3022,3,68736,68736,5216480,5224692,5147744,5155956,1118,4,false,false
3023,3,68736,68736,5216480,5224692,5147744,5155956,1119,4,false,false
3024,3,68736,68736,5216480,5224692,5147744,5155956,1120,4,false,false
3025,3,68736,68736,5243676,5253936,5174940,5185200,1121,4,false,false
3026,3,68736,68736,5243676,5253936,5174940,5185200,1122,4,false,false
3027,3,68736,68736,5243676,5253936,5174940,5185200,1123,4,false,false
3028,3,68736,68736,5243676,5253936,5174940,5185200,1124,4,false,false
3029,3,68736,68736,5274732,5285504,5205996,5216768,1125,4,false,false
3030,3,68736,68736,5274732,5285504,5205996,5216768,1126,4,false,false
3031,3,68736,68736,5274732,5285504,5205996,5216768,1127,4,false,false
3032,3,68736,68736,5274732,5285504,5205996,5216768,1128,4,false,false
3033,3,68736,68736,5309372,5318096,5240636,5249360,1129,4,false,false
3034,0,68736,68736,8900932,8903768,8832196,8835032,1493,4,false,false
3035,0,68736,68736,8900932,8903768,8832196,8835032,1494,4,false,false
3036,0,68736,68736,8900932,8903768,8832196,8835032,1495,4,false,false
3037,0,68736,68736,8900932,8903768,8832196,8835032,1496,4,false,false
3038,3,68737,68737,5309372,5318096,5240635,5249359,1130,4,false,false
3039,3,68737,68737,5309372,5318096,5240635,5249359,1131,4,false,false
3040,3,68737,68737,5309372,5318096,5240635,5249359,1132,4,false,false
3041,3,68737,68737,5339148,5347360,5270411,5278623,1133,4,false,false
3042,0,68768,68768,8939156,8947368,8870388,8878600,1497,4,false,false
3043,0,68768,68768,8939156,8947368,8870388,8878600,1498,4,false,false
3044,0,68768,68768,8939156,8947368,8870388,8878600,1499,4,false,false
3045,0,68768,68768,8939156,8947368,8870388,8878600,1500,4,false,false
3046,3,68768,68768,5339148,5347360,5270380,5278592,1134,4,false,false
3047,3,68768,68768,5339148,5347360,5270380,5278592,1135,4,false,false
3048,3,68768,68768,5339148,5347360,5270380,5278592,1136,4,false,false
3049,3,68768,68768,5366620,5374576,5297852,5305808,1137,4,false,false
3050,3,68768,68768,5366620,5374576,5297852,5305808,1138,4,false,false
3051,3,68768,68768,5366620,5374576,5297852,5305808,1139,4,false,false
3052,3,68768,68768,5366620,5374576,5297852,5305808,1140,4,false,false
3053,3,68768,68768,5404588,5412544,5335820,5343776,1141,4,false,false
3054,2,68768,68768,7013504,7016596,6944736,6947828,200,4,false,false
3055,0,68769,68769,8987620,8993016,8918851,8924247,1501,4,false,false
3056,0,68769,68769,8987620,8993016,8918851,8924247,1502,4,false,false
3057,0,68769,68769,8987620,8993016,8918851,8924247,1503,4,false,false
3058,0,68769,68769,8987620,8993016,8918851,8924247,1504,4,false,false
3059,3,68800,68800,5404588,5412544,5335788,5343744,1142,4,false,false
3060,3,68800,68800,5404588,5412544,5335788,5343744,1143,4,false,false
3061,3,68800,68800,5404588,5412544,5335788,5343744,1144,4,false,false
3062,3,68800,68800,5445116,5455376,5376316,5386576,1145,4,false,false
3063,0,68800,68800,9030196,9040968,8961396,8972168,1505,4,false,false
3064,0,68800,68800,9030196,9040968,8961396,8972168,1506,4,false,false
3065,0,68800,68800,9030196,9040968,8961396,8972168,1507,4,false,false
3066,0,68800,68800,9030196,9040968,8961396,8972168,1508,4,false,false
3067,3,68800,68800,5445116,5455376,5376316,5386576,1146,4,false,false
3068,3,68800,68800,5445116,5455376,5376316,5386576,1147,4,false,false
3069,3,68800,68800,5445116,5455376,5376316,5386576,1148,4,false,false
3070,3,68800,68800,5482316,5491040,5413516,5422240,1149,4,false,false
3071,3,68832,68832,5482316,5491040,5413484,5422208,1150,4,false,false
3072,3,68832,68832,5482316,5491040,5413484,5422208,1151,4,false,false
3073,3,68832,68832,5482316,5491040,5413484,5422208,1152,4,false,false
3074,3,68832,68832,5517980,5526192,5449148,5457360,1153,4,false,false
3075,3,68832,68832,5517980,5526192,5449148,5457360,1154,4,false,false
3076,3,68832,68832,5517980,5526192,5449148,5457360,1155,4,false,false
3077,3,68832,68832,5517980,5526192,5449148,5457360,1156,4,false,false
3078,3,68832,68832,5555948,5564160,5487116,5495328,1157,4,false,false
3079,0,68832,68832,9074308,9077144,9005476,9008312,1509,4,false,false
3080,0,68832,68832,9074308,9077144,9005476,9008312,1510,4,false,false
3081,0,68832,68832,9074308,9077144,9005476,9008312,1511,4,false,false
3082,0,68832,68832,9074308,9077144,9005476,9008312,1512,4,false,false
3083,0,68832,68832,9111252,9116648,9042420,9047816,1513,4,false,false
3084,0,68832,68832,9111252,9116648,9042420,9047816,1514,4,false,false
3085,0,68832,68832,9111252,9116648,9042420,9047816,1515,4,false,false
3086,0,68832,68832,9111252,9116648,9042420,9047816,1516,4,false,false
3087,0,68833,68833,9147940,9150776,9079107,9081943,1517,4,false,false
3088,0,68833,68833,9147940,9150776,9079107,9081943,1518,4,false,false
3089,0,68833,68833,9147940,9150776,9079107,9081943,1519,4,false,false
3090,0,68833,68833,9147940,9150776,9079107,9081943,1520,4,false,false
3091,0,68833,68833,9177972,9186184,9109139,9117351,1521,4,false,false
3092,0,68833,68833,9177972,9186184,9109139,9117351,1522,4,false,false
3093,0,68833,68833,9177972,9186184,9109139,9117351,1523,4,false,false
3094,0,68833,68833,9177972,9186184,9109139,9117351,1524,4,false,false
3095,0,68864,68864,9216196,9221592,9147332,9152728,1525,4,false,false
3096,0,68864,68864,9216196,9221592,9147332,9152728,1526,4,false,false
3097,0,68864,68864,9216196,9221592,9147332,9152728,1527,4,false,false
3098,0,68864,68864,9216196,9221592,9147332,9152728,1528,4,false,false
3099,2,68864,68864,7047376,7055588,6978512,6986724,201,4,false,false
3100,2,68864,68864,7047376,7055588,6978512,6986724,202,4,false,false
3101,2,68864,68864,7047376,7055588,6978512,6986724,203,4,false,false
3102,2,68864,68864,7047376,7055588,6978512,6986724,204,4,false,false
3103,3,68864,68864,5555948,5564160,5487084,5495296,1158,4,false,false
3104,3,68864,68864,5555948,5564160,5487084,5495296,1159,4,false,false
3105,3,68864,68864,5555948,5564160,5487084,5495296,1160,4,false,false
3106,3,68864,68864,5593660,5599824,5524796,5530960,1161,4,false,false
3107,0,68896,68896,9250068,9255464,9181172,9186568,1529,4,false,false
3108,0,68896,68896,9250068,9255464,9181172,9186568,1530,4,false,false
3109,0,68896,68896,9250068,9255464,9181172,9186568,1531,4,false,false
3110,0,68896,68896,9250068,9255464,9181172,9186568,1532,4,false,false
3111,2,68896,68896,7083552,7089716,7014656,7020820,205,4,false,false
3112,2,68896,68896,7083552,7089716,7014656,7020820,206,4,false,false
3113,3,68896,68896,5593660,5599824,5524764,5530928,1162,4,false,false
3114,3,68896,68896,5593660,5599824,5524764,5530928,1163,4,false,false
3115,3,68896,68896,5593660,5599824,5524764,5530928,1164,4,false,false
3116,3,68896,68896,5635468,5644960,5566572,5576064,1165,4,false,false
3117,3,68928,68928,5635468,5644960,5566540,5576032,1166,4,false,false
3118,3,68928,68928,5635468,5644960,5566540,5576032,1167,4,false,false
3119,3,68928,68928,5635468,5644960,5566540,5576032,1168,4,false,false
3120,3,68928,68928,5674716,5683440,5605788,5614512,1169,4,false,false
3121,0,68928,68928,9285732,9293944,9216804,9225016,1533,4,false,false
3122,0,68928,68928,9285732,9293944,9216804,9225016,1534,4,false,false
3123,0,68928,68928,9285732,9293944,9216804,9225016,1535,4,false,false
3124,0,68928,68928,9285732,9293944,9216804,9225016,1536,4,false,false
3125,3,68928,68928,5674716,5683440,5605788,5614512,1170,4,false,false
3126,3,68928,68928,5674716,5683440,5605788,5614512,1171,4,false,false
3127,3,68928,68928,5674716,5683440,5605788,5614512,1172,4,false,false
3128,3,68928,68928,5710380,5716288,5641452,5647360,1173,4,false,false
3129,3,68928,68928,5710380,5716288,5641452,5647360,1174,4,false,false
3130,3,68928,68928,5710380,5716288,5641452,5647360,1175,4,false,false
3131,3,68928,68928,5710380,5716288,5641452,5647360,1176,4,false,false
3132,3,68928,68928,5746044,5753232,5677116,5684304,1177,4,false,false
3133,3,68928,68928,5746044,5753232,5677116,5684304,1178,4,false,false
3134,3,68928,68928,5746044,5753232,5677116,5684304,1179,4,false,false
3135,3,68928,68928,5746044,5753232,5677116,5684304,1180,4,false,false
3136,3,68928,68928,5775052,5783264,5706124,5714336,1181,4,false,false
3137,3,68960,68960,5775052,5783264,5706092,5714304,1182,4,false,false
3138,3,68960,68960,5775052,5783264,5706092,5714304,1183,4,false,false
3139,3,68960,68960,5775052,5783264,5706092,5714304,1184,4,false,false
3140,3,68960,68960,5807644,5815856,5738684,5746896,1185,4,false,false
3141,3,68960,68960,5807644,5815856,5738684,5746896,1186,4,false,false
3142,3,68960,68960,5807644,5815856,5738684,5746896,1187,4,false,false
3143,3,68960,68960,5807644,5815856,5738684,5746896,1188,4,false,false
3144,3,68960,68960,5842796,5851008,5773836,5782048,1189,4,false,false
3145,0,68960,68960,9323700,9329096,9254740,9260136,1537,4,false,false
3146,0,68960,68960,9323700,9329096,9254740,9260136,1538,4,false,false
3147,0,68960,68960,9323700,9329096,9254740,9260136,1539,4,false,false
3148,0,68960,68960,9323700,9329096,9254740,9260136,1540,4,false,false
3149,3,68960,68960,5842796,5851008,5773836,5782048,1190,4,false,false
3150,3,68960,68960,5842796,5851008,5773836,5782048,1191,4,false,false
3151,3,68960,68960,5842796,5851008,5773836,5782048,1192,4,false,false
3152,3,68960,68960,5880764,5891280,5811804,5822320,1193,4,false,false
3153,3,68961,68961,5880764,5891280,5811803,5822319,1194,4,false,false
3154,3,68961,68961,5880764,5891280,5811803,5822319,1195,4,false,false
3155,3,68961,68961,5880764,5891280,5811803,5822319,1196,4,false,false
3156,3,68961,68961,5924108,5934880,5855147,5865919,1197,4,false,false
3157,3,68961,68961,5924108,5934880,5855147,5865919,1198,4,false,false
3158,3,68961,68961,5924108,5934880,5855147,5865919,1199,4,false,false
3159,3,68961,68961,5924108,5934880,5855147,5865919,1200,4,false,false
3160,3,68961,68961,5964124,5972848,5895163,5903887,1201,4,false,false
3161,3,68992,68992,5964124,5972848,5895132,5903856,1202,4,false,false
3162,3,68992,68992,5964124,5972848,5895132,5903856,1203,4,false,false
3163,3,68992,68992,5964124,5972848,5895132,5903856,1204,4,false,false
3164,3,68992,68992,6001836,6010048,5932844,5941056,1205,4,false,false
3165,3,68992,68992,6001836,6010048,5932844,5941056,1206,4,false,false
3166,3,68992,68992,6001836,6010048,5932844,5941056,1207,4,false,false
3167,3,68992,68992,6001836,6010048,5932844,5941056,1208,4,false,false
3168,3,68992,68992,6036988,6045200,5967996,5976208,1209,4,false,false
3169,3,68992,68992,6036988,6045200,5967996,5976208,1210,4,false,false
3170,3,68992,68992,6036988,6045200,5967996,5976208,1211,4,false,false
3171,3,68992,68992,6036988,6045200,5967996,5976208,1212,4,false,false
3172,3,68992,68992,6077004,6085216,6008012,6016224,1213,4,false,false
3173,0,68992,68992,9363460,9368856,9294468,9299864,1541,4,false,false
3174,0,68992,68992,9363460,9368856,9294468,9299864,1542,4,false,false
3175,0,68992,68992,9363460,9368856,9294468,9299864,1543,4,false,false
3176,0,68992,68992,9363460,9368856,9294468,9299864,1544,4,false,false
3177,1,68992,68992,3795176,3802108,3726184,3733116,191,4,false,false
3178,1,68992,68992,3795176,3802108,3726184,3733116,192,4,false,false
3179,1,68992,68992,3815716,3822392,3746724,3753400,193,4,false,false
3180,1,68992,68992,3815716,3822392,3746724,3753400,194,4,false,false
3181,3,68992,68992,6077004,6085216,6008012,6016224,1214,4,false,false
3182,3,68992,68992,6077004,6085216,6008012,6016224,1215,4,false,false
3183,3,68992,68992,6077004,6085216,6008012,6016224,1216,4,false,false
3184,3,68992,68992,6122396,6130608,6053404,6061616,1217,4,false,false
3185,3,68992,68992,6122396,6130608,6053404,6061616,1218,4,false,false
3186,3,68992,68992,6122396,6130608,6053404,6061616,1219,4,false,false
3187,3,68992,68992,6122396,6130608,6053404,6061616,1220,4,false,false
3188,3,68992,68992,6164204,6174464,6095212,6105472,1221,4,false,false
3189,0,68993,68993,9398356,9401192,9329363,9332199,1545,4,false,false
3190,0,68993,68993,9398356,9401192,9329363,9332199,1546,4,false,false
3191,0,68993,68993,9398356,9401192,9329363,9332199,1547,4,false,false
3192,0,68993,68993,9398356,9401192,9329363,9332199,1548,4,false,false
3193,0,68993,68993,9434788,9450936,9365795,9381943,1549,4,false,false
3194,0,68993,68993,9434788,9450936,9365795,9381943,1550,4,false,false
3195,0,68993,68993,9434788,9450936,9365795,9381943,1551,4,false,false
3196,0,68993,68993,9434788,9450936,9365795,9381943,1552,4,false,false
3197,3,69024,69024,6164204,6174464,6095180,6105440,1222,4,false,false
3198,3,69024,69024,6164204,6174464,6095180,6105440,1223,4,false,false
3199,3,69024,69024,6164204,6174464,6095180,6105440,1224,4,false,false
3200,3,69024,69024,6204220,6212944,6135196,6143920,1225,4,false,false
3201,0,69024,69024,9484788,9493000,9415764,9423976,1553,4,false,false
3202,0,69024,69024,9484788,9493000,9415764,9423976,1554,4,false,false
3203,0,69024,69024,9484788,9493000,9415764,9423976,1555,4,false,false
3204,0,69024,69024,9484788,9493000,9415764,9423976,1556,4,false,false
3205,3,69025,69025,6204220,6212944,6135195,6143919,1226,4,false,false
3206,3,69025,69025,6204220,6212944,6135195,6143919,1227,4,false,false
3207,3,69025,69025,6204220,6212944,6135195,6143919,1228,4,false,false
3208,3,69025,69025,6247052,6255264,6178027,6186239,1229,4,false,false
3209,1,69025,69025,3815716,3822392,3746691,3753367,195,4,false,false
3210,1,69025,69025,3815716,3822392,3746691,3753367,196,4,false,false
3211,1,69025,69025,3833952,3839860,3764927,3770835,197,4,false,false
3212,1,69025,69025,3833952,3839860,3764927,3770835,198,4,false,false
3213,3,69056,69056,6247052,6255264,6177996,6186208,1230,4,false,false
3214,3,69056,69056,6247052,6255264,6177996,6186208,1231,4,false,false
3215,3,69056,69056,6247052,6255264,6177996,6186208,1232,4,false,false
3216,3,69056,69056,6283740,6291952,6214684,6222896,1233,4,false,false
3217,3,69056,69056,6283740,6291952,6214684,6222896,1234,4,false,false
3218,3,69056,69056,6283740,6291952,6214684,6222896,1235,4,false,false
3219,3,69056,69056,6283740,6291952,6214684,6222896,1236,4,false,false
3220,3,69056,69056,6313772,6321984,6244716,6252928,1237,4,false,false
3221,3,69056,69056,6313772,6321984,6244716,6252928,1238,4,false,false
3222,3,69056,69056,6313772,6321984,6244716,6252928,1239,4,false,false
3223,3,69056,69056,6313772,6321984,6244716,6252928,1240,4,false,false
3224,3,69056,69056,6351740,6359952,6282684,6290896,1241,4,false,false
3225,3,69057,69057,6351740,6359952,6282683,6290895,1242,4,false,false
3226,3,69057,69057,6351740,6359952,6282683,6290895,1243,4,false,false
3227,3,69057,69057,6351740,6359952,6282683,6290895,1244,4,false,false
3228,3,69057,69057,6386636,6394848,6317579,6325791,1245,4,false,false
3229,0,69057,69057,9530180,9533016,9461123,9463959,1557,4,false,false
3230,0,69057,69057,9530180,9533016,9461123,9463959,1558,4,false,false
3231,0,69057,69057,9530180,9533016,9461123,9463959,1559,4,false,false
3232,0,69057,69057,9530180,9533016,9461123,9463959,1560,4,false,false
3233,3,69088,69088,6386636,6394848,6317548,6325760,1246,4,false,false
3234,3,69088,69088,6386636,6394848,6317548,6325760,1247,4,false,false
3235,3,69088,69088,6386636,6394848,6317548,6325760,1248,4,false,false
3236,3,69088,69088,6422556,6430768,6353468,6361680,1249,4,false,false
3237,3,69088,69088,6422556,6430768,6353468,6361680,1250,4,false,false
3238,3,69088,69088,6422556,6430768,6353468,6361680,1251,4,false,false
3239,3,69088,69088,6422556,6430768,6353468,6361680,1252,4,false,false
3240,3,69088,69088,6451052,6459264,6381964,6390176,1253,4,false,false
3241,0,69088,69088,9564052,9566888,9494964,9497800,1561,4,false,false
3242,0,69088,69088,9564052,9566888,9494964,9497800,1562,4,false,false
3243,0,69088,69088,9564052,9566888,9494964,9497800,1563,4,false,false
3244,0,69088,69088,9564052,9566888,9494964,9497800,1564,4,false,false
3245,3,69089,69089,6451052,6459264,6381963,6390175,1254,4,false,false
3246,3,69089,69089,6451052,6459264,6381963,6390175,1255,4,false,false
3247,3,69089,69089,6451052,6459264,6381963,6390175,1256,4,false,false
3248,3,69089,69089,6480316,6488528,6411227,6419439,1257,4,false,false
3249,3,69089,69089,6480316,6488528,6411227,6419439,1258,4,false,false
3250,3,69089,69089,6480316,6488528,6411227,6419439,1259,4,false,false
3251,3,69089,69089,6480316,6488528,6411227,6419439,1260,4,false,false
3252,3,69089,69089,6519564,6527776,6450475,6458687,1261,4,false,false
3253,0,69120,69120,9607908,9614072,9538788,9544952,1565,4,false,false
3254,0,69120,69120,9607908,9614072,9538788,9544952,1566,4,false,false
3255,0,69120,69120,9607908,9614072,9538788,9544952,1567,4,false,false
3256,0,69120,69120,9607908,9614072,9538788,9544952,1568,4,false,false
3257,3,69120,69120,6519564,6527776,6450444,6458656,1262,4,false,false
3258,3,69120,69120,6519564,6527776,6450444,6458656,1263,4,false,false
3259,3,69120,69120,6519564,6527776,6450444,6458656,1264,4,false,false
3260,3,69120,69120,6555740,6563952,6486620,6494832,1265,4,false,false
3261,3,69120,69120,6555740,6563952,6486620,6494832,1266,4,false,false
3262,3,69120,69120,6555740,6563952,6486620,6494832,1267,4,false,false
3263,3,69120,69120,6555740,6563952,6486620,6494832,1268,4,false,false
3264,3,69120,69120,6583724,6591936,6514604,6522816,1269,4,false,false
3265,3,69152,69152,6583724,6591936,6514572,6522784,1270,4,false,false
3266,3,69152,69152,6583724,6591936,6514572,6522784,1271,4,false,false
3267,3,69152,69152,6583724,6591936,6514572,6522784,1272,4,false,false
3268,3,69152,69152,6610940,6621200,6541788,6552048,1273,4,false,false
3269,3,69153,69153,6610940,6621200,6541787,6552047,1274,4,false,false
3270,3,69153,69153,6610940,6621200,6541787,6552047,1275,4,false,false
3271,3,69153,69153,6610940,6621200,6541787,6552047,1276,4,false,false
3272,3,69153,69153,6647628,6658400,6578475,6589247,1277,4,false,false
3273,3,69184,69184,6647628,6658400,6578444,6589216,1278,4,false,false
3274,3,69184,69184,6647628,6658400,6578444,6589216,1279,4,false,false
3275,3,69184,69184,6647628,6658400,6578444,6589216,1280,4,false,false
3276,3,69184,69184,6685340,6694064,6616156,6624880,1281,4,false,false
3277,0,69184,69184,9648948,9654344,9579764,9585160,1569,4,false,false
3278,0,69184,69184,9648948,9654344,9579764,9585160,1570,4,false,false
3279,0,69184,69184,9648948,9654344,9579764,9585160,1571,4,false,false
3280,0,69184,69184,9648948,9654344,9579764,9585160,1572,4,false,false
3281,0,69184,69184,9693060,9698456,9623876,9629272,1573,4,false,false
3282,0,69184,69184,9693060,9698456,9623876,9629272,1574,4,false,false
3283,0,69184,69184,9693060,9698456,9623876,9629272,1575,4,false,false
3284,0,69184,69184,9693060,9698456,9623876,9629272,1576,4,false,false
3285,0,69184,69184,9728980,9731048,9659796,9661864,1577,4,false,false
3286,0,69184,69184,9728980,9731048,9659796,9661864,1578,4,false,false
3287,0,69184,69184,9728980,9731048,9659796,9661864,1579,4,false,false
3288,0,69184,69184,9728980,9731048,9659796,9661864,1580,4,false,false
3289,0,69185,69185,9764900,9769784,9695715,9700599,1581,4,false,false
3290,0,69185,69185,9764900,9769784,9695715,9700599,1582,4,false,false
3291,0,69185,69185,9764900,9769784,9695715,9700599,1583,4,false,false
3292,0,69185,69185,9764900,9769784,9695715,9700599,1584,4,false,false
3293,0,69216,69216,9800564,9808776,9731348,9739560,1585,4,false,false
3294,0,69216,69216,9800564,9808776,9731348,9739560,1586,4,false,false
3295,0,69216,69216,9800564,9808776,9731348,9739560,1587,4,false,false
3296,0,69216,69216,9800564,9808776,9731348,9739560,1588,4,false,false
3297,1,69216,69216,3833952,3839860,3764736,3770644,199,4,false,false
3298,0,69217,69217,9839812,9848024,9770595,9778807,1589,4,false,false
3299,0,69217,69217,9839812,9848024,9770595,9778807,1590,4,false,false
3300,0,69217,69217,9839812,9848024,9770595,9778807,1591,4,false,false
3301,0,69217,69217,9839812,9848024,9770595,9778807,1592,4,false,false
3302,3,69217,69217,6685340,6694064,6616123,6624847,1282,4,false,false
3303,3,69217,69217,6685340,6694064,6616123,6624847,1283,4,false,false
3304,3,69217,69217,6685340,6694064,6616123,6624847,1284,4,false,false
3305,3,69217,69217,6721772,6732032,6652555,6662815,1285,4,false,false
3306,0,69217,69217,9877268,9880104,9808051,9810887,1593,4,false,false
3307,0,69217,69217,9877268,9880104,9808051,9810887,1594,4,false,false
3308,0,69217,69217,9877268,9880104,9808051,9810887,1595,4,false,false
3309,0,69217,69217,9877268,9880104,9808051,9810887,1596,4,false,false
3310,3,69248,69248,6721772,6732032,6652524,6662784,1286,4,false,false
3311,3,69248,69248,6721772,6732032,6652524,6662784,1287,4,false,false
3312,3,69248,69248,6721772,6732032,6652524,6662784,1288,4,false,false
3313,3,69248,69248,6760508,6769232,6691260,6699984,1289,4,false,false
3314,3,69248,69248,6760508,6769232,6691260,6699984,1290,4,false,false
3315,3,69248,69248,6760508,6769232,6691260,6699984,1291,4,false,false
3316,3,69248,69248,6760508,6769232,6691260,6699984,1292,4,false,false
3317,3,69248,69248,6795404,6803616,6726156,6734368,1293,4,false,false
3318,3,69248,69248,6795404,6803616,6726156,6734368,1294,4,false,false
3319,3,69248,69248,6795404,6803616,6726156,6734368,1295,4,false,false
3320,3,69248,69248,6795404,6803616,6726156,6734368,1296,4,false,false
3321,3,69248,69248,6828764,6836976,6759516,6767728,1297,4,false,false
3322,3,69248,69248,6828764,6836976,6759516,6767728,1298,4,false,false
3323,3,69248,69248,6828764,6836976,6759516,6767728,1299,4,false,false
3324,3,69248,69248,6828764,6836976,6759516,6767728,1300,4,false,false
3325,3,69248,69248,6868268,6876480,6799020,6807232,1301,4,false,false
3326,0,69249,69249,9912164,9917816,9842915,9848567,1597,4,false,false
3327,0,69249,69249,9912164,9917816,9842915,9848567,1598,4,false,false
3328,0,69249,69249,9912164,9917816,9842915,9848567,1599,4,false,false
3329,0,69249,69249,9912164,9917816,9842915,9848567,1600,4,false,false
3330,2,69249,69249,7083552,7089716,7014303,7020467,207,4,false,false
3331,2,69249,69249,7083552,7089716,7014303,7020467,208,4,false,false
3332,2,69249,69249,7121008,7139460,7051759,7070211,209,4,false,false
3333,2,69249,69249,7121008,7139460,7051759,7070211,210,4,false,false
3334,3,69280,69280,6868268,6876480,6798988,6807200,1302,4,false,false
3335,3,69280,69280,6868268,6876480,6798988,6807200,1303,4,false,false
3336,3,69280,69280,6868268,6876480,6798988,6807200,1304,4,false,false
3337,3,69280,69280,6902140,6912400,6832860,6843120,1305,4,false,false
3338,0,69312,69312,9966260,9971656,9896948,9902344,1601,4,false,false
3339,0,69312,69312,9966260,9971656,9896948,9902344,1602,4,false,false
3340,0,69312,69312,9966260,9971656,9896948,9902344,1603,4,false,false
3341,0,69312,69312,9966260,9971656,9896948,9902344,1604,4,false,false
3342,0,69312,69312,10008068,10013464,9938756,9944152,1605,4,false,false
3343,0,69312,69312,10008068,10013464,9938756,9944152,1606,4,false,false
3344,0,69312,69312,10008068,10013464,9938756,9944152,1607,4,false,false
3345,0,69312,69312,10008068,10013464,9938756,9944152,1608,4,false,false
3346,3,69313,69313,6902140,6912400,6832827,6843087,1306,4,false,false
3347,3,69313,69313,6902140,6912400,6832827,6843087,1307,4,false,false
3348,3,69313,69313,6902140,6912400,6832827,6843087,1308,4,false,false
3349,3,69313,69313,6932684,6941408,6863371,6872095,1309,4,false,false
3350,3,69344,69344,6932684,6941408,6863340,6872064,1310,4,false,false
3351,3,69344,69344,6932684,6941408,6863340,6872064,1311,4,false,false
3352,3,69344,69344,6932684,6941408,6863340,6872064,1312,4,false,false
3353,3,69344,69344,6969884,6978096,6900540,6908752,1313,4,false,false
3354,3,69344,69344,6969884,6978096,6900540,6908752,1314,4,false,false
3355,3,69344,69344,6969884,6978096,6900540,6908752,1315,4,false,false
3356,3,69344,69344,6969884,6978096,6900540,6908752,1316,4,false,false
3357,3,69344,69344,7003244,7013504,6933900,6944160,1317,4,false,false
3358,0,69344,69344,10046548,10049384,9977204,9980040,1609,4,false,false
3359,0,69344,69344,10046548,10049384,9977204,9980040,1610,4,false,false
3360,0,69344,69344,10046548,10049384,9977204,9980040,1611,4,false,false
3361,0,69344,69344,10046548,10049384,9977204,9980040,1612,4,false,false
3362,3,69408,69408,7003244,7013504,6933836,6944096,1318,4,false,false
3363,3,69408,69408,7003244,7013504,6933836,6944096,1319,4,false,false
3364,3,69408,69408,7003244,7013504,6933836,6944096,1320,4,false,false
3365,3,69408,69408,7036348,7047376,6966940,6977968,1321,4,false,false
3366,1,69409,69409,3833952,3839860,3764543,3770451,200,4,false,false
3367,1,69409,69409,3850908,3856304,3781499,3786895,201,4,false,false
3368,1,69409,69409,3850908,3856304,3781499,3786895,202,4,false,false
3369,1,69409,69409,3850908,3856304,3781499,3786895,203,4,false,false
3370,0,69440,69440,10084004,10092216,10014564,10022776,1613,4,false,false
3371,0,69440,69440,10084004,10092216,10014564,10022776,1614,4,false,false
3372,0,69440,69440,10084004,10092216,10014564,10022776,1615,4,false,false
3373,0,69440,69440,10084004,10092216,10014564,10022776,1616,4,false,false
3374,0,69441,69441,10122740,10125576,10053299,10056135,1617,4,false,false
3375,0,69441,69441,10122740,10125576,10053299,10056135,1618,4,false,false
3376,0,69441,69441,10122740,10125576,10053299,10056135,1619,4,false,false
3377,0,69441,69441,10122740,10125576,10053299,10056135,1620,4,false,false
3378,0,69472,69472,10155844,10158680,10086372,10089208,1621,4,false,false
3379,0,69472,69472,10155844,10158680,10086372,10089208,1622,4,false,false
3380,0,69472,69472,10155844,10158680,10086372,10089208,1623,4,false,false
3381,0,69472,69472,10155844,10158680,10086372,10089208,1624,4,false,false
3382,3,69472,69472,7036348,7047376,6966876,6977904,1322,4,false,false
3383,3,69472,69472,7036348,7047376,6966876,6977904,1323,4,false,false
3384,3,69472,69472,7036348,7047376,6966876,6977904,1324,4,false,false
3385,3,69472,69472,7074828,7083552,7005356,7014080,1325,4,false,false
3386,3,69472,69472,7074828,7083552,7005356,7014080,1326,4,false,false
3387,3,69472,69472,7074828,7083552,7005356,7014080,1327,4,false,false
3388,3,69472,69472,7074828,7083552,7005356,7014080,1328,4,false,false
3389,3,69472,69472,7112796,7121008,7043324,7051536,1329,4,false,false
3390,0,69473,69473,10190484,10198696,10121011,10129223,1625,4,false,false
3391,0,69473,69473,10190484,10198696,10121011,10129223,1626,4,false,false
3392,0,69473,69473,10190484,10198696,10121011,10129223,1627,4,false,false
3393,0,69473,69473,10190484,10198696,10121011,10129223,1628,4,false,false
3394,0,69473,69473,10228452,10236664,10158979,10167191,1629,4,false,false
3395,0,69473,69473,10228452,10236664,10158979,10167191,1630,4,false,false
3396,0,69473,69473,10228452,10236664,10158979,10167191,1631,4,false,false
3397,0,69473,69473,10228452,10236664,10158979,10167191,1632,4,false,false
3398,3,69504,69504,7112796,7121008,7043292,7051504,1330,4,false,false
3399,3,69504,69504,7112796,7121008,7043292,7051504,1331,4,false,false
3400,3,69504,69504,7112796,7121008,7043292,7051504,1332,4,false,false
3401,3,69504,69504,7156908,7167424,7087404,7097920,1333,4,false,false
3402,0,69504,69504,10267700,10270536,10198196,10201032,1633,4,false,false
3403,0,69504,69504,10267700,10270536,10198196,10201032,1634,4,false,false
3404,0,69504,69504,10267700,10270536,10198196,10201032,1635,4,false,false
3405,0,69504,69504,10267700,10270536,10198196,10201032,1636,4,false,false
3406,0,69504,69504,10304900,10318488,10235396,10248984,1637,4,false,false
3407,0,69504,69504,10304900,10318488,10235396,10248984,1638,4,false,false
3408,0,69504,69504,10304900,10318488,10235396,10248984,1639,4,false,false
3409,0,69504,69504,10304900,10318488,10235396,10248984,1640,4,false,false
3410,3,69536,69536,7156908,7167424,7087372,7097888,1334,4,false,false
3411,3,69536,69536,7156908,7167424,7087372,7097888,1335,4,false,false
3412,3,69536,69536,7156908,7167424,7087372,7097888,1336,4,false,false
3413,3,69536,69536,7202812,7213584,7133276,7144048,1337,4,false,false
3414,3,69536,69536,7202812,7213584,7133276,7144048,1338,4,false,false
3415,3,69536,69536,7202812,7213584,7133276,7144048,1339,4,false,false
3416,3,69536,69536,7202812,7213584,7133276,7144048,1340,4,false,false
3417,3,69536,69536,7250252,7258976,7180716,7189440,1341,4,false,false
3418,3,69536,69536,7250252,7258976,7180716,7189440,1342,4,false,false
3419,3,69536,69536,7250252,7258976,7180716,7189440,1343,4,false,false
3420,3,69536,69536,7250252,7258976,7180716,7189440,1344,4,false,false
3421,3,69536,69536,7288988,7297200,7219452,7227664,1345,4,false,false
3422,0,69537,69537,10351060,10356456,10281523,10286919,1641,4,false,false
3423,0,69537,69537,10351060,10356456,10281523,10286919,1642,4,false,false
3424,0,69537,69537,10351060,10356456,10281523,10286919,1643,4,false,false
3425,0,69537,69537,10351060,10356456,10281523,10286919,1644,4,false,false
3426,0,69537,69537,10388260,10391096,10318723,10321559,1645,4,false,false
3427,0,69537,69537,10388260,10391096,10318723,10321559,1646,4,false,false
3428,0,69537,69537,10388260,10391096,10318723,10321559,1647,4,false,false
3429,0,69537,69537,10388260,10391096,10318723,10321559,1648,4,false,false
3430,3,69568,69568,7288988,7297200,7219420,7227632,1346,4,false,false
3431,3,69568,69568,7288988,7297200,7219420,7227632,1347,4,false,false
3432,3,69568,69568,7288988,7297200,7219420,7227632,1348,4,false,false
3433,3,69568,69568,7324396,7332608,7254828,7263040,1349,4,false,false
3434,0,69568,69568,10419316,10424712,10349748,10355144,1649,4,false,false
3435,0,69568,69568,10419316,10424712,10349748,10355144,1650,4,false,false
3436,0,69568,69568,10419316,10424712,10349748,10355144,1651,4,false,false
3437,0,69568,69568,10419316,10424712,10349748,10355144,1652,4,false,false
3438,3,69600,69600,7324396,7332608,7254796,7263008,1350,4,false,false
3439,3,69600,69600,7324396,7332608,7254796,7263008,1351,4,false,false
3440,3,69600,69600,7324396,7332608,7254796,7263008,1352,4,false,false
3441,3,69600,69600,7367228,7375440,7297628,7305840,1353,4,false,false
3442,0,69601,69601,10453956,10456792,10384355,10387191,1653,4,false,false
3443,0,69601,69601,10453956,10456792,10384355,10387191,1654,4,false,false
3444,0,69601,69601,10453956,10456792,10384355,10387191,1655,4,false,false
3445,0,69601,69601,10453956,10456792,10384355,10387191,1656,4,false,false
3446,3,69601,69601,7367228,7375440,7297627,7305839,1354,4,false,false
3447,3,69601,69601,7367228,7375440,7297627,7305839,1355,4,false,false
3448,3,69601,69601,7367228,7375440,7297627,7305839,1356,4,false,false
3449,3,69601,69601,7416460,7424672,7346859,7355071,1357,4,false,false
3450,0,69632,69632,10491412,10494248,10421780,10424616,1657,4,false,false
3451,0,69632,69632,10491412,10494248,10421780,10424616,1658,4,false,false
3452,0,69632,69632,10491412,10494248,10421780,10424616,1659,4,false,false
3453,0,69632,69632,10491412,10494248,10421780,10424616,1660,4,false,false
3454,3,69632,69632,7416460,7424672,7346828,7355040,1358,4,false,false
3455,3,69632,69632,7416460,7424672,7346828,7355040,1359,4,false,false
3456,3,69632,69632,7416460,7424672,7346828,7355040,1360,4,false,false
3457,3,69632,69632,7456220,7464432,7386588,7394800,1361,4,false,false
3458,3,69632,69632,7456220,7464432,7386588,7394800,1362,4,false,false
3459,3,69632,69632,7456220,7464432,7386588,7394800,1363,4,false,false
3460,3,69632,69632,7456220,7464432,7386588,7394800,1364,4,false,false
3461,3,69632,69632,7497260,7505472,7427628,7435840,1365,4,false,false
3462,3,69664,69664,7497260,7505472,7427596,7435808,1366,4,false,false
3463,3,69664,69664,7497260,7505472,7427596,7435808,1367,4,false,false
3464,3,69664,69664,7497260,7505472,7427596,7435808,1368,4,false,false
3465,3,69664,69664,7541116,7549328,7471452,7479664,1369,4,false,false
3466,3,69664,69664,7541116,7549328,7471452,7479664,1370,4,false,false
3467,3,69664,69664,7541116,7549328,7471452,7479664,1371,4,false,false
3468,3,69664,69664,7541116,7549328,7471452,7479664,1372,4,false,false
3469,3,69664,69664,7579596,7589856,7509932,7520192,1373,4,false,false
3470,3,69664,69664,7579596,7589856,7509932,7520192,1374,4,false,false
3471,3,69664,69664,7579596,7589856,7509932,7520192,1375,4,false,false
3472,3,69664,69664,7579596,7589856,7509932,7520192,1376,4,false,false
3473,3,69664,69664,7625500,7634224,7555836,7564560,1377,4,false,false
3474,3,69664,69664,7625500,7634224,7555836,7564560,1378,4,false,false
3475,3,69664,69664,7625500,7634224,7555836,7564560,1379,4,false,false
3476,3,69664,69664,7625500,7634224,7555836,7564560,1380,4,false,false
3477,3,69664,69664,7662956,7671168,7593292,7601504,1381,4,false,false
3478,0,69665,69665,10538340,10546552,10468675,10476887,1661,4,false,false
3479,0,69665,69665,10538340,10546552,10468675,10476887,1662,4,false,false
3480,0,69665,69665,10538340,10546552,10468675,10476887,1663,4,false,false
3481,0,69665,69665,10538340,10546552,10468675,10476887,1664,4,false,false
3482,3,69665,69665,7662956,7671168,7593291,7601503,1382,4,false,false
3483,3,69665,69665,7662956,7671168,7593291,7601503,1383,4,false,false
3484,3,69665,69665,7662956,7671168,7593291,7601503,1384,4,false,false
3485,3,69665,69665,7707836,7716048,7638171,7646383,1385,4,false,false
3486,3,69696,69696,7707836,7716048,7638140,7646352,1386,4,false,false
3487,3,69696,69696,7707836,7716048,7638140,7646352,1387,4,false,false
3488,3,69696,69696,7707836,7716048,7638140,7646352,1388,4,false,false
3489,3,69696,69696,7737868,7746080,7668172,7676384,1389,4,false,false
3490,0,69696,69696,10590388,10601160,10520692,10531464,1665,4,false,false
3491,0,69696,69696,10590388,10601160,10520692,10531464,1666,4,false,false
3492,0,69696,69696,10590388,10601160,10520692,10531464,1667,4,false,false
3493,0,69696,69696,10590388,10601160,10520692,10531464,1668,4,false,false
3494,3,69696,69696,7737868,7746080,7668172,7676384,1390,4,false,false
3495,3,69696,69696,7737868,7746080,7668172,7676384,1391,4,false,false
3496,3,69696,69696,7737868,7746080,7668172,7676384,1392,4,false,false
3497,3,69696,69696,7773020,7783280,7703324,7713584,1393,4,false,false
3498,0,69696,69696,10636292,10639128,10566596,10569432,1669,4,false,false
3499,0,69696,69696,10636292,10639128,10566596,10569432,1670,4,false,false
3500,0,69696,69696,10636292,10639128,10566596,10569432,1671,4,false,false
3501,0,69696,69696,10636292,10639128,10566596,10569432,1672,4,false,false
3502,0,69728,69728,10670164,10675560,10600436,10605832,1673,4,false,false
3503,0,69728,69728,10670164,10675560,10600436,10605832,1674,4,false,false
3504,0,69728,69728,10670164,10675560,10600436,10605832,1675,4,false,false
3505,0,69728,69728,10670164,10675560,10600436,10605832,1676,4,false,false
3506,3,69728,69728,7773020,7783280,7703292,7713552,1394,4,false,false
3507,3,69728,69728,7773020,7783280,7703292,7713552,1395,4,false,false
3508,3,69728,69728,7773020,7783280,7703292,7713552,1396,4,false,false
3509,3,69728,69728,7819692,7828416,7749964,7758688,1397,4,false,false
3510,3,69728,69728,7819692,7828416,7749964,7758688,1398,4,false,false
3511,3,69728,69728,7819692,7828416,7749964,7758688,1399,4,false,false
3512,3,69728,69728,7819692,7828416,7749964,7758688,1400,4,false,false
3513,3,69728,69728,7857404,7865616,7787676,7795888,1401,4,false,false
3514,0,69729,69729,10709412,10714808,10639683,10645079,1677,4,false,false
3515,0,69729,69729,10709412,10714808,10639683,10645079,1678,4,false,false
3516,0,69729,69729,10709412,10714808,10639683,10645079,1679,4,false,false
3517,0,69729,69729,10709412,10714808,10639683,10645079,1680,4,false,false
3518,3,69760,69760,7857404,7865616,7787644,7795856,1402,4,false,false
3519,3,69760,69760,7857404,7865616,7787644,7795856,1403,4,false,false
3520,3,69760,69760,7857404,7865616,7787644,7795856,1404,4,false,false
3521,3,69760,69760,7889996,7898208,7820236,7828448,1405,4,false,false
3522,3,69792,69792,7889996,7898208,7820204,7828416,1406,4,false,false
3523,3,69792,69792,7889996,7898208,7820204,7828416,1407,4,false,false
3524,3,69792,69792,7889996,7898208,7820204,7828416,1408,4,false,false
3525,3,69792,69792,7931804,7937712,7862012,7867920,1409,4,false,false
3526,0,69793,69793,10745076,10753288,10675283,10683495,1681,4,false,false
3527,0,69793,69793,10745076,10753288,10675283,10683495,1682,4,false,false
3528,0,69793,69793,10745076,10753288,10675283,10683495,1683,4,false,false
3529,0,69793,69793,10745076,10753288,10675283,10683495,1684,4,false,false
3530,3,69824,69824,7931804,7937712,7861980,7867888,1410,4,false,false
3531,3,69824,69824,7931804,7937712,7861980,7867888,1411,4,false,false
3532,3,69824,69824,7931804,7937712,7861980,7867888,1412,4,false,false
3533,3,69824,69824,7972076,7979264,7902252,7909440,1413,4,false,false
3534,0,69824,69824,10783812,10794584,10713988,10724760,1685,4,false,false
3535,0,69824,69824,10783812,10794584,10713988,10724760,1686,4,false,false
3536,0,69824,69824,10783812,10794584,10713988,10724760,1687,4,false,false
3537,0,69824,69824,10783812,10794584,10713988,10724760,1688,4,false,false
3538,3,69824,69824,7972076,7979264,7902252,7909440,1414,4,false,false
3539,3,69824,69824,7972076,7979264,7902252,7909440,1415,4,false,false
3540,3,69824,69824,7972076,7979264,7902252,7909440,1416,4,false,false
3541,3,69824,69824,8005180,8015440,7935356,7945616,1417,4,false,false
3542,0,69825,69825,10826388,10829224,10756563,10759399,1689,4,false,false
3543,0,69825,69825,10826388,10829224,10756563,10759399,1690,4,false,false
3544,0,69825,69825,10826388,10829224,10756563,10759399,1691,4,false,false
3545,0,69825,69825,10826388,10829224,10756563,10759399,1692,4,false,false
3546,0,69825,69825,10858980,10864376,10789155,10794551,1693,4,false,false
3547,0,69825,69825,10858980,10864376,10789155,10794551,1694,4,false,false
3548,0,69825,69825,10858980,10864376,10789155,10794551,1695,4,false,false
3549,0,69825,69825,10858980,10864376,10789155,10794551,1696,4,false,false
3550,1,69825,69825,3850908,3856304,3781083,3786479,204,4,false,false
3551,1,69825,69825,3869912,3875308,3800087,3805483,205,4,false,false
3552,1,69825,69825,3869912,3875308,3800087,3805483,206,4,false,false
3553,1,69825,69825,3869912,3875308,3800087,3805483,207,4,false,false
3554,3,69825,69825,8005180,8015440,7935355,7945615,1418,4,false,false
3555,3,69825,69825,8005180,8015440,7935355,7945615,1419,4,false,false
3556,3,69825,69825,8005180,8015440,7935355,7945615,1420,4,false,false
3557,3,69825,69825,8047756,8058528,7977931,7988703,1421,4,false,false
3558,0,69856,69856,10893876,10895944,10824020,10826088,1697,4,false,false
3559,0,69856,69856,10893876,10895944,10824020,10826088,1698,4,false,false
3560,0,69856,69856,10893876,10895944,10824020,10826088,1699,4,false,false
3561,0,69856,69856,10893876,10895944,10824020,10826088,1700,4,false,false
3562,3,69856,69856,8047756,8058528,7977900,7988672,1422,4,false,false
3563,3,69856,69856,8047756,8058528,7977900,7988672,1423,4,false,false
3564,3,69856,69856,8047756,8058528,7977900,7988672,1424,4,false,false
3565,3,69856,69856,8093148,8101872,8023292,8032016,1425,4,false,false
3566,0,69856,69856,10929028,10945176,10859172,10875320,1701,4,false,false
3567,0,69856,69856,10929028,10945176,10859172,10875320,1702,4,false,false
3568,0,69856,69856,10929028,10945176,10859172,10875320,1703,4,false,false
3569,0,69856,69856,10929028,10945176,10859172,10875320,1704,4,false,false
3570,3,69856,69856,8093148,8101872,8023292,8032016,1426,4,false,false
3571,3,69856,69856,8093148,8101872,8023292,8032016,1427,4,false,false
3572,3,69856,69856,8093148,8101872,8023292,8032016,1428,4,false,false
3573,3,69856,69856,8134188,8140352,8064332,8070496,1429,4,false,false
3574,0,69856,69856,10983892,10997480,10914036,10927624,1705,4,false,false
3575,0,69856,69856,10983892,10997480,10914036,10927624,1706,4,false,false
3576,0,69856,69856,10983892,10997480,10914036,10927624,1707,4,false,false
3577,0,69856,69856,10983892,10997480,10914036,10927624,1708,4,false,false
3578,3,69857,69857,8134188,8140352,8064331,8070495,1430,4,false,false
3579,3,69857,69857,8134188,8140352,8064331,8070495,1431,4,false,false
3580,3,69857,69857,8134188,8140352,8064331,8070495,1432,4,false,false
3581,3,69857,69857,8173180,8180624,8103323,8110767,1433,4,false,false
3582,3,69857,69857,8173180,8180624,8103323,8110767,1434,4,false,false
3583,3,69857,69857,8173180,8180624,8103323,8110767,1435,4,false,false
3584,3,69857,69857,8173180,8180624,8103323,8110767,1436,4,false,false
3585,3,69857,69857,8210380,8218592,8140523,8148735,1437,4,false,false
3586,3,69857,69857,8210380,8218592,8140523,8148735,1438,4,false,false
3587,3,69857,69857,8210380,8218592,8140523,8148735,1439,4,false,false
3588,3,69857,69857,8210380,8218592,8140523,8148735,1440,4,false,false
3589,3,69857,69857,8246812,8255024,8176955,8185167,1441,4,false,false
3590,3,69889,69889,8246812,8255024,8176923,8185135,1442,4,false,false
3591,3,69889,69889,8246812,8255024,8176923,8185135,1443,4,false,false
3592,3,69889,69889,8246812,8255024,8176923,8185135,1444,4,false,false
3593,3,69889,69889,8280940,8289152,8211051,8219263,1445,4,false,false
3594,3,69920,69920,8280940,8289152,8211020,8219232,1446,4,false,false
3595,3,69920,69920,8280940,8289152,8211020,8219232,1447,4,false,false
3596,3,69920,69920,8280940,8289152,8211020,8219232,1448,4,false,false
3597,3,69920,69920,8322748,8333008,8252828,8263088,1449,4,false,false
3598,3,69952,69952,8322748,8333008,8252796,8263056,1450,4,false,false
3599,3,69952,69952,8322748,8333008,8252796,8263056,1451,4,false,false
3600,3,69952,69952,8322748,8333008,8252796,8263056,1452,4,false,false
3601,3,69952,69952,8365068,8373792,8295116,8303840,1453,4,false,false
3602,1,69952,69952,3869912,3875308,3799960,3805356,208,4,false,false
3603,1,69952,69952,3888916,3894312,3818964,3824360,209,4,false,false
3604,1,69952,69952,3888916,3894312,3818964,3824360,210,4,false,false
3605,1,69952,69952,3888916,3894312,3818964,3824360,211,4,false,false
3606,3,69953,69953,8365068,8373792,8295115,8303839,1454,4,false,false
3607,3,69953,69953,8365068,8373792,8295115,8303839,1455,4,false,false
3608,3,69953,69953,8365068,8373792,8295115,8303839,1456,4,false,false
3609,3,69953,69953,8410460,8420720,8340507,8350767,1457,4,false,false
3610,0,69984,69984,11037988,11046200,10968004,10976216,1709,4,false,false
3611,0,69984,69984,11037988,11046200,10968004,10976216,1710,4,false,false
3612,0,69984,69984,11037988,11046200,10968004,10976216,1711,4,false,false
3613,0,69984,69984,11037988,11046200,10968004,10976216,1712,4,false,false
3614,3,69984,69984,8410460,8420720,8340476,8350736,1458,4,false,false
3615,3,69984,69984,8410460,8420720,8340476,8350736,1459,4,false,false
3616,3,69984,69984,8410460,8420720,8340476,8350736,1460,4,false,false
3617,3,69984,69984,8448172,8456896,8378188,8386912,1461,4,false,false
3618,3,69984,69984,8448172,8456896,8378188,8386912,1462,4,false,false
3619,3,69984,69984,8448172,8456896,8378188,8386912,1463,4,false,false
3620,3,69984,69984,8448172,8456896,8378188,8386912,1464,4,false,false
3621,3,69984,69984,8487676,8495888,8417692,8425904,1465,4,false,false
3622,3,69984,69984,8487676,8495888,8417692,8425904,1466,4,false,false
3623,3,69984,69984,8487676,8495888,8417692,8425904,1467,4,false,false
3624,3,69984,69984,8487676,8495888,8417692,8425904,1468,4,false,false
3625,3,69984,69984,8526156,8536672,8456172,8466688,1469,4,false,false
3626,3,69984,69984,8526156,8536672,8456172,8466688,1470,4,false,false
3627,3,69984,69984,8526156,8536672,8456172,8466688,1471,4,false,false
3628,3,69984,69984,8526156,8536672,8456172,8466688,1472,4,false,false
3629,3,69984,69984,8568476,8579504,8498492,8509520,1473,4,false,false
3630,0,69985,69985,11073396,11081608,11003411,11011623,1713,4,false,false
3631,0,69985,69985,11073396,11081608,11003411,11011623,1714,4,false,false
3632,0,69985,69985,11073396,11081608,11003411,11011623,1715,4,false,false
3633,0,69985,69985,11073396,11081608,11003411,11011623,1716,4,false,false
3634,3,70016,70016,8568476,8579504,8498460,8509488,1474,4,false,false
3635,3,70016,70016,8568476,8579504,8498460,8509488,1475,4,false,false
3636,3,70016,70016,8568476,8579504,8498460,8509488,1476,4,false,false
3637,3,70016,70016,8601324,8610048,8531308,8540032,1477,4,false,false
3638,3,70016,70016,8601324,8610048,8531308,8540032,1478,4,false,false
3639,3,70016,70016,8601324,8610048,8531308,8540032,1479,4,false,false
3640,3,70016,70016,8601324,8610048,8531308,8540032,1480,4,false,false
3641,3,70016,70016,8639036,8644944,8569020,8574928,1481,4,false,false
3642,3,70048,70048,8639036,8644944,8568988,8574896,1482,4,false,false
3643,3,70048,70048,8639036,8644944,8568988,8574896,1483,4,false,false
3644,3,70048,70048,8639036,8644944,8568988,8574896,1484,4,false,false
3645,3,70048,70048,8673164,8680352,8603116,8610304,1485,4,false,false
3646,3,70080,70080,8673164,8680352,8603084,8610272,1486,4,false,false
3647,3,70080,70080,8673164,8680352,8603084,8610272,1487,4,false,false
3648,3,70080,70080,8673164,8680352,8603084,8610272,1488,4,false,false
3649,3,70080,70080,8709852,8720112,8639772,8650032,1489,4,false,false
3650,3,70080,70080,8709852,8720112,8639772,8650032,1490,4,false,false
3651,3,70080,70080,8709852,8720112,8639772,8650032,1491,4,false,false
3652,3,70080,70080,8709852,8720112,8639772,8650032,1492,4,false,false
3653,3,70080,70080,8746028,8754752,8675948,8684672,1493,4,false,false
3654,0,70080,70080,11112900,11115736,11042820,11045656,1717,4,false,false
3655,0,70080,70080,11112900,11115736,11042820,11045656,1718,4,false,false
3656,0,70080,70080,11112900,11115736,11042820,11045656,1719,4,false,false
3657,0,70080,70080,11112900,11115736,11042820,11045656,1720,4,false,false
3658,3,70112,70112,8746028,8754752,8675916,8684640,1494,4,false,false
3659,3,70112,70112,8746028,8754752,8675916,8684640,1495,4,false,false
3660,3,70112,70112,8746028,8754752,8675916,8684640,1496,4,false,false
3661,3,70112,70112,8795772,8806032,8725660,8735920,1497,4,false,false
3662,3,70112,70112,8795772,8806032,8725660,8735920,1498,4,false,false
3663,3,70112,70112,8795772,8806032,8725660,8735920,1499,4,false,false
3664,3,70112,70112,8795772,8806032,8725660,8735920,1500,4,false,false
3665,3,70112,70112,8839116,8847840,8769004,8777728,1501,4,false,false
3666,3,70144,70144,8839116,8847840,8768972,8777696,1502,4,false,false
3667,3,70144,70144,8839116,8847840,8768972,8777696,1503,4,false,false
3668,3,70144,70144,8839116,8847840,8768972,8777696,1504,4,false,false
3669,3,70144,70144,8881948,8890160,8811804,8820016,1505,4,false,false
3670,3,70144,70144,8881948,8890160,8811804,8820016,1506,4,false,false
3671,3,70144,70144,8881948,8890160,8811804,8820016,1507,4,false,false
3672,3,70144,70144,8881948,8890160,8811804,8820016,1508,4,false,false
3673,3,70144,70144,8920172,8928384,8850028,8858240,1509,4,false,false
3674,3,70144,70144,8920172,8928384,8850028,8858240,1510,4,false,false
3675,3,70144,70144,8920172,8928384,8850028,8858240,1511,4,false,false
3676,3,70144,70144,8920172,8928384,8850028,8858240,1512,4,false,false
3677,3,70144,70144,8962748,8970960,8892604,8900816,1513,4,false,false
3678,3,70144,70144,8962748,8970960,8892604,8900816,1514,4,false,false
3679,3,70144,70144,8962748,8970960,8892604,8900816,1515,4,false,false
3680,3,70144,70144,8962748,8970960,8892604,8900816,1516,4,false,false
3681,3,70144,70144,9005324,9013536,8935180,8943392,1517,4,false,false
3682,3,70144,70144,9005324,9013536,8935180,8943392,1518,4,false,false
3683,3,70144,70144,9005324,9013536,8935180,8943392,1519,4,false,false
3684,3,70144,70144,9005324,9013536,8935180,8943392,1520,4,false,false
3685,3,70144,70144,9053276,9063536,8983132,8993392,1521,4,false,false
3686,3,70144,70144,9053276,9063536,8983132,8993392,1522,4,false,false
3687,3,70144,70144,9053276,9063536,8983132,8993392,1523,4,false,false
3688,3,70144,70144,9053276,9063536,8983132,8993392,1524,4,false,false
3689,3,70144,70144,9088940,9097664,9018796,9027520,1525,4,false,false
3690,3,70145,70145,9088940,9097664,9018795,9027519,1526,4,false,false
3691,3,70145,70145,9088940,9097664,9018795,9027519,1527,4,false,false
3692,3,70145,70145,9088940,9097664,9018795,9027519,1528,4,false,false
3693,3,70145,70145,9128956,9137168,9058811,9067023,1529,4,false,false
3694,0,70176,70176,11150612,11161384,11080436,11091208,1721,4,false,false
3695,0,70176,70176,11150612,11161384,11080436,11091208,1722,4,false,false
3696,0,70176,70176,11150612,11161384,11080436,11091208,1723,4,false,false
3697,0,70176,70176,11150612,11161384,11080436,11091208,1724,4,false,false
3698,3,70176,70176,9128956,9137168,9058780,9066992,1530,4,false,false
3699,3,70176,70176,9128956,9137168,9058780,9066992,1531,4,false,false
3700,3,70176,70176,9128956,9137168,9058780,9066992,1532,4,false,false
3701,3,70176,70176,9158988,9167200,9088812,9097024,1533,4,false,false
3702,0,70176,70176,11193188,11201400,11123012,11131224,1725,4,false,false
3703,0,70176,70176,11193188,11201400,11123012,11131224,1726,4,false,false
3704,0,70176,70176,11193188,11201400,11123012,11131224,1727,4,false,false
3705,0,70176,70176,11193188,11201400,11123012,11131224,1728,4,false,false
3706,3,70176,70176,9158988,9167200,9088812,9097024,1534,4,false,false
3707,3,70176,70176,9158988,9167200,9088812,9097024,1535,4,false,false
3708,3,70176,70176,9158988,9167200,9088812,9097024,1536,4,false,false
3709,3,70176,70176,9196956,9202864,9126780,9132688,1537,4,false,false
3710,0,70176,70176,11231668,11234504,11161492,11164328,1729,4,false,false
3711,0,70176,70176,11231668,11234504,11161492,11164328,1730,4,false,false
3712,0,70176,70176,11231668,11234504,11161492,11164328,1731,4,false,false
3713,0,70176,70176,11231668,11234504,11161492,11164328,1732,4,false,false
3714,0,70208,70208,11270404,11273240,11200196,11203032,1733,4,false,false
3715,0,70208,70208,11270404,11273240,11200196,11203032,1734,4,false,false
3716,0,70208,70208,11270404,11273240,11200196,11203032,1735,4,false,false
3717,0,70208,70208,11270404,11273240,11200196,11203032,1736,4,false,false
3718,3,70240,70240,9196956,9202864,9126716,9132624,1538,4,false,false
3719,3,70240,70240,9196956,9202864,9126716,9132624,1539,4,false,false
3720,3,70240,70240,9196956,9202864,9126716,9132624,1540,4,false,false
3721,3,70240,70240,9233132,9236480,9162892,9166240,1541,4,false,false
3722,3,70240,70240,9233132,9236480,9162892,9166240,1542,4,false,false
3723,3,70240,70240,9233132,9236480,9162892,9166240,1543,4,false,false
3724,3,70240,70240,9233132,9236480,9162892,9166240,1544,4,false,false
3725,3,70240,70240,9268284,9274960,9198044,9204720,1545,4,false,false
3726,3,70240,70240,9268284,9274960,9198044,9204720,1546,4,false,false
3727,3,70240,70240,9268284,9274960,9198044,9204720,1547,4,false,false
3728,3,70240,70240,9268284,9274960,9198044,9204720,1548,4,false,false
3729,3,70240,70240,9304716,9312928,9234476,9242688,1549,4,false,false
3730,0,70241,70241,11314516,11319912,11244275,11249671,1737,4,false,false
3731,0,70241,70241,11314516,11319912,11244275,11249671,1738,4,false,false
3732,0,70241,70241,11314516,11319912,11244275,11249671,1739,4,false,false
3733,0,70241,70241,11314516,11319912,11244275,11249671,1740,4,false,false
3734,3,70272,70272,9304716,9312928,9234444,9242656,1550,4,false,false
3735,3,70272,70272,9304716,9312928,9234444,9242656,1551,4,false,false
3736,3,70272,70272,9304716,9312928,9234444,9242656,1552,4,false,false
3737,3,70272,70272,9339868,9350128,9269596,9279856,1553,4,false,false
3738,3,70272,70272,9339868,9350128,9269596,9279856,1554,4,false,false
3739,3,70272,70272,9339868,9350128,9269596,9279856,1555,4,false,false
3740,3,70272,70272,9339868,9350128,9269596,9279856,1556,4,false,false
3741,3,70272,70272,9381164,9387584,9310892,9317312,1557,4,false,false
3742,3,70273,70273,9381164,9387584,9310891,9317311,1558,4,false,false
3743,3,70273,70273,9381164,9387584,9310891,9317311,1559,4,false,false
3744,3,70273,70273,9381164,9387584,9310891,9317311,1560,4,false,false
3745,3,70273,70273,9416828,9424016,9346555,9353743,1561,4,false,false
3746,3,70304,70304,9416828,9424016,9346524,9353712,1562,4,false,false
3747,3,70304,70304,9416828,9424016,9346524,9353712,1563,4,false,false
3748,3,70304,70304,9416828,9424016,9346524,9353712,1564,4,false,false
3749,3,70304,70304,9463756,9474016,9393452,9403712,1565,4,false,false
3750,3,70304,70304,9463756,9474016,9393452,9403712,1566,4,false,false
3751,3,70304,70304,9463756,9474016,9393452,9403712,1567,4,false,false
3752,3,70304,70304,9463756,9474016,9393452,9403712,1568,4,false,false
3753,3,70304,70304,9503772,9516592,9433468,9446288,1569,4,false,false
3754,3,70305,70305,9503772,9516592,9433467,9446287,1570,4,false,false
3755,3,70305,70305,9503772,9516592,9433467,9446287,1571,4,false,false
3756,3,70305,70305,9503772,9516592,9433467,9446287,1572,4,false,false
3757,3,70305,70305,9543788,9553280,9473483,9482975,1573,4,false,false
3758,3,70336,70336,9543788,9553280,9473452,9482944,1574,4,false,false
3759,3,70336,70336,9543788,9553280,9473452,9482944,1575,4,false,false
3760,3,70336,70336,9543788,9553280,9473452,9482944,1576,4,false,false
3761,3,70336,70336,9577660,9585872,9507324,9515536,1577,4,false,false
3762,3,70368,70368,9577660,9585872,9507292,9515504,1578,4,false,false
3763,3,70368,70368,9577660,9585872,9507292,9515504,1579,4,false,false
3764,3,70368,70368,9577660,9585872,9507292,9515504,1580,4,false,false
3765,3,70368,70368,9627916,9638176,9557548,9567808,1581,4,false,false
3766,0,70369,70369,11349412,11354808,11279043,11284439,1737,4,false,false
3767,0,70369,70369,11349412,11354808,11279043,11284439,1738,4,false,false
3768,0,70369,70369,11349412,11354808,11279043,11284439,1739,4,false,false
3769,0,70369,70369,11349412,11354808,11279043,11284439,1740,4,false,false
3770,3,70400,70400,9627916,9638176,9557516,9567776,1582,4,false,false
3771,3,70400,70400,9627916,9638176,9557516,9567776,1583,4,false,false
3772,3,70400,70400,9627916,9638176,9557516,9567776,1584,4,false,false
3773,3,70400,70400,9673564,9682288,9603164,9611888,1585,4,false,false
3774,3,70400,70400,9673564,9682288,9603164,9611888,1586,4,false,false
3775,3,70400,70400,9673564,9682288,9603164,9611888,1587,4,false,false
3776,3,70400,70400,9673564,9682288,9603164,9611888,1588,4,false,false
3777,3,70400,70400,9709740,9717952,9639340,9647552,1589,4,false,false
3778,0,70432,70432,11389940,11392776,11319508,11322344,1741,4,false,false
3779,0,70432,70432,11389940,11392776,11319508,11322344,1742,4,false,false
3780,0,70432,70432,11389940,11392776,11319508,11322344,1743,4,false,false
3781,0,70432,70432,11389940,11392776,11319508,11322344,1744,4,false,false
3782,3,70432,70432,9709740,9717952,9639308,9647520,1590,4,false,false
3783,3,70432,70432,9709740,9717952,9639308,9647520,1591,4,false,false
3784,3,70432,70432,9709740,9717952,9639308,9647520,1592,4,false,false
3785,3,70432,70432,9743100,9751312,9672668,9680880,1593,4,false,false
3786,3,70432,70432,9743100,9751312,9672668,9680880,1594,4,false,false
3787,3,70432,70432,9743100,9751312,9672668,9680880,1595,4,false,false
3788,3,70432,70432,9743100,9751312,9672668,9680880,1596,4,false,false
3789,3,70432,70432,9778764,9786976,9708332,9716544,1597,4,false,false
3790,3,70496,70496,9778764,9786976,9708268,9716480,1598,4,false,false
3791,3,70496,70496,9778764,9786976,9708268,9716480,1599,4,false,false
3792,3,70496,70496,9778764,9786976,9708268,9716480,1600,4,false,false
3793,3,70496,70496,9818780,9829040,9748284,9758544,1601,4,false,false
3794,0,70497,70497,11423812,11429208,11353315,11358711,1745,4,false,false
3795,0,70497,70497,11423812,11429208,11353315,11358711,1746,4,false,false
3796,0,70497,70497,11423812,11429208,11353315,11358711,1747,4,false,false
3797,0,70497,70497,11423812,11429208,11353315,11358711,1748,4,false,false
3798,0,70561,70561,11459220,11462056,11388659,11391495,1749,4,false,false
3799,0,70561,70561,11459220,11462056,11388659,11391495,1750,4,false,false
3800,0,70561,70561,11459220,11462056,11388659,11391495,1751,4,false,false
3801,0,70561,70561,11459220,11462056,11388659,11391495,1752,4,false,false
3802,3,70624,70624,9818780,9829040,9748156,9758416,1602,4,false,false
3803,3,70624,70624,9818780,9829040,9748156,9758416,1603,4,false,false
3804,3,70624,70624,9818780,9829040,9748156,9758416,1604,4,false,false
3805,3,70624,70624,9857772,9866496,9787148,9795872,1605,4,false,false
3806,3,70656,70656,9857772,9866496,9787116,9795840,1606,4,false,false
3807,3,70656,70656,9857772,9866496,9787116,9795840,1607,4,false,false
3808,3,70656,70656,9857772,9866496,9787116,9795840,1608,4,false,false
3809,3,70656,70656,9892924,9901136,9822268,9830480,1609,4,false,false
3810,3,70688,70688,9892924,9901136,9822236,9830448,1610,4,false,false
3811,3,70688,70688,9892924,9901136,9822236,9830448,1611,4,false,false
3812,3,70688,70688,9892924,9901136,9822236,9830448,1612,4,false,false
3813,3,70688,70688,9927820,9944224,9857132,9873536,1613,4,false,false
3814,3,70688,70688,9927820,9944224,9857132,9873536,1614,4,false,false
3815,3,70688,70688,9927820,9944224,9857132,9873536,1615,4,false,false
3816,3,70688,70688,9927820,9944224,9857132,9873536,1616,4,false,false
3817,3,70688,70688,9980636,9991408,9909948,9920720,1617,4,false,false
3818,3,70688,70688,9980636,9991408,9909948,9920720,1618,4,false,false
3819,3,70688,70688,9980636,9991408,9909948,9920720,1619,4,false,false
3820,3,70688,70688,9980636,9991408,9909948,9920720,1620,4,false,false
3821,3,70688,70688,10024748,10032960,9954060,9962272,1621,4,false,false
3822,3,70689,70689,10024748,10032960,9954059,9962271,1622,4,false,false
3823,3,70689,70689,10024748,10032960,9954059,9962271,1623,4,false,false
3824,3,70689,70689,10024748,10032960,9954059,9962271,1624,4,false,false
3825,3,70689,70689,10062204,10070416,9991515,9999727,1625,4,false,false
3826,0,70720,70720,11496676,11499512,11425956,11428792,1753,4,false,false
3827,0,70720,70720,11496676,11499512,11425956,11428792,1754,4,false,false
3828,0,70720,70720,11496676,11499512,11425956,11428792,1755,4,false,false
3829,0,70720,70720,11496676,11499512,11425956,11428792,1756,4,false,false
3830,3,70753,70753,10062204,10070416,9991451,9999663,1626,4,false,false
3831,3,70753,70753,10062204,10070416,9991451,9999663,1627,4,false,false
3832,3,70753,70753,10062204,10070416,9991451,9999663,1628,4,false,false
3833,3,70753,70753,10103756,10111968,10033003,10041215,1629,4,false,false
3834,3,70784,70784,10103756,10111968,10032972,10041184,1630,4,false,false
3835,3,70784,70784,10103756,10111968,10032972,10041184,1631,4,false,false
3836,3,70784,70784,10103756,10111968,10032972,10041184,1632,4,false,false
3837,3,70784,70784,10139164,10147376,10068380,10076592,1633,4,false,false
3838,3,70816,70816,10139164,10147376,10068348,10076560,1634,4,false,false
3839,3,70816,70816,10139164,10147376,10068348,10076560,1635,4,false,false
3840,3,70816,70816,10139164,10147376,10068348,10076560,1636,4,false,false
3841,3,70816,70816,10171500,10179712,10100684,10108896,1637,4,false,false
3842,3,70816,70816,10171500,10179712,10100684,10108896,1638,4,false,false
3843,3,70816,70816,10171500,10179712,10100684,10108896,1639,4,false,false
3844,3,70816,70816,10171500,10179712,10100684,10108896,1640,4,false,false
3845,3,70816,70816,10209468,10217680,10138652,10146864,1641,4,false,false
3846,3,70816,70816,10209468,10217680,10138652,10146864,1642,4,false,false
3847,3,70816,70816,10209468,10217680,10138652,10146864,1643,4,false,false
3848,3,70816,70816,10209468,10217680,10138652,10146864,1644,4,false,false
3849,3,70816,70816,10248716,10256928,10177900,10186112,1645,4,false,false
3850,3,70816,70816,10248716,10256928,10177900,10186112,1646,4,false,false
3851,3,70816,70816,10248716,10256928,10177900,10186112,1647,4,false,false
3852,3,70816,70816,10248716,10256928,10177900,10186112,1648,4,false,false
3853,3,70816,70816,10285916,10294128,10215100,10223312,1649,4,false,false
3854,3,70816,70816,10285916,10294128,10215100,10223312,1650,4,false,false
3855,3,70816,70816,10285916,10294128,10215100,10223312,1651,4,false,false
3856,3,70816,70816,10285916,10294128,10215100,10223312,1652,4,false,false
3857,3,70816,70816,10332076,10340288,10261260,10269472,1653,4,false,false
3858,3,70848,70848,10332076,10340288,10261228,10269440,1654,4,false,false
3859,3,70848,70848,10332076,10340288,10261228,10269440,1655,4,false,false
3860,3,70848,70848,10332076,10340288,10261228,10269440,1656,4,false,false
3861,3,70848,70848,10369276,10377488,10298428,10306640,1657,4,false,false
3862,3,70848,70848,10369276,10377488,10298428,10306640,1658,4,false,false
3863,3,70848,70848,10369276,10377488,10298428,10306640,1659,4,false,false
3864,3,70848,70848,10369276,10377488,10298428,10306640,1660,4,false,false
3865,3,70848,70848,10402636,10408544,10331788,10337696,1661,4,false,false
3866,3,70912,70912,10402636,10408544,10331724,10337632,1662,4,false,false
3867,3,70912,70912,10402636,10408544,10331724,10337632,1663,4,false,false
3868,3,70912,70912,10402636,10408544,10331724,10337632,1664,4,false,false
3869,3,70912,70912,10438044,10445232,10367132,10374320,1665,4,false,false
3870,0,70913,70913,11532084,11545672,11461171,11474759,1757,4,false,false
3871,0,70913,70913,11532084,11545672,11461171,11474759,1758,4,false,false
3872,0,70913,70913,11532084,11545672,11461171,11474759,1759,4,false,false
3873,0,70913,70913,11532084,11545672,11461171,11474759,1760,4,false,false
3874,0,70944,70944,11578756,11586968,11507812,11516024,1761,4,false,false
3875,0,70944,70944,11578756,11586968,11507812,11516024,1762,4,false,false
3876,0,70944,70944,11578756,11586968,11507812,11516024,1763,4,false,false
3877,0,70944,70944,11578756,11586968,11507812,11516024,1764,4,false,false
3878,3,70945,70945,10438044,10445232,10367099,10374287,1666,4,false,false
3879,3,70945,70945,10438044,10445232,10367099,10374287,1667,4,false,false
3880,3,70945,70945,10438044,10445232,10367099,10374287,1668,4,false,false
3881,3,70945,70945,10470892,10481152,10399947,10410207,1669,4,false,false
3882,3,70977,70977,10470892,10481152,10399915,10410175,1670,4,false,false
3883,3,70977,70977,10470892,10481152,10399915,10410175,1671,4,false,false
3884,3,70977,70977,10470892,10481152,10399915,10410175,1672,4,false,false
3885,3,70977,70977,10509116,10517840,10438139,10446863,1673,4,false,false
3886,3,71008,71008,10509116,10517840,10438108,10446832,1674,4,false,false
3887,3,71008,71008,10509116,10517840,10438108,10446832,1675,4,false,false
3888,3,71008,71008,10509116,10517840,10438108,10446832,1676,4,false,false
3889,3,71008,71008,10557324,10567840,10486316,10496832,1677,4,false,false
3890,3,71008,71008,10557324,10567840,10486316,10496832,1678,4,false,false
3891,3,71008,71008,10557324,10567840,10486316,10496832,1679,4,false,false
3892,3,71008,71008,10557324,10567840,10486316,10496832,1680,4,false,false
3893,3,71008,71008,10611932,10620656,10540924,10549648,1681,4,false,false
3894,3,71008,71008,10611932,10620656,10540924,10549648,1682,4,false,false
3895,3,71008,71008,10611932,10620656,10540924,10549648,1683,4,false,false
3896,3,71008,71008,10611932,10620656,10540924,10549648,1684,4,false,false
3897,3,71008,71008,10650412,10658624,10579404,10587616,1685,4,false,false
3898,3,71008,71008,10650412,10658624,10579404,10587616,1686,4,false,false
3899,3,71008,71008,10650412,10658624,10579404,10587616,1687,4,false,false
3900,3,71008,71008,10650412,10658624,10579404,10587616,1688,4,false,false
3901,3,71008,71008,10688380,10698640,10617372,10627632,1689,4,false,false
3902,3,71072,71072,10688380,10698640,10617308,10627568,1690,4,false,false
3903,3,71072,71072,10688380,10698640,10617308,10627568,1691,4,false,false
3904,3,71072,71072,10688380,10698640,10617308,10627568,1692,4,false,false
3905,3,71072,71072,10725580,10734304,10654508,10663232,1693,4,false,false
3906,3,71072,71072,10725580,10734304,10654508,10663232,1694,4,false,false
3907,3,71072,71072,10725580,10734304,10654508,10663232,1695,4,false,false
3908,3,71072,71072,10725580,10734304,10654508,10663232,1696,4,false,false
3909,3,71072,71072,10764828,10773040,10693756,10701968,1697,4,false,false
3910,3,71072,71072,10764828,10773040,10693756,10701968,1698,4,false,false
3911,3,71072,71072,10764828,10773040,10693756,10701968,1699,4,false,false
3912,3,71072,71072,10764828,10773040,10693756,10701968,1700,4,false,false
3913,3,71072,71072,10807404,10815616,10736332,10744544,1701,4,false,false
3914,3,71136,71136,10807404,10815616,10736268,10744480,1702,4,false,false
3915,3,71136,71136,10807404,10815616,10736268,10744480,1703,4,false,false
3916,3,71136,71136,10807404,10815616,10736268,10744480,1704,4,false,false
3917,3,71136,71136,10839996,10848208,10768860,10777072,1705,4,false,false
3918,3,71200,71200,10839996,10848208,10768796,10777008,1706,4,false,false
3919,3,71200,71200,10839996,10848208,10768796,10777008,1707,4,false,false
3920,3,71200,71200,10839996,10848208,10768796,10777008,1708,4,false,false
3921,3,71200,71200,10875148,10885408,10803948,10814208,1709,4,false,false
3922,3,71200,71200,10875148,10885408,10803948,10814208,1710,4,false,false
3923,3,71200,71200,10875148,10885408,10803948,10814208,1711,4,false,false
3924,3,71200,71200,10875148,10885408,10803948,10814208,1712,4,false,false
3925,3,71200,71200,10907484,10918256,10836284,10847056,1713,4,false,false
3926,3,71200,71200,10907484,10918256,10836284,10847056,1714,4,false,false
3927,3,71200,71200,10907484,10918256,10836284,10847056,1715,4,false,false
3928,3,71200,71200,10907484,10918256,10836284,10847056,1716,4,false,false
3929,3,71200,71200,10960812,10971840,10889612,10900640,1717,4,false,false
3930,3,71232,71232,10960812,10971840,10889580,10900608,1718,4,false,false
3931,3,71232,71232,10960812,10971840,10889580,10900608,1719,4,false,false
3932,3,71232,71232,10960812,10971840,10889580,10900608,1720,4,false,false
3933,3,71232,71232,11016956,11025680,10945724,10954448,1721,4,false,false
3934,3,71232,71232,11016956,11025680,10945724,10954448,1722,4,false,false
3935,3,71232,71232,11016956,11025680,10945724,10954448,1723,4,false,false
3936,3,71232,71232,11016956,11025680,10945724,10954448,1724,4,false,false
3937,3,71232,71232,11056972,11065184,10985740,10993952,1725,4,false,false
3938,3,71264,71264,11056972,11065184,10985708,10993920,1726,4,false,false
3939,3,71264,71264,11056972,11065184,10985708,10993920,1727,4,false,false
3940,3,71264,71264,11056972,11065184,10985708,10993920,1728,4,false,false
3941,3,71264,71264,11092380,11100592,11021116,11029328,1729,4,false,false
3942,3,71264,71264,11092380,11100592,11021116,11029328,1730,4,false,false
3943,3,71264,71264,11092380,11100592,11021116,11029328,1731,4,false,false
3944,3,71264,71264,11092380,11100592,11021116,11029328,1732,4,false,false
3945,3,71264,71264,11127276,11135488,11056012,11064224,1733,4,false,false
3946,3,71265,71265,11127276,11135488,11056011,11064223,1734,4,false,false
3947,3,71265,71265,11127276,11135488,11056011,11064223,1735,4,false,false
3948,3,71265,71265,11127276,11135488,11056011,11064223,1736,4,false,false
3949,3,71265,71265,11174204,11182416,11102939,11111151,1737,4,false,false
3950,3,71265,71265,11174204,11182416,11102939,11111151,1738,4,false,false
3951,3,71265,71265,11174204,11182416,11102939,11111151,1739,4,false,false
3952,3,71265,71265,11174204,11182416,11102939,11111151,1740,4,false,false
3953,3,71265,71265,11212172,11220384,11140907,11149119,1741,4,false,false
3954,3,71296,71296,11212172,11220384,11140876,11149088,1742,4,false,false
3955,3,71296,71296,11212172,11220384,11140876,11149088,1743,4,false,false
3956,3,71296,71296,11212172,11220384,11140876,11149088,1744,4,false,false
3957,3,71296,71296,11247836,11256048,11176540,11184752,1745,4,false,false
3958,3,71296,71296,11247836,11256048,11176540,11184752,1746,4,false,false
3959,3,71296,71296,11247836,11256048,11176540,11184752,1747,4,false,false
3960,3,71296,71296,11247836,11256048,11176540,11184752,1748,4,false,false
3961,3,71296,71296,11291948,11300160,11220652,11228864,1749,4,false,false
3962,0,71328,71328,11619284,11622120,11547956,11550792,1765,4,false,false
3963,0,71328,71328,11619284,11622120,11547956,11550792,1766,4,false,false
3964,0,71328,71328,11619284,11622120,11547956,11550792,1767,4,false,false
3965,0,71328,71328,11619284,11622120,11547956,11550792,1768,4,false,false
3966,3,71360,71360,11291948,11300160,11220588,11228800,1750,4,false,false
3967,3,71360,71360,11291948,11300160,11220588,11228800,1751,4,false,false
3968,3,71360,71360,11291948,11300160,11220588,11228800,1752,4,false,false
3969,3,71360,71360,11330684,11338896,11259324,11267536,1753,4,false,false
3970,0,71392,71392,11655460,11663672,11584068,11592280,1769,4,false,false
3971,0,71392,71392,11655460,11663672,11584068,11592280,1770,4,false,false
3972,0,71392,71392,11655460,11663672,11584068,11592280,1771,4,false,false
3973,0,71392,71392,11655460,11663672,11584068,11592280,1772,4,false,false
3974,3,71456,71456,11330684,11338896,11259228,11267440,1754,4,false,false
3975,3,71456,71456,11330684,11338896,11259228,11267440,1755,4,false,false
3976,3,71456,71456,11330684,11338896,11259228,11267440,1756,4,false,false
3977,3,71456,71456,11366604,11374816,11295148,11303360,1757,4,false,false
3978,3,71456,71456,11366604,11374816,11295148,11303360,1758,4,false,false
3979,3,71456,71456,11366604,11374816,11295148,11303360,1759,4,false,false
3980,3,71456,71456,11366604,11374816,11295148,11303360,1760,4,false,false
3981,3,71456,71456,11404828,11413040,11333372,11341584,1761,4,false,false
3982,3,71488,71488,11404828,11413040,11333340,11341552,1762,4,false,false
3983,3,71488,71488,11404828,11413040,11333340,11341552,1763,4,false,false
3984,3,71488,71488,11404828,11413040,11333340,11341552,1764,4,false,false
3985,3,71488,71488,11438188,11446400,11366700,11374912,1765,4,false,false
3986,0,71489,71489,11696244,11701640,11624755,11630151,1773,4,false,false
3987,0,71489,71489,11696244,11701640,11624755,11630151,1774,4,false,false
3988,0,71489,71489,11696244,11701640,11624755,11630151,1775,4,false,false
3989,0,71489,71489,11696244,11701640,11624755,11630151,1776,4,false,false
3990,3,71553,71553,11438188,11446400,11366635,11374847,1766,4,false,false
3991,3,71553,71553,11438188,11446400,11366635,11374847,1767,4,false,false
3992,3,71553,71553,11438188,11446400,11366635,11374847,1768,4,false,false
3993,3,71553,71553,11472828,11481040,11401275,11409487,1769,4,false,false
3994,3,71584,71584,11472828,11481040,11401244,11409456,1770,4,false,false
3995,3,71584,71584,11472828,11481040,11401244,11409456,1771,4,false,false
3996,3,71584,71584,11472828,11481040,11401244,11409456,1772,4,false,false
3997,3,71584,71584,11510284,11518496,11438700,11446912,1773,4,false,false
3998,3,71584,71584,11510284,11518496,11438700,11446912,1774,4,false,false
3999,3,71584,71584,11510284,11518496,11438700,11446912,1775,4,false,false
4000,3,71584,71584,11510284,11518496,11438700,11446912,1776,4,false,false
4001,3,71584,71584,11557724,11565936,11486140,11494352,1777,4,false,false
4002,3,71616,71616,11557724,11565936,11486108,11494320,1778,4,false,false
4003,3,71616,71616,11557724,11565936,11486108,11494320,1779,4,false,false
4004,3,71616,71616,11557724,11565936,11486108,11494320,1780,4,false,false
4005,3,71616,71616,11599276,11607488,11527660,11535872,1781,4,false,false
4006,0,71648,71648,11733188,11741400,11661540,11669752,1777,4,false,false
4007,0,71648,71648,11733188,11741400,11661540,11669752,1778,4,false,false
4008,0,71648,71648,11733188,11741400,11661540,11669752,1779,4,false,false
4009,0,71648,71648,11733188,11741400,11661540,11669752,1780,4,false,false
4010,3,71648,71648,11599276,11607488,11527628,11535840,1782,4,false,false
4011,3,71648,71648,11599276,11607488,11527628,11535840,1783,4,false,false
4012,3,71648,71648,11599276,11607488,11527628,11535840,1784,4,false,false
4013,3,71648,71648,11632892,11641104,11561244,11569456,1785,4,false,false
4014,0,71649,71649,11774740,11777576,11703091,11705927,1781,4,false,false
4015,0,71649,71649,11774740,11777576,11703091,11705927,1782,4,false,false
4016,0,71649,71649,11774740,11777576,11703091,11705927,1783,4,false,false
4017,0,71649,71649,11774740,11777576,11703091,11705927,1784,4,false,false
4018,3,71712,71712,11632892,11641104,11561180,11569392,1786,4,false,false
4019,3,71712,71712,11632892,11641104,11561180,11569392,1787,4,false,false
4020,3,71712,71712,11632892,11641104,11561180,11569392,1788,4,false,false
4021,3,71712,71712,11674444,11680352,11602732,11608640,1789,4,false,false
4022,3,71712,71712,11674444,11680352,11602732,11608640,1790,4,false,false
4023,3,71712,71712,11674444,11680352,11602732,11608640,1791,4,false,false
4024,3,71712,71712,11674444,11680352,11602732,11608640,1792,4,false,false
4025,3,71712,71712,11712412,11719600,11640700,11647888,1793,4,false,false
4026,3,71713,71713,11712412,11719600,11640699,11647887,1794,4,false,false
4027,3,71713,71713,11712412,11719600,11640699,11647887,1795,4,false,false
4028,3,71713,71713,11712412,11719600,11640699,11647887,1796,4,false,false
4029,3,71713,71713,11752172,11760384,11680459,11688671,1797,4,false,false
4030,3,71777,71777,11752172,11760384,11680395,11688607,1798,4,false,false
4031,3,71777,71777,11752172,11760384,11680395,11688607,1799,4,false,false
4032,3,71777,71777,11752172,11760384,11680395,11688607,1800,4,false,false
4033,3,71777,71777,11788604,11796816,11716827,11725039,1801,4,false,false
4034,3,71937,71937,11788604,11796816,11716667,11724879,1802,4,false,false
4035,3,71937,71937,11788604,11796816,11716667,11724879,1803,4,false,false
4036,3,71937,71937,11788604,11796816,11716667,11724879,1804,4,false,false
4037,3,71937,71937,11828620,11836832,11756683,11764895,1805,4,false,false
4038,0,71968,71968,11812452,11817848,11740484,11745880,1785,4,false,false
4039,0,71968,71968,11812452,11817848,11740484,11745880,1786,4,false,false
4040,0,71968,71968,11812452,11817848,11740484,11745880,1787,4,false,false
4041,0,71968,71968,11812452,11817848,11740484,11745880,1788,4,false,false
4042,0,72128,72128,11849652,11852488,11777524,11780360,1789,4,false,false
4043,0,72128,72128,11849652,11852488,11777524,11780360,1790,4,false,false
4044,0,72128,72128,11849652,11852488,11777524,11780360,1791,4,false,false
4045,0,72128,72128,11849652,11852488,11777524,11780360,1792,4,false,false
4046,3,72128,72128,11828620,11836832,11756492,11764704,1806,4,false,false
4047,3,72128,72128,11828620,11836832,11756492,11764704,1807,4,false,false
4048,3,72128,72128,11828620,11836832,11756492,11764704,1808,4,false,false
4049,3,72128,72128,11863260,11873520,11791132,11801392,1809,4,false,false
4050,3,72129,72129,11863260,11873520,11791131,11801391,1810,4,false,false
4051,3,72129,72129,11863260,11873520,11791131,11801391,1811,4,false,false
4052,3,72129,72129,11863260,11873520,11791131,11801391,1812,4,false,false
4053,3,72129,72129,11899436,11908160,11827307,11836031,1813,4,false,false
4054,3,72192,72192,11899436,11908160,11827244,11835968,1814,4,false,false
4055,3,72192,72192,11899436,11908160,11827244,11835968,1815,4,false,false
4056,3,72192,72192,11899436,11908160,11827244,11835968,1816,4,false,false
4057,3,72192,72192,11945084,11955344,11872892,11883152,1817,4,false,false
4058,1,72288,72288,3888916,3894312,3816628,3822024,212,4,false,false
4059,1,72288,72288,3907920,3913316,3835632,3841028,213,4,false,false
4060,1,72288,72288,3907920,3913316,3835632,3841028,214,4,false,false
4061,1,72288,72288,3907920,3913316,3835632,3841028,215,4,false,false
4062,0,72352,72352,11885828,11888664,11813476,11816312,1793,4,false,false
4063,0,72352,72352,11885828,11888664,11813476,11816312,1794,4,false,false
4064,0,72352,72352,11885828,11888664,11813476,11816312,1795,4,false,false
4065,0,72352,72352,11885828,11888664,11813476,11816312,1796,4,false,false
4066,3,72352,72352,11945084,11955344,11872732,11882992,1818,4,false,false
4067,3,72352,72352,11945084,11955344,11872732,11882992,1819,4,false,false
4068,3,72352,72352,11945084,11955344,11872732,11882992,1820,4,false,false
4069,3,72352,72352,11985868,11994592,11913516,11922240,1821,4,false,false
4070,3,72384,72384,11985868,11994592,11913484,11922208,1822,4,false,false
4071,3,72384,72384,11985868,11994592,11913484,11922208,1823,4,false,false
4072,3,72384,72384,11985868,11994592,11913484,11922208,1824,4,false,false
4073,3,72384,72384,12021020,12031536,11948636,11959152,1825,4,false,false
4074,0,72448,72448,11923284,11931496,11850836,11859048,1797,4,false,false
4075,0,72448,72448,11923284,11931496,11850836,11859048,1798,4,false,false
4076,0,72448,72448,11923284,11931496,11850836,11859048,1799,4,false,false
4077,0,72448,72448,11923284,11931496,11850836,11859048,1800,4,false,false
4078,3,72480,72480,12021020,12031536,11948540,11959056,1826,4,false,false
4079,3,72480,72480,12021020,12031536,11948540,11959056,1827,4,false,false
4080,3,72480,72480,12021020,12031536,11948540,11959056,1828,4,false,false
4081,3,72480,72480,12063084,12071808,11990604,11999328,1829,4,false,false
4082,3,72768,72768,12063084,12071808,11990316,11999040,1830,4,false,false
4083,3,72768,72768,12063084,12071808,11990316,11999040,1831,4,false,false
4084,3,72768,72768,12063084,12071808,11990316,11999040,1832,4,false,false
4085,3,72768,72768,12101052,12109264,12028284,12036496,1833,4,false,false
4086,3,72928,72928,12101052,12109264,12028124,12036336,1834,4,false,false
4087,3,72928,72928,12101052,12109264,12028124,12036336,1835,4,false,false
4088,3,72928,72928,12101052,12109264,12028124,12036336,1836,4,false,false
4089,3,72928,72928,12136716,12142880,12063788,12069952,1837,4,false,false
4090,0,72928,72928,11966884,11975096,11893956,11902168,1801,4,false,false
4091,0,72928,72928,11966884,11975096,11893956,11902168,1802,4,false,false
4092,0,72928,72928,11966884,11975096,11893956,11902168,1803,4,false,false
4093,0,72928,72928,11966884,11975096,11893956,11902168,1804,4,false,false
4094,3,73024,73024,12136716,12142880,12063692,12069856,1838,4,false,false
4095,3,73024,73024,12136716,12142880,12063692,12069856,1839,4,false,false
4096,3,73024,73024,12136716,12142880,12063692,12069856,1840,4,false,false
4097,3,73024,73024,12163676,12171120,12090652,12098096,1841,4,false,false
4098,3,73025,73025,12163676,12171120,12090651,12098095,1842,4,false,false
4099,3,73025,73025,12163676,12171120,12090651,12098095,1843,4,false,false
4100,3,73025,73025,12163676,12171120,12090651,12098095,1844,4,false,false
4101,3,73025,73025,12198828,12207040,12125803,12134015,1845,4,false,false
4102,3,73121,73121,12198828,12207040,12125707,12133919,1846,4,false,false
4103,3,73121,73121,12198828,12207040,12125707,12133919,1847,4,false,false
4104,3,73121,73121,12198828,12207040,12125707,12133919,1848,4,false,false
4105,3,73121,73121,12231420,12239632,12158299,12166511,1849,4,false,false
4106,0,73248,73248,12007412,12010248,11934164,11937000,1805,4,false,false
4107,0,73248,73248,12007412,12010248,11934164,11937000,1806,4,false,false
4108,0,73248,73248,12007412,12010248,11934164,11937000,1807,4,false,false
4109,0,73248,73248,12007412,12010248,11934164,11937000,1808,4,false,false
4110,3,73344,73344,12231420,12239632,12158076,12166288,1850,4,false,false
4111,3,73344,73344,12231420,12239632,12158076,12166288,1851,4,false,false
4112,3,73344,73344,12231420,12239632,12158076,12166288,1852,4,false,false
4113,3,73344,73344,12267340,12277600,12193996,12204256,1853,4,false,false
4114,3,73408,73408,12267340,12277600,12193932,12204192,1854,4,false,false
4115,3,73408,73408,12267340,12277600,12193932,12204192,1855,4,false,false
4116,3,73408,73408,12267340,12277600,12193932,12204192,1856,4,false,false
4117,3,73408,73408,12304028,12312752,12230620,12239344,1857,4,false,false
4118,3,74048,74048,12304028,12312752,12229980,12238704,1858,4,false,false
4119,3,74048,74048,12304028,12312752,12229980,12238704,1859,4,false,false
4120,3,74048,74048,12304028,12312752,12229980,12238704,1860,4,false,false
4121,3,74048,74048,12339692,12347904,12265644,12273856,1861,4,false,false
4122,3,74144,74144,12339692,12347904,12265548,12273760,1862,4,false,false
4123,3,74144,74144,12339692,12347904,12265548,12273760,1863,4,false,false
4124,3,74144,74144,12339692,12347904,12265548,12273760,1864,4,false,false
4125,3,74144,74144,12377660,12385872,12303516,12311728,1865,4,false,false
4126,3,74464,74464,12377660,12385872,12303196,12311408,1866,4,false,false
4127,3,74464,74464,12377660,12385872,12303196,12311408,1867,4,false,false
4128,3,74464,74464,12377660,12385872,12303196,12311408,1868,4,false,false
4129,3,74464,74464,12424588,12432800,12350124,12358336,1869,4,false,false
4130,3,74592,74592,12424588,12432800,12349996,12358208,1870,4,false,false
4131,3,74592,74592,12424588,12432800,12349996,12358208,1871,4,false,false
4132,3,74592,74592,12424588,12432800,12349996,12358208,1872,4,false,false
4133,3,74592,74592,12464604,12472816,12390012,12398224,1873,4,false,false
4134,0,74657,74657,12042308,12050520,11967651,11975863,1809,4,false,false
4135,0,74657,74657,12042308,12050520,11967651,11975863,1810,4,false,false
4136,0,74657,74657,12042308,12050520,11967651,11975863,1811,4,false,false
4137,0,74657,74657,12042308,12050520,11967651,11975863,1812,4,false,false
4138,0,75104,75104,12084116,12086952,12009012,12011848,1813,4,false,false
4139,0,75104,75104,12084116,12086952,12009012,12011848,1814,4,false,false
4140,0,75104,75104,12084116,12086952,12009012,12011848,1815,4,false,false
4141,0,75104,75104,12084116,12086952,12009012,12011848,1816,4,false,false
4142,3,75328,75328,12464604,12472816,12389276,12397488,1874,4,false,false
4143,3,75328,75328,12464604,12472816,12389276,12397488,1875,4,false,false
4144,3,75328,75328,12464604,12472816,12389276,12397488,1876,4,false,false
4145,3,75328,75328,12497964,12506176,12422636,12430848,1877,4,false,false
4146,3,76096,76096,12497964,12506176,12421868,12430080,1878,4,false,false
4147,3,76096,76096,12497964,12506176,12421868,12430080,1879,4,false,false
4148,3,76096,76096,12497964,12506176,12421868,12430080,1880,4,false,false
4149,3,76096,76096,12530812,12541072,12454716,12464976,1881,4,false,false
4150,3,76448,76448,12530812,12541072,12454364,12464624,1882,4,false,false
4151,3,76448,76448,12530812,12541072,12454364,12464624,1883,4,false,false
4152,3,76448,76448,12530812,12541072,12454364,12464624,1884,4,false,false
4153,3,76448,76448,12570060,12578784,12493612,12502336,1885,4,false,false
4154,0,79457,79457,12122340,12125176,12042883,12045719,1817,4,false,false
4155,0,79457,79457,12122340,12125176,12042883,12045719,1818,4,false,false
4156,0,79457,79457,12122340,12125176,12042883,12045719,1819,4,false,false
4157,0,79457,79457,12122340,12125176,12042883,12045719,1820,4,false,false
4158,0,89824,89824,12148020,12150856,12058196,12061032,1821,4,false,false
4159,0,89824,89824,12148020,12150856,12058196,12061032,1822,4,false,false
4160,0,89824,89824,12148020,12150856,12058196,12061032,1823,4,false,false
4161,0,89824,89824,12148020,12150856,12058196,12061032,1824,4,false,false
4162,0,91297,91297,12181892,12187288,12090595,12095991,1825,4,false,false
4163,0,91297,91297,12181892,12187288,12090595,12095991,1826,4,false,false
4164,0,91297,91297,12181892,12187288,12090595,12095991,1827,4,false,false
4165,0,91297,91297,12181892,12187288,12090595,12095991,1828,4,false,false
4166,0,93505,93505,12217812,12220648,12124307,12127143,1829,4,false,false
4167,0,93505,93505,12217812,12220648,12124307,12127143,1830,4,false,false
4168,0,93505,93505,12217812,12220648,12124307,12127143,1831,4,false,false
4169,0,93505,93505,12217812,12220648,12124307,12127143,1832,4,false,false
4170,0,95361,95361,12250404,12258616,12155043,12163255,1833,4,false,false
4171,0,95361,95361,12250404,12258616,12155043,12163255,1834,4,false,false
4172,0,95361,95361,12250404,12258616,12155043,12163255,1835,4,false,false
4173,0,95361,95361,12250404,12258616,12155043,12163255,1836,4,false,false
4174,0,95552,95552,12288372,12293768,12192820,12198216,1837,4,false,false
4175,0,95552,95552,12288372,12293768,12192820,12198216,1838,4,false,false
4176,0,95552,95552,12288372,12293768,12192820,12198216,1839,4,false,false
4177,0,95552,95552,12288372,12293768,12192820,12198216,1840,4,false,false
4178,0,95744,95744,12323524,12328920,12227780,12233176,1841,4,false,false
4179,0,95744,95744,12323524,12328920,12227780,12233176,1842,4,false,false
4180,0,95744,95744,12323524,12328920,12227780,12233176,1843,4,false,false
4181,0,95744,95744,12323524,12328920,12227780,12233176,1844,4,false,false
4182,0,95872,95872,12358676,12366888,12262804,12271016,1845,4,false,false
4183,0,95872,95872,12358676,12366888,12262804,12271016,1846,4,false,false
4184,0,95872,95872,12358676,12366888,12262804,12271016,1847,4,false,false
4185,0,95872,95872,12358676,12366888,12262804,12271016,1848,4,false,false
4186,0,96129,96129,12398180,12411768,12302051,12315639,1849,4,false,false
4187,0,96129,96129,12398180,12411768,12302051,12315639,1850,4,false,false
4188,0,96129,96129,12398180,12411768,12302051,12315639,1851,4,false,false
4189,0,96129,96129,12398180,12411768,12302051,12315639,1852,4,false,false
4190,1,96736,96736,3907920,3913316,3811184,3816580,216,4,false,false
4191,1,96736,96736,3926924,3933600,3830188,3836864,217,4,false,false
4192,1,96736,96736,3926924,3933600,3830188,3836864,218,4,false,false
4193,1,96736,96736,3926924,3933600,3830188,3836864,219,4,false,false
4194,0,96992,96992,12448180,12451016,12351188,12354024,1853,4,false,false
4195,0,96992,96992,12448180,12451016,12351188,12354024,1854,4,false,false
4196,0,96992,96992,12448180,12451016,12351188,12354024,1855,4,false,false
4197,0,96992,96992,12448180,12451016,12351188,12354024,1856,4,false,false
4198,0,96992,96992,12483588,12486424,12386596,12389432,1857,4,false,false
4199,0,96992,96992,12483588,12486424,12386596,12389432,1858,4,false,false
4200,0,96992,96992,12483588,12486424,12386596,12389432,1859,4,false,false
4201,0,96992,96992,12483588,12486424,12386596,12389432,1860,4,false,false
4202,0,97120,97120,12516948,12519784,12419828,12422664,1861,4,false,false
4203,0,97120,97120,12516948,12519784,12419828,12422664,1862,4,false,false
4204,0,97120,97120,12516948,12519784,12419828,12422664,1863,4,false,false
4205,0,97120,97120,12516948,12519784,12419828,12422664,1864,4,false,false
4206,0,98240,98240,12551844,12554680,12453604,12456440,1865,4,false,false
4207,0,98240,98240,12551844,12554680,12453604,12456440,1866,4,false,false
4208,0,98240,98240,12551844,12554680,12453604,12456440,1867,4,false,false
4209,0,98240,98240,12551844,12554680,12453604,12456440,1868,4,false,false
4210,0,100641,100641,12589556,12597768,12488915,12497127,1869,4,false,false
4211,0,100641,100641,12589556,12597768,12488915,12497127,1870,4,false,false
4212,0,100641,100641,12589556,12597768,12488915,12497127,1871,4,false,false
4213,0,100641,100641,12589556,12597768,12488915,12497127,1872,4,false,false
4214,0,102625,102625,12633668,12641624,12531043,12538999,1873,4,false,false
4215,0,102625,102625,12633668,12641624,12531043,12538999,1874,4,false,false
4216,0,102625,102625,12633668,12641624,12531043,12538999,1875,4,false,false
4217,0,102625,102625,12633668,12641624,12531043,12538999,1876,4,false,false
4218,0,104289,104289,12671124,12676520,12566835,12572231,1877,4,false,false
4219,0,104289,104289,12671124,12676520,12566835,12572231,1878,4,false,false
4220,0,104289,104289,12671124,12676520,12566835,12572231,1879,4,false,false
4221,0,104289,104289,12671124,12676520,12566835,12572231,1880,4,false,false
4222,2,128033,128033,7121008,7139460,6992975,7011427,211,4,false,false
4223,2,128033,128033,7121008,7139460,6992975,7011427,212,4,false,false
4224,2,128033,128033,7167424,7186388,7039391,7058355,213,4,false,false
4225,2,128033,128033,7167424,7186388,7039391,7058355,214,4,false,false
4226,1,128738,128738,3926924,3933600,3798186,3804862,220,4,false,false
4227,1,128738,128738,3947208,3958748,3818470,3830010,221,4,false,false
4228,1,128738,128738,3947208,3958748,3818470,3830010,222,4,false,false
4229,1,128738,128738,3947208,3958748,3818470,3830010,223,4,false,false
4230,1,129504,129504,3947208,3958748,3817704,3829244,224,4,false,false
4231,1,129504,129504,3969796,3984152,3840292,3854648,225,4,false,false
4232,1,129504,129504,3969796,3984152,3840292,3854648,226,4,false,false
4233,1,129504,129504,3969796,3984152,3840292,3854648,227,4,false,false
4234,1,129569,129569,3969796,3984152,3840227,3854583,228,4,false,false
4235,1,129569,129569,4002624,4017748,3873055,3888179,229,4,false,false
4236,1,129569,129569,4002624,4017748,3873055,3888179,230,4,false,false
4237,1,129569,129569,4002624,4017748,3873055,3888179,231,4,false,false
4238,1,129569,129569,4002624,4017748,3873055,3888179,232,4,false,false
4239,1,129569,129569,4037500,4049040,3907931,3919471,233,4,false,false
4240,1,129569,129569,4037500,4049040,3907931,3919471,234,4,false,false
4241,1,129569,129569,4037500,4049040,3907931,3919471,235,4,false,false
4242,1,129728,129728,4037500,4049040,3907772,3919312,236,4,false,false
4243,1,129728,129728,4065464,4078284,3935736,3948556,237,4,false,false
4244,1,129728,129728,4065464,4078284,3935736,3948556,238,4,false,false
4245,1,129728,129728,4065464,4078284,3935736,3948556,239,4,false,false
4246,1,129857,129857,4065464,4078284,3935607,3948427,240,4,false,false
4247,1,129857,129857,4097012,4107784,3967155,3977927,241,4,false,false
4248,1,129857,129857,4097012,4107784,3967155,3977927,242,4,false,false
4249,1,129857,129857,4097012,4107784,3967155,3977927,243,4,false,false
4250,1,129985,129985,4097012,4107784,3967027,3977799,244,4,false,false
4251,1,129985,129985,4123952,4134724,3993967,4004739,245,4,false,false
4252,1,129985,129985,4123952,4134724,3993967,4004739,246,4,false,false
4253,1,129985,129985,4123952,4134724,3993967,4004739,247,4,false,false
4254,2,130145,130145,7167424,7186388,7037279,7056243,215,4,false,false
4255,2,130145,130145,7167424,7186388,7037279,7056243,216,4,false,false
4256,2,130145,130145,7213584,7231268,7083439,7101123,217,4,false,false
4257,2,130145,130145,7213584,7231268,7083439,7101123,218,4,false,false
4258,2,130176,130176,7213584,7231268,7083408,7101092,219,4,false,false
4259,2,130176,130176,7213584,7231268,7083408,7101092,220,4,false,false
4260,2,130176,130176,7258976,7275380,7128800,7145204,221,4,false,false
4261,2,130176,130176,7258976,7275380,7128800,7145204,222,4,false,false
4262,1,130273,130273,4123952,4134724,3993679,4004451,248,4,false,false
4263,1,130273,130273,4148332,4156544,4018059,4026271,249,4,false,false
4264,1,130273,130273,4148332,4156544,4018059,4026271,250,4,false,false
4265,1,130273,130273,4148332,4156544,4018059,4026271,251,4,false,false
4266,1,130273,130273,4148332,4156544,4018059,4026271,252,4,false,false
4267,2,130305,130305,7258976,7275380,7128671,7145075,223,4,false,false
4268,2,130305,130305,7258976,7275380,7128671,7145075,224,4,false,false
4269,2,130305,130305,7297200,7310788,7166895,7180483,225,4,false,false
4270,2,130305,130305,7297200,7310788,7166895,7180483,226,4,false,false
4271,1,130400,130400,4175272,4186044,4044872,4055644,253,4,false,false
4272,1,130400,130400,4175272,4186044,4044872,4055644,254,4,false,false
4273,1,130400,130400,4175272,4186044,4044872,4055644,255,4,false,false
4274,1,130400,130400,4175272,4186044,4044872,4055644,256,4,false,false
4275,0,130401,130401,12714212,12716280,12583811,12585879,1873,4,false,false
4276,2,130496,130496,7297200,7310788,7166704,7180292,227,4,false,false
4277,2,130496,130496,7297200,7310788,7166704,7180292,228,4,false,false
4278,2,130496,130496,7332608,7351828,7202112,7221332,229,4,false,false
4279,2,130496,130496,7332608,7351828,7202112,7221332,230,4,false,false
4280,1,130528,130528,4199140,4212472,4068612,4081944,257,4,false,false
4281,1,130528,130528,4199140,4212472,4068612,4081944,258,4,false,false
4282,1,130528,130528,4199140,4212472,4068612,4081944,259,4,false,false
4283,1,130528,130528,4199140,4212472,4068612,4081944,260,4,false,false
4284,1,130560,130560,4232736,4243508,4102176,4112948,261,4,false,false
4285,1,130560,130560,4232736,4243508,4102176,4112948,262,4,false,false
4286,1,130560,130560,4232736,4243508,4102176,4112948,263,4,false,false
4287,1,130560,130560,4232736,4243508,4102176,4112948,264,4,false,false
4288,1,130625,130625,4253788,4264560,4123163,4133935,265,4,false,false
4289,1,130625,130625,4253788,4264560,4123163,4133935,266,4,false,false
4290,1,130625,130625,4253788,4264560,4123163,4133935,267,4,false,false
4291,1,130625,130625,4253788,4264560,4123163,4133935,268,4,false,false
4292,1,130625,130625,4278168,4286636,4147543,4156011,269,4,false,false
4293,1,130689,130689,4278168,4286636,4147479,4155947,270,4,false,false
4294,1,130689,130689,4278168,4286636,4147479,4155947,271,4,false,false
4295,1,130689,130689,4278168,4286636,4147479,4155947,272,4,false,false
4296,1,130689,130689,4297684,4308456,4166995,4177767,273,4,false,false
4297,2,130754,130754,7332608,7351828,7201854,7221074,231,4,false,false
4298,2,130754,130754,7332608,7351828,7201854,7221074,232,4,false,false
4299,2,130754,130754,7375440,7394660,7244686,7263906,233,4,false,false
4300,2,130754,130754,7375440,7394660,7244686,7263906,234,4,false,false
4301,1,130816,130816,4297684,4308456,4166868,4177640,274,4,false,false
4302,1,130816,130816,4297684,4308456,4166868,4177640,275,4,false,false
4303,1,130816,130816,4297684,4308456,4166868,4177640,276,4,false,false
4304,1,130816,130816,4326928,4337700,4196112,4206884,277,4,false,false
4305,1,130880,130880,4326928,4337700,4196048,4206820,278,4,false,false
4306,1,130880,130880,4326928,4337700,4196048,4206820,279,4,false,false
4307,1,130880,130880,4326928,4337700,4196048,4206820,280,4,false,false
4308,1,130880,130880,4354380,4367200,4223500,4236320,281,4,false,false
4309,2,130944,130944,7375440,7394660,7244496,7263716,235,4,false,false
4310,2,130944,130944,7375440,7394660,7244496,7263716,236,4,false,false
4311,2,130944,130944,7424672,7441332,7293728,7310388,237,4,false,false
4312,2,130944,130944,7424672,7441332,7293728,7310388,238,4,false,false
4313,2,130945,130945,7424672,7441332,7293727,7310387,239,4,false,false
4314,2,130945,130945,7424672,7441332,7293727,7310387,240,4,false,false
4315,2,130945,130945,7464432,7483908,7333487,7352963,241,4,false,false
4316,2,130945,130945,7464432,7483908,7333487,7352963,242,4,false,false
4317,1,130976,130976,4354380,4367200,4223404,4236224,282,4,false,false
4318,1,130976,130976,4354380,4367200,4223404,4236224,283,4,false,false
4319,1,130976,130976,4354380,4367200,4223404,4236224,284,4,false,false
4320,1,130976,130976,4378248,4391836,4247272,4260860,285,4,false,false
4321,2,130977,130977,7464432,7483908,7333455,7352931,243,4,false,false
4322,2,130977,130977,7464432,7483908,7333455,7352931,244,4,false,false
4323,2,130977,130977,7505472,7521876,7374495,7390899,245,4,false,false
4324,2,130977,130977,7505472,7521876,7374495,7390899,246,4,false,false
4325,2,131041,131041,7505472,7521876,7374431,7390835,247,4,false,false
4326,2,131041,131041,7505472,7521876,7374431,7390835,248,4,false,false
4327,2,131041,131041,7549328,7562916,7418287,7431875,249,4,false,false
4328,2,131041,131041,7549328,7562916,7418287,7431875,250,4,false,false
4329,2,131105,131105,7549328,7562916,7418223,7431811,251,4,false,false
4330,2,131105,131105,7549328,7562916,7418223,7431811,252,4,false,false
4331,2,131105,131105,7589856,7606516,7458751,7475411,253,4,false,false
4332,2,131105,131105,7589856,7606516,7458751,7475411,254,4,false,false
4333,1,131201,131201,4378248,4391836,4247047,4260635,286,4,false,false
4334,1,131201,131201,4378248,4391836,4247047,4260635,287,4,false,false
4335,1,131201,131201,4378248,4391836,4247047,4260635,288,4,false,false
4336,1,131201,131201,4404932,4412632,4273731,4281431,289,4,false,false
4337,1,131201,131201,4404932,4412632,4273731,4281431,290,4,false,false
4338,1,131232,131232,4404932,4412632,4273700,4281400,291,4,false,false
4339,1,131232,131232,4404932,4412632,4273700,4281400,292,4,false,false
4340,1,131232,131232,4426240,4438548,4295008,4307316,293,4,false,false
4341,1,131232,131232,4426240,4438548,4295008,4307316,294,4,false,false
4342,1,131233,131233,4426240,4438548,4295007,4307315,295,4,false,false
4343,1,131233,131233,4426240,4438548,4295007,4307315,296,4,false,false
4344,1,131233,131233,4450108,4463696,4318875,4332463,297,4,false,false
4345,1,131233,131233,4450108,4463696,4318875,4332463,298,4,false,false
4346,1,131296,131296,4450108,4463696,4318812,4332400,299,4,false,false
4347,1,131296,131296,4450108,4463696,4318812,4332400,300,4,false,false
4348,1,131296,131296,4477048,4487820,4345752,4356524,301,4,false,false
4349,1,131296,131296,4477048,4487820,4345752,4356524,302,4,false,false
4350,1,131393,131393,4477048,4487820,4345655,4356427,303,4,false,false
4351,1,131393,131393,4477048,4487820,4345655,4356427,304,4,false,false
4352,1,131393,131393,4501940,4512712,4370547,4381319,305,4,false,false
4353,1,131393,131393,4501940,4512712,4370547,4381319,306,4,false,false
4354,2,131393,131393,7589856,7606516,7458463,7475123,255,4,false,false
4355,2,131393,131393,7589856,7606516,7458463,7475123,256,4,false,false
4356,2,131393,131393,7634224,7649092,7502831,7517699,257,4,false,false
4357,2,131393,131393,7634224,7649092,7502831,7517699,258,4,false,false
4358,2,131489,131489,7634224,7649092,7502735,7517603,259,4,false,false
4359,2,131489,131489,7634224,7649092,7502735,7517603,260,4,false,false
4360,2,131489,131489,7671168,7683476,7539679,7551987,261,4,false,false
4361,2,131489,131489,7671168,7683476,7539679,7551987,262,4,false,false
4362,1,131552,131552,4501940,4512712,4370388,4381160,307,4,false,false
4363,1,131552,131552,4501940,4512712,4370388,4381160,308,4,false,false
4364,1,131552,131552,4531184,4541956,4399632,4410404,309,4,false,false
4365,1,131552,131552,4531184,4541956,4399632,4410404,310,4,false,false
4366,1,131584,131584,4531184,4541956,4399600,4410372,311,4,false,false
4367,1,131584,131584,4531184,4541956,4399600,4410372,312,4,false,false
4368,1,131584,131584,4553516,4566848,4421932,4435264,313,4,false,false
4369,1,131584,131584,4553516,4566848,4421932,4435264,314,4,false,false
4370,2,131585,131585,7671168,7683476,7539583,7551891,263,4,false,false
4371,2,131585,131585,7671168,7683476,7539583,7551891,264,4,false,false
4372,2,131585,131585,7716048,7724260,7584463,7592675,265,4,false,false
4373,2,131585,131585,7716048,7724260,7584463,7592675,266,4,false,false
4374,1,131586,131586,4553516,4566848,4421930,4435262,315,4,false,false
4375,1,131586,131586,4553516,4566848,4421930,4435262,316,4,false,false
4376,1,131586,131586,4580456,4595068,4448870,4463482,317,4,false,false
4377,1,131586,131586,4580456,4595068,4448870,4463482,318,4,false,false
4378,2,131617,131617,7716048,7724260,7584431,7592643,267,4,false,false
4379,1,131648,131648,4580456,4595068,4448808,4463420,319,4,false,false
4380,1,131648,131648,4580456,4595068,4448808,4463420,320,4,false,false
4381,1,131648,131648,4608676,4620984,4477028,4489336,321,4,false,false
4382,1,131648,131648,4608676,4620984,4477028,4489336,322,4,false,false
4383,1,131648,131648,4608676,4620984,4477028,4489336,323,4,false,false
4384,1,131648,131648,4608676,4620984,4477028,4489336,324,4,false,false
4385,1,131648,131648,4637408,4649204,4505760,4517556,325,4,false,false
4386,1,131648,131648,4637408,4649204,4505760,4517556,326,4,false,false
4387,1,131648,131648,4637408,4649204,4505760,4517556,327,4,false,false
4388,1,131648,131648,4637408,4649204,4505760,4517556,328,4,false,false
4389,1,131648,131648,4660252,4672560,4528604,4540912,329,4,false,false
4390,1,131648,131648,4660252,4672560,4528604,4540912,330,4,false,false
4391,1,131649,131649,4660252,4672560,4528603,4540911,331,4,false,false
4392,1,131649,131649,4660252,4672560,4528603,4540911,332,4,false,false
4393,1,131649,131649,4688216,4698988,4556567,4567339,333,4,false,false
4394,1,131649,131649,4688216,4698988,4556567,4567339,334,4,false,false
4395,2,131712,131712,7716048,7724260,7584336,7592548,268,4,false,false
4396,2,131712,131712,7746080,7756852,7614368,7625140,269,4,false,false
4397,2,131712,131712,7746080,7756852,7614368,7625140,270,4,false,false
4398,2,131712,131712,7746080,7756852,7614368,7625140,271,4,false,false
4399,1,131713,131713,4688216,4698988,4556503,4567275,335,4,false,false
4400,1,131713,131713,4688216,4698988,4556503,4567275,336,4,false,false
4401,1,131713,131713,4712852,4723624,4581139,4591911,337,4,false,false
4402,1,131713,131713,4712852,4723624,4581139,4591911,338,4,false,false
4403,1,131713,131713,4712852,4723624,4581139,4591911,339,4,false,false
4404,1,131713,131713,4712852,4723624,4581139,4591911,340,4,false,false
4405,1,131713,131713,4737488,4748260,4605775,4616547,341,4,false,false
4406,1,131713,131713,4737488,4748260,4605775,4616547,342,4,false,false
4407,1,131713,131713,4737488,4748260,4605775,4616547,343,4,false,false
4408,1,131713,131713,4737488,4748260,4605775,4616547,344,4,false,false
4409,1,131713,131713,4762380,4773152,4630667,4641439,345,4,false,false
4410,1,131713,131713,4762380,4773152,4630667,4641439,346,4,false,false
4411,1,131776,131776,4762380,4773152,4630604,4641376,347,4,false,false
4412,1,131776,131776,4762380,4773152,4630604,4641376,348,4,false,false
4413,1,131776,131776,4792392,4804444,4660616,4672668,349,4,false,false
4414,1,131776,131776,4792392,4804444,4660616,4672668,350,4,false,false
4415,1,131776,131776,4792392,4804444,4660616,4672668,351,4,false,false
4416,1,131776,131776,4792392,4804444,4660616,4672668,352,4,false,false
4417,1,131776,131776,4825476,4837784,4693700,4706008,353,4,false,false
4418,1,131776,131776,4825476,4837784,4693700,4706008,354,4,false,false
4419,2,131808,131808,7746080,7756852,7614272,7625044,272,4,false,false
4420,2,131808,131808,7783280,7794052,7651472,7662244,273,4,false,false
4421,2,131808,131808,7783280,7794052,7651472,7662244,274,4,false,false
4422,2,131808,131808,7783280,7794052,7651472,7662244,275,4,false,false
4423,1,131809,131809,4825476,4837784,4693667,4705975,355,4,false,false
4424,1,131809,131809,4825476,4837784,4693667,4705975,356,4,false,false
4425,1,131809,131809,4855488,4866260,4723679,4734451,357,4,false,false
4426,1,131809,131809,4855488,4866260,4723679,4734451,358,4,false,false
4427,1,131872,131872,4855488,4866260,4723616,4734388,359,4,false,false
4428,1,131872,131872,4855488,4866260,4723616,4734388,360,4,false,false
4429,1,131872,131872,4877308,4888080,4745436,4756208,361,4,false,false
4430,1,131872,131872,4877308,4888080,4745436,4756208,362,4,false,false
4431,1,131872,131872,4877308,4888080,4745436,4756208,363,4,false,false
4432,1,131872,131872,4877308,4888080,4745436,4756208,364,4,false,false
4433,1,131872,131872,4904504,4918092,4772632,4786220,365,4,false,false
4434,1,131872,131872,4904504,4918092,4772632,4786220,366,4,false,false
4435,2,131873,131873,7783280,7794052,7651407,7662179,276,4,false,false
4436,2,131873,131873,7828416,7839188,7696543,7707315,277,4,false,false
4437,2,131873,131873,7828416,7839188,7696543,7707315,278,4,false,false
4438,2,131873,131873,7828416,7839188,7696543,7707315,279,4,false,false
4439,2,131904,131904,7828416,7839188,7696512,7707284,280,4,false,false
4440,2,131904,131904,7865616,7877924,7733712,7746020,281,4,false,false
4441,2,131904,131904,7865616,7877924,7733712,7746020,282,4,false,false
4442,2,131904,131904,7865616,7877924,7733712,7746020,283,4,false,false
4443,2,131905,131905,7865616,7877924,7733711,7746019,284,4,false,false
4444,2,131905,131905,7898208,7913844,7766303,7781939,285,4,false,false
4445,2,131905,131905,7898208,7913844,7766303,7781939,286,4,false,false
4446,2,131905,131905,7898208,7913844,7766303,7781939,287,4,false,false
4447,2,131936,131936,7898208,7913844,7766272,7781908,288,4,false,false
4448,2,131936,131936,7937712,7950532,7805776,7818596,289,4,false,false
4449,2,131936,131936,7937712,7950532,7805776,7818596,290,4,false,false
4450,2,131936,131936,7937712,7950532,7805776,7818596,291,4,false,false
4451,1,131968,131968,4904504,4918092,4772536,4786124,367,4,false,false
4452,1,131968,131968,4904504,4918092,4772536,4786124,368,4,false,false
4453,1,131968,131968,4929140,4942728,4797172,4810760,369,4,false,false
4454,1,131968,131968,4929140,4942728,4797172,4810760,370,4,false,false
4455,1,131969,131969,4929140,4942728,4797171,4810759,371,4,false,false
4456,1,131969,131969,4929140,4942728,4797171,4810759,372,4,false,false
4457,1,131969,131969,4956336,4967108,4824367,4835139,373,4,false,false
4458,1,131969,131969,4956336,4967108,4824367,4835139,374,4,false,false
4459,2,132001,132001,7937712,7950532,7805711,7818531,292,4,false,false
4460,2,132001,132001,7979264,7991572,7847263,7859571,293,4,false,false
4461,2,132001,132001,7979264,7991572,7847263,7859571,294,4,false,false
4462,2,132001,132001,7979264,7991572,7847263,7859571,295,4,false,false
4463,2,132002,132002,7979264,7991572,7847262,7859570,296,4,false,false
4464,2,132002,132002,8015440,8030564,7883438,7898562,297,4,false,false
4465,2,132002,132002,8015440,8030564,7883438,7898562,298,4,false,false
4466,2,132002,132002,8015440,8030564,7883438,7898562,299,4,false,false
4467,1,132033,132033,4956336,4967108,4824303,4835075,375,4,false,false
4468,1,132033,132033,4956336,4967108,4824303,4835075,376,4,false,false
4469,1,132033,132033,4983276,4994048,4851243,4862015,377,4,false,false
4470,1,132033,132033,4983276,4994048,4851243,4862015,378,4,false,false
4471,2,132064,132064,8015440,8030564,7883376,7898500,300,4,false,false
4472,2,132064,132064,8058528,8069812,7926464,7937748,301,4,false,false
4473,2,132064,132064,8058528,8069812,7926464,7937748,302,4,false,false
4474,2,132064,132064,8058528,8069812,7926464,7937748,303,4,false,false
4475,2,132064,132064,8058528,8069812,7926464,7937748,304,4,false,false
4476,2,132064,132064,8101872,8116228,7969808,7984164,305,4,false,false
4477,2,132064,132064,8101872,8116228,7969808,7984164,306,4,false,false
4478,2,132064,132064,8101872,8116228,7969808,7984164,307,4,false,false
4479,2,132064,132064,8101872,8116228,7969808,7984164,308,4,false,false
4480,2,132064,132064,8140352,8155476,8008288,8023412,309,4,false,false
4481,2,132064,132064,8140352,8155476,8008288,8023412,310,4,false,false
4482,2,132064,132064,8140352,8155476,8008288,8023412,311,4,false,false
4483,2,132066,132066,8140352,8155476,8008286,8023410,312,4,false,false
4484,2,132066,132066,8180624,8191396,8048558,8059330,313,4,false,false
4485,2,132066,132066,8180624,8191396,8048558,8059330,314,4,false,false
4486,2,132066,132066,8180624,8191396,8048558,8059330,315,4,false,false
4487,2,132097,132097,8180624,8191396,8048527,8059299,316,4,false,false
4488,2,132097,132097,8218592,8229364,8086495,8097267,317,4,false,false
4489,2,132097,132097,8218592,8229364,8086495,8097267,318,4,false,false
4490,2,132097,132097,8218592,8229364,8086495,8097267,319,4,false,false
4491,2,132161,132161,8218592,8229364,8086431,8097203,320,4,false,false
4492,2,132161,132161,8255024,8265796,8122863,8133635,321,4,false,false
4493,2,132161,132161,8255024,8265796,8122863,8133635,322,4,false,false
4494,2,132161,132161,8255024,8265796,8122863,8133635,323,4,false,false
4495,1,132161,132161,4983276,4994048,4851115,4861887,379,4,false,false
4496,1,132161,132161,4983276,4994048,4851115,4861887,380,4,false,false
4497,1,132161,132161,5007400,5018172,4875239,4886011,381,4,false,false
4498,1,132161,132161,5007400,5018172,4875239,4886011,382,4,false,false
4499,1,132161,132161,5007400,5018172,4875239,4886011,383,4,false,false
4500,1,132161,132161,5007400,5018172,4875239,4886011,384,4,false,false
4501,1,132161,132161,5027428,5039480,4895267,4907319,385,4,false,false
4502,1,132161,132161,5027428,5039480,4895267,4907319,386,4,false,false
4503,1,132192,132192,5027428,5039480,4895236,4907288,387,4,false,false
4504,1,132192,132192,5027428,5039480,4895236,4907288,388,4,false,false
4505,1,132192,132192,5056160,5071284,4923968,4939092,389,4,false,false
4506,1,132192,132192,5056160,5071284,4923968,4939092,390,4,false,false
4507,1,132192,132192,5056160,5071284,4923968,4939092,391,4,false,false
4508,1,132192,132192,5056160,5071284,4923968,4939092,392,4,false,false
4509,1,132192,132192,5082844,5096688,4950652,4964496,393,4,false,false
4510,1,132192,132192,5082844,5096688,4950652,4964496,394,4,false,false
4511,2,132194,132194,8255024,8265796,8122830,8133602,324,4,false,false
4512,2,132194,132194,8289152,8299156,8156958,8166962,325,4,false,false
4513,2,132194,132194,8289152,8299156,8156958,8166962,326,4,false,false
4514,2,132194,132194,8289152,8299156,8156958,8166962,327,4,false,false
4515,2,132288,132288,8289152,8299156,8156864,8166868,328,4,false,false
4516,2,132288,132288,8333008,8343524,8200720,8211236,329,4,false,false
4517,2,132288,132288,8333008,8343524,8200720,8211236,330,4,false,false
4518,2,132288,132288,8333008,8343524,8200720,8211236,331,4,false,false
4519,2,132289,132289,8333008,8343524,8200719,8211235,332,4,false,false
4520,2,132289,132289,8373792,8388916,8241503,8256627,333,4,false,false
4521,2,132289,132289,8373792,8388916,8241503,8256627,334,4,false,false
4522,2,132289,132289,8373792,8388916,8241503,8256627,335,4,false,false
4523,1,132320,132320,5082844,5096688,4950524,4964368,395,4,false,false
4524,1,132320,132320,5082844,5096688,4950524,4964368,396,4,false,false
4525,1,132320,132320,5117720,5131308,4985400,4998988,397,4,false,false
4526,1,132320,132320,5117720,5131308,4985400,4998988,398,4,false,false
4527,1,132352,132352,5117720,5131308,4985368,4998956,399,4,false,false
4528,1,132352,132352,5117720,5131308,4985368,4998956,400,4,false,false
4529,1,132352,132352,5145684,5159528,5013332,5027176,401,4,false,false
4530,1,132352,132352,5145684,5159528,5013332,5027176,402,4,false,false
4531,1,132352,132352,5145684,5159528,5013332,5027176,403,4,false,false
4532,1,132352,132352,5145684,5159528,5013332,5027176,404,4,false,false
4533,1,132352,132352,5180816,5191588,5048464,5059236,405,4,false,false
4534,1,132352,132352,5180816,5191588,5048464,5059236,406,4,false,false
4535,2,132353,132353,8373792,8388916,8241439,8256563,336,4,false,false
4536,2,132353,132353,8420720,8430724,8288367,8298371,337,4,false,false
4537,2,132353,132353,8420720,8430724,8288367,8298371,338,4,false,false
4538,2,132353,132353,8420720,8430724,8288367,8298371,339,4,false,false
4539,1,132353,132353,5180816,5191588,5048463,5059235,407,4,false,false
4540,1,132353,132353,5180816,5191588,5048463,5059235,408,4,false,false
4541,1,132353,132353,5205708,5216480,5073355,5084127,409,4,false,false
4542,1,132353,132353,5205708,5216480,5073355,5084127,410,4,false,false
4543,2,132354,132354,8420720,8430724,8288366,8298370,340,4,false,false
4544,2,132354,132354,8456896,8465876,8324542,8333522,341,4,false,false
4545,2,132354,132354,8456896,8465876,8324542,8333522,342,4,false,false
4546,2,132354,132354,8456896,8465876,8324542,8333522,343,4,false,false
4547,2,132384,132384,8456896,8465876,8324512,8333492,344,4,false,false
4548,2,132384,132384,8495888,8508196,8363504,8375812,345,4,false,false
4549,2,132384,132384,8495888,8508196,8363504,8375812,346,4,false,false
4550,2,132384,132384,8495888,8508196,8363504,8375812,347,4,false,false
4551,1,132416,132416,5205708,5216480,5073292,5084064,411,4,false,false
4552,1,132416,132416,5205708,5216480,5073292,5084064,412,4,false,false
4553,1,132416,132416,5232904,5243676,5100488,5111260,413,4,false,false
4554,1,132416,132416,5232904,5243676,5100488,5111260,414,4,false,false
4555,2,132417,132417,8495888,8508196,8363471,8375779,348,4,false,false
4556,2,132417,132417,8536672,8551796,8404255,8419379,349,4,false,false
4557,2,132417,132417,8536672,8551796,8404255,8419379,350,4,false,false
4558,2,132417,132417,8536672,8551796,8404255,8419379,351,4,false,false
4559,2,132448,132448,8536672,8551796,8404224,8419348,352,4,false,false
4560,2,132448,132448,8579504,8587716,8447056,8455268,353,4,false,false
4561,2,132448,132448,8579504,8587716,8447056,8455268,354,4,false,false
4562,2,132448,132448,8579504,8587716,8447056,8455268,355,4,false,false
4563,2,132480,132480,8579504,8587716,8447024,8455236,356,4,false,false
4564,1,132480,132480,5232904,5243676,5100424,5111196,415,4,false,false
4565,1,132480,132480,5232904,5243676,5100424,5111196,416,4,false,false
4566,1,132480,132480,5264728,5274732,5132248,5142252,417,4,false,false
4567,1,132480,132480,5264728,5274732,5132248,5142252,418,4,false,false
4568,1,132481,132481,5264728,5274732,5132247,5142251,419,4,false,false
4569,2,132513,132513,8610048,8620820,8477535,8488307,357,4,false,false
4570,2,132513,132513,8610048,8620820,8477535,8488307,358,4,false,false
4571,2,132513,132513,8610048,8620820,8477535,8488307,359,4,false,false
4572,2,132513,132513,8610048,8620820,8477535,8488307,360,4,false,false
4573,1,132544,132544,5264728,5274732,5132184,5142188,420,4,false,false
4574,1,132544,132544,5293736,5309372,5161192,5176828,421,4,false,false
4575,1,132544,132544,5293736,5309372,5161192,5176828,422,4,false,false
4576,1,132544,132544,5293736,5309372,5161192,5176828,423,4,false,false
4577,1,132544,132544,5293736,5309372,5161192,5176828,424,4,false,false
4578,1,132544,132544,5328888,5339148,5196344,5206604,425,4,false,false
4579,1,132544,132544,5328888,5339148,5196344,5206604,426,4,false,false
4580,1,132544,132544,5328888,5339148,5196344,5206604,427,4,false,false
4581,2,132608,132608,8644944,8655716,8512336,8523108,361,4,false,false
4582,2,132608,132608,8644944,8655716,8512336,8523108,362,4,false,false
4583,2,132608,132608,8644944,8655716,8512336,8523108,363,4,false,false
4584,2,132608,132608,8644944,8655716,8512336,8523108,364,4,false,false
4585,2,132609,132609,8680352,8691124,8547743,8558515,365,4,false,false
4586,2,132609,132609,8680352,8691124,8547743,8558515,366,4,false,false
4587,2,132609,132609,8680352,8691124,8547743,8558515,367,4,false,false
4588,2,132609,132609,8680352,8691124,8547743,8558515,368,4,false,false
4589,2,132609,132609,8720112,8730884,8587503,8598275,369,4,false,false
4590,2,132609,132609,8720112,8730884,8587503,8598275,370,4,false,false
4591,2,132609,132609,8720112,8730884,8587503,8598275,371,4,false,false
4592,2,132609,132609,8720112,8730884,8587503,8598275,372,4,false,false
4593,1,132640,132640,5328888,5339148,5196248,5206508,428,4,false,false
4594,2,132640,132640,8754752,8776788,8622112,8644148,373,4,false,false
4595,2,132640,132640,8754752,8776788,8622112,8644148,374,4,false,false
4596,2,132640,132640,8754752,8776788,8622112,8644148,375,4,false,false
4597,2,132640,132640,8754752,8776788,8622112,8644148,376,4,false,false
4598,1,132673,132673,5355592,5366620,5222919,5233947,429,4,false,false
4599,1,132673,132673,5355592,5366620,5222919,5233947,430,4,false,false
4600,1,132673,132673,5355592,5366620,5222919,5233947,431,4,false,false
4601,1,132673,132673,5355592,5366620,5222919,5233947,432,4,false,false
4602,1,132737,132737,5391000,5404588,5258263,5271851,433,4,false,false
4603,1,132737,132737,5391000,5404588,5258263,5271851,434,4,false,false
4604,1,132737,132737,5391000,5404588,5258263,5271851,435,4,false,false
4605,1,132737,132737,5391000,5404588,5258263,5271851,436,4,false,false
4606,0,132737,132737,12714212,12716280,12581475,12583543,1874,4,false,false
4607,1,132800,132800,5431528,5445116,5298728,5312316,437,4,false,false
4608,1,132800,132800,5431528,5445116,5298728,5312316,438,4,false,false
4609,1,132800,132800,5431528,5445116,5298728,5312316,439,4,false,false
4610,1,132800,132800,5431528,5445116,5298728,5312316,440,4,false,false
4611,2,132800,132800,8806032,8822692,8673232,8689892,377,4,false,false
4612,2,132800,132800,8806032,8822692,8673232,8689892,378,4,false,false
4613,2,132800,132800,8806032,8822692,8673232,8689892,379,4,false,false
4614,2,132800,132800,8806032,8822692,8673232,8689892,380,4,false,false
4615,1,132833,132833,5471544,5482316,5338711,5349483,441,4,false,false
4616,1,132833,132833,5471544,5482316,5338711,5349483,442,4,false,false
4617,1,132833,132833,5471544,5482316,5338711,5349483,443,4,false,false
4618,1,132833,132833,5471544,5482316,5338711,5349483,444,4,false,false
4619,1,132833,132833,5504648,5517980,5371815,5385147,445,4,false,false
4620,1,132833,132833,5504648,5517980,5371815,5385147,446,4,false,false
4621,1,132833,132833,5504648,5517980,5371815,5385147,447,4,false,false
4622,1,132833,132833,5504648,5517980,5371815,5385147,448,4,false,false
4623,1,132833,132833,5545176,5555948,5412343,5423115,449,4,false,false
4624,1,132833,132833,5545176,5555948,5412343,5423115,450,4,false,false
4625,1,132833,132833,5545176,5555948,5412343,5423115,451,4,false,false
4626,1,132833,132833,5545176,5555948,5412343,5423115,452,4,false,false
4627,1,132865,132865,5582888,5593660,5450023,5460795,453,4,false,false
4628,1,132865,132865,5582888,5593660,5450023,5460795,454,4,false,false
4629,1,132865,132865,5582888,5593660,5450023,5460795,455,4,false,false
4630,1,132865,132865,5582888,5593660,5450023,5460795,456,4,false,false
4631,2,132896,132896,8847840,8864500,8714944,8731604,381,4,false,false
4632,2,132896,132896,8847840,8864500,8714944,8731604,382,4,false,false
4633,2,132896,132896,8847840,8864500,8714944,8731604,383,4,false,false
4634,2,132896,132896,8847840,8864500,8714944,8731604,384,4,false,false
4635,1,132960,132960,5624696,5635468,5491736,5502508,457,4,false,false
4636,1,132960,132960,5624696,5635468,5491736,5502508,458,4,false,false
4637,1,132960,132960,5624696,5635468,5491736,5502508,459,4,false,false
4638,1,132960,132960,5624696,5635468,5491736,5502508,460,4,false,false
4639,2,132960,132960,8890160,8900932,8757200,8767972,385,4,false,false
4640,2,132960,132960,8890160,8900932,8757200,8767972,386,4,false,false
4641,2,132960,132960,8890160,8900932,8757200,8767972,387,4,false,false
4642,2,132960,132960,8890160,8900932,8757200,8767972,388,4,false,false
4643,2,132960,132960,8928384,8939156,8795424,8806196,389,4,false,false
4644,2,132960,132960,8928384,8939156,8795424,8806196,390,4,false,false
4645,2,132960,132960,8928384,8939156,8795424,8806196,391,4,false,false
4646,2,132960,132960,8928384,8939156,8795424,8806196,392,4,false,false
4647,2,132992,132992,8970960,8987620,8837968,8854628,393,4,false,false
4648,2,132992,132992,8970960,8987620,8837968,8854628,394,4,false,false
4649,2,132992,132992,8970960,8987620,8837968,8854628,395,4,false,false
4650,2,132992,132992,8970960,8987620,8837968,8854628,396,4,false,false
4651,1,132993,132993,5661128,5674716,5528135,5541723,461,4,false,false
4652,1,132993,132993,5661128,5674716,5528135,5541723,462,4,false,false
4653,1,132993,132993,5661128,5674716,5528135,5541723,463,4,false,false
4654,1,132993,132993,5661128,5674716,5528135,5541723,464,4,false,false
4655,2,132994,132994,9013536,9030196,8880542,8897202,397,4,false,false
4656,2,132994,132994,9013536,9030196,8880542,8897202,398,4,false,false
4657,2,132994,132994,9013536,9030196,8880542,8897202,399,4,false,false
4658,2,132994,132994,9013536,9030196,8880542,8897202,400,4,false,false
4659,1,132994,132994,5699608,5710380,5566614,5577386,465,4,false,false
4660,1,132994,132994,5699608,5710380,5566614,5577386,466,4,false,false
4661,1,132994,132994,5699608,5710380,5566614,5577386,467,4,false,false
4662,1,132994,132994,5699608,5710380,5566614,5577386,468,4,false,false
4663,1,133024,133024,5732456,5746044,5599432,5613020,469,4,false,false
4664,1,133024,133024,5732456,5746044,5599432,5613020,470,4,false,false
4665,1,133024,133024,5732456,5746044,5599432,5613020,471,4,false,false
4666,1,133024,133024,5732456,5746044,5599432,5613020,472,4,false,false
4667,1,133057,133057,5766840,5775052,5633783,5641995,473,4,false,false
4668,1,133057,133057,5766840,5775052,5633783,5641995,474,4,false,false
4669,1,133057,133057,5766840,5775052,5633783,5641995,475,4,false,false
4670,1,133057,133057,5766840,5775052,5633783,5641995,476,4,false,false
4671,2,133089,133089,9063536,9074308,8930447,8941219,401,4,false,false
4672,2,133089,133089,9063536,9074308,8930447,8941219,402,4,false,false
4673,2,133089,133089,9063536,9074308,8930447,8941219,403,4,false,false
4674,2,133089,133089,9063536,9074308,8930447,8941219,404,4,false,false
4675,1,133089,133089,5796872,5807644,5663783,5674555,477,4,false,false
4676,1,133089,133089,5796872,5807644,5663783,5674555,478,4,false,false
4677,1,133089,133089,5796872,5807644,5663783,5674555,479,4,false,false
4678,1,133089,133089,5796872,5807644,5663783,5674555,480,4,false,false
4679,2,133120,133120,9097664,9111252,8964544,8978132,405,4,false,false
4680,2,133120,133120,9097664,9111252,8964544,8978132,406,4,false,false
4681,2,133120,133120,9097664,9111252,8964544,8978132,407,4,false,false
4682,2,133120,133120,9097664,9111252,8964544,8978132,408,4,false,false
4683,1,133153,133153,5832024,5842796,5698871,5709643,481,4,false,false
4684,1,133153,133153,5832024,5842796,5698871,5709643,482,4,false,false
4685,1,133153,133153,5832024,5842796,5698871,5709643,483,4,false,false
4686,1,133153,133153,5832024,5842796,5698871,5709643,484,4,false,false
4687,2,133153,133153,9137168,9147940,9004015,9014787,409,4,false,false
4688,2,133153,133153,9137168,9147940,9004015,9014787,410,4,false,false
4689,2,133153,133153,9137168,9147940,9004015,9014787,411,4,false,false
4690,2,133153,133153,9137168,9147940,9004015,9014787,412,4,false,false
4691,1,133154,133154,5867432,5880764,5734278,5747610,485,4,false,false
4692,1,133154,133154,5867432,5880764,5734278,5747610,486,4,false,false
4693,1,133154,133154,5867432,5880764,5734278,5747610,487,4,false,false
4694,1,133154,133154,5867432,5880764,5734278,5747610,488,4,false,false
4695,1,133184,133184,5907960,5924108,5774776,5790924,489,4,false,false
4696,1,133184,133184,5907960,5924108,5774776,5790924,490,4,false,false
4697,1,133184,133184,5907960,5924108,5774776,5790924,491,4,false,false
4698,1,133184,133184,5907960,5924108,5774776,5790924,492,4,false,false
4699,1,133216,133216,5953352,5964124,5820136,5830908,493,4,false,false
4700,1,133216,133216,5953352,5964124,5820136,5830908,494,4,false,false
4701,1,133216,133216,5953352,5964124,5820136,5830908,495,4,false,false
4702,1,133216,133216,5953352,5964124,5820136,5830908,496,4,false,false
4703,1,133217,133217,5988248,6001836,5855031,5868619,497,4,false,false
4704,1,133217,133217,5988248,6001836,5855031,5868619,498,4,false,false
4705,1,133217,133217,5988248,6001836,5855031,5868619,499,4,false,false
4706,1,133217,133217,5988248,6001836,5855031,5868619,500,4,false,false
4707,1,133248,133248,6026216,6036988,5892968,5903740,501,4,false,false
4708,1,133248,133248,6026216,6036988,5892968,5903740,502,4,false,false
4709,1,133248,133248,6026216,6036988,5892968,5903740,503,4,false,false
4710,1,133248,133248,6026216,6036988,5892968,5903740,504,4,false,false
4711,1,133280,133280,6066232,6077004,5932952,5943724,505,4,false,false
4712,1,133280,133280,6066232,6077004,5932952,5943724,506,4,false,false
4713,1,133280,133280,6066232,6077004,5932952,5943724,507,4,false,false
4714,1,133280,133280,6066232,6077004,5932952,5943724,508,4,false,false
4715,1,133281,133281,6109064,6122396,5975783,5989115,509,4,false,false
4716,1,133281,133281,6109064,6122396,5975783,5989115,510,4,false,false
4717,1,133281,133281,6109064,6122396,5975783,5989115,511,4,false,false
4718,1,133281,133281,6109064,6122396,5975783,5989115,512,4,false,false
4719,2,133281,133281,9167200,9177972,9033919,9044691,413,4,false,false
4720,2,133281,133281,9167200,9177972,9033919,9044691,414,4,false,false
4721,2,133281,133281,9167200,9177972,9033919,9044691,415,4,false,false
4722,2,133281,133281,9167200,9177972,9033919,9044691,416,4,false,false
4723,1,133312,133312,6153432,6164204,6020120,6030892,513,4,false,false
4724,1,133312,133312,6153432,6164204,6020120,6030892,514,4,false,false
4725,1,133312,133312,6153432,6164204,6020120,6030892,515,4,false,false
4726,1,133312,133312,6153432,6164204,6020120,6030892,516,4,false,false
4727,2,133344,133344,9202864,9216196,9069520,9082852,417,4,false,false
4728,2,133344,133344,9202864,9216196,9069520,9082852,418,4,false,false
4729,2,133344,133344,9202864,9216196,9069520,9082852,419,4,false,false
4730,2,133344,133344,9202864,9216196,9069520,9082852,420,4,false,false
4731,2,133345,133345,9236480,9250068,9103135,9116723,421,4,false,false
4732,2,133345,133345,9236480,9250068,9103135,9116723,422,4,false,false
4733,2,133345,133345,9236480,9250068,9103135,9116723,423,4,false,false
4734,2,133345,133345,9236480,9250068,9103135,9116723,424,4,false,false
4735,2,133377,133377,9274960,9285732,9141583,9152355,425,4,false,false
4736,2,133377,133377,9274960,9285732,9141583,9152355,426,4,false,false
4737,2,133377,133377,9274960,9285732,9141583,9152355,427,4,false,false
4738,2,133377,133377,9274960,9285732,9141583,9152355,428,4,false,false
4739,2,133409,133409,9312928,9323700,9179519,9190291,429,4,false,false
4740,2,133409,133409,9312928,9323700,9179519,9190291,430,4,false,false
4741,2,133409,133409,9312928,9323700,9179519,9190291,431,4,false,false
4742,2,133409,133409,9312928,9323700,9179519,9190291,432,4,false,false
4743,2,133409,133409,9350128,9363460,9216719,9230051,433,4,false,false
4744,2,133409,133409,9350128,9363460,9216719,9230051,434,4,false,false
4745,2,133409,133409,9350128,9363460,9216719,9230051,435,4,false,false
4746,2,133409,133409,9350128,9363460,9216719,9230051,436,4,false,false
4747,1,133410,133410,6190632,6204220,6057222,6070810,517,4,false,false
4748,1,133410,133410,6190632,6204220,6057222,6070810,518,4,false,false
4749,1,133410,133410,6190632,6204220,6057222,6070810,519,4,false,false
4750,1,133410,133410,6190632,6204220,6057222,6070810,520,4,false,false
4751,2,133442,133442,9387584,9398356,9254142,9264914,437,4,false,false
4752,2,133442,133442,9387584,9398356,9254142,9264914,438,4,false,false
4753,2,133442,133442,9387584,9398356,9254142,9264914,439,4,false,false
4754,2,133442,133442,9387584,9398356,9254142,9264914,440,4,false,false
4755,1,133473,133473,6236280,6247052,6102807,6113579,521,4,false,false
4756,1,133473,133473,6236280,6247052,6102807,6113579,522,4,false,false
4757,1,133473,133473,6236280,6247052,6102807,6113579,523,4,false,false
4758,1,133473,133473,6236280,6247052,6102807,6113579,524,4,false,false
4759,1,133473,133473,6272968,6283740,6139495,6150267,525,4,false,false
4760,1,133473,133473,6272968,6283740,6139495,6150267,526,4,false,false
4761,1,133473,133473,6272968,6283740,6139495,6150267,527,4,false,false
4762,1,133473,133473,6272968,6283740,6139495,6150267,528,4,false,false
4763,1,133474,133474,6305560,6313772,6172086,6180298,529,4,false,false
4764,1,133474,133474,6305560,6313772,6172086,6180298,530,4,false,false
4765,1,133474,133474,6305560,6313772,6172086,6180298,531,4,false,false
4766,1,133474,133474,6305560,6313772,6172086,6180298,532,4,false,false
4767,2,133504,133504,9424016,9434788,9290512,9301284,441,4,false,false
4768,2,133504,133504,9424016,9434788,9290512,9301284,442,4,false,false
4769,2,133504,133504,9424016,9434788,9290512,9301284,443,4,false,false
4770,2,133504,133504,9424016,9434788,9290512,9301284,444,4,false,false
4771,1,133536,133536,6340968,6351740,6207432,6218204,533,4,false,false
4772,1,133536,133536,6340968,6351740,6207432,6218204,534,4,false,false
4773,1,133536,133536,6340968,6351740,6207432,6218204,535,4,false,false
4774,1,133536,133536,6340968,6351740,6207432,6218204,536,4,false,false
4775,1,133537,133537,6378168,6386636,6244631,6253099,537,4,false,false
4776,2,133537,133537,9474016,9484788,9340479,9351251,445,4,false,false
4777,2,133537,133537,9474016,9484788,9340479,9351251,446,4,false,false
4778,2,133537,133537,9474016,9484788,9340479,9351251,447,4,false,false
4779,2,133537,133537,9474016,9484788,9340479,9351251,448,4,false,false
4780,1,133538,133538,6378168,6386636,6244630,6253098,538,4,false,false
4781,1,133538,133538,6378168,6386636,6244630,6253098,539,4,false,false
4782,1,133538,133538,6378168,6386636,6244630,6253098,540,4,false,false
4783,1,133538,133538,6411784,6422556,6278246,6289018,541,4,false,false
4784,2,133570,133570,9516592,9530180,9383022,9396610,449,4,false,false
4785,2,133570,133570,9516592,9530180,9383022,9396610,450,4,false,false
4786,2,133570,133570,9516592,9530180,9383022,9396610,451,4,false,false
4787,2,133570,133570,9516592,9530180,9383022,9396610,452,4,false,false
4788,1,133600,133600,6411784,6422556,6278184,6288956,542,4,false,false
4789,1,133600,133600,6411784,6422556,6278184,6288956,543,4,false,false
4790,1,133600,133600,6411784,6422556,6278184,6288956,544,4,false,false
4791,1,133600,133600,6440280,6451052,6306680,6317452,545,4,false,false
4792,1,133601,133601,6440280,6451052,6306679,6317451,546,4,false,false
4793,1,133601,133601,6440280,6451052,6306679,6317451,547,4,false,false
4794,1,133601,133601,6440280,6451052,6306679,6317451,548,4,false,false
4795,1,133601,133601,6469544,6480316,6335943,6346715,549,4,false,false
4796,2,133632,133632,9553280,9564052,9419648,9430420,453,4,false,false
4797,2,133632,133632,9553280,9564052,9419648,9430420,454,4,false,false
4798,2,133632,133632,9553280,9564052,9419648,9430420,455,4,false,false
4799,2,133632,133632,9553280,9564052,9419648,9430420,456,4,false,false
4800,1,133664,133664,6469544,6480316,6335880,6346652,550,4,false,false
4801,1,133664,133664,6469544,6480316,6335880,6346652,551,4,false,false
4802,1,133664,133664,6469544,6480316,6335880,6346652,552,4,false,false
4803,1,133664,133664,6504440,6519564,6370776,6385900,553,4,false,false
4804,2,133664,133664,9585872,9607908,9452208,9474244,457,4,false,false
4805,2,133664,133664,9585872,9607908,9452208,9474244,458,4,false,false
4806,2,133664,133664,9585872,9607908,9452208,9474244,459,4,false,false
4807,2,133664,133664,9585872,9607908,9452208,9474244,460,4,false,false
4808,2,133665,133665,9638176,9648948,9504511,9515283,461,4,false,false
4809,2,133665,133665,9638176,9648948,9504511,9515283,462,4,false,false
4810,2,133665,133665,9638176,9648948,9504511,9515283,463,4,false,false
4811,2,133665,133665,9638176,9648948,9504511,9515283,464,4,false,false
4812,1,133696,133696,6504440,6519564,6370744,6385868,554,4,false,false
4813,1,133696,133696,6504440,6519564,6370744,6385868,555,4,false,false
4814,1,133696,133696,6504440,6519564,6370744,6385868,556,4,false,false
4815,1,133696,133696,6541384,6555740,6407688,6422044,557,4,false,false
4816,1,133696,133696,6541384,6555740,6407688,6422044,558,4,false,false
4817,1,133696,133696,6541384,6555740,6407688,6422044,559,4,false,false
4818,1,133696,133696,6541384,6555740,6407688,6422044,560,4,false,false
4819,1,133696,133696,6572184,6583724,6438488,6450028,561,4,false,false
4820,2,133697,133697,9682288,9693060,9548591,9559363,465,4,false,false
4821,2,133697,133697,9682288,9693060,9548591,9559363,466,4,false,false
4822,2,133697,133697,9682288,9693060,9548591,9559363,467,4,false,false
4823,2,133697,133697,9682288,9693060,9548591,9559363,468,4,false,false
4824,1,133697,133697,6572184,6583724,6438487,6450027,562,4,false,false
4825,1,133697,133697,6572184,6583724,6438487,6450027,563,4,false,false
4826,1,133697,133697,6572184,6583724,6438487,6450027,564,4,false,false
4827,1,133697,133697,6600168,6610940,6466471,6477243,565,4,false,false
4828,2,133728,133728,9717952,9728980,9584224,9595252,469,4,false,false
4829,2,133728,133728,9717952,9728980,9584224,9595252,470,4,false,false
4830,2,133728,133728,9717952,9728980,9584224,9595252,471,4,false,false
4831,2,133728,133728,9717952,9728980,9584224,9595252,472,4,false,false
4832,1,133729,133729,6600168,6610940,6466439,6477211,566,4,false,false
4833,1,133729,133729,6600168,6610940,6466439,6477211,567,4,false,false
4834,1,133729,133729,6600168,6610940,6466439,6477211,568,4,false,false
4835,1,133729,133729,6634808,6647628,6501079,6513899,569,4,false,false
4836,1,133729,133729,6634808,6647628,6501079,6513899,570,4,false,false
4837,1,133729,133729,6634808,6647628,6501079,6513899,571,4,false,false
4838,1,133729,133729,6634808,6647628,6501079,6513899,572,4,false,false
4839,1,133729,133729,6669704,6685340,6535975,6551611,573,4,false,false
4840,2,133729,133729,9751312,9764900,9617583,9631171,473,4,false,false
4841,2,133729,133729,9751312,9764900,9617583,9631171,474,4,false,false
4842,2,133729,133729,9751312,9764900,9617583,9631171,475,4,false,false
4843,2,133729,133729,9751312,9764900,9617583,9631171,476,4,false,false
4844,1,133760,133760,6669704,6685340,6535944,6551580,574,4,false,false
4845,1,133760,133760,6669704,6685340,6535944,6551580,575,4,false,false
4846,1,133760,133760,6669704,6685340,6535944,6551580,576,4,false,false
4847,1,133760,133760,6709720,6721772,6575960,6588012,577,4,false,false
4848,3,133760,133760,12570060,12578784,12436300,12445024,1870,4,false,false
4849,3,133760,133760,12570060,12578784,12436300,12445024,1871,4,false,false
4850,3,133760,133760,12570060,12578784,12436300,12445024,1872,4,false,false
4851,3,133760,133760,12614684,12622896,12480924,12489136,1873,4,false,false
4852,2,133760,133760,9786976,9800564,9653216,9666804,477,4,false,false
4853,2,133760,133760,9786976,9800564,9653216,9666804,478,4,false,false
4854,2,133760,133760,9786976,9800564,9653216,9666804,479,4,false,false
4855,2,133760,133760,9786976,9800564,9653216,9666804,480,4,false,false
4856,1,133761,133761,6709720,6721772,6575959,6588011,578,4,false,false
4857,1,133761,133761,6709720,6721772,6575959,6588011,579,4,false,false
4858,1,133761,133761,6709720,6721772,6575959,6588011,580,4,false,false
4859,1,133761,133761,6749736,6760508,6615975,6626747,581,4,false,false
4860,2,133792,133792,9829040,9839812,9695248,9706020,481,4,false,false
4861,2,133792,133792,9829040,9839812,9695248,9706020,482,4,false,false
4862,2,133792,133792,9829040,9839812,9695248,9706020,483,4,false,false
4863,2,133792,133792,9829040,9839812,9695248,9706020,484,4,false,false
4864,1,133792,133792,6749736,6760508,6615944,6626716,582,4,false,false
4865,1,133792,133792,6749736,6760508,6615944,6626716,583,4,false,false
4866,1,133792,133792,6749736,6760508,6615944,6626716,584,4,false,false
4867,1,133792,133792,6776184,6795404,6642392,6661612,585,4,false,false
4868,1,133793,133793,6776184,6795404,6642391,6661611,586,4,false,false
4869,1,133793,133793,6776184,6795404,6642391,6661611,587,4,false,false
4870,1,133793,133793,6776184,6795404,6642391,6661611,588,4,false,false
4871,1,133793,133793,6814920,6828764,6681127,6694971,589,4,false,false
4872,2,133824,133824,9866496,9877268,9732672,9743444,485,4,false,false
4873,2,133824,133824,9866496,9877268,9732672,9743444,486,4,false,false
4874,2,133824,133824,9866496,9877268,9732672,9743444,487,4,false,false
4875,2,133824,133824,9866496,9877268,9732672,9743444,488,4,false,false
4876,2,133824,133824,9901136,9912164,9767312,9778340,489,4,false,false
4877,2,133824,133824,9901136,9912164,9767312,9778340,490,4,false,false
4878,2,133824,133824,9901136,9912164,9767312,9778340,491,4,false,false
4879,2,133824,133824,9901136,9912164,9767312,9778340,492,4,false,false
4880,2,133825,133825,9944224,9966260,9810399,9832435,493,4,false,false
4881,2,133825,133825,9944224,9966260,9810399,9832435,494,4,false,false
4882,2,133825,133825,9944224,9966260,9810399,9832435,495,4,false,false
4883,2,133825,133825,9944224,9966260,9810399,9832435,496,4,false,false
4884,1,133825,133825,6814920,6828764,6681095,6694939,590,4,false,false
4885,1,133825,133825,6814920,6828764,6681095,6694939,591,4,false,false
4886,1,133825,133825,6814920,6828764,6681095,6694939,592,4,false,false
4887,1,133825,133825,6857496,6868268,6723671,6734443,593,4,false,false
4888,1,133856,133856,6857496,6868268,6723640,6734412,594,4,false,false
4889,1,133856,133856,6857496,6868268,6723640,6734412,595,4,false,false
4890,1,133856,133856,6857496,6868268,6723640,6734412,596,4,false,false
4891,1,133856,133856,6891368,6902140,6757512,6768284,597,4,false,false
4892,2,133856,133856,9991408,10008068,9857552,9874212,497,4,false,false
4893,2,133856,133856,9991408,10008068,9857552,9874212,498,4,false,false
4894,2,133856,133856,9991408,10008068,9857552,9874212,499,4,false,false
4895,2,133856,133856,9991408,10008068,9857552,9874212,500,4,false,false
4896,2,133857,133857,10032960,10046548,9899103,9912691,501,4,false,false
4897,2,133857,133857,10032960,10046548,9899103,9912691,502,4,false,false
4898,2,133857,133857,10032960,10046548,9899103,9912691,503,4,false,false
4899,2,133857,133857,10032960,10046548,9899103,9912691,504,4,false,false
4900,1,133920,133920,6891368,6902140,6757448,6768220,598,4,false,false
4901,1,133920,133920,6891368,6902140,6757448,6768220,599,4,false,false
4902,1,133920,133920,6891368,6902140,6757448,6768220,600,4,false,false
4903,1,133920,133920,6921912,6932684,6787992,6798764,601,4,false,false
4904,0,133921,133921,12714212,12716280,12580291,12582359,1875,4,false,false
4905,0,133921,133921,12714212,12716280,12580291,12582359,1876,4,false,false
4906,0,133921,133921,12750900,12753736,12616979,12619815,1877,4,false,false
4907,0,133921,133921,12750900,12753736,12616979,12619815,1878,4,false,false
4908,1,133921,133921,6921912,6932684,6787991,6798763,602,4,false,false
4909,1,133921,133921,6921912,6932684,6787991,6798763,603,4,false,false
4910,1,133921,133921,6921912,6932684,6787991,6798763,604,4,false,false
4911,1,133921,133921,6959112,6969884,6825191,6835963,605,4,false,false
4912,1,133952,133952,6959112,6969884,6825160,6835932,606,4,false,false
4913,1,133952,133952,6959112,6969884,6825160,6835932,607,4,false,false
4914,1,133952,133952,6959112,6969884,6825160,6835932,608,4,false,false
4915,1,133952,133952,6990424,7003244,6856472,6869292,609,4,false,false
4916,2,133984,133984,10070416,10084004,9936432,9950020,505,4,false,false
4917,2,133984,133984,10070416,10084004,9936432,9950020,506,4,false,false
4918,2,133984,133984,10070416,10084004,9936432,9950020,507,4,false,false
4919,2,133984,133984,10070416,10084004,9936432,9950020,508,4,false,false
4920,1,133984,133984,6990424,7003244,6856440,6869260,610,4,false,false
4921,1,133984,133984,6990424,7003244,6856440,6869260,611,4,false,false
4922,1,133984,133984,6990424,7003244,6856440,6869260,612,4,false,false
4923,1,133984,133984,7024808,7036348,6890824,6902364,613,4,false,false
4924,1,133984,133984,7024808,7036348,6890824,6902364,614,4,false,false
4925,1,133984,133984,7024808,7036348,6890824,6902364,615,4,false,false
4926,1,133984,133984,7024808,7036348,6890824,6902364,616,4,false,false
4927,1,133984,133984,7063800,7074828,6929816,6940844,617,4,false,false
4928,2,133984,133984,10111968,10122740,9977984,9988756,509,4,false,false
4929,2,133984,133984,10111968,10122740,9977984,9988756,510,4,false,false
4930,2,133984,133984,10111968,10122740,9977984,9988756,511,4,false,false
4931,2,133984,133984,10111968,10122740,9977984,9988756,512,4,false,false
4932,0,134017,134017,12750900,12753736,12616883,12619719,1879,4,false,false
4933,0,134017,134017,12750900,12753736,12616883,12619719,1880,4,false,false
4934,0,134017,134017,12788100,12789912,12654083,12655895,1881,4,false,false
4935,0,134017,134017,12788100,12789912,12654083,12655895,1882,4,false,false
4936,1,134049,134049,7063800,7074828,6929751,6940779,618,4,false,false
4937,1,134049,134049,7063800,7074828,6929751,6940779,619,4,false,false
4938,1,134049,134049,7063800,7074828,6929751,6940779,620,4,false,false
4939,1,134049,134049,7097928,7112796,6963879,6978747,621,4,false,false
4940,1,134049,134049,7097928,7112796,6963879,6978747,622,4,false,false
4941,1,134049,134049,7097928,7112796,6963879,6978747,623,4,false,false
4942,1,134049,134049,7097928,7112796,6963879,6978747,624,4,false,false
4943,1,134049,134049,7144856,7156908,7010807,7022859,625,4,false,false
4944,2,134081,134081,10147376,10155844,10013295,10021763,513,4,false,false
4945,1,134081,134081,7144856,7156908,7010775,7022827,626,4,false,false
4946,1,134081,134081,7144856,7156908,7010775,7022827,627,4,false,false
4947,1,134081,134081,7144856,7156908,7010775,7022827,628,4,false,false
4948,1,134081,134081,7191784,7202812,7057703,7068731,629,4,false,false
4949,1,134081,134081,7191784,7202812,7057703,7068731,630,4,false,false
4950,1,134081,134081,7191784,7202812,7057703,7068731,631,4,false,false
4951,1,134081,134081,7191784,7202812,7057703,7068731,632,4,false,false
4952,1,134081,134081,7239480,7250252,7105399,7116171,633,4,false,false
4953,1,134112,134112,7239480,7250252,7105368,7116140,634,4,false,false
4954,1,134112,134112,7239480,7250252,7105368,7116140,635,4,false,false
4955,1,134112,134112,7239480,7250252,7105368,7116140,636,4,false,false
4956,1,134112,134112,7278216,7288988,7144104,7154876,637,4,false,false
4957,0,134112,134112,12788100,12789912,12653988,12655800,1883,4,false,false
4958,1,134113,134113,7278216,7288988,7144103,7154875,638,4,false,false
4959,1,134113,134113,7278216,7288988,7144103,7154875,639,4,false,false
4960,1,134113,134113,7278216,7288988,7144103,7154875,640,4,false,false
4961,1,134113,134113,7313624,7324396,7179511,7190283,641,4,false,false
4962,1,134114,134114,7313624,7324396,7179510,7190282,642,4,false,false
4963,1,134114,134114,7313624,7324396,7179510,7190282,643,4,false,false
4964,1,134114,134114,7313624,7324396,7179510,7190282,644,4,false,false
4965,1,134114,134114,7354664,7367228,7220550,7233114,645,4,false,false
4966,3,134144,134144,12614684,12622896,12480540,12488752,1874,4,false,false
4967,3,134144,134144,12614684,12622896,12480540,12488752,1875,4,false,false
4968,3,134144,134144,12614684,12622896,12480540,12488752,1876,4,false,false
4969,3,134144,134144,12649836,12660352,12515692,12526208,1877,4,false,false
4970,1,134144,134144,7354664,7367228,7220520,7233084,646,4,false,false
4971,1,134144,134144,7354664,7367228,7220520,7233084,647,4,false,false
4972,1,134144,134144,7354664,7367228,7220520,7233084,648,4,false,false
4973,1,134144,134144,7402872,7416460,7268728,7282316,649,4,false,false
4974,1,134145,134145,7402872,7416460,7268727,7282315,650,4,false,false
4975,1,134145,134145,7402872,7416460,7268727,7282315,651,4,false,false
4976,1,134145,134145,7402872,7416460,7268727,7282315,652,4,false,false
4977,1,134145,134145,7446728,7456220,7312583,7322075,653,4,false,false
4978,1,134176,134176,7446728,7456220,7312552,7322044,654,4,false,false
4979,1,134176,134176,7446728,7456220,7312552,7322044,655,4,false,false
4980,1,134176,134176,7446728,7456220,7312552,7322044,656,4,false,false
4981,1,134176,134176,7486744,7497260,7352568,7363084,657,4,false,false
4982,1,134177,134177,7486744,7497260,7352567,7363083,658,4,false,false
4983,1,134177,134177,7486744,7497260,7352567,7363083,659,4,false,false
4984,1,134177,134177,7486744,7497260,7352567,7363083,660,4,false,false
4985,1,134177,134177,7530088,7541116,7395911,7406939,661,4,false,false
4986,2,134177,134177,10147376,10155844,10013199,10021667,514,4,false,false
4987,2,134177,134177,10147376,10155844,10013199,10021667,515,4,false,false
4988,2,134177,134177,10147376,10155844,10013199,10021667,516,4,false,false
4989,2,134177,134177,10179712,10190484,10045535,10056307,517,4,false,false
4990,1,134209,134209,7530088,7541116,7395879,7406907,662,4,false,false
4991,1,134209,134209,7530088,7541116,7395879,7406907,663,4,false,false
4992,1,134209,134209,7530088,7541116,7395879,7406907,664,4,false,false
4993,1,134209,134209,7571128,7579596,7436919,7445387,665,4,false,false
4994,2,134304,134304,10179712,10190484,10045408,10056180,518,4,false,false
4995,2,134304,134304,10179712,10190484,10045408,10056180,519,4,false,false
4996,2,134304,134304,10179712,10190484,10045408,10056180,520,4,false,false
4997,2,134304,134304,10217680,10228452,10083376,10094148,521,4,false,false
4998,2,134304,134304,10217680,10228452,10083376,10094148,522,4,false,false
4999,2,134304,134304,10217680,10228452,10083376,10094148,523,4,false,false
5000,2,134304,134304,10217680,10228452,10083376,10094148,524,4,false,false
5001,2,134304,134304,10256928,10267700,10122624,10133396,525,4,false,false
5002,3,134305,134305,12649836,12660352,12515531,12526047,1878,4,false,false
5003,3,134305,134305,12649836,12660352,12515531,12526047,1879,4,false,false
5004,3,134305,134305,12649836,12660352,12515531,12526047,1880,4,false,false
5005,3,134305,134305,12694716,12703440,12560411,12569135,1881,4,false,false
5006,1,134305,134305,7571128,7579596,7436823,7445291,666,4,false,false
5007,2,134306,134306,10256928,10267700,10122622,10133394,526,4,false,false
5008,2,134306,134306,10256928,10267700,10122622,10133394,527,4,false,false
5009,2,134306,134306,10256928,10267700,10122622,10133394,528,4,false,false
5010,2,134306,134306,10294128,10304900,10159822,10170594,529,4,false,false
5011,1,134336,134336,7571128,7579596,7436792,7445260,667,4,false,false
5012,1,134336,134336,7571128,7579596,7436792,7445260,668,4,false,false
5013,1,134336,134336,7614728,7625500,7480392,7491164,669,4,false,false
5014,1,134336,134336,7614728,7625500,7480392,7491164,670,4,false,false
5015,2,134368,134368,10294128,10304900,10159760,10170532,530,4,false,false
5016,2,134368,134368,10294128,10304900,10159760,10170532,531,4,false,false
5017,2,134368,134368,10294128,10304900,10159760,10170532,532,4,false,false
5018,2,134368,134368,10340288,10351060,10205920,10216692,533,4,false,false
5019,1,134368,134368,7614728,7625500,7480360,7491132,671,4,false,false
5020,1,134368,134368,7614728,7625500,7480360,7491132,672,4,false,false
5021,1,134368,134368,7651928,7662956,7517560,7528588,673,4,false,false
5022,1,134368,134368,7651928,7662956,7517560,7528588,674,4,false,false
5023,1,134368,134368,7651928,7662956,7517560,7528588,675,4,false,false
5024,1,134368,134368,7651928,7662956,7517560,7528588,676,4,false,false
5025,1,134368,134368,7697064,7707836,7562696,7573468,677,4,false,false
5026,1,134368,134368,7697064,7707836,7562696,7573468,678,4,false,false
5027,1,134369,134369,7697064,7707836,7562695,7573467,679,4,false,false
5028,1,134369,134369,7697064,7707836,7562695,7573467,680,4,false,false
5029,1,134369,134369,7727096,7737868,7592727,7603499,681,4,false,false
5030,1,134369,134369,7727096,7737868,7592727,7603499,682,4,false,false
5031,1,134369,134369,7727096,7737868,7592727,7603499,683,4,false,false
5032,1,134369,134369,7727096,7737868,7592727,7603499,684,4,false,false
5033,1,134369,134369,7762248,7773020,7627879,7638651,685,4,false,false
5034,1,134369,134369,7762248,7773020,7627879,7638651,686,4,false,false
5035,3,134400,134400,12694716,12703440,12560316,12569040,1882,4,false,false
5036,3,134400,134400,12694716,12703440,12560316,12569040,1883,4,false,false
5037,3,134400,134400,12694716,12703440,12560316,12569040,1884,4,false,false
5038,3,134400,134400,12729868,12740128,12595468,12605728,1885,4,false,false
5039,1,134432,134432,7762248,7773020,7627816,7638588,687,4,false,false
5040,1,134432,134432,7762248,7773020,7627816,7638588,688,4,false,false
5041,1,134432,134432,7804824,7819692,7670392,7685260,689,4,false,false
5042,1,134432,134432,7804824,7819692,7670392,7685260,690,4,false,false
5043,1,134432,134432,7804824,7819692,7670392,7685260,691,4,false,false
5044,1,134432,134432,7804824,7819692,7670392,7685260,692,4,false,false
5045,1,134432,134432,7842024,7857404,7707592,7722972,693,4,false,false
5046,1,134432,134432,7842024,7857404,7707592,7722972,694,4,false,false
5047,1,134433,134433,7842024,7857404,7707591,7722971,695,4,false,false
5048,1,134433,134433,7842024,7857404,7707591,7722971,696,4,false,false
5049,1,134433,134433,7880760,7889996,7746327,7755563,697,4,false,false
5050,1,134433,134433,7880760,7889996,7746327,7755563,698,4,false,false
5051,1,134433,134433,7880760,7889996,7746327,7755563,699,4,false,false
5052,1,134433,134433,7880760,7889996,7746327,7755563,700,4,false,false
5053,1,134433,134433,7922056,7931804,7787623,7797371,701,4,false,false
5054,1,134433,134433,7922056,7931804,7787623,7797371,702,4,false,false
5055,1,134433,134433,7922056,7931804,7787623,7797371,703,4,false,false
5056,1,134433,134433,7922056,7931804,7787623,7797371,704,4,false,false
5057,1,134433,134433,7961304,7972076,7826871,7837643,705,4,false,false
5058,1,134433,134433,7961304,7972076,7826871,7837643,706,4,false,false
5059,1,134465,134465,7961304,7972076,7826839,7837611,707,4,false,false
5060,1,134465,134465,7961304,7972076,7826839,7837611,708,4,false,false
5061,1,134465,134465,7994408,8005180,7859943,7870715,709,4,false,false
5062,1,134465,134465,7994408,8005180,7859943,7870715,710,4,false,false
5063,1,134496,134496,7994408,8005180,7859912,7870684,711,4,false,false
5064,1,134496,134496,7994408,8005180,7859912,7870684,712,4,false,false
5065,1,134496,134496,8035960,8047756,7901464,7913260,713,4,false,false
5066,1,134496,134496,8035960,8047756,7901464,7913260,714,4,false,false
5067,1,134497,134497,8035960,8047756,7901463,7913259,715,4,false,false
5068,1,134497,134497,8035960,8047756,7901463,7913259,716,4,false,false
5069,1,134497,134497,8078024,8093148,7943527,7958651,717,4,false,false
5070,1,134497,134497,8078024,8093148,7943527,7958651,718,4,false,false
5071,2,134528,134528,10340288,10351060,10205760,10216532,534,4,false,false
5072,2,134528,134528,10340288,10351060,10205760,10216532,535,4,false,false
5073,2,134528,134528,10340288,10351060,10205760,10216532,536,4,false,false
5074,2,134528,134528,10377488,10388260,10242960,10253732,537,4,false,false
5075,1,134529,134529,8078024,8093148,7943495,7958619,719,4,false,false
5076,1,134529,134529,8078024,8093148,7943495,7958619,720,4,false,false
5077,1,134529,134529,8119064,8134188,7984535,7999659,721,4,false,false
5078,1,134529,134529,8119064,8134188,7984535,7999659,722,4,false,false
5079,2,134560,134560,10377488,10388260,10242928,10253700,538,4,false,false
5080,2,134560,134560,10377488,10388260,10242928,10253700,539,4,false,false
5081,2,134560,134560,10377488,10388260,10242928,10253700,540,4,false,false
5082,2,134560,134560,10408544,10419316,10273984,10284756,541,4,false,false
5083,1,134561,134561,8119064,8134188,7984503,7999627,723,4,false,false
5084,1,134561,134561,8119064,8134188,7984503,7999627,724,4,false,false
5085,1,134561,134561,8160872,8173180,8026311,8038619,725,4,false,false
5086,1,134561,134561,8160872,8173180,8026311,8038619,726,4,false,false
5087,2,134562,134562,10408544,10419316,10273982,10284754,542,4,false,false
5088,2,134562,134562,10408544,10419316,10273982,10284754,543,4,false,false
5089,2,134562,134562,10408544,10419316,10273982,10284754,544,4,false,false
5090,2,134562,134562,10445232,10453956,10310670,10319394,545,4,false,false
5091,1,134592,134592,8160872,8173180,8026280,8038588,727,4,false,false
5092,1,134592,134592,8160872,8173180,8026280,8038588,728,4,false,false
5093,1,134592,134592,8199608,8210380,8065016,8075788,729,4,false,false
5094,1,134592,134592,8199608,8210380,8065016,8075788,730,4,false,false
5095,1,134593,134593,8199608,8210380,8065015,8075787,731,4,false,false
5096,1,134593,134593,8199608,8210380,8065015,8075787,732,4,false,false
5097,1,134593,134593,8234760,8246812,8100167,8112219,733,4,false,false
5098,1,134593,134593,8234760,8246812,8100167,8112219,734,4,false,false
5099,1,134624,134624,8234760,8246812,8100136,8112188,735,4,false,false
5100,1,134624,134624,8234760,8246812,8100136,8112188,736,4,false,false
5101,1,134624,134624,8268632,8280940,8134008,8146316,737,4,false,false
5102,1,134624,134624,8268632,8280940,8134008,8146316,738,4,false,false
5103,2,134657,134657,10445232,10453956,10310575,10319299,546,4,false,false
5104,2,134657,134657,10445232,10453956,10310575,10319299,547,4,false,false
5105,2,134657,134657,10445232,10453956,10310575,10319299,548,4,false,false
5106,2,134657,134657,10481152,10491412,10346495,10356755,549,4,false,false
5107,2,134657,134657,10481152,10491412,10346495,10356755,550,4,false,false
5108,2,134657,134657,10481152,10491412,10346495,10356755,551,4,false,false
5109,2,134657,134657,10481152,10491412,10346495,10356755,552,4,false,false
5110,2,134657,134657,10517840,10538340,10383183,10403683,553,4,false,false
5111,2,134657,134657,10517840,10538340,10383183,10403683,554,4,false,false
5112,2,134657,134657,10517840,10538340,10383183,10403683,555,4,false,false
5113,2,134657,134657,10517840,10538340,10383183,10403683,556,4,false,false
5114,2,134657,134657,10567840,10590388,10433183,10455731,557,4,false,false
5115,1,134689,134689,8268632,8280940,8133943,8146251,739,4,false,false
5116,1,134689,134689,8268632,8280940,8133943,8146251,740,4,false,false
5117,1,134689,134689,8311976,8322748,8177287,8188059,741,4,false,false
5118,1,134689,134689,8311976,8322748,8177287,8188059,742,4,false,false
5119,1,134689,134689,8311976,8322748,8177287,8188059,743,4,false,false
5120,1,134689,134689,8311976,8322748,8177287,8188059,744,4,false,false
5121,1,134689,134689,8354296,8365068,8219607,8230379,745,4,false,false
5122,1,134689,134689,8354296,8365068,8219607,8230379,746,4,false,false
5123,1,134721,134721,8354296,8365068,8219575,8230347,747,4,false,false
5124,1,134721,134721,8354296,8365068,8219575,8230347,748,4,false,false
5125,1,134721,134721,8399688,8410460,8264967,8275739,749,4,false,false
5126,1,134721,134721,8399688,8410460,8264967,8275739,750,4,false,false
5127,2,134754,134754,10567840,10590388,10433086,10455634,558,4,false,false
5128,2,134754,134754,10567840,10590388,10433086,10455634,559,4,false,false
5129,2,134754,134754,10567840,10590388,10433086,10455634,560,4,false,false
5130,2,134754,134754,10620656,10636292,10485902,10501538,561,4,false,false
5131,2,134816,134816,10620656,10636292,10485840,10501476,562,4,false,false
5132,2,134816,134816,10620656,10636292,10485840,10501476,563,4,false,false
5133,2,134816,134816,10620656,10636292,10485840,10501476,564,4,false,false
5134,2,134816,134816,10658624,10670164,10523808,10535348,565,4,false,false
5135,1,134816,134816,8399688,8410460,8264872,8275644,751,4,false,false
5136,1,134816,134816,8399688,8410460,8264872,8275644,752,4,false,false
5137,1,134816,134816,8436120,8448172,8301304,8313356,753,4,false,false
5138,1,134816,134816,8436120,8448172,8301304,8313356,754,4,false,false
5139,1,134913,134913,8436120,8448172,8301207,8313259,755,4,false,false
5140,1,134913,134913,8436120,8448172,8301207,8313259,756,4,false,false
5141,1,134913,134913,8474088,8487676,8339175,8352763,757,4,false,false
5142,1,134913,134913,8474088,8487676,8339175,8352763,758,4,false,false
5143,2,134944,134944,10658624,10670164,10523680,10535220,566,4,false,false
5144,2,134944,134944,10658624,10670164,10523680,10535220,567,4,false,false
5145,2,134944,134944,10658624,10670164,10523680,10535220,568,4,false,false
5146,2,134944,134944,10698640,10709412,10563696,10574468,569,4,false,false
5147,1,135008,135008,8474088,8487676,8339080,8352668,759,4,false,false
5148,1,135008,135008,8474088,8487676,8339080,8352668,760,4,false,false
5149,1,135008,135008,8511032,8526156,8376024,8391148,761,4,false,false
5150,1,135008,135008,8511032,8526156,8376024,8391148,762,4,false,false
5151,2,135009,135009,10698640,10709412,10563631,10574403,570,4,false,false
5152,2,135009,135009,10698640,10709412,10563631,10574403,571,4,false,false
5153,2,135009,135009,10698640,10709412,10563631,10574403,572,4,false,false
5154,2,135009,135009,10734304,10745076,10599295,10610067,573,4,false,false
5155,1,135009,135009,8511032,8526156,8376023,8391147,763,4,false,false
5156,1,135009,135009,8511032,8526156,8376023,8391147,764,4,false,false
5157,1,135009,135009,8554632,8568476,8419623,8433467,765,4,false,false
5158,1,135009,135009,8554632,8568476,8419623,8433467,766,4,false,false
5159,1,135009,135009,8554632,8568476,8419623,8433467,767,4,false,false
5160,1,135009,135009,8554632,8568476,8419623,8433467,768,4,false,false
5161,1,135009,135009,8590552,8601324,8455543,8466315,769,4,false,false
5162,1,135009,135009,8590552,8601324,8455543,8466315,770,4,false,false
5163,1,135040,135040,8590552,8601324,8455512,8466284,771,4,false,false
5164,1,135040,135040,8590552,8601324,8455512,8466284,772,4,false,false
5165,1,135040,135040,8628264,8639036,8493224,8503996,773,4,false,false
5166,1,135040,135040,8628264,8639036,8493224,8503996,774,4,false,false
5167,1,135040,135040,8628264,8639036,8493224,8503996,775,4,false,false
5168,1,135040,135040,8628264,8639036,8493224,8503996,776,4,false,false
5169,1,135040,135040,8661112,8673164,8526072,8538124,777,4,false,false
5170,1,135040,135040,8661112,8673164,8526072,8538124,778,4,false,false
5171,1,135040,135040,8661112,8673164,8526072,8538124,779,4,false,false
5172,1,135040,135040,8661112,8673164,8526072,8538124,780,4,false,false
5173,1,135040,135040,8696520,8709852,8561480,8574812,781,4,false,false
5174,1,135040,135040,8696520,8709852,8561480,8574812,782,4,false,false
5175,2,135040,135040,10734304,10745076,10599264,10610036,574,4,false,false
5176,2,135040,135040,10734304,10745076,10599264,10610036,575,4,false,false
5177,2,135040,135040,10734304,10745076,10599264,10610036,576,4,false,false
5178,2,135040,135040,10773040,10783812,10638000,10648772,577,4,false,false
5179,1,135041,135041,8696520,8709852,8561479,8574811,783,4,false,false
5180,1,135041,135041,8696520,8709852,8561479,8574811,784,4,false,false
5181,1,135041,135041,8733720,8746028,8598679,8610987,785,4,false,false
5182,1,135041,135041,8733720,8746028,8598679,8610987,786,4,false,false
5183,1,135041,135041,8733720,8746028,8598679,8610987,787,4,false,false
5184,1,135041,135041,8733720,8746028,8598679,8610987,788,4,false,false
5185,1,135041,135041,8785000,8795772,8649959,8660731,789,4,false,false
5186,1,135041,135041,8785000,8795772,8649959,8660731,790,4,false,false
5187,1,135104,135104,8785000,8795772,8649896,8660668,791,4,false,false
5188,1,135104,135104,8785000,8795772,8649896,8660668,792,4,false,false
5189,1,135104,135104,8825528,8839116,8690424,8704012,793,4,false,false
5190,1,135104,135104,8825528,8839116,8690424,8704012,794,4,false,false
5191,1,135105,135105,8825528,8839116,8690423,8704011,795,4,false,false
5192,1,135105,135105,8825528,8839116,8690423,8704011,796,4,false,false
5193,1,135105,135105,8867336,8881948,8732231,8746843,797,4,false,false
5194,1,135105,135105,8867336,8881948,8732231,8746843,798,4,false,false
5195,1,135137,135137,8867336,8881948,8732199,8746811,799,4,false,false
5196,1,135137,135137,8867336,8881948,8732199,8746811,800,4,false,false
5197,1,135137,135137,8903768,8920172,8768631,8785035,801,4,false,false
5198,1,135137,135137,8903768,8920172,8768631,8785035,802,4,false,false
5199,2,135200,135200,10773040,10783812,10637840,10648612,578,4,false,false
5200,2,135200,135200,10773040,10783812,10637840,10648612,579,4,false,false
5201,2,135200,135200,10773040,10783812,10637840,10648612,580,4,false,false
5202,2,135200,135200,10815616,10826388,10680416,10691188,581,4,false,false
5203,1,135200,135200,8903768,8920172,8768568,8784972,803,4,false,false
5204,1,135200,135200,8903768,8920172,8768568,8784972,804,4,false,false
5205,1,135200,135200,8947368,8962748,8812168,8827548,805,4,false,false
5206,1,135200,135200,8947368,8962748,8812168,8827548,806,4,false,false
5207,1,135201,135201,8947368,8962748,8812167,8827547,807,4,false,false
5208,1,135201,135201,8947368,8962748,8812167,8827547,808,4,false,false
5209,1,135201,135201,8993016,9005324,8857815,8870123,809,4,false,false
5210,1,135201,135201,8993016,9005324,8857815,8870123,810,4,false,false
5211,3,135201,135201,12729868,12740128,12594667,12604927,1886,4,false,false
5212,3,135201,135201,12729868,12740128,12594667,12604927,1887,4,false,false
5213,3,135201,135201,12729868,12740128,12594667,12604927,1888,4,false,false
5214,3,135201,135201,12764508,12777328,12629307,12642127,1889,4,false,false
5215,1,135232,135232,8993016,9005324,8857784,8870092,811,4,false,false
5216,1,135232,135232,8993016,9005324,8857784,8870092,812,4,false,false
5217,1,135232,135232,9040968,9053276,8905736,8918044,813,4,false,false
5218,1,135232,135232,9040968,9053276,8905736,8918044,814,4,false,false
5219,2,135234,135234,10815616,10826388,10680382,10691154,582,4,false,false
5220,2,135234,135234,10815616,10826388,10680382,10691154,583,4,false,false
5221,2,135234,135234,10815616,10826388,10680382,10691154,584,4,false,false
5222,2,135234,135234,10848208,10858980,10712974,10723746,585,4,false,false
5223,2,135264,135264,10848208,10858980,10712944,10723716,586,4,false,false
5224,2,135264,135264,10848208,10858980,10712944,10723716,587,4,false,false
5225,2,135264,135264,10848208,10858980,10712944,10723716,588,4,false,false
5226,2,135264,135264,10885408,10893876,10750144,10758612,589,4,false,false
5227,1,135265,135265,9040968,9053276,8905703,8918011,815,4,false,false
5228,1,135265,135265,9040968,9053276,8905703,8918011,816,4,false,false
5229,1,135265,135265,9077144,9088940,8941879,8953675,817,4,false,false
5230,1,135265,135265,9077144,9088940,8941879,8953675,818,4,false,false
5231,1,135265,135265,9077144,9088940,8941879,8953675,819,4,false,false
5232,1,135265,135265,9077144,9088940,8941879,8953675,820,4,false,false
5233,1,135265,135265,9116648,9128956,8981383,8993691,821,4,false,false
5234,1,135265,135265,9116648,9128956,8981383,8993691,822,4,false,false
5235,1,135296,135296,9116648,9128956,8981352,8993660,823,4,false,false
5236,1,135296,135296,9116648,9128956,8981352,8993660,824,4,false,false
5237,1,135296,135296,9150776,9158988,9015480,9023692,825,4,false,false
5238,1,135296,135296,9150776,9158988,9015480,9023692,826,4,false,false
5239,1,135329,135329,9150776,9158988,9015447,9023659,827,4,false,false
5240,1,135330,135330,9150776,9158988,9015446,9023658,828,4,false,false
5241,1,135330,135330,9186184,9196956,9050854,9061626,829,4,false,false
5242,1,135330,135330,9186184,9196956,9050854,9061626,830,4,false,false
5243,1,135330,135330,9186184,9196956,9050854,9061626,831,4,false,false
5244,2,135360,135360,10885408,10893876,10750048,10758516,590,4,false,false
5245,2,135361,135361,10885408,10893876,10750047,10758515,591,4,false,false
5246,2,135361,135361,10885408,10893876,10750047,10758515,592,4,false,false
5247,2,135361,135361,10918256,10929028,10782895,10793667,593,4,false,false
5248,2,135361,135361,10918256,10929028,10782895,10793667,594,4,false,false
5249,1,135361,135361,9186184,9196956,9050823,9061595,832,4,false,false
5250,1,135361,135361,9221592,9233132,9086231,9097771,833,4,false,false
5251,1,135361,135361,9221592,9233132,9086231,9097771,834,4,false,false
5252,1,135361,135361,9221592,9233132,9086231,9097771,835,4,false,false
5253,0,135361,135361,12788100,12789912,12652739,12654551,1884,4,false,false
5254,1,135393,135393,9221592,9233132,9086199,9097739,836,4,false,false
5255,1,135393,135393,9255464,9268284,9120071,9132891,837,4,false,false
5256,1,135393,135393,9255464,9268284,9120071,9132891,838,4,false,false
5257,1,135393,135393,9255464,9268284,9120071,9132891,839,4,false,false
5258,1,135425,135425,9255464,9268284,9120039,9132859,840,4,false,false
5259,1,135425,135425,9293944,9304716,9158519,9169291,841,4,false,false
5260,1,135425,135425,9293944,9304716,9158519,9169291,842,4,false,false
5261,1,135425,135425,9293944,9304716,9158519,9169291,843,4,false,false
5262,1,135425,135425,9293944,9304716,9158519,9169291,844,4,false,false
5263,1,135425,135425,9329096,9339868,9193671,9204443,845,4,false,false
5264,1,135425,135425,9329096,9339868,9193671,9204443,846,4,false,false
5265,1,135425,135425,9329096,9339868,9193671,9204443,847,4,false,false
5266,2,135457,135457,10918256,10929028,10782799,10793571,595,4,false,false
5267,2,135457,135457,10918256,10929028,10782799,10793571,596,4,false,false
5268,2,135457,135457,10971840,10983892,10836383,10848435,597,4,false,false
5269,2,135457,135457,10971840,10983892,10836383,10848435,598,4,false,false
5270,2,135488,135488,10971840,10983892,10836352,10848404,599,4,false,false
5271,2,135488,135488,10971840,10983892,10836352,10848404,600,4,false,false
5272,2,135488,135488,11025680,11037988,10890192,10902500,601,4,false,false
5273,2,135488,135488,11025680,11037988,10890192,10902500,602,4,false,false
5274,1,135489,135489,9329096,9339868,9193607,9204379,848,4,false,false
5275,1,135489,135489,9368856,9381164,9233367,9245675,849,4,false,false
5276,1,135489,135489,9368856,9381164,9233367,9245675,850,4,false,false
5277,1,135489,135489,9368856,9381164,9233367,9245675,851,4,false,false
5278,2,135520,135520,11025680,11037988,10890160,10902468,603,4,false,false
5279,2,135520,135520,11025680,11037988,10890160,10902468,604,4,false,false
5280,2,135520,135520,11065184,11073396,10929664,10937876,605,4,false,false
5281,2,135520,135520,11065184,11073396,10929664,10937876,606,4,false,false
5282,1,135521,135521,9368856,9381164,9233335,9245643,852,4,false,false
5283,1,135521,135521,9401192,9416828,9265671,9281307,853,4,false,false
5284,1,135521,135521,9401192,9416828,9265671,9281307,854,4,false,false
5285,1,135521,135521,9401192,9416828,9265671,9281307,855,4,false,false
5286,1,135553,135553,9401192,9416828,9265639,9281275,856,4,false,false
5287,1,135553,135553,9450936,9463756,9315383,9328203,857,4,false,false
5288,1,135553,135553,9450936,9463756,9315383,9328203,858,4,false,false
5289,1,135553,135553,9450936,9463756,9315383,9328203,859,4,false,false
5290,2,135584,135584,11065184,11073396,10929600,10937812,607,4,false,false
5291,1,135584,135584,9450936,9463756,9315352,9328172,860,4,false,false
5292,1,135584,135584,9493000,9503772,9357416,9368188,861,4,false,false
5293,1,135584,135584,9493000,9503772,9357416,9368188,862,4,false,false
5294,1,135584,135584,9493000,9503772,9357416,9368188,863,4,false,false
5295,1,135648,135648,9493000,9503772,9357352,9368124,864,4,false,false
5296,1,135648,135648,9533016,9543788,9397368,9408140,865,4,false,false
5297,1,135648,135648,9533016,9543788,9397368,9408140,866,4,false,false
5298,1,135648,135648,9533016,9543788,9397368,9408140,867,4,false,false
5299,2,135648,135648,11065184,11073396,10929536,10937748,608,4,false,false
5300,2,135648,135648,11100592,11112900,10964944,10977252,609,4,false,false
5301,2,135648,135648,11100592,11112900,10964944,10977252,610,4,false,false
5302,2,135648,135648,11100592,11112900,10964944,10977252,611,4,false,false
5303,1,135649,135649,9533016,9543788,9397367,9408139,868,4,false,false
5304,1,135649,135649,9566888,9577660,9431239,9442011,869,4,false,false
5305,1,135649,135649,9566888,9577660,9431239,9442011,870,4,false,false
5306,1,135649,135649,9566888,9577660,9431239,9442011,871,4,false,false
5307,1,135713,135713,9566888,9577660,9431175,9441947,872,4,false,false
5308,1,135713,135713,9614072,9627916,9478359,9492203,873,4,false,false
5309,1,135713,135713,9614072,9627916,9478359,9492203,874,4,false,false
5310,1,135713,135713,9614072,9627916,9478359,9492203,875,4,false,false
5311,1,135714,135714,9614072,9627916,9478358,9492202,876,4,false,false
5312,1,135714,135714,9654344,9673564,9518630,9537850,877,4,false,false
5313,1,135714,135714,9654344,9673564,9518630,9537850,878,4,false,false
5314,1,135714,135714,9654344,9673564,9518630,9537850,879,4,false,false
5315,2,135777,135777,11100592,11112900,10964815,10977123,612,4,false,false
5316,2,135777,135777,11135488,11150612,10999711,11014835,613,4,false,false
5317,2,135777,135777,11135488,11150612,10999711,11014835,614,4,false,false
5318,2,135777,135777,11135488,11150612,10999711,11014835,615,4,false,false
5319,2,135808,135808,11135488,11150612,10999680,11014804,616,4,false,false
5320,2,135808,135808,11182416,11193188,11046608,11057380,617,4,false,false
5321,2,135808,135808,11182416,11193188,11046608,11057380,618,4,false,false
5322,2,135808,135808,11182416,11193188,11046608,11057380,619,4,false,false
5323,1,135809,135809,9654344,9673564,9518535,9537755,880,4,false,false
5324,1,135809,135809,9698456,9709740,9562647,9573931,881,4,false,false
5325,1,135809,135809,9698456,9709740,9562647,9573931,882,4,false,false
5326,1,135809,135809,9698456,9709740,9562647,9573931,883,4,false,false
5327,2,135840,135840,11182416,11193188,11046576,11057348,620,4,false,false
5328,2,135840,135840,11220384,11231668,11084544,11095828,621,4,false,false
5329,2,135840,135840,11220384,11231668,11084544,11095828,622,4,false,false
5330,2,135840,135840,11220384,11231668,11084544,11095828,623,4,false,false
5331,1,135840,135840,9698456,9709740,9562616,9573900,884,4,false,false
5332,1,135840,135840,9731048,9743100,9595208,9607260,885,4,false,false
5333,1,135840,135840,9731048,9743100,9595208,9607260,886,4,false,false
5334,1,135840,135840,9731048,9743100,9595208,9607260,887,4,false,false
5335,1,135841,135841,9731048,9743100,9595207,9607259,888,4,false,false
5336,1,135841,135841,9769784,9778764,9633943,9642923,889,4,false,false
5337,1,135841,135841,9769784,9778764,9633943,9642923,890,4,false,false
5338,1,135841,135841,9769784,9778764,9633943,9642923,891,4,false,false
5339,2,135872,135872,11220384,11231668,11084512,11095796,624,4,false,false
5340,2,135872,135872,11256048,11270404,11120176,11134532,625,4,false,false
5341,2,135872,135872,11256048,11270404,11120176,11134532,626,4,false,false
5342,2,135872,135872,11256048,11270404,11120176,11134532,627,4,false,false
5343,2,135872,135872,11256048,11270404,11120176,11134532,628,4,false,false
5344,2,135872,135872,11300160,11314516,11164288,11178644,629,4,false,false
5345,2,135872,135872,11300160,11314516,11164288,11178644,630,4,false,false
5346,2,135872,135872,11300160,11314516,11164288,11178644,631,4,false,false
5347,1,135904,135904,9769784,9778764,9633880,9642860,892,4,false,false
5348,1,135904,135904,9808776,9818780,9672872,9682876,893,4,false,false
5349,1,135904,135904,9808776,9818780,9672872,9682876,894,4,false,false
5350,1,135904,135904,9808776,9818780,9672872,9682876,895,4,false,false
5351,1,135905,135905,9808776,9818780,9672871,9682875,896,4,false,false
5352,1,135905,135905,9848024,9857772,9712119,9721867,897,4,false,false
5353,1,135905,135905,9848024,9857772,9712119,9721867,898,4,false,false
5354,1,135905,135905,9848024,9857772,9712119,9721867,899,4,false,false
5355,1,135906,135906,9848024,9857772,9712118,9721866,900,4,false,false
5356,1,135906,135906,9880104,9892924,9744198,9757018,901,4,false,false
5357,1,135906,135906,9880104,9892924,9744198,9757018,902,4,false,false
5358,1,135906,135906,9880104,9892924,9744198,9757018,903,4,false,false
5359,1,135936,135936,9880104,9892924,9744168,9756988,904,4,false,false
5360,1,135936,135936,9917816,9927820,9781880,9791884,905,4,false,false
5361,1,135936,135936,9917816,9927820,9781880,9791884,906,4,false,false
5362,1,135936,135936,9917816,9927820,9781880,9791884,907,4,false,false
5363,2,135937,135937,11300160,11314516,11164223,11178579,632,4,false,false
5364,2,135937,135937,11338896,11349412,11202959,11213475,633,4,false,false
5365,2,135937,135937,11338896,11349412,11202959,11213475,634,4,false,false
5366,2,135937,135937,11338896,11349412,11202959,11213475,635,4,false,false
5367,1,136000,136000,9917816,9927820,9781816,9791820,908,4,false,false
5368,1,136000,136000,9971656,9980636,9835656,9844636,909,4,false,false
5369,1,136000,136000,9971656,9980636,9835656,9844636,910,4,false,false
5370,1,136000,136000,9971656,9980636,9835656,9844636,911,4,false,false
5371,2,136001,136001,11338896,11349412,11202895,11213411,636,4,false,false
5372,2,136001,136001,11374816,11389940,11238815,11253939,637,4,false,false
5373,2,136001,136001,11374816,11389940,11238815,11253939,638,4,false,false
5374,2,136001,136001,11374816,11389940,11238815,11253939,639,4,false,false
5375,1,136002,136002,9971656,9980636,9835654,9844634,912,4,false,false
5376,1,136002,136002,10013464,10024748,9877462,9888746,913,4,false,false
5377,1,136002,136002,10013464,10024748,9877462,9888746,914,4,false,false
5378,1,136002,136002,10013464,10024748,9877462,9888746,915,4,false,false
5379,2,136002,136002,11374816,11389940,11238814,11253938,640,4,false,false
5380,2,136002,136002,11413040,11423812,11277038,11287810,641,4,false,false
5381,2,136002,136002,11413040,11423812,11277038,11287810,642,4,false,false
5382,2,136002,136002,11413040,11423812,11277038,11287810,643,4,false,false
5383,1,136032,136032,10013464,10024748,9877432,9888716,916,4,false,false
5384,1,136032,136032,10049384,10062204,9913352,9926172,917,4,false,false
5385,1,136032,136032,10049384,10062204,9913352,9926172,918,4,false,false
5386,1,136032,136032,10049384,10062204,9913352,9926172,919,4,false,false
5387,0,136032,136032,12828628,12830696,12692596,12694664,1885,4,false,false
5388,1,136033,136033,10049384,10062204,9913351,9926171,920,4,false,false
5389,1,136033,136033,10092216,10103756,9956183,9967723,921,4,false,false
5390,1,136033,136033,10092216,10103756,9956183,9967723,922,4,false,false
5391,1,136033,136033,10092216,10103756,9956183,9967723,923,4,false,false
5392,1,136064,136064,10092216,10103756,9956152,9967692,924,4,false,false
5393,1,136064,136064,10125576,10139164,9989512,10003100,925,4,false,false
5394,1,136064,136064,10125576,10139164,9989512,10003100,926,4,false,false
5395,1,136064,136064,10125576,10139164,9989512,10003100,927,4,false,false
5396,1,136065,136065,10125576,10139164,9989511,10003099,928,4,false,false
5397,1,136065,136065,10158680,10171500,10022615,10035435,929,4,false,false
5398,1,136065,136065,10158680,10171500,10022615,10035435,930,4,false,false
5399,1,136065,136065,10158680,10171500,10022615,10035435,931,4,false,false
5400,1,136160,136160,10158680,10171500,10022520,10035340,932,4,false,false
5401,1,136160,136160,10198696,10209468,10062536,10073308,933,4,false,false
5402,1,136160,136160,10198696,10209468,10062536,10073308,934,4,false,false
5403,1,136160,136160,10198696,10209468,10062536,10073308,935,4,false,false
5404,2,136160,136160,11413040,11423812,11276880,11287652,644,4,false,false
5405,2,136160,136160,11446400,11459220,11310240,11323060,645,4,false,false
5406,2,136160,136160,11446400,11459220,11310240,11323060,646,4,false,false
5407,2,136160,136160,11446400,11459220,11310240,11323060,647,4,false,false
5408,1,136193,136193,10198696,10209468,10062503,10073275,936,4,false,false
5409,1,136193,136193,10236664,10248716,10100471,10112523,937,4,false,false
5410,1,136193,136193,10236664,10248716,10100471,10112523,938,4,false,false
5411,1,136193,136193,10236664,10248716,10100471,10112523,939,4,false,false
5412,1,136193,136193,10236664,10248716,10100471,10112523,940,4,false,false
5413,1,136193,136193,10270536,10285916,10134343,10149723,941,4,false,false
5414,1,136193,136193,10270536,10285916,10134343,10149723,942,4,false,false
5415,1,136193,136193,10270536,10285916,10134343,10149723,943,4,false,false
5416,1,136225,136225,10270536,10285916,10134311,10149691,944,4,false,false
5417,1,136225,136225,10318488,10332076,10182263,10195851,945,4,false,false
5418,1,136225,136225,10318488,10332076,10182263,10195851,946,4,false,false
5419,1,136225,136225,10318488,10332076,10182263,10195851,947,4,false,false
5420,1,136256,136256,10318488,10332076,10182232,10195820,948,4,false,false
5421,1,136256,136256,10356456,10369276,10220200,10233020,949,4,false,false
5422,1,136256,136256,10356456,10369276,10220200,10233020,950,4,false,false
5423,1,136256,136256,10356456,10369276,10220200,10233020,951,4,false,false
5424,2,136257,136257,11446400,11459220,11310143,11322963,648,4,false,false
5425,2,136257,136257,11481040,11496676,11344783,11360419,649,4,false,false
5426,2,136257,136257,11481040,11496676,11344783,11360419,650,4,false,false
5427,2,136257,136257,11481040,11496676,11344783,11360419,651,4,false,false
5428,2,136257,136257,11481040,11496676,11344783,11360419,652,4,false,false
5429,2,136257,136257,11518496,11532084,11382239,11395827,653,4,false,false
5430,2,136257,136257,11518496,11532084,11382239,11395827,654,4,false,false
5431,2,136257,136257,11518496,11532084,11382239,11395827,655,4,false,false
5432,1,136288,136288,10356456,10369276,10220168,10232988,952,4,false,false
5433,1,136288,136288,10391096,10402636,10254808,10266348,953,4,false,false
5434,1,136288,136288,10391096,10402636,10254808,10266348,954,4,false,false
5435,1,136288,136288,10391096,10402636,10254808,10266348,955,4,false,false
5436,1,136320,136320,10391096,10402636,10254776,10266316,956,4,false,false
5437,1,136320,136320,10424712,10438044,10288392,10301724,957,4,false,false
5438,1,136320,136320,10424712,10438044,10288392,10301724,958,4,false,false
5439,1,136320,136320,10424712,10438044,10288392,10301724,959,4,false,false
5440,2,136352,136352,11518496,11532084,11382144,11395732,656,4,false,false
5441,2,136352,136352,11565936,11578756,11429584,11442404,657,4,false,false
5442,2,136352,136352,11565936,11578756,11429584,11442404,658,4,false,false
5443,2,136352,136352,11565936,11578756,11429584,11442404,659,4,false,false
5444,2,136353,136353,11565936,11578756,11429583,11442403,660,4,false,false
5445,2,136353,136353,11607488,11619284,11471135,11482931,661,4,false,false
5446,2,136353,136353,11607488,11619284,11471135,11482931,662,4,false,false
5447,2,136353,136353,11607488,11619284,11471135,11482931,663,4,false,false
5448,2,136353,136353,11607488,11619284,11471135,11482931,664,4,false,false
5449,2,136353,136353,11641104,11655460,11504751,11519107,665,4,false,false
5450,2,136353,136353,11641104,11655460,11504751,11519107,666,4,false,false
5451,2,136353,136353,11641104,11655460,11504751,11519107,667,4,false,false
5452,2,136384,136384,11641104,11655460,11504720,11519076,668,4,false,false
5453,2,136384,136384,11680352,11696244,11543968,11559860,669,4,false,false
5454,2,136384,136384,11680352,11696244,11543968,11559860,670,4,false,false
5455,2,136384,136384,11680352,11696244,11543968,11559860,671,4,false,false
5456,1,136385,136385,10424712,10438044,10288327,10301659,960,4,false,false
5457,1,136385,136385,10456792,10470892,10320407,10334507,961,4,false,false
5458,1,136385,136385,10456792,10470892,10320407,10334507,962,4,false,false
5459,1,136385,136385,10456792,10470892,10320407,10334507,963,4,false,false
5460,2,136386,136386,11680352,11696244,11543966,11559858,672,4,false,false
5461,2,136386,136386,11719600,11733188,11583214,11596802,673,4,false,false
5462,2,136386,136386,11719600,11733188,11583214,11596802,674,4,false,false
5463,2,136386,136386,11719600,11733188,11583214,11596802,675,4,false,false
5464,1,136417,136417,10456792,10470892,10320375,10334475,964,4,false,false
5465,1,136417,136417,10494248,10509116,10357831,10372699,965,4,false,false
5466,1,136417,136417,10494248,10509116,10357831,10372699,966,4,false,false
5467,1,136417,136417,10494248,10509116,10357831,10372699,967,4,false,false
5468,1,136448,136448,10494248,10509116,10357800,10372668,968,4,false,false
5469,1,136448,136448,10546552,10557324,10410104,10420876,969,4,false,false
5470,1,136448,136448,10546552,10557324,10410104,10420876,970,4,false,false
5471,1,136448,136448,10546552,10557324,10410104,10420876,971,4,false,false
5472,1,136449,136449,10546552,10557324,10410103,10420875,972,4,false,false
5473,1,136449,136449,10601160,10611932,10464711,10475483,973,4,false,false
5474,1,136449,136449,10601160,10611932,10464711,10475483,974,4,false,false
5475,1,136449,136449,10601160,10611932,10464711,10475483,975,4,false,false
5476,3,136450,136450,12764508,12777328,12628058,12640878,1890,4,false,false
5477,3,136450,136450,12764508,12777328,12628058,12640878,1891,4,false,false
5478,3,136450,136450,12764508,12777328,12628058,12640878,1892,4,false,false
5479,3,136450,136450,12800684,12816320,12664234,12679870,1893,4,false,false
5480,2,136544,136544,11719600,11733188,11583056,11596644,676,4,false,false
5481,2,136544,136544,11760384,11774740,11623840,11638196,677,4,false,false
5482,2,136544,136544,11760384,11774740,11623840,11638196,678,4,false,false
5483,2,136544,136544,11760384,11774740,11623840,11638196,679,4,false,false
5484,1,136544,136544,10601160,10611932,10464616,10475388,976,4,false,false
5485,1,136544,136544,10639128,10650412,10502584,10513868,977,4,false,false
5486,1,136544,136544,10639128,10650412,10502584,10513868,978,4,false,false
5487,1,136544,136544,10639128,10650412,10502584,10513868,979,4,false,false
5488,1,136673,136673,10639128,10650412,10502455,10513739,980,4,false,false
5489,1,136673,136673,10675560,10688380,10538887,10551707,981,4,false,false
5490,1,136673,136673,10675560,10688380,10538887,10551707,982,4,false,false
5491,1,136673,136673,10675560,10688380,10538887,10551707,983,4,false,false
5492,1,136705,136705,10675560,10688380,10538855,10551675,984,4,false,false
5493,1,136705,136705,10714808,10725580,10578103,10588875,985,4,false,false
5494,1,136705,136705,10714808,10725580,10578103,10588875,986,4,false,false
5495,1,136705,136705,10714808,10725580,10578103,10588875,987,4,false,false
5496,1,136705,136705,10714808,10725580,10578103,10588875,988,4,false,false
5497,1,136705,136705,10753288,10764828,10616583,10628123,989,4,false,false
5498,1,136705,136705,10753288,10764828,10616583,10628123,990,4,false,false
5499,1,136705,136705,10753288,10764828,10616583,10628123,991,4,false,false
5500,1,136737,136737,10753288,10764828,10616551,10628091,992,4,false,false
5501,1,136737,136737,10794584,10807404,10657847,10670667,993,4,false,false
5502,1,136737,136737,10794584,10807404,10657847,10670667,994,4,false,false
5503,1,136737,136737,10794584,10807404,10657847,10670667,995,4,false,false
5504,1,136864,136864,10794584,10807404,10657720,10670540,996,4,false,false
5505,1,136864,136864,10829224,10839996,10692360,10703132,997,4,false,false
5506,1,136864,136864,10829224,10839996,10692360,10703132,998,4,false,false
5507,1,136864,136864,10829224,10839996,10692360,10703132,999,4,false,false
5508,3,136865,136865,12800684,12816320,12663819,12679455,1894,4,false,false
5509,3,136865,136865,12800684,12816320,12663819,12679455,1895,4,false,false
5510,3,136865,136865,12800684,12816320,12663819,12679455,1896,4,false,false
5511,3,136865,136865,12841468,12851472,12704603,12714607,1897,4,false,false
5512,2,136960,136960,11760384,11774740,11623424,11637780,680,4,false,false
5513,2,136960,136960,11796816,11812452,11659856,11675492,681,4,false,false
5514,2,136960,136960,11796816,11812452,11659856,11675492,682,4,false,false
5515,2,136960,136960,11796816,11812452,11659856,11675492,683,4,false,false
5516,1,136961,136961,10829224,10839996,10692263,10703035,1000,4,false,false
5517,1,136961,136961,10864376,10875148,10727415,10738187,1001,4,false,false
5518,1,136961,136961,10864376,10875148,10727415,10738187,1002,4,false,false
5519,1,136961,136961,10864376,10875148,10727415,10738187,1003,4,false,false
5520,2,136992,136992,11796816,11812452,11659824,11675460,684,4,false,false
5521,2,136992,136992,11836832,11849652,11699840,11712660,685,4,false,false
5522,2,136992,136992,11836832,11849652,11699840,11712660,686,4,false,false
5523,2,136992,136992,11836832,11849652,11699840,11712660,687,4,false,false
5524,0,136992,136992,12828628,12830696,12691636,12693704,1886,4,false,false
5525,2,136992,136992,11836832,11849652,11699840,11712660,688,4,false,false
5526,2,136992,136992,11873520,11885828,11736528,11748836,689,4,false,false
5527,2,136992,136992,11873520,11885828,11736528,11748836,690,4,false,false
5528,2,136992,136992,11873520,11885828,11736528,11748836,691,4,false,false
5529,1,137025,137025,10864376,10875148,10727351,10738123,1004,4,false,false
5530,1,137025,137025,10895944,10907484,10758919,10770459,1005,4,false,false
5531,1,137025,137025,10895944,10907484,10758919,10770459,1006,4,false,false
5532,1,137025,137025,10895944,10907484,10758919,10770459,1007,4,false,false
5533,1,137025,137025,10895944,10907484,10758919,10770459,1008,4,false,false
5534,1,137025,137025,10945176,10960812,10808151,10823787,1009,4,false,false
5535,1,137025,137025,10945176,10960812,10808151,10823787,1010,4,false,false
5536,1,137025,137025,10945176,10960812,10808151,10823787,1011,4,false,false
5537,1,137056,137056,10945176,10960812,10808120,10823756,1012,4,false,false
5538,1,137056,137056,10997480,11016956,10860424,10879900,1013,4,false,false
5539,1,137056,137056,10997480,11016956,10860424,10879900,1014,4,false,false
5540,1,137056,137056,10997480,11016956,10860424,10879900,1015,4,false,false
5541,1,137121,137121,10997480,11016956,10860359,10879835,1016,4,false,false
5542,1,137121,137121,11046200,11056972,10909079,10919851,1017,4,false,false
5543,1,137121,137121,11046200,11056972,10909079,10919851,1018,4,false,false
5544,1,137121,137121,11046200,11056972,10909079,10919851,1019,4,false,false
5545,1,137216,137216,11046200,11056972,10908984,10919756,1020,4,false,false
5546,1,137216,137216,11081608,11092380,10944392,10955164,1021,4,false,false
5547,1,137216,137216,11081608,11092380,10944392,10955164,1022,4,false,false
5548,1,137216,137216,11081608,11092380,10944392,10955164,1023,4,false,false
5549,1,137217,137217,11081608,11092380,10944391,10955163,1024,4,false,false
5550,1,137217,137217,11115736,11127276,10978519,10990059,1025,4,false,false
5551,1,137217,137217,11115736,11127276,10978519,10990059,1026,4,false,false
5552,1,137217,137217,11115736,11127276,10978519,10990059,1027,4,false,false
5553,1,137249,137249,11115736,11127276,10978487,10990027,1028,4,false,false
5554,1,137249,137249,11161384,11174204,11024135,11036955,1029,4,false,false
5555,1,137249,137249,11161384,11174204,11024135,11036955,1030,4,false,false
5556,1,137249,137249,11161384,11174204,11024135,11036955,1031,4,false,false
5557,2,137280,137280,11873520,11885828,11736240,11748548,692,4,false,false
5558,2,137280,137280,11908160,11923284,11770880,11786004,693,4,false,false
5559,2,137280,137280,11908160,11923284,11770880,11786004,694,4,false,false
5560,2,137280,137280,11908160,11923284,11770880,11786004,695,4,false,false
5561,1,137281,137281,11161384,11174204,11024103,11036923,1032,4,false,false
5562,1,137281,137281,11201400,11212172,11064119,11074891,1033,4,false,false
5563,1,137281,137281,11201400,11212172,11064119,11074891,1034,4,false,false
5564,1,137281,137281,11201400,11212172,11064119,11074891,1035,4,false,false
5565,1,137313,137313,11201400,11212172,11064087,11074859,1036,4,false,false
5566,1,137313,137313,11234504,11247836,11097191,11110523,1037,4,false,false
5567,1,137313,137313,11234504,11247836,11097191,11110523,1038,4,false,false
5568,1,137313,137313,11234504,11247836,11097191,11110523,1039,4,false,false
5569,1,137408,137408,11234504,11247836,11097096,11110428,1040,4,false,false
5570,1,137408,137408,11273240,11291948,11135832,11154540,1041,4,false,false
5571,1,137408,137408,11273240,11291948,11135832,11154540,1042,4,false,false
5572,1,137408,137408,11273240,11291948,11135832,11154540,1043,4,false,false
5573,1,137408,137408,11273240,11291948,11135832,11154540,1044,4,false,false
5574,1,137408,137408,11319912,11330684,11182504,11193276,1045,4,false,false
5575,1,137408,137408,11319912,11330684,11182504,11193276,1046,4,false,false
5576,1,137408,137408,11319912,11330684,11182504,11193276,1047,4,false,false
5577,1,137440,137440,11319912,11330684,11182472,11193244,1048,4,false,false
5578,1,137440,137440,11354808,11366604,11217368,11229164,1049,4,false,false
5579,1,137440,137440,11354808,11366604,11217368,11229164,1050,4,false,false
5580,1,137440,137440,11354808,11366604,11217368,11229164,1051,4,false,false
5581,1,137472,137472,11354808,11366604,11217336,11229132,1052,4,false,false
5582,1,137472,137472,11392776,11404828,11255304,11267356,1053,4,false,false
5583,1,137472,137472,11392776,11404828,11255304,11267356,1054,4,false,false
5584,1,137472,137472,11392776,11404828,11255304,11267356,1055,4,false,false
5585,1,137472,137472,11392776,11404828,11255304,11267356,1056,4,false,false
5586,1,137472,137472,11429208,11438188,11291736,11300716,1057,4,false,false
5587,1,137472,137472,11429208,11438188,11291736,11300716,1058,4,false,false
5588,1,137472,137472,11429208,11438188,11291736,11300716,1059,4,false,false
5589,1,137473,137473,11429208,11438188,11291735,11300715,1060,4,false,false
5590,1,137473,137473,11462056,11472828,11324583,11335355,1061,4,false,false
5591,1,137473,137473,11462056,11472828,11324583,11335355,1062,4,false,false
5592,1,137473,137473,11462056,11472828,11324583,11335355,1063,4,false,false
5593,1,137505,137505,11462056,11472828,11324551,11335323,1064,4,false,false
5594,1,137505,137505,11499512,11510284,11362007,11372779,1065,4,false,false
5595,1,137505,137505,11499512,11510284,11362007,11372779,1066,4,false,false
5596,1,137505,137505,11499512,11510284,11362007,11372779,1067,4,false,false
5597,1,137568,137568,11499512,11510284,11361944,11372716,1068,4,false,false
5598,1,137568,137568,11545672,11557724,11408104,11420156,1069,4,false,false
5599,1,137568,137568,11545672,11557724,11408104,11420156,1070,4,false,false
5600,1,137568,137568,11545672,11557724,11408104,11420156,1071,4,false,false
5601,2,137570,137570,11908160,11923284,11770590,11785714,696,4,false,false
5602,2,137570,137570,11955344,11966884,11817774,11829314,697,4,false,false
5603,2,137570,137570,11955344,11966884,11817774,11829314,698,4,false,false
5604,2,137570,137570,11955344,11966884,11817774,11829314,699,4,false,false
5605,2,137601,137601,11955344,11966884,11817743,11829283,700,4,false,false
5606,2,137601,137601,11994592,12007412,11856991,11869811,701,4,false,false
5607,2,137601,137601,11994592,12007412,11856991,11869811,702,4,false,false
5608,2,137601,137601,11994592,12007412,11856991,11869811,703,4,false,false
5609,1,137728,137728,11545672,11557724,11407944,11419996,1072,4,false,false
5610,1,137728,137728,11586968,11599276,11449240,11461548,1073,4,false,false
5611,1,137728,137728,11586968,11599276,11449240,11461548,1074,4,false,false
5612,1,137728,137728,11586968,11599276,11449240,11461548,1075,4,false,false
5613,2,137729,137729,11994592,12007412,11856863,11869683,704,4,false,false
5614,2,137729,137729,12031536,12042308,11893807,11904579,705,4,false,false
5615,2,137729,137729,12031536,12042308,11893807,11904579,706,4,false,false
5616,2,137729,137729,12031536,12042308,11893807,11904579,707,4,false,false
5617,1,137729,137729,11586968,11599276,11449239,11461547,1076,4,false,false
5618,1,137857,137857,11622120,11632892,11484263,11495035,1077,4,false,false
5619,1,137857,137857,11622120,11632892,11484263,11495035,1078,4,false,false
5620,1,137857,137857,11622120,11632892,11484263,11495035,1079,4,false,false
5621,1,137857,137857,11622120,11632892,11484263,11495035,1080,4,false,false
5622,1,137920,137920,11663672,11674444,11525752,11536524,1081,4,false,false
5623,1,137920,137920,11663672,11674444,11525752,11536524,1082,4,false,false
5624,1,137920,137920,11663672,11674444,11525752,11536524,1083,4,false,false
5625,1,137920,137920,11663672,11674444,11525752,11536524,1084,4,false,false
5626,2,137920,137920,12031536,12042308,11893616,11904388,708,4,false,false
5627,2,137920,137920,12071808,12084116,11933888,11946196,709,4,false,false
5628,2,137920,137920,12071808,12084116,11933888,11946196,710,4,false,false
5629,2,137920,137920,12071808,12084116,11933888,11946196,711,4,false,false
5630,2,138080,138080,12071808,12084116,11933728,11946036,712,4,false,false
5631,2,138080,138080,12109264,12122340,11971184,11984260,713,4,false,false
5632,2,138080,138080,12109264,12122340,11971184,11984260,714,4,false,false
5633,2,138080,138080,12109264,12122340,11971184,11984260,715,4,false,false
5634,2,138177,138177,12109264,12122340,11971087,11984163,716,4,false,false
5635,2,138177,138177,12142880,12148020,12004703,12009843,717,4,false,false
5636,2,138177,138177,12142880,12148020,12004703,12009843,718,4,false,false
5637,2,138177,138177,12142880,12148020,12004703,12009843,719,4,false,false
5638,1,138240,138240,11701640,11712412,11563400,11574172,1085,4,false,false
5639,1,138240,138240,11701640,11712412,11563400,11574172,1086,4,false,false
5640,1,138240,138240,11701640,11712412,11563400,11574172,1087,4,false,false
5641,1,138240,138240,11701640,11712412,11563400,11574172,1088,4,false,false
5642,2,138304,138304,12142880,12148020,12004576,12009716,720,4,false,false
5643,2,138304,138304,12171120,12181892,12032816,12043588,721,4,false,false
5644,2,138304,138304,12171120,12181892,12032816,12043588,722,4,false,false
5645,2,138304,138304,12171120,12181892,12032816,12043588,723,4,false,false
5646,1,138496,138496,11741400,11752172,11602904,11613676,1089,4,false,false
5647,1,138496,138496,11741400,11752172,11602904,11613676,1090,4,false,false
5648,1,138496,138496,11741400,11752172,11602904,11613676,1091,4,false,false
5649,1,138496,138496,11741400,11752172,11602904,11613676,1092,4,false,false
5650,2,138561,138561,12171120,12181892,12032559,12043331,724,4,false,false
5651,2,138561,138561,12207040,12217812,12068479,12079251,725,4,false,false
5652,2,138561,138561,12207040,12217812,12068479,12079251,726,4,false,false
5653,2,138561,138561,12207040,12217812,12068479,12079251,727,4,false,false
5654,1,138625,138625,11777576,11788604,11638951,11649979,1093,4,false,false
5655,1,138625,138625,11777576,11788604,11638951,11649979,1094,4,false,false
5656,1,138625,138625,11777576,11788604,11638951,11649979,1095,4,false,false
5657,1,138625,138625,11777576,11788604,11638951,11649979,1096,4,false,false
5658,1,138657,138657,11817848,11828620,11679191,11689963,1097,4,false,false
5659,1,138657,138657,11817848,11828620,11679191,11689963,1098,4,false,false
5660,1,138657,138657,11817848,11828620,11679191,11689963,1099,4,false,false
5661,1,138657,138657,11817848,11828620,11679191,11689963,1100,4,false,false
5662,1,138689,138689,11852488,11863260,11713799,11724571,1101,4,false,false
5663,1,138689,138689,11852488,11863260,11713799,11724571,1102,4,false,false
5664,1,138689,138689,11852488,11863260,11713799,11724571,1103,4,false,false
5665,1,138689,138689,11852488,11863260,11713799,11724571,1104,4,false,false
5666,2,138784,138784,12207040,12217812,12068256,12079028,728,4,false,false
5667,2,138784,138784,12239632,12250404,12100848,12111620,729,4,false,false
5668,2,138784,138784,12239632,12250404,12100848,12111620,730,4,false,false
5669,2,138784,138784,12239632,12250404,12100848,12111620,731,4,false,false
5670,1,139040,139040,11888664,11899436,11749624,11760396,1105,4,false,false
5671,1,139040,139040,11888664,11899436,11749624,11760396,1106,4,false,false
5672,1,139040,139040,11888664,11899436,11749624,11760396,1107,4,false,false
5673,1,139040,139040,11888664,11899436,11749624,11760396,1108,4,false,false
5674,2,139040,139040,12239632,12250404,12100592,12111364,732,4,false,false
5675,2,139040,139040,12277600,12288372,12138560,12149332,733,4,false,false
5676,2,139040,139040,12277600,12288372,12138560,12149332,734,4,false,false
5677,2,139040,139040,12277600,12288372,12138560,12149332,735,4,false,false
5678,1,139072,139072,11931496,11945084,11792424,11806012,1109,4,false,false
5679,1,139072,139072,11931496,11945084,11792424,11806012,1110,4,false,false
5680,1,139072,139072,11931496,11945084,11792424,11806012,1111,4,false,false
5681,1,139072,139072,11931496,11945084,11792424,11806012,1112,4,false,false
5682,1,139232,139232,11975096,11985868,11835864,11846636,1113,4,false,false
5683,1,139232,139232,11975096,11985868,11835864,11846636,1114,4,false,false
5684,1,139232,139232,11975096,11985868,11835864,11846636,1115,4,false,false
5685,1,139232,139232,11975096,11985868,11835864,11846636,1116,4,false,false
5686,1,139234,139234,12010248,12021020,11871014,11881786,1117,4,false,false
5687,1,139234,139234,12010248,12021020,11871014,11881786,1118,4,false,false
5688,1,139234,139234,12010248,12021020,11871014,11881786,1119,4,false,false
5689,1,139234,139234,12010248,12021020,11871014,11881786,1120,4,false,false
5690,2,139328,139328,12277600,12288372,12138272,12149044,736,4,false,false
5691,2,139328,139328,12312752,12323524,12173424,12184196,737,4,false,false
5692,2,139328,139328,12312752,12323524,12173424,12184196,738,4,false,false
5693,2,139328,139328,12312752,12323524,12173424,12184196,739,4,false,false
5694,1,139392,139392,12050520,12063084,11911128,11923692,1121,4,false,false
5695,1,139424,139424,12050520,12063084,11911096,11923660,1122,4,false,false
5696,1,139424,139424,12050520,12063084,11911096,11923660,1123,4,false,false
5697,1,139424,139424,12050520,12063084,11911096,11923660,1124,4,false,false
5698,1,139424,139424,12086952,12101052,11947528,11961628,1125,4,false,false
5699,1,139488,139488,12086952,12101052,11947464,11961564,1126,4,false,false
5700,1,139488,139488,12086952,12101052,11947464,11961564,1127,4,false,false
5701,1,139488,139488,12086952,12101052,11947464,11961564,1128,4,false,false
5702,1,139488,139488,12125176,12136716,11985688,11997228,1129,4,false,false
5703,1,139552,139552,12125176,12136716,11985624,11997164,1130,4,false,false
5704,1,139552,139552,12125176,12136716,11985624,11997164,1131,4,false,false
5705,1,139552,139552,12125176,12136716,11985624,11997164,1132,4,false,false
5706,1,139552,139552,12150856,12163676,12011304,12024124,1133,4,false,false
5707,1,139553,139553,12150856,12163676,12011303,12024123,1134,4,false,false
5708,1,139553,139553,12150856,12163676,12011303,12024123,1135,4,false,false
5709,1,139553,139553,12150856,12163676,12011303,12024123,1136,4,false,false
5710,1,139553,139553,12187288,12198828,12047735,12059275,1137,4,false,false
5711,2,139904,139904,12312752,12323524,12172848,12183620,740,4,false,false
5712,2,139904,139904,12347904,12358676,12208000,12218772,741,4,false,false
5713,2,139904,139904,12347904,12358676,12208000,12218772,742,4,false,false
5714,2,139904,139904,12347904,12358676,12208000,12218772,743,4,false,false
5715,1,139969,139969,12187288,12198828,12047319,12058859,1138,4,false,false
5716,1,139969,139969,12187288,12198828,12047319,12058859,1139,4,false,false
5717,1,139969,139969,12187288,12198828,12047319,12058859,1140,4,false,false
5718,1,139969,139969,12220648,12231420,12080679,12091451,1141,4,false,false
5719,2,140033,140033,12347904,12358676,12207871,12218643,744,4,false,false
5720,2,140033,140033,12385872,12398180,12245839,12258147,745,4,false,false
5721,2,140033,140033,12385872,12398180,12245839,12258147,746,4,false,false
5722,2,140033,140033,12385872,12398180,12245839,12258147,747,4,false,false
5723,2,140768,140768,12385872,12398180,12245104,12257412,748,4,false,false
5724,2,140768,140768,12432800,12448180,12292032,12307412,749,4,false,false
5725,2,140768,140768,12432800,12448180,12292032,12307412,750,4,false,false
5726,2,140768,140768,12432800,12448180,12292032,12307412,751,4,false,false
5727,1,140960,140960,12220648,12231420,12079688,12090460,1142,4,false,false
5728,1,140960,140960,12220648,12231420,12079688,12090460,1143,4,false,false
5729,1,140960,140960,12220648,12231420,12079688,12090460,1144,4,false,false
5730,1,140960,140960,12258616,12267340,12117656,12126380,1145,4,false,false
5731,2,140992,140992,12432800,12448180,12291808,12307188,752,4,false,false
5732,2,140992,140992,12472816,12483588,12331824,12342596,753,4,false,false
5733,2,140992,140992,12472816,12483588,12331824,12342596,754,4,false,false
5734,2,140992,140992,12472816,12483588,12331824,12342596,755,4,false,false
5735,1,141025,141025,12258616,12267340,12117591,12126315,1146,4,false,false
5736,1,141025,141025,12258616,12267340,12117591,12126315,1147,4,false,false
5737,1,141025,141025,12258616,12267340,12117591,12126315,1148,4,false,false
5738,1,141025,141025,12293768,12304028,12152743,12163003,1149,4,false,false
5739,3,141440,141440,12841468,12851472,12700028,12710032,1894,4,false,false
5740,3,141440,141440,12841468,12851472,12700028,12710032,1895,4,false,false
5741,3,141440,141440,12841468,12851472,12700028,12710032,1896,4,false,false
5742,3,141440,141440,12868172,12870240,12726732,12728800,1897,1,false,false
5743,1,141857,141857,12293768,12304028,12151911,12162171,1150,4,false,false
5744,1,141857,141857,12293768,12304028,12151911,12162171,1151,4,false,false
5745,1,141857,141857,12293768,12304028,12151911,12162171,1152,4,false,false
5746,1,141857,141857,12328920,12339692,12187063,12197835,1153,4,false,false
5747,2,142016,142016,12472816,12483588,12330800,12341572,756,4,false,false
5748,2,142016,142016,12506176,12516948,12364160,12374932,757,4,false,false
5749,2,142016,142016,12506176,12516948,12364160,12374932,758,4,false,false
5750,2,142016,142016,12506176,12516948,12364160,12374932,759,4,false,false
5751,2,142369,142369,12506176,12516948,12363807,12374579,760,4,false,false
5752,2,142369,142369,12541072,12551844,12398703,12409475,761,4,false,false
5753,2,142369,142369,12541072,12551844,12398703,12409475,762,4,false,false
5754,2,142369,142369,12541072,12551844,12398703,12409475,763,4,false,false
5755,1,143329,143329,12328920,12339692,12185591,12196363,1154,4,false,false
5756,1,143329,143329,12328920,12339692,12185591,12196363,1155,4,false,false
5757,1,143329,143329,12328920,12339692,12185591,12196363,1156,4,false,false
5758,1,143329,143329,12366888,12377660,12223559,12234331,1157,4,false,false
5759,2,143362,143362,12541072,12551844,12397710,12408482,764,4,false,false
5760,2,143362,143362,12578784,12589556,12435422,12446194,765,4,false,false
5761,2,143362,143362,12578784,12589556,12435422,12446194,766,4,false,false
5762,2,143362,143362,12578784,12589556,12435422,12446194,767,4,false,false
5763,2,143456,143456,12578784,12589556,12435328,12446100,768,4,false,false
5764,2,143456,143456,12622896,12633668,12479440,12490212,769,4,false,false
5765,2,143456,143456,12622896,12633668,12479440,12490212,770,4,false,false
5766,2,143456,143456,12622896,12633668,12479440,12490212,771,4,false,false
5767,1,143616,143616,12366888,12377660,12223272,12234044,1158,4,false,false
5768,1,143616,143616,12366888,12377660,12223272,12234044,1159,4,false,false
5769,1,143616,143616,12366888,12377660,12223272,12234044,1160,4,false,false
5770,1,143616,143616,12411768,12424588,12268152,12280972,1161,4,false,false
5771,1,148128,148128,12411768,12424588,12263640,12276460,1162,4,false,false
5772,1,148128,148128,12411768,12424588,12263640,12276460,1163,4,false,false
5773,1,148128,148128,12411768,12424588,12263640,12276460,1164,4,false,false
5774,1,148128,148128,12451016,12464604,12302888,12316476,1165,4,false,false
5775,1,149473,149473,12451016,12464604,12301543,12315131,1166,4,false,false
5776,1,149473,149473,12451016,12464604,12301543,12315131,1167,4,false,false
5777,1,149473,149473,12451016,12464604,12301543,12315131,1168,4,false,false
5778,1,149473,149473,12486424,12497964,12336951,12348491,1169,4,false,false
5779,1,150274,150274,12486424,12497964,12336150,12347690,1170,4,false,false
5780,1,150274,150274,12486424,12497964,12336150,12347690,1171,4,false,false
5781,1,150274,150274,12486424,12497964,12336150,12347690,1172,4,false,false
5782,1,150274,150274,12519784,12530812,12369510,12380538,1173,4,false,false
5783,1,151105,151105,12519784,12530812,12368679,12379707,1174,4,false,false
5784,1,151105,151105,12519784,12530812,12368679,12379707,1175,4,false,false
5785,1,151105,151105,12519784,12530812,12368679,12379707,1176,4,false,false
5786,1,151105,151105,12554680,12570060,12403575,12418955,1177,4,false,false
5787,1,158176,158176,12554680,12570060,12396504,12411884,1178,4,false,false
5788,1,158176,158176,12554680,12570060,12396504,12411884,1179,4,false,false
5789,1,158176,158176,12554680,12570060,12396504,12411884,1180,4,false,false
5790,1,158176,158176,12597768,12614684,12439592,12456508,1181,4,false,false
5791,1,159649,159649,12597768,12614684,12438119,12455035,1182,4,false,false
5792,1,159649,159649,12597768,12614684,12438119,12455035,1183,4,false,false
5793,1,159649,159649,12597768,12614684,12438119,12455035,1184,4,false,false
5794,1,159649,159649,12641624,12649836,12481975,12490187,1185,4,false,false
5795,1,161664,161664,12641624,12649836,12479960,12488172,1186,4,false,false
5796,1,161664,161664,12641624,12649836,12479960,12488172,1187,4,false,false
5797,1,161664,161664,12641624,12649836,12479960,12488172,1188,4,false,false
5798,1,161664,161664,12676520,12694716,12514856,12533052,1189,4,false,false
5799,1,161696,161696,12676520,12694716,12514824,12533020,1190,4,false,false
5800,1,161696,161696,12676520,12694716,12514824,12533020,1191,4,false,false
5801,1,161696,161696,12676520,12694716,12514824,12533020,1192,4,false,false
5802,1,161696,161696,12716280,12729868,12554584,12568172,1193,4,false,false
5803,2,161761,161761,12622896,12633668,12461135,12471907,772,4,false,false
5804,2,161761,161761,12660352,12671124,12498591,12509363,773,4,false,false
5805,2,161761,161761,12660352,12671124,12498591,12509363,774,4,false,false
5806,2,161761,161761,12660352,12671124,12498591,12509363,775,4,false,false
5807,2,161762,161762,12660352,12671124,12498590,12509362,776,4,false,false
5808,2,161762,161762,12703440,12714212,12541678,12552450,777,4,false,false
5809,2,161762,161762,12703440,12714212,12541678,12552450,778,4,false,false
5810,2,161762,161762,12703440,12714212,12541678,12552450,779,4,false,false
5811,2,162144,162144,12703440,12714212,12541296,12552068,780,4,false,false
5812,2,162144,162144,12740128,12750900,12577984,12588756,781,4,false,false
5813,2,162144,162144,12740128,12750900,12577984,12588756,782,4,false,false
5814,2,162144,162144,12740128,12750900,12577984,12588756,783,4,false,false
5815,2,162400,162400,12740128,12750900,12577728,12588500,784,4,false,false
5816,2,162400,162400,12777328,12788100,12614928,12625700,785,4,false,false
5817,2,162400,162400,12777328,12788100,12614928,12625700,786,4,false,false
5818,2,162400,162400,12777328,12788100,12614928,12625700,787,4,false,false
5819,1,162657,162657,12716280,12729868,12553623,12567211,1194,4,false,false
5820,1,162657,162657,12716280,12729868,12553623,12567211,1195,4,false,false
5821,1,162657,162657,12716280,12729868,12553623,12567211,1196,4,false,false
5822,1,162657,162657,12753736,12764508,12591079,12601851,1197,4,false,false
5823,2,163330,163330,12777328,12788100,12613998,12624770,788,4,false,false
5824,2,163330,163330,12816320,12828628,12652990,12665298,789,4,false,false
5825,2,163330,163330,12816320,12828628,12652990,12665298,790,4,false,false
5826,2,163330,163330,12816320,12828628,12652990,12665298,791,4,false,false
5827,2,165889,165889,12816320,12828628,12650431,12662739,792,4,false,false
5828,2,165889,165889,12851472,12864292,12685583,12698403,793,4,false,false
5829,2,165889,165889,12851472,12864292,12685583,12698403,794,4,false,false
5830,2,165889,165889,12851472,12864292,12685583,12698403,795,4,false,false
5831,1,167424,167424,12753736,12764508,12586312,12597084,1198,4,false,false
5832,1,167424,167424,12753736,12764508,12586312,12597084,1199,4,false,false
5833,1,167424,167424,12753736,12764508,12586312,12597084,1200,4,false,false
5834,1,167424,167424,12789912,12800684,12622488,12633260,1201,4,false,false
5835,1,168512,168512,12789912,12800684,12621400,12632172,1202,4,false,false
5836,1,168512,168512,12789912,12800684,12621400,12632172,1203,4,false,false
5837,1,168512,168512,12789912,12800684,12621400,12632172,1204,4,false,false
5838,1,168512,168512,12830696,12841468,12662184,12672956,1205,4,false,false
5839,1,239810,239810,12830696,12841468,12590886,12601658,1206,4,false,false
5840,1,239810,239810,12830696,12841468,12590886,12601658,1207,4,false,false
5841,1,239810,239810,12830696,12841468,12590886,12601658,1208,4,false,false
5842,1,239810,239810,12865592,12868172,12625782,12628362,1209,1,false,false
5843,0,940133,940133,12828628,12830696,11888495,11890563,1667,4,false,false
5844,0,940133,940133,12828628,12830696,11888495,11890563,1668,4,false,false
5845,0,940133,940133,12864292,12865592,11924159,11925459,1669,2,false,false
5846,0,940133,940133,12864292,12865592,11924159,11925459,1670,2,false,false
5847,2,1165477,1165477,12851472,12864292,11685995,11698815,796,4,false,false
