token_id,dst_rank,arrival_cycle,enqueue_cycle,dispatch_cycle,completion_cycle,queue_delay,total_latency,queue_depth_at_enqueue,aggregation_size,credit_stalled,counter_stalled
0,1,0,0,16148,26920,16148,26920,1,4,false,false
1,1,0,0,16148,26920,16148,26920,2,4,false,false
2,1,0,0,16148,26920,16148,26920,3,4,false,false
3,1,0,0,16148,26920,16148,26920,4,4,false,false
4,2,0,0,417744,428516,417744,428516,1,4,false,false
5,2,0,0,417744,428516,417744,428516,2,4,false,false
6,2,0,0,417744,428516,417744,428516,3,4,false,false
7,2,0,0,417744,428516,417744,428516,4,4,false,false
8,2,0,0,428516,433912,428516,433912,5,4,false,false
9,2,0,0,428516,433912,428516,433912,6,4,false,false
10,2,0,0,428516,433912,428516,433912,7,4,false,false
11,2,0,0,428516,433912,428516,433912,8,4,false,false
12,2,0,0,433912,439308,433912,439308,9,4,false,true
13,2,0,0,433912,439308,433912,439308,10,4,false,true
14,2,0,0,433912,439308,433912,439308,11,4,false,true
15,2,0,0,433912,439308,433912,439308,12,4,false,true
16,2,0,0,439308,444704,439308,444704,13,4,false,true
17,2,0,0,439308,444704,439308,444704,14,4,false,true
18,2,0,0,439308,444704,439308,444704,15,4,false,true
19,2,0,0,439308,444704,439308,444704,16,4,false,true
20,2,0,0,444704,450100,444704,450100,17,4,false,true
21,2,0,0,444704,450100,444704,450100,18,4,false,true
22,2,0,0,444704,450100,444704,450100,19,4,false,true
23,2,0,0,444704,450100,444704,450100,20,4,false,true
24,2,0,0,450100,463688,450100,463688,21,4,false,true
25,2,0,0,450100,463688,450100,463688,22,4,false,true
26,2,0,0,450100,463688,450100,463688,23,4,false,true
27,2,0,0,450100,463688,450100,463688,24,4,false,true
28,1,0,0,26920,40508,26920,40508,5,4,false,false
29,1,0,0,26920,40508,26920,40508,6,4,false,false
30,1,0,0,26920,40508,26920,40508,7,4,false,false
31,1,0,0,26920,40508,26920,40508,8,4,false,false
32,1,0,0,40508,51280,40508,51280,9,4,false,true
33,1,0,0,40508,51280,40508,51280,10,4,false,true
34,1,0,0,40508,51280,40508,51280,11,4,false,true
35,1,0,0,40508,51280,40508,51280,12,4,false,true
36,1,0,0,51280,62052,51280,62052,13,4,false,true
37,1,0,0,51280,62052,51280,62052,14,4,false,true
38,1,0,0,51280,62052,51280,62052,15,4,false,true
39,1,0,0,51280,62052,51280,62052,16,4,false,true
40,1,0,0,62052,75640,62052,75640,17,4,false,true
41,1,0,0,62052,75640,62052,75640,18,4,false,true
42,1,0,0,62052,75640,62052,75640,19,4,false,true
43,1,0,0,62052,75640,62052,75640,20,4,false,true
44,2,0,0,463688,474460,463688,474460,25,4,false,true
45,2,0,0,463688,474460,463688,474460,26,4,false,true
46,2,0,0,463688,474460,463688,474460,27,4,false,true
47,2,0,0,463688,474460,463688,474460,28,4,false,true
48,2,0,0,474460,485232,474460,485232,29,4,false,true
49,2,0,0,474460,485232,474460,485232,30,4,false,true
50,2,0,0,474460,485232,474460,485232,31,4,false,true
51,2,0,0,474460,485232,474460,485232,32,4,false,true
52,1,0,0,75640,86412,75640,86412,21,4,false,true
53,1,0,0,75640,86412,75640,86412,22,4,false,true
54,1,0,0,75640,86412,75640,86412,23,4,false,true
55,1,0,0,75640,86412,75640,86412,24,4,false,true
56,1,0,0,86412,97184,86412,97184,25,4,false,true
57,1,0,0,86412,97184,86412,97184,26,4,false,true
58,1,0,0,86412,97184,86412,97184,27,4,false,true
59,1,0,0,86412,97184,86412,97184,28,4,false,true
60,1,0,0,97184,102580,97184,102580,29,4,false,true
61,1,0,0,97184,102580,97184,102580,30,4,false,true
62,1,0,0,97184,102580,97184,102580,31,4,false,true
63,1,0,0,97184,102580,97184,102580,32,4,false,true
64,1,0,0,102580,113608,102580,113608,33,4,false,true
65,1,0,0,102580,113608,102580,113608,34,4,false,true
66,1,0,0,102580,113608,102580,113608,35,4,false,true
67,1,0,0,102580,113608,102580,113608,36,4,false,true
68,0,0,0,0,16148,0,16148,1,4,false,false
69,0,0,0,0,16148,0,16148,2,4,false,false
70,0,0,0,0,16148,0,16148,3,4,false,false
71,0,0,0,0,16148,0,16148,4,4,false,false
72,1,0,0,113608,121564,113608,121564,37,4,false,true
73,1,0,0,113608,121564,113608,121564,38,4,false,true
74,1,0,0,113608,121564,113608,121564,39,4,false,true
75,1,0,0,113608,121564,113608,121564,40,4,false,true
76,1,0,0,121564,137712,121564,137712,41,4,false,true
77,1,0,0,121564,137712,121564,137712,42,4,false,true
78,1,0,0,121564,137712,121564,137712,43,4,false,true
79,1,0,0,121564,137712,121564,137712,44,4,false,true
80,1,0,0,137712,148484,137712,148484,45,4,false,true
81,1,0,0,137712,148484,137712,148484,46,4,false,true
82,1,0,0,137712,148484,137712,148484,47,4,false,true
83,1,0,0,137712,148484,137712,148484,48,4,false,true
84,2,0,0,485232,496004,485232,496004,33,4,false,true
85,2,0,0,485232,496004,485232,496004,34,4,false,true
86,2,0,0,485232,496004,485232,496004,35,4,false,true
87,2,0,0,485232,496004,485232,496004,36,4,false,true
88,1,0,0,148484,159256,148484,159256,49,4,false,true
89,1,0,0,148484,159256,148484,159256,50,4,false,true
90,1,0,0,148484,159256,148484,159256,51,4,false,true
91,1,0,0,148484,159256,148484,159256,52,4,false,true
92,2,0,0,496004,506776,496004,506776,37,4,false,true
93,2,0,0,496004,506776,496004,506776,38,4,false,true
94,2,0,0,496004,506776,496004,506776,39,4,false,true
95,2,0,0,496004,506776,496004,506776,40,4,false,true
96,2,0,0,506776,522668,506776,522668,41,4,false,true
97,2,0,0,506776,522668,506776,522668,42,4,false,true
98,2,0,0,506776,522668,506776,522668,43,4,false,true
99,2,0,0,506776,522668,506776,522668,44,4,false,true
100,1,0,0,159256,172844,159256,172844,53,4,false,true
101,1,0,0,159256,172844,159256,172844,54,4,false,true
102,1,0,0,159256,172844,159256,172844,55,4,false,true
103,1,0,0,159256,172844,159256,172844,56,4,false,true
104,1,0,0,172844,181056,172844,181056,57,4,false,true
105,1,0,0,172844,181056,172844,181056,58,4,false,true
106,1,0,0,172844,181056,172844,181056,59,4,false,true
107,1,0,0,172844,181056,172844,181056,60,4,false,true
108,2,0,0,522668,544704,522668,544704,45,4,false,true
109,2,0,0,522668,544704,522668,544704,46,4,false,true
110,2,0,0,522668,544704,522668,544704,47,4,false,true
111,2,0,0,522668,544704,522668,544704,48,4,false,true
112,1,0,0,181056,194644,181056,194644,61,4,false,true
113,1,0,0,181056,194644,181056,194644,62,4,false,true
114,1,0,0,181056,194644,181056,194644,63,4,false,true
115,1,0,0,181056,194644,181056,194644,64,4,false,true
116,2,0,0,544704,555476,544704,555476,49,4,false,true
117,2,0,0,544704,555476,544704,555476,50,4,false,true
118,2,0,0,544704,555476,544704,555476,51,4,false,true
119,2,0,0,544704,555476,544704,555476,52,4,false,true
120,2,0,0,555476,566248,555476,566248,53,4,false,true
121,2,0,0,555476,566248,555476,566248,54,4,false,true
122,2,0,0,555476,566248,555476,566248,55,4,false,true
123,2,0,0,555476,566248,555476,566248,56,4,false,true
124,1,0,0,194644,205416,194644,205416,65,4,false,true
125,1,0,0,194644,205416,194644,205416,66,4,false,true
126,1,0,0,194644,205416,194644,205416,67,4,false,true
127,1,0,0,194644,205416,194644,205416,68,4,false,true
128,2,0,0,566248,577020,566248,577020,57,4,false,true
129,2,0,0,566248,577020,566248,577020,58,4,false,true
130,2,0,0,566248,577020,566248,577020,59,4,false,true
131,2,0,0,566248,577020,566248,577020,60,4,false,true
132,1,0,0,205416,216188,205416,216188,69,4,false,true
133,1,0,0,205416,216188,205416,216188,70,4,false,true
134,1,0,0,205416,216188,205416,216188,71,4,false,true
135,1,0,0,205416,216188,205416,216188,72,4,false,true
136,1,0,0,216188,229520,216188,229520,73,4,false,true
137,1,0,0,216188,229520,216188,229520,74,4,false,true
138,1,0,0,216188,229520,216188,229520,75,4,false,true
139,1,0,0,216188,229520,216188,229520,76,4,false,true
140,2,0,0,577020,587792,577020,587792,61,4,false,true
141,2,0,0,577020,587792,577020,587792,62,4,false,true
142,2,0,0,577020,587792,577020,587792,63,4,false,true
143,2,0,0,577020,587792,577020,587792,64,4,false,true
144,1,0,0,229520,243108,229520,243108,77,4,false,true
145,1,0,0,229520,243108,229520,243108,78,4,false,true
146,1,0,0,229520,243108,229520,243108,79,4,false,true
147,1,0,0,229520,243108,229520,243108,80,4,false,true
148,1,0,0,243108,256696,243108,256696,81,4,false,true
149,1,0,0,243108,256696,243108,256696,82,4,false,true
150,1,0,0,243108,256696,243108,256696,83,4,false,true
151,1,0,0,243108,256696,243108,256696,84,4,false,true
152,1,0,0,256696,270284,256696,270284,85,4,false,true
153,1,0,0,256696,270284,256696,270284,86,4,false,true
154,1,0,0,256696,270284,256696,270284,87,4,false,true
155,1,0,0,256696,270284,256696,270284,88,4,false,true
156,1,0,0,270284,281056,270284,281056,89,4,false,true
157,1,0,0,270284,281056,270284,281056,90,4,false,true
158,1,0,0,270284,281056,270284,281056,91,4,false,true
159,1,0,0,270284,281056,270284,281056,92,4,false,true
160,2,0,0,587792,598564,587792,598564,65,4,false,true
161,2,0,0,587792,598564,587792,598564,66,4,false,true
162,2,0,0,587792,598564,587792,598564,67,4,false,true
163,2,0,0,587792,598564,587792,598564,68,4,false,true
164,1,0,0,281056,291828,281056,291828,93,4,false,true
165,1,0,0,281056,291828,281056,291828,94,4,false,true
166,1,0,0,281056,291828,281056,291828,95,4,false,true
167,1,0,0,281056,291828,281056,291828,96,4,false,true
168,2,0,0,598564,609336,598564,609336,69,4,false,true
169,2,0,0,598564,609336,598564,609336,70,4,false,true
170,2,0,0,598564,609336,598564,609336,71,4,false,true
171,2,0,0,598564,609336,598564,609336,72,4,false,true
172,2,0,0,609336,622924,609336,622924,73,4,false,true
173,2,0,0,609336,622924,609336,622924,74,4,false,true
174,2,0,0,609336,622924,609336,622924,75,4,false,true
175,2,0,0,609336,622924,609336,622924,76,4,false,true
176,1,0,0,291828,307976,291828,307976,97,4,false,true
177,1,0,0,291828,307976,291828,307976,98,4,false,true
178,1,0,0,291828,307976,291828,307976,99,4,false,true
179,1,0,0,291828,307976,291828,307976,100,4,false,true
180,1,0,0,307976,321308,307976,321308,101,4,false,true
181,1,0,0,307976,321308,307976,321308,102,4,false,true
182,1,0,0,307976,321308,307976,321308,103,4,false,true
183,1,0,0,307976,321308,307976,321308,104,4,false,true
184,1,0,0,321308,334640,321308,334640,105,4,false,true
185,1,0,0,321308,334640,321308,334640,106,4,false,true
186,1,0,0,321308,334640,321308,334640,107,4,false,true
187,1,0,0,321308,334640,321308,334640,108,4,false,true
188,2,0,0,622924,628832,622924,628832,77,3,false,true
189,2,0,0,622924,628832,622924,628832,78,3,false,true
190,2,0,0,622924,628832,622924,628832,79,3,false,true
191,2,0,0,628832,642676,628832,642676,80,4,false,true
192,2,0,0,628832,642676,628832,642676,81,4,false,true
193,2,0,0,628832,642676,628832,642676,82,4,false,true
194,2,0,0,628832,642676,628832,642676,83,4,false,true
195,2,0,0,642676,657032,642676,657032,84,4,false,true
196,2,0,0,642676,657032,642676,657032,85,4,false,true
197,2,0,0,642676,657032,642676,657032,86,4,false,true
198,2,0,0,642676,657032,642676,657032,87,4,false,true
199,2,0,0,657032,667804,657032,667804,88,4,false,true
200,2,0,0,657032,667804,657032,667804,89,4,false,true
201,1,0,0,334640,348228,334640,348228,109,4,false,true
202,1,0,0,334640,348228,334640,348228,110,4,false,true
203,1,0,0,334640,348228,334640,348228,111,4,false,true
204,1,0,0,334640,348228,334640,348228,112,4,false,true
205,1,0,0,348228,358744,348228,358744,113,4,false,true
206,2,0,0,657032,667804,657032,667804,90,4,false,true
207,2,0,0,657032,667804,657032,667804,91,4,false,true
208,2,0,0,667804,679856,667804,679856,92,4,false,true
209,2,0,0,667804,679856,667804,679856,93,4,false,true
210,1,0,0,348228,358744,348228,358744,114,4,false,true
211,1,0,0,348228,358744,348228,358744,115,4,false,true
212,1,0,0,348228,358744,348228,358744,116,4,false,true
213,1,0,0,358744,369004,358744,369004,117,3,false,true
214,2,0,0,667804,679856,667804,679856,94,4,false,true
215,2,0,0,667804,679856,667804,679856,95,4,false,true
216,2,0,0,679856,694724,679856,694724,96,4,false,true
217,2,0,0,679856,694724,679856,694724,97,4,false,true
218,1,0,0,358744,369004,358744,369004,118,3,false,true
219,1,0,0,358744,369004,358744,369004,119,3,false,true
220,1,0,0,369004,379776,369004,379776,120,4,false,true
221,1,0,0,369004,379776,369004,379776,121,4,false,true
222,2,0,0,679856,694724,679856,694724,98,4,false,true
223,2,0,0,679856,694724,679856,694724,99,4,false,true
224,2,0,0,694724,708312,694724,708312,100,4,false,true
225,2,0,0,694724,708312,694724,708312,101,4,false,true
226,1,0,0,369004,379776,369004,379776,122,4,false,true
227,1,0,0,369004,379776,369004,379776,123,4,false,true
228,1,0,0,379776,389524,379776,389524,124,4,false,true
229,1,0,0,379776,389524,379776,389524,125,4,false,true
230,2,0,0,694724,708312,694724,708312,102,4,false,true
231,2,0,0,694724,708312,694724,708312,103,4,false,true
232,2,0,0,708312,719084,708312,719084,104,4,false,true
233,2,0,0,708312,719084,708312,719084,105,4,false,true
234,1,0,0,379776,389524,379776,389524,126,4,false,true
235,1,0,0,379776,389524,379776,389524,127,4,false,true
236,1,0,0,389524,400296,389524,400296,128,4,false,true
237,1,0,0,389524,400296,389524,400296,129,4,false,true
238,2,0,0,708312,719084,708312,719084,106,4,false,true
239,2,0,0,708312,719084,708312,719084,107,4,false,true
240,2,0,0,719084,732672,719084,732672,108,4,false,true
241,2,0,0,719084,732672,719084,732672,109,4,false,true
242,2,0,0,719084,732672,719084,732672,110,4,false,true
243,2,0,0,719084,732672,719084,732672,111,4,false,true
244,2,0,0,732672,746516,732672,746516,112,4,false,true
245,2,0,0,732672,746516,732672,746516,113,4,false,true
246,2,0,0,732672,746516,732672,746516,114,4,false,true
247,2,0,0,732672,746516,732672,746516,115,4,false,true
248,2,0,0,746516,757288,746516,757288,116,4,false,true
249,2,0,0,746516,757288,746516,757288,117,4,false,true
250,1,0,0,389524,400296,389524,400296,130,4,false,true
251,1,0,0,389524,400296,389524,400296,131,4,false,true
252,1,0,0,400296,411068,400296,411068,132,4,false,true
253,1,0,0,400296,411068,400296,411068,133,4,false,true
254,2,0,0,746516,757288,746516,757288,118,4,false,true
255,2,0,0,746516,757288,746516,757288,119,4,false,true
256,2,0,0,757288,768060,757288,768060,120,4,false,true
257,2,0,0,757288,768060,757288,768060,121,4,false,true
258,1,0,0,400296,411068,400296,411068,134,4,false,true
259,1,0,0,400296,411068,400296,411068,135,4,false,true
260,1,0,0,411068,417744,411068,417744,136,4,false,true
261,1,0,0,411068,417744,411068,417744,137,4,false,true
262,2,0,0,757288,768060,757288,768060,122,4,false,true
263,2,0,0,757288,768060,757288,768060,123,4,false,true
264,2,0,0,768060,780112,768060,780112,124,4,false,true
265,2,0,0,768060,780112,768060,780112,125,4,false,true
266,1,2176,2176,411068,417744,408892,415568,138,4,false,true
267,1,2176,2176,411068,417744,408892,415568,139,4,false,true
268,1,2176,2176,780112,783204,777936,781028,140,4,false,true
269,1,2176,2176,780112,783204,777936,781028,141,4,false,true
270,3,59360,59360,783204,791416,723844,732056,1,4,false,false
271,3,59360,59360,783204,791416,723844,732056,2,4,false,false
272,3,59360,59360,783204,791416,723844,732056,3,4,false,false
273,3,59360,59360,783204,791416,723844,732056,4,4,false,false
274,3,60160,60160,791416,807564,731256,747404,5,4,false,false
275,3,60160,60160,791416,807564,731256,747404,6,4,false,false
276,3,60160,60160,791416,807564,731256,747404,7,4,false,false
277,3,60160,60160,791416,807564,731256,747404,8,4,false,false
278,2,62816,62816,768060,780112,705244,717296,126,4,false,true
279,2,62816,62816,768060,780112,705244,717296,127,4,false,true
280,2,62816,62816,807564,819872,744748,757056,128,4,false,true
281,2,62816,62816,807564,819872,744748,757056,129,4,false,true
282,0,63392,63392,819872,828084,756480,764692,1,4,false,false
283,0,63392,63392,819872,828084,756480,764692,2,4,false,false
284,0,63392,63392,819872,828084,756480,764692,3,4,false,false
285,0,63392,63392,819872,828084,756480,764692,4,4,false,false
286,0,63456,63456,828084,830920,764628,767464,5,4,false,false
287,0,63456,63456,828084,830920,764628,767464,6,4,false,false
288,0,63456,63456,828084,830920,764628,767464,7,4,false,false
289,0,63456,63456,828084,830920,764628,767464,8,4,false,false
290,0,63520,63520,830920,839132,767400,775612,9,4,false,true
291,0,63520,63520,830920,839132,767400,775612,10,4,false,true
292,0,63520,63520,830920,839132,767400,775612,11,4,false,true
293,0,63520,63520,830920,839132,767400,775612,12,4,false,true
294,2,63617,63617,807564,819872,743947,756255,130,4,false,true
295,2,63617,63617,807564,819872,743947,756255,131,4,false,true
296,2,63617,63617,839132,847088,775515,783471,132,4,false,true
297,2,63617,63617,839132,847088,775515,783471,133,4,false,true
298,0,63680,63680,847088,849924,783408,786244,13,4,false,true
299,0,63680,63680,847088,849924,783408,786244,14,4,false,true
300,0,63680,63680,847088,849924,783408,786244,15,4,false,true
301,0,63680,63680,847088,849924,783408,786244,16,4,false,true
302,0,63872,63872,849924,855320,786052,791448,17,4,false,true
303,0,63872,63872,849924,855320,786052,791448,18,4,false,true
304,0,63872,63872,849924,855320,786052,791448,19,4,false,true
305,0,63872,63872,849924,855320,786052,791448,20,4,false,true
306,0,63873,63873,855320,858156,791447,794283,21,4,false,true
307,0,63873,63873,855320,858156,791447,794283,22,4,false,true
308,0,63873,63873,855320,858156,791447,794283,23,4,false,true
309,0,63873,63873,855320,858156,791447,794283,24,4,false,true
310,0,64065,64065,858156,863552,794091,799487,25,4,false,true
311,0,64065,64065,858156,863552,794091,799487,26,4,false,true
312,0,64065,64065,858156,863552,794091,799487,27,4,false,true
313,0,64065,64065,858156,863552,794091,799487,28,4,false,true
314,2,64096,64096,839132,847088,775036,782992,134,4,false,true
315,2,64096,64096,839132,847088,775036,782992,135,4,false,true
316,2,64096,64096,863552,870228,799456,806132,136,4,false,true
317,2,64096,64096,863552,870228,799456,806132,137,4,false,true
318,0,64128,64128,870228,873064,806100,808936,29,4,false,true
319,0,64128,64128,870228,873064,806100,808936,30,4,false,true
320,0,64128,64128,870228,873064,806100,808936,31,4,false,true
321,0,64128,64128,870228,873064,806100,808936,32,4,false,true
322,0,64192,64192,873064,878460,808872,814268,33,4,false,true
323,0,64192,64192,873064,878460,808872,814268,34,4,false,true
324,0,64192,64192,873064,878460,808872,814268,35,4,false,true
325,0,64192,64192,873064,878460,808872,814268,36,4,false,true
326,0,64224,64224,878460,881296,814236,817072,37,4,false,true
327,0,64224,64224,878460,881296,814236,817072,38,4,false,true
328,0,64224,64224,878460,881296,814236,817072,39,4,false,true
329,0,64224,64224,878460,881296,814236,817072,40,4,false,true
330,0,64288,64288,881296,884132,817008,819844,41,4,false,true
331,0,64288,64288,881296,884132,817008,819844,42,4,false,true
332,0,64288,64288,881296,884132,817008,819844,43,4,false,true
333,0,64288,64288,881296,884132,817008,819844,44,4,false,true
334,2,64352,64352,863552,870228,799200,805876,138,4,false,true
335,2,64352,64352,863552,870228,799200,805876,139,4,false,true
336,2,64352,64352,884132,890040,819780,825688,140,4,false,true
337,2,64352,64352,884132,890040,819780,825688,141,4,false,true
338,0,64384,64384,890040,898252,825656,833868,45,4,false,true
339,0,64384,64384,890040,898252,825656,833868,46,4,false,true
340,0,64384,64384,890040,898252,825656,833868,47,4,false,true
341,0,64384,64384,890040,898252,825656,833868,48,4,false,true
342,2,64385,64385,884132,890040,819747,825655,142,4,false,true
343,0,64480,64480,898252,901088,833772,836608,49,4,false,true
344,0,64480,64480,898252,901088,833772,836608,50,4,false,true
345,0,64480,64480,898252,901088,833772,836608,51,4,false,true
346,0,64480,64480,898252,901088,833772,836608,52,4,false,true
347,3,64480,64480,901088,909300,836608,844820,9,4,false,true
348,3,64480,64480,901088,909300,836608,844820,10,4,false,true
349,3,64480,64480,901088,909300,836608,844820,11,4,false,true
350,3,64480,64480,901088,909300,836608,844820,12,4,false,true
351,2,64512,64512,884132,890040,819620,825528,143,4,false,true
352,2,64512,64512,909300,914696,844788,850184,144,4,false,true
353,2,64512,64512,909300,914696,844788,850184,145,4,false,true
354,2,64512,64512,909300,914696,844788,850184,146,4,false,true
355,3,64544,64544,917532,928304,852988,863760,13,4,false,true
356,3,64544,64544,917532,928304,852988,863760,14,4,false,true
357,3,64544,64544,917532,928304,852988,863760,15,4,false,true
358,3,64544,64544,917532,928304,852988,863760,16,4,false,true
359,0,64544,64544,914696,917532,850152,852988,53,4,false,true
360,0,64544,64544,914696,917532,850152,852988,54,4,false,true
361,0,64544,64544,914696,917532,850152,852988,55,4,false,true
362,0,64544,64544,914696,917532,850152,852988,56,4,false,true
363,0,64545,64545,928304,933700,863759,869155,57,4,false,true
364,0,64545,64545,928304,933700,863759,869155,58,4,false,true
365,0,64545,64545,928304,933700,863759,869155,59,4,false,true
366,0,64545,64545,928304,933700,863759,869155,60,4,false,true
367,0,64577,64577,933700,944472,869123,879895,61,4,false,true
368,0,64577,64577,933700,944472,869123,879895,62,4,false,true
369,0,64577,64577,933700,944472,869123,879895,63,4,false,true
370,0,64577,64577,933700,944472,869123,879895,64,4,false,true
371,0,64608,64608,944472,947308,879864,882700,65,4,false,true
372,0,64608,64608,944472,947308,879864,882700,66,4,false,true
373,0,64608,64608,944472,947308,879864,882700,67,4,false,true
374,0,64608,64608,944472,947308,879864,882700,68,4,false,true
375,0,64608,64608,947308,955520,882700,890912,69,4,false,true
376,0,64608,64608,947308,955520,882700,890912,70,4,false,true
377,0,64608,64608,947308,955520,882700,890912,71,4,false,true
378,0,64608,64608,947308,955520,882700,890912,72,4,false,true
379,3,64609,64609,955520,963220,890911,898611,17,4,false,true
380,3,64609,64609,955520,963220,890911,898611,18,4,false,true
381,3,64609,64609,955520,963220,890911,898611,19,4,false,true
382,3,64609,64609,955520,963220,890911,898611,20,4,false,true
383,0,64672,64672,963220,966056,898548,901384,73,4,false,true
384,0,64672,64672,963220,966056,898548,901384,74,4,false,true
385,0,64672,64672,963220,966056,898548,901384,75,4,false,true
386,0,64672,64672,963220,966056,898548,901384,76,4,false,true
387,0,64704,64704,966056,974268,901352,909564,77,4,false,true
388,0,64704,64704,966056,974268,901352,909564,78,4,false,true
389,0,64704,64704,966056,974268,901352,909564,79,4,false,true
390,0,64704,64704,966056,974268,901352,909564,80,4,false,true
391,1,64736,64736,780112,783204,715376,718468,122,4,false,true
392,0,64736,64736,974268,979664,909532,914928,81,4,false,true
393,0,64736,64736,974268,979664,909532,914928,82,4,false,true
394,0,64736,64736,974268,979664,909532,914928,83,4,false,true
395,0,64736,64736,974268,979664,909532,914928,84,4,false,true
396,0,64737,64737,979664,985060,914927,920323,85,4,false,true
397,0,64737,64737,979664,985060,914927,920323,86,4,false,true
398,0,64737,64737,979664,985060,914927,920323,87,4,false,true
399,0,64737,64737,979664,985060,914927,920323,88,4,false,true
400,0,64768,64768,985060,990456,920292,925688,89,4,false,true
401,0,64768,64768,985060,990456,920292,925688,90,4,false,true
402,0,64768,64768,985060,990456,920292,925688,91,4,false,true
403,0,64768,64768,985060,990456,920292,925688,92,4,false,true
404,0,64768,64768,990456,995852,925688,931084,93,4,false,true
405,0,64768,64768,990456,995852,925688,931084,94,4,false,true
406,0,64768,64768,990456,995852,925688,931084,95,4,false,true
407,0,64768,64768,990456,995852,925688,931084,96,4,false,true
408,0,64800,64800,995852,1004064,931052,939264,97,4,false,true
409,0,64800,64800,995852,1004064,931052,939264,98,4,false,true
410,0,64800,64800,995852,1004064,931052,939264,99,4,false,true
411,0,64800,64800,995852,1004064,931052,939264,100,4,false,true
412,0,64800,64800,1004064,1014836,939264,950036,101,4,false,true
413,0,64800,64800,1004064,1014836,939264,950036,102,4,false,true
414,0,64800,64800,1004064,1014836,939264,950036,103,4,false,true
415,0,64800,64800,1004064,1014836,939264,950036,104,4,false,true
416,0,64800,64800,1014836,1017672,950036,952872,105,4,false,true
417,0,64800,64800,1014836,1017672,950036,952872,106,4,false,true
418,0,64800,64800,1014836,1017672,950036,952872,107,4,false,true
419,0,64800,64800,1014836,1017672,950036,952872,108,4,false,true
420,0,64800,64800,1017672,1025884,952872,961084,109,4,false,true
421,0,64800,64800,1017672,1025884,952872,961084,110,4,false,true
422,0,64800,64800,1017672,1025884,952872,961084,111,4,false,true
423,0,64800,64800,1017672,1025884,952872,961084,112,4,false,true
424,2,64801,64801,909300,914696,844499,849895,147,4,false,true
425,2,64801,64801,1025884,1031280,961083,966479,148,4,false,true
426,2,64801,64801,1025884,1031280,961083,966479,149,4,false,true
427,2,64801,64801,1025884,1031280,961083,966479,150,4,false,true
428,0,64832,64832,1031280,1036676,966448,971844,113,4,false,true
429,0,64832,64832,1031280,1036676,966448,971844,114,4,false,true
430,0,64832,64832,1031280,1036676,966448,971844,115,4,false,true
431,0,64832,64832,1031280,1036676,966448,971844,116,4,false,true
432,0,64832,64832,1036676,1044888,971844,980056,117,4,false,true
433,0,64832,64832,1036676,1044888,971844,980056,118,4,false,true
434,0,64832,64832,1036676,1044888,971844,980056,119,4,false,true
435,0,64832,64832,1036676,1044888,971844,980056,120,4,false,true
436,3,64833,64833,1044888,1053100,980055,988267,21,4,false,true
437,3,64833,64833,1044888,1053100,980055,988267,22,4,false,true
438,3,64833,64833,1044888,1053100,980055,988267,23,4,false,true
439,3,64833,64833,1044888,1053100,980055,988267,24,4,false,true
440,0,64864,64864,1053100,1058496,988236,993632,121,4,false,true
441,0,64864,64864,1053100,1058496,988236,993632,122,4,false,true
442,0,64864,64864,1053100,1058496,988236,993632,123,4,false,true
443,0,64864,64864,1053100,1058496,988236,993632,124,4,false,true
444,0,64896,64896,1058496,1066708,993600,1001812,125,4,false,true
445,0,64896,64896,1058496,1066708,993600,1001812,126,4,false,true
446,0,64896,64896,1058496,1066708,993600,1001812,127,4,false,true
447,0,64896,64896,1058496,1066708,993600,1001812,128,4,false,true
448,0,64896,64896,1066708,1069544,1001812,1004648,129,4,false,true
449,0,64896,64896,1066708,1069544,1001812,1004648,130,4,false,true
450,0,64896,64896,1066708,1069544,1001812,1004648,131,4,false,true
451,0,64896,64896,1066708,1069544,1001812,1004648,132,4,false,true
452,0,64928,64928,1069544,1074940,1004616,1010012,133,4,false,true
453,0,64928,64928,1069544,1074940,1004616,1010012,134,4,false,true
454,0,64928,64928,1069544,1074940,1004616,1010012,135,4,false,true
455,0,64928,64928,1069544,1074940,1004616,1010012,136,4,false,true
456,0,64928,64928,1074940,1080336,1010012,1015408,137,4,false,true
457,0,64928,64928,1074940,1080336,1010012,1015408,138,4,false,true
458,0,64928,64928,1074940,1080336,1010012,1015408,139,4,false,true
459,0,64928,64928,1074940,1080336,1010012,1015408,140,4,false,true
460,0,64928,64928,1080336,1083172,1015408,1018244,141,4,false,true
461,0,64928,64928,1080336,1083172,1015408,1018244,142,4,false,true
462,0,64928,64928,1080336,1083172,1015408,1018244,143,4,false,true
463,0,64928,64928,1080336,1083172,1015408,1018244,144,4,false,true
464,0,64929,64929,1083172,1091384,1018243,1026455,145,4,false,true
465,0,64929,64929,1083172,1091384,1018243,1026455,146,4,false,true
466,0,64929,64929,1083172,1091384,1018243,1026455,147,4,false,true
467,0,64929,64929,1083172,1091384,1018243,1026455,148,4,false,true
468,0,64960,64960,1091384,1094220,1026424,1029260,149,4,false,true
469,0,64960,64960,1091384,1094220,1026424,1029260,150,4,false,true
470,0,64960,64960,1091384,1094220,1026424,1029260,151,4,false,true
471,0,64960,64960,1091384,1094220,1026424,1029260,152,4,false,true
472,3,64960,64960,1105268,1113480,1040308,1048520,25,4,false,true
473,3,64960,64960,1105268,1113480,1040308,1048520,26,4,false,true
474,3,64960,64960,1105268,1113480,1040308,1048520,27,4,false,true
475,3,64960,64960,1105268,1113480,1040308,1048520,28,4,false,true
476,0,64960,64960,1094220,1102432,1029260,1037472,153,4,false,true
477,0,64960,64960,1094220,1102432,1029260,1037472,154,4,false,true
478,0,64960,64960,1094220,1102432,1029260,1037472,155,4,false,true
479,0,64960,64960,1094220,1102432,1029260,1037472,156,4,false,true
480,0,64960,64960,1102432,1105268,1037472,1040308,157,4,false,true
481,0,64960,64960,1102432,1105268,1037472,1040308,158,4,false,true
482,0,64960,64960,1102432,1105268,1037472,1040308,159,4,false,true
483,0,64960,64960,1102432,1105268,1037472,1040308,160,4,false,true
484,2,64992,64992,1025884,1031280,960892,966288,151,4,false,true
485,2,64992,64992,1113480,1118876,1048488,1053884,152,4,false,true
486,2,64992,64992,1113480,1118876,1048488,1053884,153,4,false,true
487,2,64992,64992,1113480,1118876,1048488,1053884,154,4,false,true
488,0,65024,65024,1118876,1121712,1053852,1056688,161,4,false,true
489,0,65024,65024,1118876,1121712,1053852,1056688,162,4,false,true
490,0,65024,65024,1118876,1121712,1053852,1056688,163,4,false,true
491,0,65024,65024,1118876,1121712,1053852,1056688,164,4,false,true
492,3,65024,65024,1121712,1129924,1056688,1064900,29,4,false,true
493,3,65024,65024,1121712,1129924,1056688,1064900,30,4,false,true
494,3,65024,65024,1121712,1129924,1056688,1064900,31,4,false,true
495,3,65024,65024,1121712,1129924,1056688,1064900,32,4,false,true
496,0,65057,65057,1129924,1135320,1064867,1070263,165,4,false,true
497,0,65057,65057,1129924,1135320,1064867,1070263,166,4,false,true
498,0,65057,65057,1129924,1135320,1064867,1070263,167,4,false,true
499,0,65057,65057,1129924,1135320,1064867,1070263,168,4,false,true
500,0,65088,65088,1135320,1140716,1070232,1075628,169,4,false,true
501,0,65088,65088,1135320,1140716,1070232,1075628,170,4,false,true
502,0,65088,65088,1135320,1140716,1070232,1075628,171,4,false,true
503,0,65088,65088,1135320,1140716,1070232,1075628,172,4,false,true
504,3,65088,65088,1146112,1154324,1081024,1089236,33,4,false,true
505,3,65088,65088,1146112,1154324,1081024,1089236,34,4,false,true
506,3,65088,65088,1146112,1154324,1081024,1089236,35,4,false,true
507,3,65088,65088,1146112,1154324,1081024,1089236,36,4,false,true
508,2,65088,65088,1113480,1118876,1048392,1053788,155,4,false,true
509,2,65088,65088,1140716,1146112,1075628,1081024,156,4,false,true
510,2,65088,65088,1140716,1146112,1075628,1081024,157,4,false,true
511,2,65088,65088,1140716,1146112,1075628,1081024,158,4,false,true
512,0,65120,65120,1154324,1159720,1089204,1094600,173,4,false,true
513,0,65120,65120,1154324,1159720,1089204,1094600,174,4,false,true
514,0,65120,65120,1154324,1159720,1089204,1094600,175,4,false,true
515,0,65120,65120,1154324,1159720,1089204,1094600,176,4,false,true
516,0,65152,65152,1159720,1165116,1094568,1099964,177,4,false,true
517,0,65152,65152,1159720,1165116,1094568,1099964,178,4,false,true
518,0,65152,65152,1159720,1165116,1094568,1099964,179,4,false,true
519,0,65152,65152,1159720,1165116,1094568,1099964,180,4,false,true
520,0,65153,65153,1165116,1173328,1099963,1108175,181,4,false,true
521,0,65153,65153,1165116,1173328,1099963,1108175,182,4,false,true
522,0,65153,65153,1165116,1173328,1099963,1108175,183,4,false,true
523,0,65153,65153,1165116,1173328,1099963,1108175,184,4,false,true
524,3,65184,65184,1189476,1197688,1124292,1132504,37,4,false,true
525,3,65184,65184,1189476,1197688,1124292,1132504,38,4,false,true
526,3,65184,65184,1189476,1197688,1124292,1132504,39,4,false,true
527,3,65184,65184,1189476,1197688,1124292,1132504,40,4,false,true
528,0,65184,65184,1173328,1189476,1108144,1124292,185,4,false,true
529,0,65184,65184,1173328,1189476,1108144,1124292,186,4,false,true
530,0,65184,65184,1173328,1189476,1108144,1124292,187,4,false,true
531,0,65184,65184,1173328,1189476,1108144,1124292,188,4,false,true
532,1,65185,65185,780112,783204,714927,718019,123,4,false,true
533,1,65185,65185,1197688,1203084,1132503,1137899,124,4,false,true
534,1,65185,65185,1197688,1203084,1132503,1137899,125,4,false,true
535,1,65185,65185,1197688,1203084,1132503,1137899,126,4,false,true
536,2,65185,65185,1140716,1146112,1075531,1080927,159,4,false,true
537,2,65185,65185,1208480,1212596,1143295,1147411,160,4,false,true
538,2,65185,65185,1208480,1212596,1143295,1147411,161,4,false,true
539,2,65185,65185,1208480,1212596,1143295,1147411,162,4,false,true
540,1,65185,65185,1197688,1203084,1132503,1137899,127,4,false,true
541,1,65185,65185,1203084,1208480,1137899,1143295,128,4,false,true
542,1,65185,65185,1203084,1208480,1137899,1143295,129,4,false,true
543,1,65185,65185,1203084,1208480,1137899,1143295,130,4,false,true
544,0,65216,65216,1212596,1215432,1147380,1150216,189,4,false,true
545,0,65216,65216,1212596,1215432,1147380,1150216,190,4,false,true
546,0,65216,65216,1212596,1215432,1147380,1150216,191,4,false,true
547,0,65216,65216,1212596,1215432,1147380,1150216,192,4,false,true
548,0,65216,65216,1215432,1220828,1150216,1155612,193,4,false,true
549,0,65216,65216,1215432,1220828,1150216,1155612,194,4,false,true
550,0,65216,65216,1215432,1220828,1150216,1155612,195,4,false,true
551,0,65216,65216,1215432,1220828,1150216,1155612,196,4,false,true
552,2,65216,65216,1208480,1212596,1143264,1147380,163,4,false,true
553,0,65248,65248,1220828,1231600,1155580,1166352,197,4,false,true
554,0,65248,65248,1220828,1231600,1155580,1166352,198,4,false,true
555,0,65248,65248,1220828,1231600,1155580,1166352,199,4,false,true
556,0,65248,65248,1220828,1231600,1155580,1166352,200,4,false,true
557,0,65248,65248,1231600,1244932,1166352,1179684,201,4,false,true
558,0,65248,65248,1231600,1244932,1166352,1179684,202,4,false,true
559,0,65248,65248,1231600,1244932,1166352,1179684,203,4,false,true
560,0,65248,65248,1231600,1244932,1166352,1179684,204,4,false,true
561,0,65248,65248,1244932,1250328,1179684,1185080,205,4,false,true
562,0,65248,65248,1244932,1250328,1179684,1185080,206,4,false,true
563,0,65248,65248,1244932,1250328,1179684,1185080,207,4,false,true
564,0,65248,65248,1244932,1250328,1179684,1185080,208,4,false,true
565,3,65248,65248,1250328,1258540,1185080,1193292,41,4,false,true
566,3,65248,65248,1250328,1258540,1185080,1193292,42,4,false,true
567,3,65248,65248,1250328,1258540,1185080,1193292,43,4,false,true
568,3,65248,65248,1250328,1258540,1185080,1193292,44,4,false,true
569,3,65248,65248,1258540,1266752,1193292,1201504,45,4,false,true
570,3,65248,65248,1258540,1266752,1193292,1201504,46,4,false,true
571,3,65248,65248,1258540,1266752,1193292,1201504,47,4,false,true
572,3,65248,65248,1258540,1266752,1193292,1201504,48,4,false,true
573,0,65280,65280,1266752,1269588,1201472,1204308,209,4,false,true
574,0,65280,65280,1266752,1269588,1201472,1204308,210,4,false,true
575,0,65280,65280,1266752,1269588,1201472,1204308,211,4,false,true
576,0,65280,65280,1266752,1269588,1201472,1204308,212,4,false,true
577,0,65280,65280,1269588,1277800,1204308,1212520,213,4,false,true
578,0,65280,65280,1269588,1277800,1204308,1212520,214,4,false,true
579,0,65280,65280,1269588,1277800,1204308,1212520,215,4,false,true
580,0,65280,65280,1269588,1277800,1204308,1212520,216,4,false,true
581,0,65281,65281,1277800,1283196,1212519,1217915,217,4,false,true
582,0,65281,65281,1277800,1283196,1212519,1217915,218,4,false,true
583,0,65281,65281,1277800,1283196,1212519,1217915,219,4,false,true
584,0,65281,65281,1277800,1283196,1212519,1217915,220,4,false,true
585,0,65312,65312,1283196,1288592,1217884,1223280,221,4,false,true
586,0,65312,65312,1283196,1288592,1217884,1223280,222,4,false,true
587,0,65312,65312,1283196,1288592,1217884,1223280,223,4,false,true
588,0,65312,65312,1283196,1288592,1217884,1223280,224,4,false,true
589,0,65344,65344,1288592,1293476,1223248,1228132,225,4,false,true
590,0,65344,65344,1288592,1293476,1223248,1228132,226,4,false,true
591,0,65344,65344,1288592,1293476,1223248,1228132,227,4,false,true
592,0,65344,65344,1288592,1293476,1223248,1228132,228,4,false,true
593,0,65345,65345,1293476,1296312,1228131,1230967,229,4,false,true
594,0,65345,65345,1293476,1296312,1228131,1230967,230,4,false,true
595,0,65345,65345,1293476,1296312,1228131,1230967,231,4,false,true
596,0,65345,65345,1293476,1296312,1228131,1230967,232,4,false,true
597,0,65376,65376,1296312,1309900,1230936,1244524,233,4,false,true
598,0,65376,65376,1296312,1309900,1230936,1244524,234,4,false,true
599,0,65376,65376,1296312,1309900,1230936,1244524,235,4,false,true
600,0,65376,65376,1296312,1309900,1230936,1244524,236,4,false,true
601,0,65377,65377,1309900,1315296,1244523,1249919,237,4,false,true
602,0,65377,65377,1309900,1315296,1244523,1249919,238,4,false,true
603,0,65377,65377,1309900,1315296,1244523,1249919,239,4,false,true
604,0,65377,65377,1309900,1315296,1244523,1249919,240,4,false,true
605,3,65377,65377,1315296,1326068,1249919,1260691,49,4,false,true
606,3,65377,65377,1315296,1326068,1249919,1260691,50,4,false,true
607,3,65377,65377,1315296,1326068,1249919,1260691,51,4,false,true
608,3,65377,65377,1315296,1326068,1249919,1260691,52,4,false,true
609,3,65377,65377,1326068,1334280,1260691,1268903,53,4,false,true
610,3,65377,65377,1326068,1334280,1260691,1268903,54,4,false,true
611,3,65377,65377,1326068,1334280,1260691,1268903,55,4,false,true
612,3,65377,65377,1326068,1334280,1260691,1268903,56,4,false,true
613,3,65408,65408,1345052,1353264,1279644,1287856,57,4,false,true
614,3,65408,65408,1345052,1353264,1279644,1287856,58,4,false,true
615,3,65408,65408,1345052,1353264,1279644,1287856,59,4,false,true
616,3,65408,65408,1345052,1353264,1279644,1287856,60,4,false,true
617,0,65408,65408,1334280,1345052,1268872,1279644,241,4,false,true
618,0,65408,65408,1334280,1345052,1268872,1279644,242,4,false,true
619,0,65408,65408,1334280,1345052,1268872,1279644,243,4,false,true
620,0,65408,65408,1334280,1345052,1268872,1279644,244,4,false,true
621,3,65440,65440,1353264,1361476,1287824,1296036,61,4,false,true
622,3,65440,65440,1353264,1361476,1287824,1296036,62,4,false,true
623,3,65440,65440,1353264,1361476,1287824,1296036,63,4,false,true
624,3,65440,65440,1353264,1361476,1287824,1296036,64,4,false,true
625,3,65440,65440,1361476,1369688,1296036,1304248,65,4,false,true
626,3,65440,65440,1361476,1369688,1296036,1304248,66,4,false,true
627,3,65440,65440,1361476,1369688,1296036,1304248,67,4,false,true
628,3,65440,65440,1361476,1369688,1296036,1304248,68,4,false,true
629,3,65440,65440,1369688,1377900,1304248,1312460,69,4,false,true
630,3,65440,65440,1369688,1377900,1304248,1312460,70,4,false,true
631,3,65440,65440,1369688,1377900,1304248,1312460,71,4,false,true
632,3,65440,65440,1369688,1377900,1304248,1312460,72,4,false,true
633,0,65441,65441,1377900,1380736,1312459,1315295,245,4,false,true
634,0,65441,65441,1377900,1380736,1312459,1315295,246,4,false,true
635,0,65441,65441,1377900,1380736,1312459,1315295,247,4,false,true
636,0,65441,65441,1377900,1380736,1312459,1315295,248,4,false,true
637,0,65472,65472,1380736,1388948,1315264,1323476,249,4,false,true
638,0,65472,65472,1380736,1388948,1315264,1323476,250,4,false,true
639,0,65472,65472,1380736,1388948,1315264,1323476,251,4,false,true
640,0,65472,65472,1380736,1388948,1315264,1323476,252,4,false,true
641,0,65472,65472,1388948,1402536,1323476,1337064,253,4,false,true
642,0,65472,65472,1388948,1402536,1323476,1337064,254,4,false,true
643,0,65472,65472,1388948,1402536,1323476,1337064,255,4,false,true
644,0,65472,65472,1388948,1402536,1323476,1337064,256,4,false,true
645,3,65472,65472,1402536,1410748,1337064,1345276,73,4,false,true
646,3,65472,65472,1402536,1410748,1337064,1345276,74,4,false,true
647,3,65472,65472,1402536,1410748,1337064,1345276,75,4,false,true
648,3,65472,65472,1402536,1410748,1337064,1345276,76,4,false,true
649,3,65504,65504,1438180,1446392,1372676,1380888,77,4,false,true
650,3,65504,65504,1438180,1446392,1372676,1380888,78,4,false,true
651,3,65504,65504,1438180,1446392,1372676,1380888,79,4,false,true
652,3,65504,65504,1438180,1446392,1372676,1380888,80,4,false,true
653,0,65504,65504,1410748,1424336,1345244,1358832,257,4,false,true
654,0,65504,65504,1410748,1424336,1345244,1358832,258,4,false,true
655,0,65504,65504,1410748,1424336,1345244,1358832,259,4,false,true
656,0,65504,65504,1410748,1424336,1345244,1358832,260,4,false,true
657,0,65504,65504,1424336,1438180,1358832,1372676,261,4,false,true
658,0,65504,65504,1424336,1438180,1358832,1372676,262,4,false,true
659,0,65504,65504,1424336,1438180,1358832,1372676,263,4,false,true
660,0,65504,65504,1424336,1438180,1358832,1372676,264,4,false,true
661,0,65536,65536,1446392,1454604,1380856,1389068,265,4,false,true
662,0,65536,65536,1446392,1454604,1380856,1389068,266,4,false,true
663,0,65536,65536,1446392,1454604,1380856,1389068,267,4,false,true
664,0,65536,65536,1446392,1454604,1380856,1389068,268,4,false,true
665,0,65536,65536,1454604,1457440,1389068,1391904,269,4,false,true
666,0,65536,65536,1454604,1457440,1389068,1391904,270,4,false,true
667,0,65536,65536,1454604,1457440,1389068,1391904,271,4,false,true
668,0,65536,65536,1454604,1457440,1389068,1391904,272,4,false,true
669,1,65536,65536,1203084,1208480,1137548,1142944,131,4,false,true
670,1,65536,65536,1457440,1461556,1391904,1396020,132,4,false,true
671,1,65536,65536,1457440,1461556,1391904,1396020,133,4,false,true
672,1,65536,65536,1457440,1461556,1391904,1396020,134,4,false,true
673,3,65537,65537,1469768,1472604,1404231,1407067,81,4,false,true
674,3,65537,65537,1469768,1472604,1404231,1407067,82,4,false,true
675,3,65537,65537,1469768,1472604,1404231,1407067,83,4,false,true
676,3,65537,65537,1469768,1472604,1404231,1407067,84,4,false,true
677,0,65537,65537,1461556,1469768,1396019,1404231,273,4,false,true
678,0,65537,65537,1461556,1469768,1396019,1404231,274,4,false,true
679,0,65537,65537,1461556,1469768,1396019,1404231,275,4,false,true
680,0,65537,65537,1461556,1469768,1396019,1404231,276,4,false,true
681,0,65568,65568,1472604,1480816,1407036,1415248,277,4,false,true
682,0,65568,65568,1472604,1480816,1407036,1415248,278,4,false,true
683,0,65568,65568,1472604,1480816,1407036,1415248,279,4,false,true
684,0,65568,65568,1472604,1480816,1407036,1415248,280,4,false,true
685,0,65568,65568,1480816,1483652,1415248,1418084,281,4,false,true
686,0,65568,65568,1480816,1483652,1415248,1418084,282,4,false,true
687,0,65568,65568,1480816,1483652,1415248,1418084,283,4,false,true
688,0,65568,65568,1480816,1483652,1415248,1418084,284,4,false,true
689,0,65600,65600,1483652,1486488,1418052,1420888,285,4,false,true
690,0,65600,65600,1483652,1486488,1418052,1420888,286,4,false,true
691,0,65600,65600,1483652,1486488,1418052,1420888,287,4,false,true
692,0,65600,65600,1483652,1486488,1418052,1420888,288,4,false,true
693,0,65600,65600,1486488,1494700,1420888,1429100,289,4,false,true
694,0,65600,65600,1486488,1494700,1420888,1429100,290,4,false,true
695,0,65600,65600,1486488,1494700,1420888,1429100,291,4,false,true
696,0,65600,65600,1486488,1494700,1420888,1429100,292,4,false,true
697,3,65600,65600,1496768,1507540,1431168,1441940,85,4,false,true
698,3,65600,65600,1496768,1507540,1431168,1441940,86,4,false,true
699,3,65600,65600,1496768,1507540,1431168,1441940,87,4,false,true
700,3,65600,65600,1496768,1507540,1431168,1441940,88,4,false,true
701,0,65600,65600,1494700,1496768,1429100,1431168,293,4,false,true
702,0,65600,65600,1494700,1496768,1429100,1431168,294,4,false,true
703,0,65600,65600,1494700,1496768,1429100,1431168,295,4,false,true
704,0,65600,65600,1494700,1496768,1429100,1431168,296,4,false,true
705,3,65600,65600,1507540,1518312,1441940,1452712,89,4,false,true
706,3,65600,65600,1507540,1518312,1441940,1452712,90,4,false,true
707,3,65600,65600,1507540,1518312,1441940,1452712,91,4,false,true
708,3,65600,65600,1507540,1518312,1441940,1452712,92,4,false,true
709,0,65601,65601,1518312,1523708,1452711,1458107,297,4,false,true
710,0,65601,65601,1518312,1523708,1452711,1458107,298,4,false,true
711,0,65601,65601,1518312,1523708,1452711,1458107,299,4,false,true
712,0,65601,65601,1518312,1523708,1452711,1458107,300,4,false,true
713,0,65632,65632,1523708,1526544,1458076,1460912,301,4,false,true
714,0,65632,65632,1523708,1526544,1458076,1460912,302,4,false,true
715,0,65632,65632,1523708,1526544,1458076,1460912,303,4,false,true
716,0,65632,65632,1523708,1526544,1458076,1460912,304,4,false,true
717,3,65632,65632,1526544,1534756,1460912,1469124,93,4,false,true
718,3,65632,65632,1526544,1534756,1460912,1469124,94,4,false,true
719,3,65632,65632,1526544,1534756,1460912,1469124,95,4,false,true
720,3,65632,65632,1526544,1534756,1460912,1469124,96,4,false,true
721,3,65664,65664,1545548,1553760,1479884,1488096,97,4,false,true
722,3,65664,65664,1545548,1553760,1479884,1488096,98,4,false,true
723,3,65664,65664,1545548,1553760,1479884,1488096,99,4,false,true
724,3,65664,65664,1545548,1553760,1479884,1488096,100,4,false,true
725,0,65664,65664,1534756,1540152,1469092,1474488,305,4,false,true
726,0,65664,65664,1534756,1540152,1469092,1474488,306,4,false,true
727,0,65664,65664,1534756,1540152,1469092,1474488,307,4,false,true
728,0,65664,65664,1534756,1540152,1469092,1474488,308,4,false,true
729,0,65664,65664,1540152,1545548,1474488,1479884,309,4,false,true
730,0,65664,65664,1540152,1545548,1474488,1479884,310,4,false,true
731,0,65664,65664,1540152,1545548,1474488,1479884,311,4,false,true
732,0,65664,65664,1540152,1545548,1474488,1479884,312,4,false,true
733,0,65665,65665,1553760,1556596,1488095,1490931,313,4,false,true
734,0,65665,65665,1553760,1556596,1488095,1490931,314,4,false,true
735,0,65665,65665,1553760,1556596,1488095,1490931,315,4,false,true
736,0,65665,65665,1553760,1556596,1488095,1490931,316,4,false,true
737,0,65665,65665,1556596,1558664,1490931,1492999,317,4,false,true
738,0,65665,65665,1556596,1558664,1490931,1492999,318,4,false,true
739,0,65665,65665,1556596,1558664,1490931,1492999,319,4,false,true
740,0,65665,65665,1556596,1558664,1490931,1492999,320,4,false,true
741,0,65665,65665,1558664,1561500,1492999,1495835,321,4,false,true
742,0,65665,65665,1558664,1561500,1492999,1495835,322,4,false,true
743,0,65665,65665,1558664,1561500,1492999,1495835,323,4,false,true
744,0,65665,65665,1558664,1561500,1492999,1495835,324,4,false,true
745,3,65696,65696,1580484,1585368,1514788,1519672,101,4,false,true
746,3,65696,65696,1580484,1585368,1514788,1519672,102,4,false,true
747,3,65696,65696,1580484,1585368,1514788,1519672,103,4,false,true
748,3,65696,65696,1580484,1585368,1514788,1519672,104,4,false,true
749,0,65696,65696,1561500,1572272,1495804,1506576,325,4,false,true
750,0,65696,65696,1561500,1572272,1495804,1506576,326,4,false,true
751,0,65696,65696,1561500,1572272,1495804,1506576,327,4,false,true
752,0,65696,65696,1561500,1572272,1495804,1506576,328,4,false,true
753,0,65696,65696,1572272,1580484,1506576,1514788,329,4,false,true
754,0,65696,65696,1572272,1580484,1506576,1514788,330,4,false,true
755,0,65696,65696,1572272,1580484,1506576,1514788,331,4,false,true
756,0,65696,65696,1572272,1580484,1506576,1514788,332,4,false,true
757,3,65696,65696,1585368,1593580,1519672,1527884,105,4,false,true
758,3,65696,65696,1585368,1593580,1519672,1527884,106,4,false,true
759,3,65696,65696,1585368,1593580,1519672,1527884,107,4,false,true
760,3,65696,65696,1585368,1593580,1519672,1527884,108,4,false,true
761,3,65696,65696,1593580,1601792,1527884,1536096,109,4,false,true
762,3,65696,65696,1593580,1601792,1527884,1536096,110,4,false,true
763,3,65696,65696,1593580,1601792,1527884,1536096,111,4,false,true
764,3,65696,65696,1593580,1601792,1527884,1536096,112,4,false,true
765,0,65697,65697,1601792,1604628,1536095,1538931,333,4,false,true
766,0,65697,65697,1601792,1604628,1536095,1538931,334,4,false,true
767,0,65697,65697,1601792,1604628,1536095,1538931,335,4,false,true
768,0,65697,65697,1601792,1604628,1536095,1538931,336,4,false,true
769,0,65728,65728,1604628,1615400,1538900,1549672,337,4,false,true
770,0,65728,65728,1604628,1615400,1538900,1549672,338,4,false,true
771,0,65728,65728,1604628,1615400,1538900,1549672,339,4,false,true
772,0,65728,65728,1604628,1615400,1538900,1549672,340,4,false,true
773,0,65728,65728,1615400,1620284,1549672,1554556,341,4,false,true
774,0,65728,65728,1615400,1620284,1549672,1554556,342,4,false,true
775,0,65728,65728,1615400,1620284,1549672,1554556,343,4,false,true
776,0,65728,65728,1615400,1620284,1549672,1554556,344,4,false,true
777,0,65728,65728,1620284,1623120,1554556,1557392,345,4,false,true
778,0,65728,65728,1620284,1623120,1554556,1557392,346,4,false,true
779,0,65728,65728,1620284,1623120,1554556,1557392,347,4,false,true
780,0,65728,65728,1620284,1623120,1554556,1557392,348,4,false,true
781,3,65760,65760,1625956,1634168,1560196,1568408,113,4,false,true
782,3,65760,65760,1625956,1634168,1560196,1568408,114,4,false,true
783,3,65760,65760,1625956,1634168,1560196,1568408,115,4,false,true
784,3,65760,65760,1625956,1634168,1560196,1568408,116,4,false,true
785,0,65760,65760,1623120,1625956,1557360,1560196,349,4,false,true
786,0,65760,65760,1623120,1625956,1557360,1560196,350,4,false,true
787,0,65760,65760,1623120,1625956,1557360,1560196,351,4,false,true
788,0,65760,65760,1623120,1625956,1557360,1560196,352,4,false,true
789,3,65760,65760,1634168,1642380,1568408,1576620,117,4,false,true
790,3,65760,65760,1634168,1642380,1568408,1576620,118,4,false,true
791,3,65760,65760,1634168,1642380,1568408,1576620,119,4,false,true
792,3,65760,65760,1634168,1642380,1568408,1576620,120,4,false,true
793,0,65761,65761,1642380,1647776,1576619,1582015,353,4,false,true
794,0,65761,65761,1642380,1647776,1576619,1582015,354,4,false,true
795,0,65761,65761,1642380,1647776,1576619,1582015,355,4,false,true
796,0,65761,65761,1642380,1647776,1576619,1582015,356,4,false,true
797,0,65761,65761,1647776,1650612,1582015,1584851,357,4,false,true
798,0,65761,65761,1647776,1650612,1582015,1584851,358,4,false,true
799,0,65761,65761,1647776,1650612,1582015,1584851,359,4,false,true
800,0,65761,65761,1647776,1650612,1582015,1584851,360,4,false,true
801,0,65761,65761,1650612,1656008,1584851,1590247,361,4,false,true
802,0,65761,65761,1650612,1656008,1584851,1590247,362,4,false,true
803,0,65761,65761,1650612,1656008,1584851,1590247,363,4,false,true
804,0,65761,65761,1650612,1656008,1584851,1590247,364,4,false,true
805,3,65761,65761,1666780,1674992,1601019,1609231,121,4,false,true
806,3,65761,65761,1666780,1674992,1601019,1609231,122,4,false,true
807,3,65761,65761,1666780,1674992,1601019,1609231,123,4,false,true
808,3,65761,65761,1666780,1674992,1601019,1609231,124,4,false,true
809,0,65761,65761,1656008,1666780,1590247,1601019,365,4,false,true
810,0,65761,65761,1656008,1666780,1590247,1601019,366,4,false,true
811,0,65761,65761,1656008,1666780,1590247,1601019,367,4,false,true
812,0,65761,65761,1656008,1666780,1590247,1601019,368,4,false,true
813,3,65792,65792,1680388,1688600,1614596,1622808,125,4,false,true
814,3,65792,65792,1680388,1688600,1614596,1622808,126,4,false,true
815,3,65792,65792,1680388,1688600,1614596,1622808,127,4,false,true
816,3,65792,65792,1680388,1688600,1614596,1622808,128,4,false,true
817,0,65792,65792,1674992,1680388,1609200,1614596,369,4,false,true
818,0,65792,65792,1674992,1680388,1609200,1614596,370,4,false,true
819,0,65792,65792,1674992,1680388,1609200,1614596,371,4,false,true
820,0,65792,65792,1674992,1680388,1609200,1614596,372,4,false,true
821,3,65793,65793,1688600,1696812,1622807,1631019,129,4,false,true
822,3,65793,65793,1688600,1696812,1622807,1631019,130,4,false,true
823,3,65793,65793,1688600,1696812,1622807,1631019,131,4,false,true
824,3,65793,65793,1688600,1696812,1622807,1631019,132,4,false,true
825,0,65824,65824,1696812,1704768,1630988,1638944,373,4,false,true
826,0,65824,65824,1696812,1704768,1630988,1638944,374,4,false,true
827,0,65824,65824,1696812,1704768,1630988,1638944,375,4,false,true
828,0,65824,65824,1696812,1704768,1630988,1638944,376,4,false,true
829,0,65824,65824,1704768,1715796,1638944,1649972,377,4,false,true
830,0,65824,65824,1704768,1715796,1638944,1649972,378,4,false,true
831,0,65824,65824,1704768,1715796,1638944,1649972,379,4,false,true
832,0,65824,65824,1704768,1715796,1638944,1649972,380,4,false,true
833,3,65824,65824,1715796,1724008,1649972,1658184,133,4,false,true
834,3,65824,65824,1715796,1724008,1649972,1658184,134,4,false,true
835,3,65824,65824,1715796,1724008,1649972,1658184,135,4,false,true
836,3,65824,65824,1715796,1724008,1649972,1658184,136,4,false,true
837,3,65856,65856,1724008,1726844,1658152,1660988,137,4,false,true
838,3,65856,65856,1724008,1726844,1658152,1660988,138,4,false,true
839,3,65856,65856,1724008,1726844,1658152,1660988,139,4,false,true
840,3,65856,65856,1724008,1726844,1658152,1660988,140,4,false,true
841,0,65857,65857,1726844,1735056,1660987,1669199,381,4,false,true
842,0,65857,65857,1726844,1735056,1660987,1669199,382,4,false,true
843,0,65857,65857,1726844,1735056,1660987,1669199,383,4,false,true
844,0,65857,65857,1726844,1735056,1660987,1669199,384,4,false,true
845,0,65857,65857,1735056,1737892,1669199,1672035,385,4,false,true
846,0,65857,65857,1735056,1737892,1669199,1672035,386,4,false,true
847,0,65857,65857,1735056,1737892,1669199,1672035,387,4,false,true
848,0,65857,65857,1735056,1737892,1669199,1672035,388,4,false,true
849,3,65857,65857,1737892,1746104,1672035,1680247,141,4,false,true
850,3,65857,65857,1737892,1746104,1672035,1680247,142,4,false,true
851,3,65857,65857,1737892,1746104,1672035,1680247,143,4,false,true
852,3,65857,65857,1737892,1746104,1672035,1680247,144,4,false,true
853,3,65888,65888,1750476,1758688,1684588,1692800,145,4,false,true
854,3,65888,65888,1750476,1758688,1684588,1692800,146,4,false,true
855,3,65888,65888,1750476,1758688,1684588,1692800,147,4,false,true
856,3,65888,65888,1750476,1758688,1684588,1692800,148,4,false,true
857,2,65888,65888,1746104,1750476,1680216,1684588,164,4,false,true
858,1,65920,65920,1457440,1461556,1391520,1395636,135,4,false,true
859,3,65920,65920,1758688,1766900,1692768,1700980,149,4,false,true
860,3,65920,65920,1758688,1766900,1692768,1700980,150,4,false,true
861,3,65920,65920,1758688,1766900,1692768,1700980,151,4,false,true
862,3,65920,65920,1758688,1766900,1692768,1700980,152,4,false,true
863,1,65952,65952,1783068,1791280,1717116,1725328,136,4,false,true
864,1,65952,65952,1783068,1791280,1717116,1725328,137,4,false,true
865,1,65952,65952,1783068,1791280,1717116,1725328,138,4,false,true
866,1,65952,65952,1783068,1791280,1717116,1725328,139,4,false,true
867,3,65952,65952,1791280,1802052,1725328,1736100,153,4,false,true
868,3,65952,65952,1791280,1802052,1725328,1736100,154,4,false,true
869,3,65952,65952,1791280,1802052,1725328,1736100,155,4,false,true
870,3,65952,65952,1791280,1802052,1725328,1736100,156,4,false,true
871,0,65952,65952,1766900,1774856,1700948,1708904,389,4,false,true
872,0,65952,65952,1766900,1774856,1700948,1708904,390,4,false,true
873,0,65952,65952,1766900,1774856,1700948,1708904,391,4,false,true
874,0,65952,65952,1766900,1774856,1700948,1708904,392,4,false,true
875,3,65952,65952,1802052,1810264,1736100,1744312,157,4,false,true
876,3,65952,65952,1802052,1810264,1736100,1744312,158,4,false,true
877,3,65952,65952,1802052,1810264,1736100,1744312,159,4,false,true
878,3,65952,65952,1802052,1810264,1736100,1744312,160,4,false,true
879,0,65952,65952,1774856,1783068,1708904,1717116,393,4,false,true
880,0,65952,65952,1774856,1783068,1708904,1717116,394,4,false,true
881,0,65952,65952,1774856,1783068,1708904,1717116,395,4,false,true
882,0,65952,65952,1774856,1783068,1708904,1717116,396,4,false,true
883,3,65984,65984,1836712,1844924,1770728,1778940,161,4,false,true
884,3,65984,65984,1836712,1844924,1770728,1778940,162,4,false,true
885,3,65984,65984,1836712,1844924,1770728,1778940,163,4,false,true
886,3,65984,65984,1836712,1844924,1770728,1778940,164,4,false,true
887,0,65984,65984,1810264,1815660,1744280,1749676,397,4,false,true
888,0,65984,65984,1810264,1815660,1744280,1749676,398,4,false,true
889,0,65984,65984,1810264,1815660,1744280,1749676,399,4,false,true
890,0,65984,65984,1810264,1815660,1744280,1749676,400,4,false,true
891,0,65984,65984,1815660,1821056,1749676,1755072,401,4,false,true
892,0,65984,65984,1815660,1821056,1749676,1755072,402,4,false,true
893,0,65984,65984,1815660,1821056,1749676,1755072,403,4,false,true
894,0,65984,65984,1815660,1821056,1749676,1755072,404,4,false,true
895,0,65984,65984,1821056,1829268,1755072,1763284,405,4,false,true
896,0,65984,65984,1821056,1829268,1755072,1763284,406,4,false,true
897,0,65984,65984,1821056,1829268,1755072,1763284,407,4,false,true
898,0,65984,65984,1821056,1829268,1755072,1763284,408,4,false,true
899,0,65984,65984,1829268,1836712,1763284,1770728,409,4,false,true
900,0,65984,65984,1829268,1836712,1763284,1770728,410,4,false,true
901,0,65984,65984,1829268,1836712,1763284,1770728,411,4,false,true
902,0,65984,65984,1829268,1836712,1763284,1770728,412,4,false,true
903,2,65985,65985,1746104,1750476,1680119,1684491,165,4,false,true
904,0,65985,65985,1844924,1853136,1778939,1787151,413,4,false,true
905,0,65985,65985,1844924,1853136,1778939,1787151,414,4,false,true
906,0,65985,65985,1844924,1853136,1778939,1787151,415,4,false,true
907,0,65985,65985,1844924,1853136,1778939,1787151,416,4,false,true
908,0,66016,66016,1853136,1855972,1787120,1789956,417,4,false,true
909,0,66016,66016,1853136,1855972,1787120,1789956,418,4,false,true
910,0,66016,66016,1853136,1855972,1787120,1789956,419,4,false,true
911,0,66016,66016,1853136,1855972,1787120,1789956,420,4,false,true
912,3,66016,66016,1872120,1880332,1806104,1814316,165,4,false,true
913,3,66016,66016,1872120,1880332,1806104,1814316,166,4,false,true
914,3,66016,66016,1872120,1880332,1806104,1814316,167,4,false,true
915,3,66016,66016,1872120,1880332,1806104,1814316,168,4,false,true
916,3,66016,66016,1880332,1888544,1814316,1822528,169,4,false,true
917,3,66016,66016,1880332,1888544,1814316,1822528,170,4,false,true
918,3,66016,66016,1880332,1888544,1814316,1822528,171,4,false,true
919,3,66016,66016,1880332,1888544,1814316,1822528,172,4,false,true
920,3,66016,66016,1888544,1896756,1822528,1830740,173,4,false,true
921,3,66016,66016,1888544,1896756,1822528,1830740,174,4,false,true
922,3,66016,66016,1888544,1896756,1822528,1830740,175,4,false,true
923,3,66016,66016,1888544,1896756,1822528,1830740,176,4,false,true
924,3,66016,66016,1896756,1904968,1830740,1838952,177,4,false,true
925,3,66016,66016,1896756,1904968,1830740,1838952,178,4,false,true
926,3,66016,66016,1896756,1904968,1830740,1838952,179,4,false,true
927,3,66016,66016,1896756,1904968,1830740,1838952,180,4,false,true
928,0,66016,66016,1855972,1872120,1789956,1806104,421,4,false,true
929,0,66016,66016,1855972,1872120,1789956,1806104,422,4,false,true
930,0,66016,66016,1855972,1872120,1789956,1806104,423,4,false,true
931,0,66016,66016,1855972,1872120,1789956,1806104,424,4,false,true
932,0,66017,66017,1904968,1915740,1838951,1849723,425,4,false,true
933,0,66017,66017,1904968,1915740,1838951,1849723,426,4,false,true
934,0,66017,66017,1904968,1915740,1838951,1849723,427,4,false,true
935,0,66017,66017,1904968,1915740,1838951,1849723,428,4,false,true
936,3,66048,66048,1937560,1945772,1871512,1879724,181,4,false,true
937,3,66048,66048,1937560,1945772,1871512,1879724,182,4,false,true
938,3,66048,66048,1937560,1945772,1871512,1879724,183,4,false,true
939,3,66048,66048,1937560,1945772,1871512,1879724,184,4,false,true
940,3,66048,66048,1945772,1953984,1879724,1887936,185,4,false,true
941,3,66048,66048,1945772,1953984,1879724,1887936,186,4,false,true
942,3,66048,66048,1945772,1953984,1879724,1887936,187,4,false,true
943,3,66048,66048,1945772,1953984,1879724,1887936,188,4,false,true
944,0,66048,66048,1915740,1926512,1849692,1860464,429,4,false,true
945,0,66048,66048,1915740,1926512,1849692,1860464,430,4,false,true
946,0,66048,66048,1915740,1926512,1849692,1860464,431,4,false,true
947,0,66048,66048,1915740,1926512,1849692,1860464,432,4,false,true
948,0,66048,66048,1926512,1929348,1860464,1863300,433,4,false,true
949,0,66048,66048,1926512,1929348,1860464,1863300,434,4,false,true
950,0,66048,66048,1926512,1929348,1860464,1863300,435,4,false,true
951,0,66048,66048,1926512,1929348,1860464,1863300,436,4,false,true
952,0,66048,66048,1929348,1937560,1863300,1871512,437,4,false,true
953,0,66048,66048,1929348,1937560,1863300,1871512,438,4,false,true
954,0,66048,66048,1929348,1937560,1863300,1871512,439,4,false,true
955,0,66048,66048,1929348,1937560,1863300,1871512,440,4,false,true
956,0,66080,66080,1953984,1959380,1887904,1893300,441,4,false,true
957,0,66080,66080,1953984,1959380,1887904,1893300,442,4,false,true
958,0,66080,66080,1953984,1959380,1887904,1893300,443,4,false,true
959,0,66080,66080,1953984,1959380,1887904,1893300,444,4,false,true
960,3,66080,66080,1964776,1972988,1898696,1906908,189,4,false,true
961,3,66080,66080,1964776,1972988,1898696,1906908,190,4,false,true
962,3,66080,66080,1964776,1972988,1898696,1906908,191,4,false,true
963,3,66080,66080,1964776,1972988,1898696,1906908,192,4,false,true
964,3,66080,66080,1972988,1980688,1906908,1914608,193,4,false,true
965,3,66080,66080,1972988,1980688,1906908,1914608,194,4,false,true
966,3,66080,66080,1972988,1980688,1906908,1914608,195,4,false,true
967,3,66080,66080,1972988,1980688,1906908,1914608,196,4,false,true
968,0,66080,66080,1959380,1964776,1893300,1898696,445,4,false,true
969,0,66080,66080,1959380,1964776,1893300,1898696,446,4,false,true
970,0,66080,66080,1959380,1964776,1893300,1898696,447,4,false,true
971,0,66080,66080,1959380,1964776,1893300,1898696,448,4,false,true
972,0,66112,66112,1980688,1983524,1914576,1917412,449,4,false,true
973,0,66112,66112,1980688,1983524,1914576,1917412,450,4,false,true
974,0,66112,66112,1980688,1983524,1914576,1917412,451,4,false,true
975,0,66112,66112,1980688,1983524,1914576,1917412,452,4,false,true
976,3,66113,66113,1983524,1991736,1917411,1925623,197,4,false,true
977,3,66113,66113,1983524,1991736,1917411,1925623,198,4,false,true
978,3,66113,66113,1983524,1991736,1917411,1925623,199,4,false,true
979,3,66113,66113,1983524,1991736,1917411,1925623,200,4,false,true
980,0,66144,66144,1991736,1997132,1925592,1930988,453,4,false,true
981,0,66144,66144,1991736,1997132,1925592,1930988,454,4,false,true
982,0,66144,66144,1991736,1997132,1925592,1930988,455,4,false,true
983,0,66144,66144,1991736,1997132,1925592,1930988,456,4,false,true
984,0,66144,66144,1997132,2002528,1930988,1936384,457,4,false,true
985,0,66144,66144,1997132,2002528,1930988,1936384,458,4,false,true
986,0,66144,66144,1997132,2002528,1930988,1936384,459,4,false,true
987,0,66144,66144,1997132,2002528,1930988,1936384,460,4,false,true
988,3,66144,66144,2010740,2018952,1944596,1952808,201,4,false,true
989,3,66144,66144,2010740,2018952,1944596,1952808,202,4,false,true
990,3,66144,66144,2010740,2018952,1944596,1952808,203,4,false,true
991,3,66144,66144,2010740,2018952,1944596,1952808,204,4,false,true
992,0,66144,66144,2002528,2010740,1936384,1944596,461,4,false,true
993,0,66144,66144,2002528,2010740,1936384,1944596,462,4,false,true
994,0,66144,66144,2002528,2010740,1936384,1944596,463,4,false,true
995,0,66144,66144,2002528,2010740,1936384,1944596,464,4,false,true
996,3,66144,66144,2018952,2027164,1952808,1961020,205,4,false,true
997,3,66144,66144,2018952,2027164,1952808,1961020,206,4,false,true
998,3,66144,66144,2018952,2027164,1952808,1961020,207,4,false,true
999,3,66144,66144,2018952,2027164,1952808,1961020,208,4,false,true
1000,3,66144,66144,2027164,2035376,1961020,1969232,209,4,false,true
1001,3,66144,66144,2027164,2035376,1961020,1969232,210,4,false,true
1002,3,66144,66144,2027164,2035376,1961020,1969232,211,4,false,true
1003,3,66144,66144,2027164,2035376,1961020,1969232,212,4,false,true
1004,0,66145,66145,2035376,2038212,1969231,1972067,465,4,false,true
1005,0,66145,66145,2035376,2038212,1969231,1972067,466,4,false,true
1006,0,66145,66145,2035376,2038212,1969231,1972067,467,4,false,true
1007,0,66145,66145,2035376,2038212,1969231,1972067,468,4,false,true
1008,3,66145,66145,2038212,2046424,1972067,1980279,213,4,false,true
1009,3,66145,66145,2038212,2046424,1972067,1980279,214,4,false,true
1010,3,66145,66145,2038212,2046424,1972067,1980279,215,4,false,true
1011,3,66145,66145,2038212,2046424,1972067,1980279,216,4,false,true
1012,0,66176,66176,2046424,2049260,1980248,1983084,469,4,false,true
1013,0,66176,66176,2046424,2049260,1980248,1983084,470,4,false,true
1014,0,66176,66176,2046424,2049260,1980248,1983084,471,4,false,true
1015,0,66176,66176,2046424,2049260,1980248,1983084,472,4,false,true
1016,3,66176,66176,2055680,2063892,1989504,1997716,217,4,false,true
1017,3,66176,66176,2055680,2063892,1989504,1997716,218,4,false,true
1018,3,66176,66176,2055680,2063892,1989504,1997716,219,4,false,true
1019,3,66176,66176,2055680,2063892,1989504,1997716,220,4,false,true
1020,1,66176,66176,2049260,2055680,1983084,1989504,140,4,false,true
1021,3,66177,66177,2069288,2077500,2003111,2011323,221,4,false,true
1022,3,66177,66177,2069288,2077500,2003111,2011323,222,4,false,true
1023,3,66177,66177,2069288,2077500,2003111,2011323,223,4,false,true
1024,3,66177,66177,2069288,2077500,2003111,2011323,224,4,false,true
1025,0,66177,66177,2063892,2069288,1997715,2003111,473,4,false,true
1026,0,66177,66177,2063892,2069288,1997715,2003111,474,4,false,true
1027,0,66177,66177,2063892,2069288,1997715,2003111,475,4,false,true
1028,0,66177,66177,2063892,2069288,1997715,2003111,476,4,false,true
1029,3,66177,66177,2077500,2085712,2011323,2019535,225,4,false,true
1030,3,66177,66177,2077500,2085712,2011323,2019535,226,4,false,true
1031,3,66177,66177,2077500,2085712,2011323,2019535,227,4,false,true
1032,3,66177,66177,2077500,2085712,2011323,2019535,228,4,false,true
1033,3,66208,66208,2099340,2107552,2033132,2041344,229,4,false,true
1034,3,66208,66208,2099340,2107552,2033132,2041344,230,4,false,true
1035,3,66208,66208,2099340,2107552,2033132,2041344,231,4,false,true
1036,3,66208,66208,2099340,2107552,2033132,2041344,232,4,false,true
1037,1,66208,66208,2049260,2055680,1983052,1989472,141,4,false,true
1038,1,66208,66208,2049260,2055680,1983052,1989472,142,4,false,true
1039,1,66208,66208,2049260,2055680,1983052,1989472,143,4,false,true
1040,1,66208,66208,2093176,2099340,2026968,2033132,144,4,false,true
1041,0,66208,66208,2085712,2091108,2019504,2024900,477,4,false,true
1042,0,66208,66208,2085712,2091108,2019504,2024900,478,4,false,true
1043,0,66208,66208,2085712,2091108,2019504,2024900,479,4,false,true
1044,0,66208,66208,2085712,2091108,2019504,2024900,480,4,false,true
1045,0,66208,66208,2091108,2093176,2024900,2026968,481,4,false,true
1046,0,66208,66208,2091108,2093176,2024900,2026968,482,4,false,true
1047,0,66208,66208,2091108,2093176,2024900,2026968,483,4,false,true
1048,0,66208,66208,2091108,2093176,2024900,2026968,484,4,false,true
1049,0,66209,66209,2107552,2112948,2041343,2046739,485,4,false,true
1050,0,66209,66209,2107552,2112948,2041343,2046739,486,4,false,true
1051,0,66209,66209,2107552,2112948,2041343,2046739,487,4,false,true
1052,0,66209,66209,2107552,2112948,2041343,2046739,488,4,false,true
1053,0,66209,66209,2112948,2121160,2046739,2054951,489,4,false,true
1054,0,66209,66209,2112948,2121160,2046739,2054951,490,4,false,true
1055,0,66209,66209,2112948,2121160,2046739,2054951,491,4,false,true
1056,0,66209,66209,2112948,2121160,2046739,2054951,492,4,false,true
1057,3,66240,66240,2121160,2129372,2054920,2063132,233,4,false,true
1058,3,66240,66240,2121160,2129372,2054920,2063132,234,4,false,true
1059,3,66240,66240,2121160,2129372,2054920,2063132,235,4,false,true
1060,3,66240,66240,2121160,2129372,2054920,2063132,236,4,false,true
1061,3,66240,66240,2129372,2137584,2063132,2071344,237,4,false,true
1062,3,66240,66240,2129372,2137584,2063132,2071344,238,4,false,true
1063,3,66240,66240,2129372,2137584,2063132,2071344,239,4,false,true
1064,3,66240,66240,2129372,2137584,2063132,2071344,240,4,false,true
1065,3,66241,66241,2137584,2148356,2071343,2082115,241,4,false,true
1066,3,66241,66241,2137584,2148356,2071343,2082115,242,4,false,true
1067,3,66241,66241,2137584,2148356,2071343,2082115,243,4,false,true
1068,3,66241,66241,2137584,2148356,2071343,2082115,244,4,false,true
1069,0,66272,66272,2148356,2151192,2082084,2084920,493,4,false,true
1070,0,66272,66272,2148356,2151192,2082084,2084920,494,4,false,true
1071,0,66272,66272,2148356,2151192,2082084,2084920,495,4,false,true
1072,0,66272,66272,2148356,2151192,2082084,2084920,496,4,false,true
1073,3,66272,66272,2163008,2171220,2096736,2104948,245,4,false,true
1074,3,66272,66272,2163008,2171220,2096736,2104948,246,4,false,true
1075,3,66272,66272,2163008,2171220,2096736,2104948,247,4,false,true
1076,3,66272,66272,2163008,2171220,2096736,2104948,248,4,false,true
1077,0,66272,66272,2151192,2160172,2084920,2093900,497,4,false,true
1078,0,66272,66272,2151192,2160172,2084920,2093900,498,4,false,true
1079,0,66272,66272,2151192,2160172,2084920,2093900,499,4,false,true
1080,0,66272,66272,2151192,2160172,2084920,2093900,500,4,false,true
1081,0,66272,66272,2160172,2163008,2093900,2096736,501,4,false,true
1082,0,66272,66272,2160172,2163008,2093900,2096736,502,4,false,true
1083,0,66272,66272,2160172,2163008,2093900,2096736,503,4,false,true
1084,0,66272,66272,2160172,2163008,2093900,2096736,504,4,false,true
1085,3,66272,66272,2171220,2179432,2104948,2113160,249,4,false,true
1086,3,66272,66272,2171220,2179432,2104948,2113160,250,4,false,true
1087,3,66272,66272,2171220,2179432,2104948,2113160,251,4,false,true
1088,3,66272,66272,2171220,2179432,2104948,2113160,252,4,false,true
1089,0,66273,66273,2179432,2182268,2113159,2115995,505,4,false,true
1090,0,66273,66273,2179432,2182268,2113159,2115995,506,4,false,true
1091,0,66273,66273,2179432,2182268,2113159,2115995,507,4,false,true
1092,0,66273,66273,2179432,2182268,2113159,2115995,508,4,false,true
1093,0,66304,66304,2182268,2190480,2115964,2124176,509,4,false,true
1094,0,66304,66304,2182268,2190480,2115964,2124176,510,4,false,true
1095,0,66304,66304,2182268,2190480,2115964,2124176,511,4,false,true
1096,0,66304,66304,2182268,2190480,2115964,2124176,512,4,false,true
1097,0,66304,66304,2190480,2193316,2124176,2127012,513,4,false,true
1098,0,66304,66304,2190480,2193316,2124176,2127012,514,4,false,true
1099,0,66304,66304,2190480,2193316,2124176,2127012,515,4,false,true
1100,0,66304,66304,2190480,2193316,2124176,2127012,516,4,false,true
1101,3,66304,66304,2196152,2206924,2129848,2140620,253,4,false,true
1102,3,66304,66304,2196152,2206924,2129848,2140620,254,4,false,true
1103,3,66304,66304,2196152,2206924,2129848,2140620,255,4,false,true
1104,3,66304,66304,2196152,2206924,2129848,2140620,256,4,false,true
1105,0,66304,66304,2193316,2196152,2127012,2129848,517,4,false,true
1106,0,66304,66304,2193316,2196152,2127012,2129848,518,4,false,true
1107,0,66304,66304,2193316,2196152,2127012,2129848,519,4,false,true
1108,0,66304,66304,2193316,2196152,2127012,2129848,520,4,false,true
1109,2,66304,66304,1746104,1750476,1679800,1684172,166,4,false,true
1110,3,66305,66305,2206924,2215136,2140619,2148831,257,4,false,true
1111,3,66305,66305,2206924,2215136,2140619,2148831,258,4,false,true
1112,3,66305,66305,2206924,2215136,2140619,2148831,259,4,false,true
1113,3,66305,66305,2206924,2215136,2140619,2148831,260,4,false,true
1114,3,66305,66305,2215136,2223348,2148831,2157043,261,4,false,true
1115,3,66305,66305,2215136,2223348,2148831,2157043,262,4,false,true
1116,3,66305,66305,2215136,2223348,2148831,2157043,263,4,false,true
1117,3,66305,66305,2215136,2223348,2148831,2157043,264,4,false,true
1118,0,66336,66336,2223348,2226184,2157012,2159848,521,4,false,true
1119,0,66336,66336,2223348,2226184,2157012,2159848,522,4,false,true
1120,0,66336,66336,2223348,2226184,2157012,2159848,523,4,false,true
1121,0,66336,66336,2223348,2226184,2157012,2159848,524,4,false,true
1122,0,66336,66336,2226184,2229020,2159848,2162684,525,4,false,true
1123,0,66336,66336,2226184,2229020,2159848,2162684,526,4,false,true
1124,0,66336,66336,2226184,2229020,2159848,2162684,527,4,false,true
1125,0,66336,66336,2226184,2229020,2159848,2162684,528,4,false,true
1126,3,66336,66336,2234416,2248004,2168080,2181668,265,4,false,true
1127,3,66336,66336,2234416,2248004,2168080,2181668,266,4,false,true
1128,3,66336,66336,2234416,2248004,2168080,2181668,267,4,false,true
1129,3,66336,66336,2234416,2248004,2168080,2181668,268,4,false,true
1130,1,66336,66336,2093176,2099340,2026840,2033004,145,4,false,true
1131,1,66336,66336,2093176,2099340,2026840,2033004,146,4,false,true
1132,1,66336,66336,2093176,2099340,2026840,2033004,147,4,false,true
1133,1,66336,66336,2229020,2234416,2162684,2168080,148,4,false,true
1134,3,66368,66368,2280596,2288808,2214228,2222440,269,4,false,true
1135,3,66368,66368,2280596,2288808,2214228,2222440,270,4,false,true
1136,3,66368,66368,2280596,2288808,2214228,2222440,271,4,false,true
1137,3,66368,66368,2280596,2288808,2214228,2222440,272,4,false,true
1138,2,66368,66368,1746104,1750476,1679736,1684108,167,4,false,true
1139,2,66368,66368,2269056,2280596,2202688,2214228,168,4,false,true
1140,2,66368,66368,2269056,2280596,2202688,2214228,169,4,false,true
1141,2,66368,66368,2269056,2280596,2202688,2214228,170,4,false,true
1142,0,66368,66368,2248004,2253400,2181636,2187032,529,4,false,true
1143,0,66368,66368,2248004,2253400,2181636,2187032,530,4,false,true
1144,0,66368,66368,2248004,2253400,2181636,2187032,531,4,false,true
1145,0,66368,66368,2248004,2253400,2181636,2187032,532,4,false,true
1146,0,66368,66368,2253400,2261612,2187032,2195244,533,4,false,true
1147,0,66368,66368,2253400,2261612,2187032,2195244,534,4,false,true
1148,0,66368,66368,2253400,2261612,2187032,2195244,535,4,false,true
1149,0,66368,66368,2253400,2261612,2187032,2195244,536,4,false,true
1150,3,66368,66368,2288808,2297020,2222440,2230652,273,4,false,true
1151,3,66368,66368,2288808,2297020,2222440,2230652,274,4,false,true
1152,3,66368,66368,2288808,2297020,2222440,2230652,275,4,false,true
1153,3,66368,66368,2288808,2297020,2222440,2230652,276,4,false,true
1154,1,66368,66368,2229020,2234416,2162652,2168048,149,4,false,true
1155,1,66368,66368,2229020,2234416,2162652,2168048,150,4,false,true
1156,1,66368,66368,2229020,2234416,2162652,2168048,151,4,false,true
1157,1,66368,66368,2261612,2269056,2195244,2202688,152,4,false,true
1158,0,66369,66369,2297020,2299856,2230651,2233487,537,4,false,true
1159,0,66369,66369,2297020,2299856,2230651,2233487,538,4,false,true
1160,0,66369,66369,2297020,2299856,2230651,2233487,539,4,false,true
1161,0,66369,66369,2297020,2299856,2230651,2233487,540,4,false,true
1162,0,66369,66369,2299856,2302692,2233487,2236323,541,4,false,true
1163,0,66369,66369,2299856,2302692,2233487,2236323,542,4,false,true
1164,0,66369,66369,2299856,2302692,2233487,2236323,543,4,false,true
1165,0,66369,66369,2299856,2302692,2233487,2236323,544,4,false,true
1166,0,66369,66369,2302692,2308088,2236323,2241719,545,4,false,true
1167,0,66369,66369,2302692,2308088,2236323,2241719,546,4,false,true
1168,0,66369,66369,2302692,2308088,2236323,2241719,547,4,false,true
1169,0,66369,66369,2302692,2308088,2236323,2241719,548,4,false,true
1170,3,66369,66369,2308088,2316300,2241719,2249931,277,4,false,true
1171,3,66369,66369,2308088,2316300,2241719,2249931,278,4,false,true
1172,3,66369,66369,2308088,2316300,2241719,2249931,279,4,false,true
1173,3,66369,66369,2308088,2316300,2241719,2249931,280,4,false,true
1174,3,66400,66400,2329908,2338120,2263508,2271720,281,4,false,true
1175,3,66400,66400,2329908,2338120,2263508,2271720,282,4,false,true
1176,3,66400,66400,2329908,2338120,2263508,2271720,283,4,false,true
1177,3,66400,66400,2329908,2338120,2263508,2271720,284,4,false,true
1178,3,66400,66400,2338120,2346332,2271720,2279932,285,4,false,true
1179,3,66400,66400,2338120,2346332,2271720,2279932,286,4,false,true
1180,3,66400,66400,2338120,2346332,2271720,2279932,287,4,false,true
1181,3,66400,66400,2338120,2346332,2271720,2279932,288,4,false,true
1182,0,66400,66400,2316300,2327072,2249900,2260672,549,4,false,true
1183,0,66400,66400,2316300,2327072,2249900,2260672,550,4,false,true
1184,0,66400,66400,2316300,2327072,2249900,2260672,551,4,false,true
1185,0,66400,66400,2316300,2327072,2249900,2260672,552,4,false,true
1186,3,66400,66400,2346332,2354544,2279932,2288144,289,4,false,true
1187,3,66400,66400,2346332,2354544,2279932,2288144,290,4,false,true
1188,3,66400,66400,2346332,2354544,2279932,2288144,291,4,false,true
1189,3,66400,66400,2346332,2354544,2279932,2288144,292,4,false,true
1190,3,66400,66400,2354544,2362756,2288144,2296356,293,4,false,true
1191,3,66400,66400,2354544,2362756,2288144,2296356,294,4,false,true
1192,3,66400,66400,2354544,2362756,2288144,2296356,295,4,false,true
1193,3,66400,66400,2354544,2362756,2288144,2296356,296,4,false,true
1194,0,66400,66400,2327072,2329908,2260672,2263508,553,4,false,true
1195,0,66400,66400,2327072,2329908,2260672,2263508,554,4,false,true
1196,0,66400,66400,2327072,2329908,2260672,2263508,555,4,false,true
1197,0,66400,66400,2327072,2329908,2260672,2263508,556,4,false,true
1198,0,66401,66401,2362756,2368152,2296355,2301751,557,4,false,true
1199,0,66401,66401,2362756,2368152,2296355,2301751,558,4,false,true
1200,0,66401,66401,2362756,2368152,2296355,2301751,559,4,false,true
1201,0,66401,66401,2362756,2368152,2296355,2301751,560,4,false,true
1202,3,66432,66432,2384892,2393104,2318460,2326672,297,4,false,true
1203,3,66432,66432,2384892,2393104,2318460,2326672,298,4,false,true
1204,3,66432,66432,2384892,2393104,2318460,2326672,299,4,false,true
1205,3,66432,66432,2384892,2393104,2318460,2326672,300,4,false,true
1206,0,66432,66432,2368152,2370988,2301720,2304556,561,4,false,true
1207,0,66432,66432,2368152,2370988,2301720,2304556,562,4,false,true
1208,0,66432,66432,2368152,2370988,2301720,2304556,563,4,false,true
1209,0,66432,66432,2368152,2370988,2301720,2304556,564,4,false,true
1210,0,66432,66432,2370988,2373824,2304556,2307392,565,4,false,true
1211,0,66432,66432,2370988,2373824,2304556,2307392,566,4,false,true
1212,0,66432,66432,2370988,2373824,2304556,2307392,567,4,false,true
1213,0,66432,66432,2370988,2373824,2304556,2307392,568,4,false,true
1214,3,66432,66432,2393104,2403876,2326672,2337444,301,4,false,true
1215,3,66432,66432,2393104,2403876,2326672,2337444,302,4,false,true
1216,3,66432,66432,2393104,2403876,2326672,2337444,303,4,false,true
1217,3,66432,66432,2393104,2403876,2326672,2337444,304,4,false,true
1218,3,66432,66432,2403876,2412088,2337444,2345656,305,4,false,true
1219,3,66432,66432,2403876,2412088,2337444,2345656,306,4,false,true
1220,3,66432,66432,2403876,2412088,2337444,2345656,307,4,false,true
1221,3,66432,66432,2403876,2412088,2337444,2345656,308,4,false,true
1222,0,66432,66432,2373824,2376660,2307392,2310228,569,4,false,true
1223,0,66432,66432,2373824,2376660,2307392,2310228,570,4,false,true
1224,0,66432,66432,2373824,2376660,2307392,2310228,571,4,false,true
1225,0,66432,66432,2373824,2376660,2307392,2310228,572,4,false,true
1226,0,66432,66432,2376660,2382056,2310228,2315624,573,4,false,true
1227,0,66432,66432,2376660,2382056,2310228,2315624,574,4,false,true
1228,0,66432,66432,2376660,2382056,2310228,2315624,575,4,false,true
1229,0,66432,66432,2376660,2382056,2310228,2315624,576,4,false,true
1230,3,66432,66432,2412088,2420300,2345656,2353868,309,4,false,true
1231,3,66432,66432,2412088,2420300,2345656,2353868,310,4,false,true
1232,3,66432,66432,2412088,2420300,2345656,2353868,311,4,false,true
1233,3,66432,66432,2412088,2420300,2345656,2353868,312,4,false,true
1234,3,66432,66432,2420300,2425184,2353868,2358752,313,4,false,true
1235,3,66432,66432,2420300,2425184,2353868,2358752,314,4,false,true
1236,3,66432,66432,2420300,2425184,2353868,2358752,315,4,false,true
1237,3,66432,66432,2420300,2425184,2353868,2358752,316,4,false,true
1238,0,66432,66432,2382056,2384892,2315624,2318460,577,4,false,true
1239,0,66432,66432,2382056,2384892,2315624,2318460,578,4,false,true
1240,0,66432,66432,2382056,2384892,2315624,2318460,579,4,false,true
1241,0,66432,66432,2382056,2384892,2315624,2318460,580,4,false,true
1242,0,66433,66433,2425184,2428020,2358751,2361587,581,4,false,true
1243,0,66433,66433,2425184,2428020,2358751,2361587,582,4,false,true
1244,0,66433,66433,2425184,2428020,2358751,2361587,583,4,false,true
1245,0,66433,66433,2425184,2428020,2358751,2361587,584,4,false,true
1246,0,66433,66433,2428020,2436232,2361587,2369799,585,4,false,true
1247,0,66433,66433,2428020,2436232,2361587,2369799,586,4,false,true
1248,0,66433,66433,2428020,2436232,2361587,2369799,587,4,false,true
1249,0,66433,66433,2428020,2436232,2361587,2369799,588,4,false,true
1250,0,66433,66433,2436232,2447004,2369799,2380571,589,4,false,true
1251,0,66433,66433,2436232,2447004,2369799,2380571,590,4,false,true
1252,0,66433,66433,2436232,2447004,2369799,2380571,591,4,false,true
1253,0,66433,66433,2436232,2447004,2369799,2380571,592,4,false,true
1254,0,66433,66433,2447004,2455216,2380571,2388783,593,4,false,true
1255,0,66433,66433,2447004,2455216,2380571,2388783,594,4,false,true
1256,0,66433,66433,2447004,2455216,2380571,2388783,595,4,false,true
1257,0,66433,66433,2447004,2455216,2380571,2388783,596,4,false,true
1258,2,66464,66464,2269056,2280596,2202592,2214132,171,4,false,true
1259,2,66464,66464,2471364,2475992,2404900,2409528,172,4,false,true
1260,2,66464,66464,2471364,2475992,2404900,2409528,173,4,false,true
1261,2,66464,66464,2471364,2475992,2404900,2409528,174,4,false,true
1262,0,66464,66464,2455216,2471364,2388752,2404900,597,4,false,true
1263,0,66464,66464,2455216,2471364,2388752,2404900,598,4,false,true
1264,0,66464,66464,2455216,2471364,2388752,2404900,599,4,false,true
1265,0,66464,66464,2455216,2471364,2388752,2404900,600,4,false,true
1266,3,66465,66465,2483200,2491412,2416735,2424947,317,4,false,true
1267,3,66465,66465,2483200,2491412,2416735,2424947,318,4,false,true
1268,3,66465,66465,2483200,2491412,2416735,2424947,319,4,false,true
1269,3,66465,66465,2483200,2491412,2416735,2424947,320,4,false,true
1270,1,66465,66465,2261612,2269056,2195147,2202591,153,4,false,true
1271,1,66465,66465,2261612,2269056,2195147,2202591,154,4,false,true
1272,1,66465,66465,2261612,2269056,2195147,2202591,155,4,false,true
1273,1,66465,66465,2478828,2483200,2412363,2416735,156,4,false,true
1274,0,66465,66465,2475992,2478828,2409527,2412363,601,4,false,true
1275,0,66465,66465,2475992,2478828,2409527,2412363,602,4,false,true
1276,0,66465,66465,2475992,2478828,2409527,2412363,603,4,false,true
1277,0,66465,66465,2475992,2478828,2409527,2412363,604,4,false,true
1278,3,66496,66496,2505296,2516068,2438800,2449572,321,4,false,true
1279,3,66496,66496,2505296,2516068,2438800,2449572,322,4,false,true
1280,3,66496,66496,2505296,2516068,2438800,2449572,323,4,false,true
1281,3,66496,66496,2505296,2516068,2438800,2449572,324,4,false,true
1282,0,66496,66496,2491412,2499624,2424916,2433128,605,4,false,true
1283,0,66496,66496,2491412,2499624,2424916,2433128,606,4,false,true
1284,0,66496,66496,2491412,2499624,2424916,2433128,607,4,false,true
1285,0,66496,66496,2491412,2499624,2424916,2433128,608,4,false,true
1286,3,66496,66496,2516068,2524280,2449572,2457784,325,4,false,true
1287,3,66496,66496,2516068,2524280,2449572,2457784,326,4,false,true
1288,3,66496,66496,2516068,2524280,2449572,2457784,327,4,false,true
1289,3,66496,66496,2516068,2524280,2449572,2457784,328,4,false,true
1290,3,66496,66496,2524280,2535052,2457784,2468556,329,4,false,true
1291,3,66496,66496,2524280,2535052,2457784,2468556,330,4,false,true
1292,3,66496,66496,2524280,2535052,2457784,2468556,331,4,false,true
1293,3,66496,66496,2524280,2535052,2457784,2468556,332,4,false,true
1294,0,66496,66496,2499624,2502460,2433128,2435964,609,4,false,true
1295,0,66496,66496,2499624,2502460,2433128,2435964,610,4,false,true
1296,0,66496,66496,2499624,2502460,2433128,2435964,611,4,false,true
1297,0,66496,66496,2499624,2502460,2433128,2435964,612,4,false,true
1298,0,66496,66496,2502460,2505296,2435964,2438800,613,4,false,true
1299,0,66496,66496,2502460,2505296,2435964,2438800,614,4,false,true
1300,0,66496,66496,2502460,2505296,2435964,2438800,615,4,false,true
1301,0,66496,66496,2502460,2505296,2435964,2438800,616,4,false,true
1302,0,66497,66497,2535052,2543264,2468555,2476767,617,4,false,true
1303,0,66497,66497,2535052,2543264,2468555,2476767,618,4,false,true
1304,0,66497,66497,2535052,2543264,2468555,2476767,619,4,false,true
1305,0,66497,66497,2535052,2543264,2468555,2476767,620,4,false,true
1306,3,66497,66497,2543264,2551476,2476767,2484979,333,4,false,true
1307,3,66497,66497,2543264,2551476,2476767,2484979,334,4,false,true
1308,3,66497,66497,2543264,2551476,2476767,2484979,335,4,false,true
1309,3,66497,66497,2543264,2551476,2476767,2484979,336,4,false,true
1310,3,66528,66528,2570204,2578416,2503676,2511888,337,4,false,true
1311,3,66528,66528,2570204,2578416,2503676,2511888,338,4,false,true
1312,3,66528,66528,2570204,2578416,2503676,2511888,339,4,false,true
1313,3,66528,66528,2570204,2578416,2503676,2511888,340,4,false,true
1314,0,66528,66528,2551476,2562248,2484948,2495720,621,4,false,true
1315,0,66528,66528,2551476,2562248,2484948,2495720,622,4,false,true
1316,0,66528,66528,2551476,2562248,2484948,2495720,623,4,false,true
1317,0,66528,66528,2551476,2562248,2484948,2495720,624,4,false,true
1318,0,66528,66528,2562248,2570204,2495720,2503676,625,4,false,true
1319,0,66528,66528,2562248,2570204,2495720,2503676,626,4,false,true
1320,0,66528,66528,2562248,2570204,2495720,2503676,627,4,false,true
1321,0,66528,66528,2562248,2570204,2495720,2503676,628,4,false,true
1322,3,66528,66528,2578416,2589188,2511888,2522660,341,4,false,true
1323,3,66528,66528,2578416,2589188,2511888,2522660,342,4,false,true
1324,3,66528,66528,2578416,2589188,2511888,2522660,343,4,false,true
1325,3,66528,66528,2578416,2589188,2511888,2522660,344,4,false,true
1326,3,66560,66560,2592024,2600236,2525464,2533676,345,4,false,true
1327,3,66560,66560,2592024,2600236,2525464,2533676,346,4,false,true
1328,3,66560,66560,2592024,2600236,2525464,2533676,347,4,false,true
1329,3,66560,66560,2592024,2600236,2525464,2533676,348,4,false,true
1330,0,66560,66560,2589188,2592024,2522628,2525464,629,4,false,true
1331,0,66560,66560,2589188,2592024,2522628,2525464,630,4,false,true
1332,0,66560,66560,2589188,2592024,2522628,2525464,631,4,false,true
1333,0,66560,66560,2589188,2592024,2522628,2525464,632,4,false,true
1334,3,66592,66592,2605120,2611540,2538528,2544948,349,4,false,true
1335,0,66592,66592,2600236,2605120,2533644,2538528,633,4,false,true
1336,0,66592,66592,2600236,2605120,2533644,2538528,634,4,false,true
1337,0,66592,66592,2600236,2605120,2533644,2538528,635,4,false,true
1338,0,66592,66592,2600236,2605120,2533644,2538528,636,4,false,true
1339,0,66593,66593,2611540,2614376,2544947,2547783,637,4,false,true
1340,0,66593,66593,2611540,2614376,2544947,2547783,638,4,false,true
1341,0,66593,66593,2611540,2614376,2544947,2547783,639,4,false,true
1342,0,66593,66593,2611540,2614376,2544947,2547783,640,4,false,true
1343,3,66624,66624,2605120,2611540,2538496,2544916,350,4,false,true
1344,3,66624,66624,2605120,2611540,2538496,2544916,351,4,false,true
1345,3,66624,66624,2605120,2611540,2538496,2544916,352,4,false,true
1346,3,66624,66624,2638992,2649252,2572368,2582628,353,4,false,true
1347,0,66624,66624,2614376,2631036,2547752,2564412,641,4,false,true
1348,0,66624,66624,2614376,2631036,2547752,2564412,642,4,false,true
1349,0,66624,66624,2614376,2631036,2547752,2564412,643,4,false,true
1350,0,66624,66624,2614376,2631036,2547752,2564412,644,4,false,true
1351,0,66624,66624,2631036,2638992,2564412,2572368,645,4,false,true
1352,0,66624,66624,2631036,2638992,2564412,2572368,646,4,false,true
1353,0,66624,66624,2631036,2638992,2564412,2572368,647,4,false,true
1354,0,66624,66624,2631036,2638992,2564412,2572368,648,4,false,true
1355,3,66624,66624,2638992,2649252,2572368,2582628,354,4,false,true
1356,3,66624,66624,2638992,2649252,2572368,2582628,355,4,false,true
1357,3,66624,66624,2638992,2649252,2572368,2582628,356,4,false,true
1358,3,66624,66624,2649252,2655928,2582628,2589304,357,3,false,true
1359,3,66624,66624,2649252,2655928,2582628,2589304,358,3,false,true
1360,3,66624,66624,2649252,2655928,2582628,2589304,359,3,false,true
1361,3,66624,66624,2655928,2665676,2589304,2599052,360,4,false,true
1362,3,66624,66624,2655928,2665676,2589304,2599052,361,4,false,true
1363,0,66625,66625,2665676,2673888,2599051,2607263,649,4,false,true
1364,0,66625,66625,2665676,2673888,2599051,2607263,650,4,false,true
1365,0,66625,66625,2665676,2673888,2599051,2607263,651,4,false,true
1366,0,66625,66625,2665676,2673888,2599051,2607263,652,4,false,true
1367,0,66625,66625,2673888,2676724,2607263,2610099,653,4,false,true
1368,0,66625,66625,2673888,2676724,2607263,2610099,654,4,false,true
1369,0,66625,66625,2673888,2676724,2607263,2610099,655,4,false,true
1370,0,66625,66625,2673888,2676724,2607263,2610099,656,4,false,true
1371,0,66656,66656,2676724,2679560,2610068,2612904,657,4,false,true
1372,0,66656,66656,2676724,2679560,2610068,2612904,658,4,false,true
1373,0,66656,66656,2676724,2679560,2610068,2612904,659,4,false,true
1374,0,66656,66656,2676724,2679560,2610068,2612904,660,4,false,true
1375,0,66656,66656,2679560,2687772,2612904,2621116,661,4,false,true
1376,0,66656,66656,2679560,2687772,2612904,2621116,662,4,false,true
1377,0,66656,66656,2679560,2687772,2612904,2621116,663,4,false,true
1378,0,66656,66656,2679560,2687772,2612904,2621116,664,4,false,true
1379,0,66688,66688,2687772,2695984,2621084,2629296,665,4,false,true
1380,0,66688,66688,2687772,2695984,2621084,2629296,666,4,false,true
1381,0,66688,66688,2687772,2695984,2621084,2629296,667,4,false,true
1382,0,66688,66688,2687772,2695984,2621084,2629296,668,4,false,true
1383,0,66688,66688,2695984,2704196,2629296,2637508,669,4,false,true
1384,0,66688,66688,2695984,2704196,2629296,2637508,670,4,false,true
1385,0,66688,66688,2695984,2704196,2629296,2637508,671,4,false,true
1386,0,66688,66688,2695984,2704196,2629296,2637508,672,4,false,true
1387,2,66689,66689,2471364,2475992,2404675,2409303,175,4,false,true
1388,2,66689,66689,2717804,2723712,2651115,2657023,176,4,false,true
1389,2,66689,66689,2717804,2723712,2651115,2657023,177,4,false,true
1390,2,66689,66689,2717804,2723712,2651115,2657023,178,4,false,true
1391,0,66689,66689,2704196,2714968,2637507,2648279,673,4,false,true
1392,0,66689,66689,2704196,2714968,2637507,2648279,674,4,false,true
1393,0,66689,66689,2704196,2714968,2637507,2648279,675,4,false,true
1394,0,66689,66689,2704196,2714968,2637507,2648279,676,4,false,true
1395,0,66689,66689,2714968,2717804,2648279,2651115,677,4,false,true
1396,0,66689,66689,2714968,2717804,2648279,2651115,678,4,false,true
1397,0,66689,66689,2714968,2717804,2648279,2651115,679,4,false,true
1398,0,66689,66689,2714968,2717804,2648279,2651115,680,4,false,true
1399,1,66720,66720,2478828,2483200,2412108,2416480,157,4,false,true
1400,1,66720,66720,2478828,2483200,2412108,2416480,158,4,false,true
1401,1,66720,66720,2478828,2483200,2412108,2416480,159,4,false,true
1402,1,66720,66720,2728596,2733224,2661876,2666504,160,4,false,true
1403,0,66720,66720,2723712,2728596,2656992,2661876,681,4,false,true
1404,0,66720,66720,2723712,2728596,2656992,2661876,682,4,false,true
1405,0,66720,66720,2723712,2728596,2656992,2661876,683,4,false,true
1406,0,66720,66720,2723712,2728596,2656992,2661876,684,4,false,true
1407,0,66721,66721,2733224,2741436,2666503,2674715,685,4,false,true
1408,0,66721,66721,2733224,2741436,2666503,2674715,686,4,false,true
1409,0,66721,66721,2733224,2741436,2666503,2674715,687,4,false,true
1410,0,66721,66721,2733224,2741436,2666503,2674715,688,4,false,true
1411,0,66721,66721,2741436,2749648,2674715,2682927,689,4,false,true
1412,0,66721,66721,2741436,2749648,2674715,2682927,690,4,false,true
1413,0,66721,66721,2741436,2749648,2674715,2682927,691,4,false,true
1414,0,66721,66721,2741436,2749648,2674715,2682927,692,4,false,true
1415,3,66721,66721,2655928,2665676,2589207,2598955,362,4,false,true
1416,3,66721,66721,2655928,2665676,2589207,2598955,363,4,false,true
1417,3,66721,66721,2749648,2758884,2682927,2692163,364,4,false,true
1418,3,66721,66721,2749648,2758884,2682927,2692163,365,4,false,true
1419,3,66721,66721,2749648,2758884,2682927,2692163,366,4,false,true
1420,3,66721,66721,2749648,2758884,2682927,2692163,367,4,false,true
1421,3,66721,66721,2758884,2767096,2692163,2700375,368,4,false,true
1422,3,66721,66721,2758884,2767096,2692163,2700375,369,4,false,true
1423,3,66752,66752,2758884,2767096,2692132,2700344,370,4,false,true
1424,3,66752,66752,2758884,2767096,2692132,2700344,371,4,false,true
1425,3,66752,66752,2791220,2799432,2724468,2732680,372,4,false,true
1426,3,66752,66752,2791220,2799432,2724468,2732680,373,4,false,true
1427,0,66752,66752,2767096,2777868,2700344,2711116,693,4,false,true
1428,0,66752,66752,2767096,2777868,2700344,2711116,694,4,false,true
1429,0,66752,66752,2767096,2777868,2700344,2711116,695,4,false,true
1430,0,66752,66752,2767096,2777868,2700344,2711116,696,4,false,true
1431,3,66752,66752,2791220,2799432,2724468,2732680,374,4,false,true
1432,3,66752,66752,2791220,2799432,2724468,2732680,375,4,false,true
1433,3,66752,66752,2799432,2807644,2732680,2740892,376,4,false,true
1434,3,66752,66752,2799432,2807644,2732680,2740892,377,4,false,true
1435,0,66752,66752,2777868,2785824,2711116,2719072,697,4,false,true
1436,0,66752,66752,2777868,2785824,2711116,2719072,698,4,false,true
1437,0,66752,66752,2777868,2785824,2711116,2719072,699,4,false,true
1438,0,66752,66752,2777868,2785824,2711116,2719072,700,4,false,true
1439,0,66752,66752,2785824,2791220,2719072,2724468,701,4,false,true
1440,0,66752,66752,2785824,2791220,2719072,2724468,702,4,false,true
1441,0,66752,66752,2785824,2791220,2719072,2724468,703,4,false,true
1442,0,66752,66752,2785824,2791220,2719072,2724468,704,4,false,true
1443,0,66753,66753,2807644,2813040,2740891,2746287,705,4,false,true
1444,0,66753,66753,2807644,2813040,2740891,2746287,706,4,false,true
1445,0,66753,66753,2807644,2813040,2740891,2746287,707,4,false,true
1446,0,66753,66753,2807644,2813040,2740891,2746287,708,4,false,true
1447,0,66753,66753,2813040,2821252,2746287,2754499,709,4,false,true
1448,0,66753,66753,2813040,2821252,2746287,2754499,710,4,false,true
1449,0,66753,66753,2813040,2821252,2746287,2754499,711,4,false,true
1450,0,66753,66753,2813040,2821252,2746287,2754499,712,4,false,true
1451,3,66753,66753,2799432,2807644,2732679,2740891,378,4,false,true
1452,3,66753,66753,2799432,2807644,2732679,2740891,379,4,false,true
1453,3,66753,66753,2821252,2829464,2754499,2762711,380,4,false,true
1454,3,66753,66753,2821252,2829464,2754499,2762711,381,4,false,true
1455,0,66784,66784,2829464,2837676,2762680,2770892,713,4,false,true
1456,0,66784,66784,2829464,2837676,2762680,2770892,714,4,false,true
1457,0,66784,66784,2829464,2837676,2762680,2770892,715,4,false,true
1458,0,66784,66784,2829464,2837676,2762680,2770892,716,4,false,true
1459,3,66784,66784,2821252,2829464,2754468,2762680,382,4,false,true
1460,3,66784,66784,2821252,2829464,2754468,2762680,383,4,false,true
1461,3,66784,66784,2853332,2861544,2786548,2794760,384,4,false,true
1462,3,66784,66784,2853332,2861544,2786548,2794760,385,4,false,true
1463,2,66784,66784,2717804,2723712,2651020,2656928,179,4,false,true
1464,2,66784,66784,2840512,2853332,2773728,2786548,180,4,false,true
1465,2,66784,66784,2840512,2853332,2773728,2786548,181,4,false,true
1466,2,66784,66784,2840512,2853332,2773728,2786548,182,4,false,true
1467,3,66784,66784,2853332,2861544,2786548,2794760,386,4,false,true
1468,3,66784,66784,2853332,2861544,2786548,2794760,387,4,false,true
1469,3,66784,66784,2861544,2869756,2794760,2802972,388,4,false,true
1470,3,66784,66784,2861544,2869756,2794760,2802972,389,4,false,true
1471,3,66784,66784,2861544,2869756,2794760,2802972,390,4,false,true
1472,3,66784,66784,2861544,2869756,2794760,2802972,391,4,false,true
1473,3,66784,66784,2869756,2877968,2802972,2811184,392,4,false,true
1474,3,66784,66784,2869756,2877968,2802972,2811184,393,4,false,true
1475,0,66784,66784,2837676,2840512,2770892,2773728,717,4,false,true
1476,0,66784,66784,2837676,2840512,2770892,2773728,718,4,false,true
1477,0,66784,66784,2837676,2840512,2770892,2773728,719,4,false,true
1478,0,66784,66784,2837676,2840512,2770892,2773728,720,4,false,true
1479,0,66785,66785,2877968,2883364,2811183,2816579,721,4,false,true
1480,0,66785,66785,2877968,2883364,2811183,2816579,722,4,false,true
1481,0,66785,66785,2877968,2883364,2811183,2816579,723,4,false,true
1482,0,66785,66785,2877968,2883364,2811183,2816579,724,4,false,true
1483,3,66816,66816,2869756,2877968,2802940,2811152,394,4,false,true
1484,3,66816,66816,2869756,2877968,2802940,2811152,395,4,false,true
1485,3,66816,66816,2899788,2908000,2832972,2841184,396,4,false,true
1486,3,66816,66816,2899788,2908000,2832972,2841184,397,4,false,true
1487,0,66816,66816,2883364,2886200,2816548,2819384,725,4,false,true
1488,0,66816,66816,2883364,2886200,2816548,2819384,726,4,false,true
1489,0,66816,66816,2883364,2886200,2816548,2819384,727,4,false,true
1490,0,66816,66816,2883364,2886200,2816548,2819384,728,4,false,true
1491,0,66816,66816,2886200,2899788,2819384,2832972,729,4,false,true
1492,0,66816,66816,2886200,2899788,2819384,2832972,730,4,false,true
1493,0,66816,66816,2886200,2899788,2819384,2832972,731,4,false,true
1494,0,66816,66816,2886200,2899788,2819384,2832972,732,4,false,true
1495,3,66816,66816,2899788,2908000,2832972,2841184,398,4,false,true
1496,3,66816,66816,2899788,2908000,2832972,2841184,399,4,false,true
1497,3,66816,66816,2908000,2916212,2841184,2849396,400,4,false,true
1498,3,66816,66816,2908000,2916212,2841184,2849396,401,4,false,true
1499,0,66817,66817,2916212,2921608,2849395,2854791,733,4,false,true
1500,0,66817,66817,2916212,2921608,2849395,2854791,734,4,false,true
1501,0,66817,66817,2916212,2921608,2849395,2854791,735,4,false,true
1502,0,66817,66817,2916212,2921608,2849395,2854791,736,4,false,true
1503,0,66848,66848,2921608,2927004,2854760,2860156,737,4,false,true
1504,0,66848,66848,2921608,2927004,2854760,2860156,738,4,false,true
1505,0,66848,66848,2921608,2927004,2854760,2860156,739,4,false,true
1506,0,66848,66848,2921608,2927004,2854760,2860156,740,4,false,true
1507,0,66848,66848,2927004,2932400,2860156,2865552,741,4,false,true
1508,0,66848,66848,2927004,2932400,2860156,2865552,742,4,false,true
1509,0,66848,66848,2927004,2932400,2860156,2865552,743,4,false,true
1510,0,66848,66848,2927004,2932400,2860156,2865552,744,4,false,true
1511,3,66848,66848,2908000,2916212,2841152,2849364,402,4,false,true
1512,3,66848,66848,2908000,2916212,2841152,2849364,403,4,false,true
1513,3,66848,66848,2940612,2948824,2873764,2881976,404,4,false,true
1514,3,66848,66848,2940612,2948824,2873764,2881976,405,4,false,true
1515,0,66848,66848,2932400,2940612,2865552,2873764,745,4,false,true
1516,0,66848,66848,2932400,2940612,2865552,2873764,746,4,false,true
1517,0,66848,66848,2932400,2940612,2865552,2873764,747,4,false,true
1518,0,66848,66848,2932400,2940612,2865552,2873764,748,4,false,true
1519,0,66880,66880,2948824,2951660,2881944,2884780,749,4,false,true
1520,0,66880,66880,2948824,2951660,2881944,2884780,750,4,false,true
1521,0,66880,66880,2948824,2951660,2881944,2884780,751,4,false,true
1522,0,66880,66880,2948824,2951660,2881944,2884780,752,4,false,true
1523,0,66880,66880,2951660,2954496,2884780,2887616,753,4,false,true
1524,0,66880,66880,2951660,2954496,2884780,2887616,754,4,false,true
1525,0,66880,66880,2951660,2954496,2884780,2887616,755,4,false,true
1526,0,66880,66880,2951660,2954496,2884780,2887616,756,4,false,true
1527,3,66880,66880,2940612,2948824,2873732,2881944,406,4,false,true
1528,3,66880,66880,2940612,2948824,2873732,2881944,407,4,false,true
1529,3,66880,66880,2962708,2970920,2895828,2904040,408,4,false,true
1530,3,66880,66880,2962708,2970920,2895828,2904040,409,4,false,true
1531,0,66880,66880,2954496,2962708,2887616,2895828,757,4,false,true
1532,0,66880,66880,2954496,2962708,2887616,2895828,758,4,false,true
1533,0,66880,66880,2954496,2962708,2887616,2895828,759,4,false,true
1534,0,66880,66880,2954496,2962708,2887616,2895828,760,4,false,true
1535,3,66912,66912,2962708,2970920,2895796,2904008,410,4,false,true
1536,3,66912,66912,2962708,2970920,2895796,2904008,411,4,false,true
1537,3,66912,66912,2976592,2986340,2909680,2919428,412,4,false,true
1538,3,66912,66912,2976592,2986340,2909680,2919428,413,4,false,true
1539,3,66912,66912,2976592,2986340,2909680,2919428,414,4,false,true
1540,3,66912,66912,2976592,2986340,2909680,2919428,415,4,false,true
1541,3,66912,66912,2986340,2995576,2919428,2928664,416,4,false,true
1542,3,66912,66912,2986340,2995576,2919428,2928664,417,4,false,true
1543,0,66912,66912,2970920,2973756,2904008,2906844,761,4,false,true
1544,0,66912,66912,2970920,2973756,2904008,2906844,762,4,false,true
1545,0,66912,66912,2970920,2973756,2904008,2906844,763,4,false,true
1546,0,66912,66912,2970920,2973756,2904008,2906844,764,4,false,true
1547,3,66912,66912,2986340,2995576,2919428,2928664,418,4,false,true
1548,3,66912,66912,2986340,2995576,2919428,2928664,419,4,false,true
1549,3,66912,66912,2995576,3003788,2928664,2936876,420,4,false,true
1550,3,66912,66912,2995576,3003788,2928664,2936876,421,4,false,true
1551,0,66912,66912,2973756,2976592,2906844,2909680,765,4,false,true
1552,0,66912,66912,2973756,2976592,2906844,2909680,766,4,false,true
1553,0,66912,66912,2973756,2976592,2906844,2909680,767,4,false,true
1554,0,66912,66912,2973756,2976592,2906844,2909680,768,4,false,true
1555,3,66912,66912,2995576,3003788,2928664,2936876,422,4,false,true
1556,3,66912,66912,2995576,3003788,2928664,2936876,423,4,false,true
1557,3,66912,66912,3003788,3012000,2936876,2945088,424,4,false,true
1558,3,66912,66912,3003788,3012000,2936876,2945088,425,4,false,true
1559,0,66913,66913,3012000,3017396,2945087,2950483,769,4,false,true
1560,0,66913,66913,3012000,3017396,2945087,2950483,770,4,false,true
1561,0,66913,66913,3012000,3017396,2945087,2950483,771,4,false,true
1562,0,66913,66913,3012000,3017396,2945087,2950483,772,4,false,true
1563,0,66913,66913,3017396,3020232,2950483,2953319,773,4,false,true
1564,0,66913,66913,3017396,3020232,2950483,2953319,774,4,false,true
1565,0,66913,66913,3017396,3020232,2950483,2953319,775,4,false,true
1566,0,66913,66913,3017396,3020232,2950483,2953319,776,4,false,true
1567,0,66944,66944,3020232,3023068,2953288,2956124,777,4,false,true
1568,0,66944,66944,3020232,3023068,2953288,2956124,778,4,false,true
1569,0,66944,66944,3020232,3023068,2953288,2956124,779,4,false,true
1570,0,66944,66944,3020232,3023068,2953288,2956124,780,4,false,true
1571,0,66944,66944,3023068,3025904,2956124,2958960,781,4,false,true
1572,0,66944,66944,3023068,3025904,2956124,2958960,782,4,false,true
1573,0,66944,66944,3023068,3025904,2956124,2958960,783,4,false,true
1574,0,66944,66944,3023068,3025904,2956124,2958960,784,4,false,true
1575,0,66944,66944,3025904,3034116,2958960,2967172,785,4,false,true
1576,0,66944,66944,3025904,3034116,2958960,2967172,786,4,false,true
1577,0,66944,66944,3025904,3034116,2958960,2967172,787,4,false,true
1578,0,66944,66944,3025904,3034116,2958960,2967172,788,4,false,true
1579,0,66944,66944,3034116,3036952,2967172,2970008,789,4,false,true
1580,0,66944,66944,3034116,3036952,2967172,2970008,790,4,false,true
1581,0,66944,66944,3034116,3036952,2967172,2970008,791,4,false,true
1582,0,66944,66944,3034116,3036952,2967172,2970008,792,4,false,true
1583,0,66944,66944,3036952,3045164,2970008,2978220,793,4,false,true
1584,0,66944,66944,3036952,3045164,2970008,2978220,794,4,false,true
1585,0,66944,66944,3036952,3045164,2970008,2978220,795,4,false,true
1586,0,66944,66944,3036952,3045164,2970008,2978220,796,4,false,true
1587,1,66944,66944,2728596,2733224,2661652,2666280,161,4,false,true
1588,1,66944,66944,2728596,2733224,2661652,2666280,162,4,false,true
1589,1,66944,66944,2728596,2733224,2661652,2666280,163,4,false,true
1590,1,66944,66944,3045164,3050816,2978220,2983872,164,4,false,true
1591,3,66944,66944,3003788,3012000,2936844,2945056,426,4,false,true
1592,3,66944,66944,3003788,3012000,2936844,2945056,427,4,false,true
1593,3,66944,66944,3050816,3059028,2983872,2992084,428,4,false,true
1594,3,66944,66944,3050816,3059028,2983872,2992084,429,4,false,true
1595,3,66945,66945,3050816,3059028,2983871,2992083,430,4,false,true
1596,3,66945,66945,3050816,3059028,2983871,2992083,431,4,false,true
1597,3,66945,66945,3061864,3071612,2994919,3004667,432,4,false,true
1598,3,66945,66945,3061864,3071612,2994919,3004667,433,4,false,true
1599,0,66945,66945,3059028,3061864,2992083,2994919,797,4,false,true
1600,0,66945,66945,3059028,3061864,2992083,2994919,798,4,false,true
1601,0,66945,66945,3059028,3061864,2992083,2994919,799,4,false,true
1602,0,66945,66945,3059028,3061864,2992083,2994919,800,4,false,true
1603,0,66976,66976,3071612,3074448,3004636,3007472,801,4,false,true
1604,0,66976,66976,3071612,3074448,3004636,3007472,802,4,false,true
1605,0,66976,66976,3071612,3074448,3004636,3007472,803,4,false,true
1606,0,66976,66976,3071612,3074448,3004636,3007472,804,4,false,true
1607,0,66976,66976,3074448,3077284,3007472,3010308,805,4,false,true
1608,0,66976,66976,3074448,3077284,3007472,3010308,806,4,false,true
1609,0,66976,66976,3074448,3077284,3007472,3010308,807,4,false,true
1610,0,66976,66976,3074448,3077284,3007472,3010308,808,4,false,true
1611,0,66976,66976,3077284,3080120,3010308,3013144,809,4,false,true
1612,0,66976,66976,3077284,3080120,3010308,3013144,810,4,false,true
1613,0,66976,66976,3077284,3080120,3010308,3013144,811,4,false,true
1614,0,66976,66976,3077284,3080120,3010308,3013144,812,4,false,true
1615,3,66976,66976,3061864,3071612,2994888,3004636,434,4,false,true
1616,3,66976,66976,3061864,3071612,2994888,3004636,435,4,false,true
1617,3,66976,66976,3080120,3089356,3013144,3022380,436,4,false,true
1618,3,66976,66976,3080120,3089356,3013144,3022380,437,4,false,true
1619,3,67008,67008,3080120,3089356,3013112,3022348,438,4,false,true
1620,3,67008,67008,3080120,3089356,3013112,3022348,439,4,false,true
1621,3,67008,67008,3089356,3097568,3022348,3030560,440,4,false,true
1622,3,67008,67008,3089356,3097568,3022348,3030560,441,4,false,true
1623,2,67009,67009,2840512,2853332,2773503,2786323,183,4,false,true
1624,2,67009,67009,3105780,3116040,3038771,3049031,184,4,false,true
1625,2,67009,67009,3105780,3116040,3038771,3049031,185,4,false,true
1626,2,67009,67009,3105780,3116040,3038771,3049031,186,4,false,true
1627,0,67009,67009,3097568,3105780,3030559,3038771,813,4,false,true
1628,0,67009,67009,3097568,3105780,3030559,3038771,814,4,false,true
1629,0,67009,67009,3097568,3105780,3030559,3038771,815,4,false,true
1630,0,67009,67009,3097568,3105780,3030559,3038771,816,4,false,true
1631,3,67040,67040,3089356,3097568,3022316,3030528,442,4,false,true
1632,3,67040,67040,3089356,3097568,3022316,3030528,443,4,false,true
1633,3,67040,67040,3135064,3143276,3068024,3076236,444,4,false,true
1634,3,67040,67040,3135064,3143276,3068024,3076236,445,4,false,true
1635,3,67040,67040,3135064,3143276,3068024,3076236,446,4,false,true
1636,3,67040,67040,3135064,3143276,3068024,3076236,447,4,false,true
1637,3,67040,67040,3143276,3153024,3076236,3085984,448,4,false,true
1638,3,67040,67040,3143276,3153024,3076236,3085984,449,4,false,true
1639,0,67040,67040,3116040,3118876,3049000,3051836,817,4,false,true
1640,0,67040,67040,3116040,3118876,3049000,3051836,818,4,false,true
1641,0,67040,67040,3116040,3118876,3049000,3051836,819,4,false,true
1642,0,67040,67040,3116040,3118876,3049000,3051836,820,4,false,true
1643,0,67040,67040,3118876,3121712,3051836,3054672,821,4,false,true
1644,0,67040,67040,3118876,3121712,3051836,3054672,822,4,false,true
1645,0,67040,67040,3118876,3121712,3051836,3054672,823,4,false,true
1646,0,67040,67040,3118876,3121712,3051836,3054672,824,4,false,true
1647,0,67040,67040,3121712,3127108,3054672,3060068,825,4,false,true
1648,0,67040,67040,3121712,3127108,3054672,3060068,826,4,false,true
1649,0,67040,67040,3121712,3127108,3054672,3060068,827,4,false,true
1650,0,67040,67040,3121712,3127108,3054672,3060068,828,4,false,true
1651,0,67040,67040,3127108,3135064,3060068,3068024,829,4,false,true
1652,0,67040,67040,3127108,3135064,3060068,3068024,830,4,false,true
1653,0,67040,67040,3127108,3135064,3060068,3068024,831,4,false,true
1654,0,67040,67040,3127108,3135064,3060068,3068024,832,4,false,true
1655,3,67041,67041,3143276,3153024,3076235,3085983,450,4,false,true
1656,3,67041,67041,3143276,3153024,3076235,3085983,451,4,false,true
1657,3,67041,67041,3153024,3163796,3085983,3096755,452,4,false,true
1658,3,67041,67041,3153024,3163796,3085983,3096755,453,4,false,true
1659,3,67072,67072,3153024,3163796,3085952,3096724,454,4,false,true
1660,3,67072,67072,3153024,3163796,3085952,3096724,455,4,false,true
1661,3,67072,67072,3198948,3208184,3131876,3141112,456,4,false,true
1662,3,67072,67072,3198948,3208184,3131876,3141112,457,4,false,true
1663,3,67072,67072,3198948,3208184,3131876,3141112,458,4,false,true
1664,3,67072,67072,3198948,3208184,3131876,3141112,459,4,false,true
1665,3,67072,67072,3208184,3216396,3141112,3149324,460,4,false,true
1666,3,67072,67072,3208184,3216396,3141112,3149324,461,4,false,true
1667,3,67072,67072,3208184,3216396,3141112,3149324,462,4,false,true
1668,3,67072,67072,3208184,3216396,3141112,3149324,463,4,false,true
1669,3,67072,67072,3216396,3224608,3149324,3157536,464,4,false,true
1670,3,67072,67072,3216396,3224608,3149324,3157536,465,4,false,true
1671,3,67072,67072,3216396,3224608,3149324,3157536,466,4,false,true
1672,3,67072,67072,3216396,3224608,3149324,3157536,467,4,false,true
1673,3,67072,67072,3224608,3232820,3157536,3165748,468,4,false,true
1674,3,67072,67072,3224608,3232820,3157536,3165748,469,4,false,true
1675,0,67072,67072,3163796,3171752,3096724,3104680,833,4,false,true
1676,0,67072,67072,3163796,3171752,3096724,3104680,834,4,false,true
1677,0,67072,67072,3163796,3171752,3096724,3104680,835,4,false,true
1678,0,67072,67072,3163796,3171752,3096724,3104680,836,4,false,true
1679,3,67072,67072,3224608,3232820,3157536,3165748,470,4,false,true
1680,3,67072,67072,3224608,3232820,3157536,3165748,471,4,false,true
1681,3,67072,67072,3232820,3247688,3165748,3180616,472,4,false,true
1682,3,67072,67072,3232820,3247688,3165748,3180616,473,4,false,true
1683,0,67072,67072,3171752,3177148,3104680,3110076,837,4,false,true
1684,0,67072,67072,3171752,3177148,3104680,3110076,838,4,false,true
1685,0,67072,67072,3171752,3177148,3104680,3110076,839,4,false,true
1686,0,67072,67072,3171752,3177148,3104680,3110076,840,4,false,true
1687,0,67072,67072,3177148,3185360,3110076,3118288,841,4,false,true
1688,0,67072,67072,3177148,3185360,3110076,3118288,842,4,false,true
1689,0,67072,67072,3177148,3185360,3110076,3118288,843,4,false,true
1690,0,67072,67072,3177148,3185360,3110076,3118288,844,4,false,true
1691,0,67072,67072,3185360,3198948,3118288,3131876,845,4,false,true
1692,0,67072,67072,3185360,3198948,3118288,3131876,846,4,false,true
1693,0,67072,67072,3185360,3198948,3118288,3131876,847,4,false,true
1694,0,67072,67072,3185360,3198948,3118288,3131876,848,4,false,true
1695,0,67073,67073,3247688,3253084,3180615,3186011,849,4,false,true
1696,0,67073,67073,3247688,3253084,3180615,3186011,850,4,false,true
1697,0,67073,67073,3247688,3253084,3180615,3186011,851,4,false,true
1698,0,67073,67073,3247688,3253084,3180615,3186011,852,4,false,true
1699,0,67104,67104,3253084,3261296,3185980,3194192,853,4,false,true
1700,0,67104,67104,3253084,3261296,3185980,3194192,854,4,false,true
1701,0,67104,67104,3253084,3261296,3185980,3194192,855,4,false,true
1702,0,67104,67104,3253084,3261296,3185980,3194192,856,4,false,true
1703,3,67104,67104,3232820,3247688,3165716,3180584,474,4,false,true
1704,3,67104,67104,3232820,3247688,3165716,3180584,475,4,false,true
1705,3,67104,67104,3266692,3279000,3199588,3211896,476,4,false,true
1706,3,67104,67104,3266692,3279000,3199588,3211896,477,4,false,true
1707,0,67104,67104,3261296,3266692,3194192,3199588,857,4,false,true
1708,0,67104,67104,3261296,3266692,3194192,3199588,858,4,false,true
1709,0,67104,67104,3261296,3266692,3194192,3199588,859,4,false,true
1710,0,67104,67104,3261296,3266692,3194192,3199588,860,4,false,true
1711,3,67104,67104,3266692,3279000,3199588,3211896,478,4,false,true
1712,3,67104,67104,3266692,3279000,3199588,3211896,479,4,false,true
1713,3,67104,67104,3279000,3284396,3211896,3217292,480,4,false,true
1714,3,67104,67104,3279000,3284396,3211896,3217292,481,4,false,true
1715,3,67104,67104,3279000,3284396,3211896,3217292,482,4,false,true
1716,3,67104,67104,3279000,3284396,3211896,3217292,483,4,false,true
1717,3,67104,67104,3284396,3291072,3217292,3223968,484,4,false,true
1718,3,67104,67104,3284396,3291072,3217292,3223968,485,4,false,true
1719,3,67105,67105,3284396,3291072,3217291,3223967,486,4,false,true
1720,3,67105,67105,3284396,3291072,3217291,3223967,487,4,false,true
1721,3,67105,67105,3293908,3300328,3226803,3233223,488,4,false,true
1722,3,67105,67105,3293908,3300328,3226803,3233223,489,4,false,true
1723,0,67105,67105,3291072,3293908,3223967,3226803,861,4,false,true
1724,0,67105,67105,3291072,3293908,3223967,3226803,862,4,false,true
1725,0,67105,67105,3291072,3293908,3223967,3226803,863,4,false,true
1726,0,67105,67105,3291072,3293908,3223967,3226803,864,4,false,true
1727,3,67136,67136,3293908,3300328,3226772,3233192,490,4,false,true
1728,3,67136,67136,3293908,3300328,3226772,3233192,491,4,false,true
1729,3,67136,67136,3318564,3326776,3251428,3259640,492,4,false,true
1730,3,67136,67136,3318564,3326776,3251428,3259640,493,4,false,true
1731,2,67136,67136,3105780,3116040,3038644,3048904,187,4,false,true
1732,2,67136,67136,3311120,3318564,3243984,3251428,188,4,false,true
1733,2,67136,67136,3311120,3318564,3243984,3251428,189,4,false,true
1734,2,67136,67136,3311120,3318564,3243984,3251428,190,4,false,true
1735,3,67136,67136,3318564,3326776,3251428,3259640,494,4,false,true
1736,3,67136,67136,3318564,3326776,3251428,3259640,495,4,false,true
1737,3,67136,67136,3326776,3334988,3259640,3267852,496,4,false,true
1738,3,67136,67136,3326776,3334988,3259640,3267852,497,4,false,true
1739,3,67136,67136,3326776,3334988,3259640,3267852,498,4,false,true
1740,3,67136,67136,3326776,3334988,3259640,3267852,499,4,false,true
1741,3,67136,67136,3334988,3344736,3267852,3277600,500,4,false,true
1742,3,67136,67136,3334988,3344736,3267852,3277600,501,4,false,true
1743,0,67136,67136,3300328,3305724,3233192,3238588,865,4,false,true
1744,0,67136,67136,3300328,3305724,3233192,3238588,866,4,false,true
1745,0,67136,67136,3300328,3305724,3233192,3238588,867,4,false,true
1746,0,67136,67136,3300328,3305724,3233192,3238588,868,4,false,true
1747,3,67136,67136,3334988,3344736,3267852,3277600,502,4,false,true
1748,3,67136,67136,3334988,3344736,3267852,3277600,503,4,false,true
1749,3,67136,67136,3344736,3353972,3277600,3286836,504,4,false,true
1750,3,67136,67136,3344736,3353972,3277600,3286836,505,4,false,true
1751,3,67136,67136,3344736,3353972,3277600,3286836,506,4,false,true
1752,3,67136,67136,3344736,3353972,3277600,3286836,507,4,false,true
1753,3,67136,67136,3353972,3363720,3286836,3296584,508,4,false,true
1754,3,67136,67136,3353972,3363720,3286836,3296584,509,4,false,true
1755,0,67136,67136,3305724,3311120,3238588,3243984,869,4,false,true
1756,0,67136,67136,3305724,3311120,3238588,3243984,870,4,false,true
1757,0,67136,67136,3305724,3311120,3238588,3243984,871,4,false,true
1758,0,67136,67136,3305724,3311120,3238588,3243984,872,4,false,true
1759,3,67137,67137,3353972,3363720,3286835,3296583,510,4,false,true
1760,3,67137,67137,3353972,3363720,3286835,3296583,511,4,false,true
1761,3,67137,67137,3369116,3378608,3301979,3311471,512,4,false,true
1762,3,67137,67137,3369116,3378608,3301979,3311471,513,4,false,true
1763,3,67137,67137,3369116,3378608,3301979,3311471,514,4,false,true
1764,3,67137,67137,3369116,3378608,3301979,3311471,515,4,false,true
1765,3,67137,67137,3378608,3388356,3311471,3321219,516,4,false,true
1766,3,67137,67137,3378608,3388356,3311471,3321219,517,4,false,true
1767,0,67137,67137,3363720,3369116,3296583,3301979,873,4,false,true
1768,0,67137,67137,3363720,3369116,3296583,3301979,874,4,false,true
1769,0,67137,67137,3363720,3369116,3296583,3301979,875,4,false,true
1770,0,67137,67137,3363720,3369116,3296583,3301979,876,4,false,true
1771,3,67168,67168,3378608,3388356,3311440,3321188,518,4,false,true
1772,3,67168,67168,3378608,3388356,3311440,3321188,519,4,false,true
1773,3,67168,67168,3388356,3397848,3321188,3330680,520,4,false,true
1774,3,67168,67168,3388356,3397848,3321188,3330680,521,4,false,true
1775,3,67168,67168,3388356,3397848,3321188,3330680,522,4,false,true
1776,3,67168,67168,3388356,3397848,3321188,3330680,523,4,false,true
1777,3,67168,67168,3397848,3407596,3330680,3340428,524,4,false,true
1778,3,67168,67168,3397848,3407596,3330680,3340428,525,4,false,true
1779,0,67169,67169,3407596,3410432,3340427,3343263,877,4,false,true
1780,0,67169,67169,3407596,3410432,3340427,3343263,878,4,false,true
1781,0,67169,67169,3407596,3410432,3340427,3343263,879,4,false,true
1782,0,67169,67169,3407596,3410432,3340427,3343263,880,4,false,true
1783,0,67200,67200,3410432,3413268,3343232,3346068,881,4,false,true
1784,0,67200,67200,3410432,3413268,3343232,3346068,882,4,false,true
1785,0,67200,67200,3410432,3413268,3343232,3346068,883,4,false,true
1786,0,67200,67200,3410432,3413268,3343232,3346068,884,4,false,true
1787,0,67200,67200,3413268,3416104,3346068,3348904,885,4,false,true
1788,0,67200,67200,3413268,3416104,3346068,3348904,886,4,false,true
1789,0,67200,67200,3413268,3416104,3346068,3348904,887,4,false,true
1790,0,67200,67200,3413268,3416104,3346068,3348904,888,4,false,true
1791,0,67200,67200,3416104,3418940,3348904,3351740,889,4,false,true
1792,0,67200,67200,3416104,3418940,3348904,3351740,890,4,false,true
1793,0,67200,67200,3416104,3418940,3348904,3351740,891,4,false,true
1794,0,67200,67200,3416104,3418940,3348904,3351740,892,4,false,true
1795,3,67200,67200,3397848,3407596,3330648,3340396,526,4,false,true
1796,3,67200,67200,3397848,3407596,3330648,3340396,527,4,false,true
1797,3,67200,67200,3418940,3429712,3351740,3362512,528,4,false,true
1798,3,67200,67200,3418940,3429712,3351740,3362512,529,4,false,true
1799,0,67232,67232,3429712,3435108,3362480,3367876,893,4,false,true
1800,0,67232,67232,3429712,3435108,3362480,3367876,894,4,false,true
1801,0,67232,67232,3429712,3435108,3362480,3367876,895,4,false,true
1802,0,67232,67232,3429712,3435108,3362480,3367876,896,4,false,true
1803,3,67232,67232,3418940,3429712,3351708,3362480,530,4,false,true
1804,3,67232,67232,3418940,3429712,3351708,3362480,531,4,false,true
1805,3,67232,67232,3440504,3449996,3373272,3382764,532,4,false,true
1806,3,67232,67232,3440504,3449996,3373272,3382764,533,4,false,true
1807,0,67232,67232,3435108,3440504,3367876,3373272,897,4,false,true
1808,0,67232,67232,3435108,3440504,3367876,3373272,898,4,false,true
1809,0,67232,67232,3435108,3440504,3367876,3373272,899,4,false,true
1810,0,67232,67232,3435108,3440504,3367876,3373272,900,4,false,true
1811,3,67232,67232,3440504,3449996,3373272,3382764,534,4,false,true
1812,3,67232,67232,3440504,3449996,3373272,3382764,535,4,false,true
1813,3,67232,67232,3449996,3458208,3382764,3390976,536,4,false,true
1814,3,67232,67232,3449996,3458208,3382764,3390976,537,4,false,true
1815,0,67233,67233,3458208,3463604,3390975,3396371,901,4,false,true
1816,0,67233,67233,3458208,3463604,3390975,3396371,902,4,false,true
1817,0,67233,67233,3458208,3463604,3390975,3396371,903,4,false,true
1818,0,67233,67233,3458208,3463604,3390975,3396371,904,4,false,true
1819,3,67264,67264,3449996,3458208,3382732,3390944,538,4,false,true
1820,3,67264,67264,3449996,3458208,3382732,3390944,539,4,false,true
1821,3,67264,67264,3476444,3484656,3409180,3417392,540,4,false,true
1822,3,67264,67264,3476444,3484656,3409180,3417392,541,4,false,true
1823,3,67264,67264,3476444,3484656,3409180,3417392,542,4,false,true
1824,3,67264,67264,3476444,3484656,3409180,3417392,543,4,false,true
1825,3,67264,67264,3484656,3492868,3417392,3425604,544,4,false,true
1826,3,67264,67264,3484656,3492868,3417392,3425604,545,4,false,true
1827,0,67264,67264,3463604,3469000,3396340,3401736,905,4,false,true
1828,0,67264,67264,3463604,3469000,3396340,3401736,906,4,false,true
1829,0,67264,67264,3463604,3469000,3396340,3401736,907,4,false,true
1830,0,67264,67264,3463604,3469000,3396340,3401736,908,4,false,true
1831,2,67264,67264,3311120,3318564,3243856,3251300,191,4,false,true
1832,2,67264,67264,3469000,3476444,3401736,3409180,192,4,false,true
1833,2,67264,67264,3469000,3476444,3401736,3409180,193,4,false,true
1834,2,67264,67264,3469000,3476444,3401736,3409180,194,4,false,true
1835,3,67264,67264,3484656,3492868,3417392,3425604,546,4,false,true
1836,3,67264,67264,3484656,3492868,3417392,3425604,547,4,false,true
1837,3,67264,67264,3492868,3501080,3425604,3433816,548,4,false,true
1838,3,67264,67264,3492868,3501080,3425604,3433816,549,4,false,true
1839,0,67265,67265,3501080,3506476,3433815,3439211,909,4,false,true
1840,0,67265,67265,3501080,3506476,3433815,3439211,910,4,false,true
1841,0,67265,67265,3501080,3506476,3433815,3439211,911,4,false,true
1842,0,67265,67265,3501080,3506476,3433815,3439211,912,4,false,true
1843,0,67265,67265,3506476,3509312,3439211,3442047,913,4,false,true
1844,0,67265,67265,3506476,3509312,3439211,3442047,914,4,false,true
1845,0,67265,67265,3506476,3509312,3439211,3442047,915,4,false,true
1846,0,67265,67265,3506476,3509312,3439211,3442047,916,4,false,true
1847,3,67296,67296,3492868,3501080,3425572,3433784,550,4,false,true
1848,3,67296,67296,3492868,3501080,3425572,3433784,551,4,false,true
1849,3,67296,67296,3544976,3553188,3477680,3485892,552,4,false,true
1850,3,67296,67296,3544976,3553188,3477680,3485892,553,4,false,true
1851,0,67296,67296,3509312,3517524,3442016,3450228,917,4,false,true
1852,0,67296,67296,3509312,3517524,3442016,3450228,918,4,false,true
1853,0,67296,67296,3509312,3517524,3442016,3450228,919,4,false,true
1854,0,67296,67296,3509312,3517524,3442016,3450228,920,4,false,true
1855,0,67296,67296,3517524,3528552,3450228,3461256,921,4,false,true
1856,0,67296,67296,3517524,3528552,3450228,3461256,922,4,false,true
1857,0,67296,67296,3517524,3528552,3450228,3461256,923,4,false,true
1858,0,67296,67296,3517524,3528552,3450228,3461256,924,4,false,true
1859,3,67296,67296,3544976,3553188,3477680,3485892,554,4,false,true
1860,3,67296,67296,3544976,3553188,3477680,3485892,555,4,false,true
1861,3,67296,67296,3553188,3561400,3485892,3494104,556,4,false,true
1862,3,67296,67296,3553188,3561400,3485892,3494104,557,4,false,true
1863,0,67296,67296,3528552,3536764,3461256,3469468,925,4,false,true
1864,0,67296,67296,3528552,3536764,3461256,3469468,926,4,false,true
1865,0,67296,67296,3528552,3536764,3461256,3469468,927,4,false,true
1866,0,67296,67296,3528552,3536764,3461256,3469468,928,4,false,true
1867,0,67296,67296,3536764,3544976,3469468,3477680,929,4,false,true
1868,0,67296,67296,3536764,3544976,3469468,3477680,930,4,false,true
1869,0,67296,67296,3536764,3544976,3469468,3477680,931,4,false,true
1870,0,67296,67296,3536764,3544976,3469468,3477680,932,4,false,true
1871,1,67297,67297,3045164,3050816,2977867,2983519,165,4,false,true
1872,0,67297,67297,3561400,3566796,3494103,3499499,933,4,false,true
1873,0,67297,67297,3561400,3566796,3494103,3499499,934,4,false,true
1874,0,67297,67297,3561400,3566796,3494103,3499499,935,4,false,true
1875,0,67297,67297,3561400,3566796,3494103,3499499,936,4,false,true
1876,0,67297,67297,3566796,3569632,3499499,3502335,937,4,false,true
1877,0,67297,67297,3566796,3569632,3499499,3502335,938,4,false,true
1878,0,67297,67297,3566796,3569632,3499499,3502335,939,4,false,true
1879,0,67297,67297,3566796,3569632,3499499,3502335,940,4,false,true
1880,0,67297,67297,3569632,3577588,3502335,3510291,941,4,false,true
1881,0,67297,67297,3569632,3577588,3502335,3510291,942,4,false,true
1882,0,67297,67297,3569632,3577588,3502335,3510291,943,4,false,true
1883,0,67297,67297,3569632,3577588,3502335,3510291,944,4,false,true
1884,3,67328,67328,3553188,3561400,3485860,3494072,558,4,false,true
1885,3,67328,67328,3553188,3561400,3485860,3494072,559,4,false,true
1886,3,67328,67328,3601456,3609668,3534128,3542340,560,4,false,true
1887,3,67328,67328,3601456,3609668,3534128,3542340,561,4,false,true
1888,0,67328,67328,3577588,3585800,3510260,3518472,945,4,false,true
1889,0,67328,67328,3577588,3585800,3510260,3518472,946,4,false,true
1890,0,67328,67328,3577588,3585800,3510260,3518472,947,4,false,true
1891,0,67328,67328,3577588,3585800,3510260,3518472,948,4,false,true
1892,3,67328,67328,3601456,3609668,3534128,3542340,562,4,false,true
1893,3,67328,67328,3601456,3609668,3534128,3542340,563,4,false,true
1894,3,67328,67328,3609668,3620696,3542340,3553368,564,4,false,true
1895,3,67328,67328,3609668,3620696,3542340,3553368,565,4,false,true
1896,0,67328,67328,3585800,3599388,3518472,3532060,949,4,false,true
1897,0,67328,67328,3585800,3599388,3518472,3532060,950,4,false,true
1898,0,67328,67328,3585800,3599388,3518472,3532060,951,4,false,true
1899,0,67328,67328,3585800,3599388,3518472,3532060,952,4,false,true
1900,0,67328,67328,3599388,3601456,3532060,3534128,953,4,false,true
1901,0,67328,67328,3599388,3601456,3532060,3534128,954,4,false,true
1902,0,67328,67328,3599388,3601456,3532060,3534128,955,4,false,true
1903,0,67328,67328,3599388,3601456,3532060,3534128,956,4,false,true
1904,0,67329,67329,3620696,3626092,3553367,3558763,957,4,false,true
1905,0,67329,67329,3620696,3626092,3553367,3558763,958,4,false,true
1906,0,67329,67329,3620696,3626092,3553367,3558763,959,4,false,true
1907,0,67329,67329,3620696,3626092,3553367,3558763,960,4,false,true
1908,0,67360,67360,3626092,3628928,3558732,3561568,961,4,false,true
1909,0,67360,67360,3626092,3628928,3558732,3561568,962,4,false,true
1910,0,67360,67360,3626092,3628928,3558732,3561568,963,4,false,true
1911,0,67360,67360,3626092,3628928,3558732,3561568,964,4,false,true
1912,0,67360,67360,3628928,3637140,3561568,3569780,965,4,false,true
1913,0,67360,67360,3628928,3637140,3561568,3569780,966,4,false,true
1914,0,67360,67360,3628928,3637140,3561568,3569780,967,4,false,true
1915,0,67360,67360,3628928,3637140,3561568,3569780,968,4,false,true
1916,0,67360,67360,3637140,3645096,3569780,3577736,969,4,false,true
1917,0,67360,67360,3637140,3645096,3569780,3577736,970,4,false,true
1918,0,67360,67360,3637140,3645096,3569780,3577736,971,4,false,true
1919,0,67360,67360,3637140,3645096,3569780,3577736,972,4,false,true
1920,0,67361,67361,3645096,3647932,3577735,3580571,973,4,false,true
1921,0,67361,67361,3645096,3647932,3577735,3580571,974,4,false,true
1922,0,67361,67361,3645096,3647932,3577735,3580571,975,4,false,true
1923,0,67361,67361,3645096,3647932,3577735,3580571,976,4,false,true
1924,0,67361,67361,3647932,3650768,3580571,3583407,977,4,false,true
1925,0,67361,67361,3647932,3650768,3580571,3583407,978,4,false,true
1926,0,67361,67361,3647932,3650768,3580571,3583407,979,4,false,true
1927,0,67361,67361,3647932,3650768,3580571,3583407,980,4,false,true
1928,3,67392,67392,3609668,3620696,3542276,3553304,566,4,false,true
1929,3,67392,67392,3609668,3620696,3542276,3553304,567,4,false,true
1930,3,67392,67392,3672884,3685192,3605492,3617800,568,4,false,true
1931,3,67392,67392,3672884,3685192,3605492,3617800,569,4,false,true
1932,3,67392,67392,3672884,3685192,3605492,3617800,570,4,false,true
1933,3,67392,67392,3672884,3685192,3605492,3617800,571,4,false,true
1934,3,67392,67392,3685192,3694428,3617800,3627036,572,4,false,true
1935,3,67392,67392,3685192,3694428,3617800,3627036,573,4,false,true
1936,3,67392,67392,3685192,3694428,3617800,3627036,574,4,false,true
1937,3,67392,67392,3685192,3694428,3617800,3627036,575,4,false,true
1938,3,67392,67392,3694428,3704176,3627036,3636784,576,4,false,true
1939,3,67392,67392,3694428,3704176,3627036,3636784,577,4,false,true
1940,3,67392,67392,3694428,3704176,3627036,3636784,578,4,false,true
1941,3,67392,67392,3694428,3704176,3627036,3636784,579,4,false,true
1942,3,67392,67392,3704176,3713668,3636784,3646276,580,4,false,true
1943,3,67392,67392,3704176,3713668,3636784,3646276,581,4,false,true
1944,0,67392,67392,3650768,3653604,3583376,3586212,981,4,false,true
1945,0,67392,67392,3650768,3653604,3583376,3586212,982,4,false,true
1946,0,67392,67392,3650768,3653604,3583376,3586212,983,4,false,true
1947,0,67392,67392,3650768,3653604,3583376,3586212,984,4,false,true
1948,0,67392,67392,3653604,3656440,3586212,3589048,985,4,false,true
1949,0,67392,67392,3653604,3656440,3586212,3589048,986,4,false,true
1950,0,67392,67392,3653604,3656440,3586212,3589048,987,4,false,true
1951,0,67392,67392,3653604,3656440,3586212,3589048,988,4,false,true
1952,0,67392,67392,3656440,3659276,3589048,3591884,989,4,false,true
1953,0,67392,67392,3656440,3659276,3589048,3591884,990,4,false,true
1954,0,67392,67392,3656440,3659276,3589048,3591884,991,4,false,true
1955,0,67392,67392,3656440,3659276,3589048,3591884,992,4,false,true
1956,0,67392,67392,3659276,3664672,3591884,3597280,993,4,false,true
1957,0,67392,67392,3659276,3664672,3591884,3597280,994,4,false,true
1958,0,67392,67392,3659276,3664672,3591884,3597280,995,4,false,true
1959,0,67392,67392,3659276,3664672,3591884,3597280,996,4,false,true
1960,0,67392,67392,3664672,3672884,3597280,3605492,997,4,false,true
1961,0,67392,67392,3664672,3672884,3597280,3605492,998,4,false,true
1962,0,67392,67392,3664672,3672884,3597280,3605492,999,4,false,true
1963,0,67392,67392,3664672,3672884,3597280,3605492,1000,4,false,true
1964,3,67392,67392,3704176,3713668,3636784,3646276,582,4,false,true
1965,3,67392,67392,3704176,3713668,3636784,3646276,583,4,false,true
1966,3,67392,67392,3713668,3723416,3646276,3656024,584,4,false,true
1967,3,67392,67392,3713668,3723416,3646276,3656024,585,4,false,true
1968,3,67392,67392,3713668,3723416,3646276,3656024,586,4,false,true
1969,3,67392,67392,3713668,3723416,3646276,3656024,587,4,false,true
1970,3,67392,67392,3723416,3732652,3656024,3665260,588,4,false,true
1971,3,67392,67392,3723416,3732652,3656024,3665260,589,4,false,true
1972,3,67392,67392,3723416,3732652,3656024,3665260,590,4,false,true
1973,3,67392,67392,3723416,3732652,3656024,3665260,591,4,false,true
1974,3,67392,67392,3732652,3740864,3665260,3673472,592,4,false,true
1975,3,67392,67392,3732652,3740864,3665260,3673472,593,4,false,true
1976,3,67424,67424,3732652,3740864,3665228,3673440,594,4,false,true
1977,3,67424,67424,3732652,3740864,3665228,3673440,595,4,false,true
1978,3,67424,67424,3743700,3753448,3676276,3686024,596,4,false,true
1979,3,67424,67424,3743700,3753448,3676276,3686024,597,4,false,true
1980,3,67424,67424,3743700,3753448,3676276,3686024,598,4,false,true
1981,3,67424,67424,3743700,3753448,3676276,3686024,599,4,false,true
1982,3,67424,67424,3753448,3762940,3686024,3695516,600,4,false,true
1983,3,67424,67424,3753448,3762940,3686024,3695516,601,4,false,true
1984,3,67424,67424,3753448,3762940,3686024,3695516,602,4,false,true
1985,3,67424,67424,3753448,3762940,3686024,3695516,603,4,false,true
1986,3,67424,67424,3762940,3771152,3695516,3703728,604,4,false,true
1987,3,67424,67424,3762940,3771152,3695516,3703728,605,4,false,true
1988,0,67424,67424,3740864,3743700,3673440,3676276,1001,4,false,true
1989,0,67424,67424,3740864,3743700,3673440,3676276,1002,4,false,true
1990,0,67424,67424,3740864,3743700,3673440,3676276,1003,4,false,true
1991,0,67424,67424,3740864,3743700,3673440,3676276,1004,4,false,true
1992,3,67424,67424,3762940,3771152,3695516,3703728,606,4,false,true
1993,3,67424,67424,3762940,3771152,3695516,3703728,607,4,false,true
1994,3,67424,67424,3771152,3779364,3703728,3711940,608,4,false,true
1995,3,67424,67424,3771152,3779364,3703728,3711940,609,4,false,true
1996,3,67425,67425,3771152,3779364,3703727,3711939,610,4,false,true
1997,3,67425,67425,3771152,3779364,3703727,3711939,611,4,false,true
1998,3,67425,67425,3784760,3792972,3717335,3725547,612,4,false,true
1999,3,67425,67425,3784760,3792972,3717335,3725547,613,4,false,true
2000,0,67425,67425,3779364,3784760,3711939,3717335,1005,4,false,true
2001,0,67425,67425,3779364,3784760,3711939,3717335,1006,4,false,true
2002,0,67425,67425,3779364,3784760,3711939,3717335,1007,4,false,true
2003,0,67425,67425,3779364,3784760,3711939,3717335,1008,4,false,true
2004,3,67456,67456,3784760,3792972,3717304,3725516,614,4,false,true
2005,3,67456,67456,3784760,3792972,3717304,3725516,615,4,false,true
2006,3,67456,67456,3806580,3814792,3739124,3747336,616,4,false,true
2007,3,67456,67456,3806580,3814792,3739124,3747336,617,4,false,true
2008,0,67456,67456,3792972,3798368,3725516,3730912,1009,4,false,true
2009,0,67456,67456,3792972,3798368,3725516,3730912,1010,4,false,true
2010,0,67456,67456,3792972,3798368,3725516,3730912,1011,4,false,true
2011,0,67456,67456,3792972,3798368,3725516,3730912,1012,4,false,true
2012,3,67456,67456,3806580,3814792,3739124,3747336,618,4,false,true
2013,3,67456,67456,3806580,3814792,3739124,3747336,619,4,false,true
2014,3,67456,67456,3814792,3820444,3747336,3752988,620,4,false,true
2015,3,67456,67456,3814792,3820444,3747336,3752988,621,4,false,true
2016,3,67456,67456,3814792,3820444,3747336,3752988,622,4,false,true
2017,3,67456,67456,3814792,3820444,3747336,3752988,623,4,false,true
2018,3,67456,67456,3820444,3825840,3752988,3758384,624,4,false,true
2019,3,67456,67456,3820444,3825840,3752988,3758384,625,4,false,true
2020,0,67456,67456,3798368,3806580,3730912,3739124,1013,4,false,true
2021,0,67456,67456,3798368,3806580,3730912,3739124,1014,4,false,true
2022,0,67456,67456,3798368,3806580,3730912,3739124,1015,4,false,true
2023,0,67456,67456,3798368,3806580,3730912,3739124,1016,4,false,true
2024,3,67456,67456,3820444,3825840,3752988,3758384,626,4,false,true
2025,3,67456,67456,3820444,3825840,3752988,3758384,627,4,false,true
2026,3,67456,67456,3825840,3835588,3758384,3768132,628,4,false,true
2027,3,67456,67456,3825840,3835588,3758384,3768132,629,4,false,true
2028,0,67457,67457,3835588,3838424,3768131,3770967,1017,4,false,true
2029,0,67457,67457,3835588,3838424,3768131,3770967,1018,4,false,true
2030,0,67457,67457,3835588,3838424,3768131,3770967,1019,4,false,true
2031,0,67457,67457,3835588,3838424,3768131,3770967,1020,4,false,true
2032,0,67457,67457,3838424,3843820,3770967,3776363,1021,4,false,true
2033,0,67457,67457,3838424,3843820,3770967,3776363,1022,4,false,true
2034,0,67457,67457,3838424,3843820,3770967,3776363,1023,4,false,true
2035,0,67457,67457,3838424,3843820,3770967,3776363,1024,4,false,true
2036,0,67457,67457,3843820,3846656,3776363,3779199,1025,4,false,true
2037,0,67457,67457,3843820,3846656,3776363,3779199,1026,4,false,true
2038,0,67457,67457,3843820,3846656,3776363,3779199,1027,4,false,true
2039,0,67457,67457,3843820,3846656,3776363,3779199,1028,4,false,true
2040,3,67488,67488,3825840,3835588,3758352,3768100,630,4,false,true
2041,3,67488,67488,3825840,3835588,3758352,3768100,631,4,false,true
2042,3,67488,67488,3849492,3860264,3782004,3792776,632,4,false,true
2043,3,67488,67488,3849492,3860264,3782004,3792776,633,4,false,true
2044,0,67488,67488,3846656,3849492,3779168,3782004,1029,4,false,true
2045,0,67488,67488,3846656,3849492,3779168,3782004,1030,4,false,true
2046,0,67488,67488,3846656,3849492,3779168,3782004,1031,4,false,true
2047,0,67488,67488,3846656,3849492,3779168,3782004,1032,4,false,true
2048,3,67489,67489,3849492,3860264,3782003,3792775,634,4,false,true
2049,3,67489,67489,3849492,3860264,3782003,3792775,635,4,false,true
2050,3,67489,67489,3891064,3901836,3823575,3834347,636,4,false,true
2051,3,67489,67489,3891064,3901836,3823575,3834347,637,4,false,true
2052,0,67489,67489,3860264,3865660,3792775,3798171,1033,4,false,true
2053,0,67489,67489,3860264,3865660,3792775,3798171,1034,4,false,true
2054,0,67489,67489,3860264,3865660,3792775,3798171,1035,4,false,true
2055,0,67489,67489,3860264,3865660,3792775,3798171,1036,4,false,true
2056,0,67489,67489,3865660,3874640,3798171,3807151,1037,4,false,true
2057,0,67489,67489,3865660,3874640,3798171,3807151,1038,4,false,true
2058,0,67489,67489,3865660,3874640,3798171,3807151,1039,4,false,true
2059,0,67489,67489,3865660,3874640,3798171,3807151,1040,4,false,true
2060,0,67489,67489,3874640,3882852,3807151,3815363,1041,4,false,true
2061,0,67489,67489,3874640,3882852,3807151,3815363,1042,4,false,true
2062,0,67489,67489,3874640,3882852,3807151,3815363,1043,4,false,true
2063,0,67489,67489,3874640,3882852,3807151,3815363,1044,4,false,true
2064,0,67489,67489,3882852,3891064,3815363,3823575,1045,4,false,true
2065,0,67489,67489,3882852,3891064,3815363,3823575,1046,4,false,true
2066,0,67489,67489,3882852,3891064,3815363,3823575,1047,4,false,true
2067,0,67489,67489,3882852,3891064,3815363,3823575,1048,4,false,true
2068,0,67520,67520,3901836,3904672,3834316,3837152,1049,4,false,true
2069,0,67520,67520,3901836,3904672,3834316,3837152,1050,4,false,true
2070,0,67520,67520,3901836,3904672,3834316,3837152,1051,4,false,true
2071,0,67520,67520,3901836,3904672,3834316,3837152,1052,4,false,true
2072,3,67520,67520,3891064,3901836,3823544,3834316,638,4,false,true
2073,3,67520,67520,3891064,3901836,3823544,3834316,639,4,false,true
2074,3,67520,67520,3921096,3930332,3853576,3862812,640,4,false,true
2075,3,67520,67520,3921096,3930332,3853576,3862812,641,4,false,true
2076,3,67520,67520,3921096,3930332,3853576,3862812,642,4,false,true
2077,3,67520,67520,3921096,3930332,3853576,3862812,643,4,false,true
2078,3,67520,67520,3930332,3938544,3862812,3871024,644,4,false,true
2079,3,67520,67520,3930332,3938544,3862812,3871024,645,4,false,true
2080,3,67520,67520,3930332,3938544,3862812,3871024,646,4,false,true
2081,3,67520,67520,3930332,3938544,3862812,3871024,647,4,false,true
2082,3,67520,67520,3938544,3948292,3871024,3880772,648,4,false,true
2083,3,67520,67520,3938544,3948292,3871024,3880772,649,4,false,true
2084,1,67520,67520,3045164,3050816,2977644,2983296,166,4,false,true
2085,1,67520,67520,3045164,3050816,2977644,2983296,167,4,false,true
2086,1,67520,67520,3912884,3921096,3845364,3853576,168,4,false,true
2087,1,67520,67520,3912884,3921096,3845364,3853576,169,4,false,true
2088,0,67520,67520,3904672,3912884,3837152,3845364,1053,4,false,true
2089,0,67520,67520,3904672,3912884,3837152,3845364,1054,4,false,true
2090,0,67520,67520,3904672,3912884,3837152,3845364,1055,4,false,true
2091,0,67520,67520,3904672,3912884,3837152,3845364,1056,4,false,true
2092,3,67520,67520,3938544,3948292,3871024,3880772,650,4,false,true
2093,3,67520,67520,3938544,3948292,3871024,3880772,651,4,false,true
2094,3,67520,67520,3948292,3957528,3880772,3890008,652,4,false,true
2095,3,67520,67520,3948292,3957528,3880772,3890008,653,4,false,true
2096,3,67520,67520,3948292,3957528,3880772,3890008,654,4,false,true
2097,3,67520,67520,3948292,3957528,3880772,3890008,655,4,false,true
2098,3,67520,67520,3957528,3967276,3890008,3899756,656,4,false,true
2099,3,67520,67520,3957528,3967276,3890008,3899756,657,4,false,true
2100,0,67521,67521,3967276,3970112,3899755,3902591,1057,4,false,true
2101,0,67521,67521,3967276,3970112,3899755,3902591,1058,4,false,true
2102,0,67521,67521,3967276,3970112,3899755,3902591,1059,4,false,true
2103,0,67521,67521,3967276,3970112,3899755,3902591,1060,4,false,true
2104,0,67521,67521,3970112,3975508,3902591,3907987,1061,4,false,true
2105,0,67521,67521,3970112,3975508,3902591,3907987,1062,4,false,true
2106,0,67521,67521,3970112,3975508,3902591,3907987,1063,4,false,true
2107,0,67521,67521,3970112,3975508,3902591,3907987,1064,4,false,true
2108,1,67521,67521,3912884,3921096,3845363,3853575,170,4,false,true
2109,1,67521,67521,3912884,3921096,3845363,3853575,171,4,false,true
2110,1,67521,67521,3975508,3983720,3907987,3916199,172,4,false,true
2111,1,67521,67521,3975508,3983720,3907987,3916199,173,4,false,true
2112,3,67552,67552,3957528,3967276,3889976,3899724,658,4,false,true
2113,3,67552,67552,3957528,3967276,3889976,3899724,659,4,false,true
2114,3,67552,67552,3999888,4009380,3932336,3941828,660,4,false,true
2115,3,67552,67552,3999888,4009380,3932336,3941828,661,4,false,true
2116,3,67552,67552,3999888,4009380,3932336,3941828,662,4,false,true
2117,3,67552,67552,3999888,4009380,3932336,3941828,663,4,false,true
2118,3,67552,67552,4009380,4017592,3941828,3950040,664,4,false,true
2119,3,67552,67552,4009380,4017592,3941828,3950040,665,4,false,true
2120,3,67552,67552,4009380,4017592,3941828,3950040,666,4,false,true
2121,3,67552,67552,4009380,4017592,3941828,3950040,667,4,false,true
2122,3,67552,67552,4017592,4028620,3950040,3961068,668,4,false,true
2123,3,67552,67552,4017592,4028620,3950040,3961068,669,4,false,true
2124,0,67552,67552,3983720,3991676,3916168,3924124,1065,4,false,true
2125,0,67552,67552,3983720,3991676,3916168,3924124,1066,4,false,true
2126,0,67552,67552,3983720,3991676,3916168,3924124,1067,4,false,true
2127,0,67552,67552,3983720,3991676,3916168,3924124,1068,4,false,true
2128,3,67552,67552,4017592,4028620,3950040,3961068,670,4,false,true
2129,3,67552,67552,4017592,4028620,3950040,3961068,671,4,false,true
2130,3,67552,67552,4028620,4039392,3961068,3971840,672,4,false,true
2131,3,67552,67552,4028620,4039392,3961068,3971840,673,4,false,true
2132,3,67552,67552,4028620,4039392,3961068,3971840,674,4,false,true
2133,3,67552,67552,4028620,4039392,3961068,3971840,675,4,false,true
2134,3,67552,67552,4039392,4047604,3971840,3980052,676,4,false,true
2135,3,67552,67552,4039392,4047604,3971840,3980052,677,4,false,true
2136,3,67552,67552,4039392,4047604,3971840,3980052,678,4,false,true
2137,3,67552,67552,4039392,4047604,3971840,3980052,679,4,false,true
2138,3,67552,67552,4047604,4057352,3980052,3989800,680,4,false,true
2139,3,67552,67552,4047604,4057352,3980052,3989800,681,4,false,true
2140,1,67552,67552,3975508,3983720,3907956,3916168,174,4,false,true
2141,1,67552,67552,3975508,3983720,3907956,3916168,175,4,false,true
2142,1,67552,67552,3991676,3999888,3924124,3932336,176,4,false,true
2143,1,67552,67552,3991676,3999888,3924124,3932336,177,4,false,true
2144,0,67553,67553,4057352,4060188,3989799,3992635,1069,4,false,true
2145,0,67553,67553,4057352,4060188,3989799,3992635,1070,4,false,true
2146,0,67553,67553,4057352,4060188,3989799,3992635,1071,4,false,true
2147,0,67553,67553,4057352,4060188,3989799,3992635,1072,4,false,true
2148,3,67553,67553,4047604,4057352,3980051,3989799,682,4,false,true
2149,3,67553,67553,4047604,4057352,3980051,3989799,683,4,false,true
2150,3,67553,67553,4060188,4069680,3992635,4002127,684,4,false,true
2151,3,67553,67553,4060188,4069680,3992635,4002127,685,4,false,true
2152,3,67584,67584,4060188,4069680,3992604,4002096,686,4,false,true
2153,3,67584,67584,4060188,4069680,3992604,4002096,687,4,false,true
2154,3,67584,67584,4072516,4080728,4004932,4013144,688,4,false,true
2155,3,67584,67584,4072516,4080728,4004932,4013144,689,4,false,true
2156,3,67584,67584,4072516,4080728,4004932,4013144,690,4,false,true
2157,3,67584,67584,4072516,4080728,4004932,4013144,691,4,false,true
2158,3,67584,67584,4080728,4090476,4013144,4022892,692,4,false,true
2159,3,67584,67584,4080728,4090476,4013144,4022892,693,4,false,true
2160,3,67584,67584,4080728,4090476,4013144,4022892,694,4,false,true
2161,3,67584,67584,4080728,4090476,4013144,4022892,695,4,false,true
2162,3,67584,67584,4090476,4099712,4022892,4032128,696,4,false,true
2163,3,67584,67584,4090476,4099712,4022892,4032128,697,4,false,true
2164,0,67584,67584,4069680,4072516,4002096,4004932,1073,4,false,true
2165,0,67584,67584,4069680,4072516,4002096,4004932,1074,4,false,true
2166,0,67584,67584,4069680,4072516,4002096,4004932,1075,4,false,true
2167,0,67584,67584,4069680,4072516,4002096,4004932,1076,4,false,true
2168,3,67585,67585,4090476,4099712,4022891,4032127,698,4,false,true
2169,3,67585,67585,4090476,4099712,4022891,4032127,699,4,false,true
2170,3,67585,67585,4099712,4109460,4032127,4041875,700,4,false,true
2171,3,67585,67585,4099712,4109460,4032127,4041875,701,4,false,true
2172,3,67616,67616,4099712,4109460,4032096,4041844,702,4,false,true
2173,3,67616,67616,4099712,4109460,4032096,4041844,703,4,false,true
2174,3,67616,67616,4116392,4125884,4048776,4058268,704,4,false,true
2175,3,67616,67616,4116392,4125884,4048776,4058268,705,4,false,true
2176,1,67616,67616,3991676,3999888,3924060,3932272,178,4,false,true
2177,1,67616,67616,3991676,3999888,3924060,3932272,179,4,false,true
2178,1,67616,67616,4109460,4116392,4041844,4048776,180,4,false,true
2179,1,67616,67616,4109460,4116392,4041844,4048776,181,4,false,true
2180,0,67617,67617,4125884,4133328,4058267,4065711,1077,4,false,true
2181,0,67617,67617,4125884,4133328,4058267,4065711,1078,4,false,true
2182,0,67617,67617,4125884,4133328,4058267,4065711,1079,4,false,true
2183,0,67617,67617,4125884,4133328,4058267,4065711,1080,4,false,true
2184,0,67617,67617,4133328,4136164,4065711,4068547,1081,4,false,true
2185,0,67617,67617,4133328,4136164,4065711,4068547,1082,4,false,true
2186,0,67617,67617,4133328,4136164,4065711,4068547,1083,4,false,true
2187,0,67617,67617,4133328,4136164,4065711,4068547,1084,4,false,true
2188,3,67617,67617,4116392,4125884,4048775,4058267,706,4,false,true
2189,3,67617,67617,4116392,4125884,4048775,4058267,707,4,false,true
2190,3,67617,67617,4136164,4144376,4068547,4076759,708,4,false,true
2191,3,67617,67617,4136164,4144376,4068547,4076759,709,4,false,true
2192,3,67648,67648,4136164,4144376,4068516,4076728,710,4,false,true
2193,3,67648,67648,4136164,4144376,4068516,4076728,711,4,false,true
2194,3,67648,67648,4160820,4169032,4093172,4101384,712,4,false,true
2195,3,67648,67648,4160820,4169032,4093172,4101384,713,4,false,true
2196,3,67648,67648,4160820,4169032,4093172,4101384,714,4,false,true
2197,3,67648,67648,4160820,4169032,4093172,4101384,715,4,false,true
2198,3,67648,67648,4169032,4177244,4101384,4109596,716,4,false,true
2199,3,67648,67648,4169032,4177244,4101384,4109596,717,4,false,true
2200,0,67648,67648,4144376,4147212,4076728,4079564,1085,4,false,true
2201,0,67648,67648,4144376,4147212,4076728,4079564,1086,4,false,true
2202,0,67648,67648,4144376,4147212,4076728,4079564,1087,4,false,true
2203,0,67648,67648,4144376,4147212,4076728,4079564,1088,4,false,true
2204,3,67648,67648,4169032,4177244,4101384,4109596,718,4,false,true
2205,3,67648,67648,4169032,4177244,4101384,4109596,719,4,false,true
2206,3,67648,67648,4177244,4185456,4109596,4117808,720,4,false,true
2207,3,67648,67648,4177244,4185456,4109596,4117808,721,4,false,true
2208,0,67648,67648,4147212,4150048,4079564,4082400,1089,4,false,true
2209,0,67648,67648,4147212,4150048,4079564,4082400,1090,4,false,true
2210,0,67648,67648,4147212,4150048,4079564,4082400,1091,4,false,true
2211,0,67648,67648,4147212,4150048,4079564,4082400,1092,4,false,true
2212,0,67648,67648,4150048,4160820,4082400,4093172,1093,4,false,true
2213,0,67648,67648,4150048,4160820,4082400,4093172,1094,4,false,true
2214,0,67648,67648,4150048,4160820,4082400,4093172,1095,4,false,true
2215,0,67648,67648,4150048,4160820,4082400,4093172,1096,4,false,true
2216,0,67649,67649,4185456,4190852,4117807,4123203,1097,4,false,true
2217,0,67649,67649,4185456,4190852,4117807,4123203,1098,4,false,true
2218,0,67649,67649,4185456,4190852,4117807,4123203,1099,4,false,true
2219,0,67649,67649,4185456,4190852,4117807,4123203,1100,4,false,true
2220,3,67680,67680,4177244,4185456,4109564,4117776,722,4,false,true
2221,3,67680,67680,4177244,4185456,4109564,4117776,723,4,false,true
2222,3,67680,67680,4207296,4215508,4139616,4147828,724,4,false,true
2223,3,67680,67680,4207296,4215508,4139616,4147828,725,4,false,true
2224,0,67680,67680,4190852,4199064,4123172,4131384,1101,4,false,true
2225,0,67680,67680,4190852,4199064,4123172,4131384,1102,4,false,true
2226,0,67680,67680,4190852,4199064,4123172,4131384,1103,4,false,true
2227,0,67680,67680,4190852,4199064,4123172,4131384,1104,4,false,true
2228,0,67680,67680,4199064,4204460,4131384,4136780,1105,4,false,true
2229,0,67680,67680,4199064,4204460,4131384,4136780,1106,4,false,true
2230,0,67680,67680,4199064,4204460,4131384,4136780,1107,4,false,true
2231,0,67680,67680,4199064,4204460,4131384,4136780,1108,4,false,true
2232,3,67680,67680,4207296,4215508,4139616,4147828,726,4,false,true
2233,3,67680,67680,4207296,4215508,4139616,4147828,727,4,false,true
2234,3,67680,67680,4215508,4223720,4147828,4156040,728,4,false,true
2235,3,67680,67680,4215508,4223720,4147828,4156040,729,4,false,true
2236,3,67680,67680,4215508,4223720,4147828,4156040,730,4,false,true
2237,3,67680,67680,4215508,4223720,4147828,4156040,731,4,false,true
2238,3,67680,67680,4223720,4233468,4156040,4165788,732,4,false,true
2239,3,67680,67680,4223720,4233468,4156040,4165788,733,4,false,true
2240,0,67680,67680,4204460,4207296,4136780,4139616,1109,4,false,true
2241,0,67680,67680,4204460,4207296,4136780,4139616,1110,4,false,true
2242,0,67680,67680,4204460,4207296,4136780,4139616,1111,4,false,true
2243,0,67680,67680,4204460,4207296,4136780,4139616,1112,4,false,true
2244,3,67680,67680,4223720,4233468,4156040,4165788,734,4,false,true
2245,3,67680,67680,4223720,4233468,4156040,4165788,735,4,false,true
2246,3,67680,67680,4233468,4241424,4165788,4173744,736,4,false,true
2247,3,67680,67680,4233468,4241424,4165788,4173744,737,4,false,true
2248,2,67681,67681,3469000,3476444,3401319,3408763,195,4,false,true
2249,2,67681,67681,4241424,4252964,4173743,4185283,196,4,false,true
2250,2,67681,67681,4241424,4252964,4173743,4185283,197,4,false,true
2251,2,67681,67681,4241424,4252964,4173743,4185283,198,4,false,true
2252,3,67712,67712,4233468,4241424,4165756,4173712,738,4,false,true
2253,3,67712,67712,4233468,4241424,4165756,4173712,739,4,false,true
2254,3,67712,67712,4264032,4270452,4196320,4202740,740,4,false,true
2255,3,67712,67712,4264032,4270452,4196320,4202740,741,4,false,true
2256,0,67712,67712,4252964,4258360,4185252,4190648,1113,4,false,true
2257,0,67712,67712,4252964,4258360,4185252,4190648,1114,4,false,true
2258,0,67712,67712,4252964,4258360,4185252,4190648,1115,4,false,true
2259,0,67712,67712,4252964,4258360,4185252,4190648,1116,4,false,true
2260,3,67712,67712,4264032,4270452,4196320,4202740,742,4,false,true
2261,3,67712,67712,4264032,4270452,4196320,4202740,743,4,false,true
2262,3,67712,67712,4270452,4280200,4202740,4212488,744,4,false,true
2263,3,67712,67712,4270452,4280200,4202740,4212488,745,4,false,true
2264,0,67712,67712,4258360,4261196,4190648,4193484,1117,4,false,true
2265,0,67712,67712,4258360,4261196,4190648,4193484,1118,4,false,true
2266,0,67712,67712,4258360,4261196,4190648,4193484,1119,4,false,true
2267,0,67712,67712,4258360,4261196,4190648,4193484,1120,4,false,true
2268,0,67712,67712,4261196,4264032,4193484,4196320,1121,4,false,true
2269,0,67712,67712,4261196,4264032,4193484,4196320,1122,4,false,true
2270,0,67712,67712,4261196,4264032,4193484,4196320,1123,4,false,true
2271,0,67712,67712,4261196,4264032,4193484,4196320,1124,4,false,true
2272,0,67713,67713,4280200,4288412,4212487,4220699,1125,4,false,true
2273,0,67713,67713,4280200,4288412,4212487,4220699,1126,4,false,true
2274,0,67713,67713,4280200,4288412,4212487,4220699,1127,4,false,true
2275,0,67713,67713,4280200,4288412,4212487,4220699,1128,4,false,true
2276,0,67713,67713,4288412,4293808,4220699,4226095,1129,4,false,true
2277,0,67713,67713,4288412,4293808,4220699,4226095,1130,4,false,true
2278,0,67713,67713,4288412,4293808,4220699,4226095,1131,4,false,true
2279,0,67713,67713,4288412,4293808,4220699,4226095,1132,4,false,true
2280,3,67713,67713,4270452,4280200,4202739,4212487,746,4,false,true
2281,3,67713,67713,4270452,4280200,4202739,4212487,747,4,false,true
2282,3,67713,67713,4293808,4303300,4226095,4235587,748,4,false,true
2283,3,67713,67713,4293808,4303300,4226095,4235587,749,4,false,true
2284,3,67744,67744,4293808,4303300,4226064,4235556,750,4,false,true
2285,3,67744,67744,4293808,4303300,4226064,4235556,751,4,false,true
2286,3,67744,67744,4306136,4314348,4238392,4246604,752,4,false,true
2287,3,67744,67744,4306136,4314348,4238392,4246604,753,4,false,true
2288,3,67744,67744,4306136,4314348,4238392,4246604,754,4,false,true
2289,3,67744,67744,4306136,4314348,4238392,4246604,755,4,false,true
2290,3,67744,67744,4314348,4322560,4246604,4254816,756,4,false,true
2291,3,67744,67744,4314348,4322560,4246604,4254816,757,4,false,true
2292,0,67744,67744,4303300,4306136,4235556,4238392,1133,4,false,true
2293,0,67744,67744,4303300,4306136,4235556,4238392,1134,4,false,true
2294,0,67744,67744,4303300,4306136,4235556,4238392,1135,4,false,true
2295,0,67744,67744,4303300,4306136,4235556,4238392,1136,4,false,true
2296,0,67745,67745,4322560,4330772,4254815,4263027,1137,4,false,true
2297,0,67745,67745,4322560,4330772,4254815,4263027,1138,4,false,true
2298,0,67745,67745,4322560,4330772,4254815,4263027,1139,4,false,true
2299,0,67745,67745,4322560,4330772,4254815,4263027,1140,4,false,true
2300,0,67776,67776,4330772,4333608,4262996,4265832,1141,4,false,true
2301,0,67776,67776,4330772,4333608,4262996,4265832,1142,4,false,true
2302,0,67776,67776,4330772,4333608,4262996,4265832,1143,4,false,true
2303,0,67776,67776,4330772,4333608,4262996,4265832,1144,4,false,true
2304,0,67776,67776,4333608,4336444,4265832,4268668,1145,4,false,true
2305,0,67776,67776,4333608,4336444,4265832,4268668,1146,4,false,true
2306,0,67776,67776,4333608,4336444,4265832,4268668,1147,4,false,true
2307,0,67776,67776,4333608,4336444,4265832,4268668,1148,4,false,true
2308,0,67776,67776,4336444,4341840,4268668,4274064,1149,4,false,true
2309,0,67776,67776,4336444,4341840,4268668,4274064,1150,4,false,true
2310,0,67776,67776,4336444,4341840,4268668,4274064,1151,4,false,true
2311,0,67776,67776,4336444,4341840,4268668,4274064,1152,4,false,true
2312,3,67776,67776,4314348,4322560,4246572,4254784,758,4,false,true
2313,3,67776,67776,4314348,4322560,4246572,4254784,759,4,false,true
2314,3,67776,67776,4358304,4366516,4290528,4298740,760,4,false,true
2315,3,67776,67776,4358304,4366516,4290528,4298740,761,4,false,true
2316,0,67776,67776,4341840,4347236,4274064,4279460,1153,4,false,true
2317,0,67776,67776,4341840,4347236,4274064,4279460,1154,4,false,true
2318,0,67776,67776,4341840,4347236,4274064,4279460,1155,4,false,true
2319,0,67776,67776,4341840,4347236,4274064,4279460,1156,4,false,true
2320,0,67776,67776,4347236,4352632,4279460,4284856,1157,4,false,true
2321,0,67776,67776,4347236,4352632,4279460,4284856,1158,4,false,true
2322,0,67776,67776,4347236,4352632,4279460,4284856,1159,4,false,true
2323,0,67776,67776,4347236,4352632,4279460,4284856,1160,4,false,true
2324,0,67776,67776,4352632,4355468,4284856,4287692,1161,4,false,true
2325,0,67776,67776,4352632,4355468,4284856,4287692,1162,4,false,true
2326,0,67776,67776,4352632,4355468,4284856,4287692,1163,4,false,true
2327,0,67776,67776,4352632,4355468,4284856,4287692,1164,4,false,true
2328,0,67776,67776,4355468,4358304,4287692,4290528,1165,4,false,true
2329,0,67776,67776,4355468,4358304,4287692,4290528,1166,4,false,true
2330,0,67776,67776,4355468,4358304,4287692,4290528,1167,4,false,true
2331,0,67776,67776,4355468,4358304,4287692,4290528,1168,4,false,true
2332,1,67777,67777,4109460,4116392,4041683,4048615,182,4,false,true
2333,1,67777,67777,4109460,4116392,4041683,4048615,183,4,false,true
2334,1,67777,67777,4366516,4371400,4298739,4303623,184,4,false,true
2335,1,67777,67777,4366516,4371400,4298739,4303623,185,4,false,true
2336,3,67808,67808,4358304,4366516,4290496,4298708,762,4,false,true
2337,3,67808,67808,4358304,4366516,4290496,4298708,763,4,false,true
2338,3,67808,67808,4380912,4389124,4313104,4321316,764,4,false,true
2339,3,67808,67808,4380912,4389124,4313104,4321316,765,4,false,true
2340,2,67808,67808,4241424,4252964,4173616,4185156,199,4,false,true
2341,2,67808,67808,4376796,4380912,4308988,4313104,200,4,false,true
2342,2,67808,67808,4376796,4380912,4308988,4313104,201,4,false,true
2343,2,67808,67808,4376796,4380912,4308988,4313104,202,4,false,true
2344,0,67808,67808,4371400,4376796,4303592,4308988,1169,4,false,true
2345,0,67808,67808,4371400,4376796,4303592,4308988,1170,4,false,true
2346,0,67808,67808,4371400,4376796,4303592,4308988,1171,4,false,true
2347,0,67808,67808,4371400,4376796,4303592,4308988,1172,4,false,true
2348,3,67808,67808,4380912,4389124,4313104,4321316,766,4,false,true
2349,3,67808,67808,4380912,4389124,4313104,4321316,767,4,false,true
2350,3,67808,67808,4389124,4397336,4321316,4329528,768,4,false,true
2351,3,67808,67808,4389124,4397336,4321316,4329528,769,4,false,true
2352,3,67808,67808,4389124,4397336,4321316,4329528,770,4,false,true
2353,3,67808,67808,4389124,4397336,4321316,4329528,771,4,false,true
2354,3,67808,67808,4397336,4405548,4329528,4337740,772,4,false,true
2355,3,67808,67808,4397336,4405548,4329528,4337740,773,4,false,true
2356,0,67809,67809,4405548,4408384,4337739,4340575,1173,4,false,true
2357,0,67809,67809,4405548,4408384,4337739,4340575,1174,4,false,true
2358,0,67809,67809,4405548,4408384,4337739,4340575,1175,4,false,true
2359,0,67809,67809,4405548,4408384,4337739,4340575,1176,4,false,true
2360,3,67840,67840,4397336,4405548,4329496,4337708,774,4,false,true
2361,3,67840,67840,4397336,4405548,4329496,4337708,775,4,false,true
2362,3,67840,67840,4416596,4424808,4348756,4356968,776,4,false,true
2363,3,67840,67840,4416596,4424808,4348756,4356968,777,4,false,true
2364,3,67840,67840,4416596,4424808,4348756,4356968,778,4,false,true
2365,3,67840,67840,4416596,4424808,4348756,4356968,779,4,false,true
2366,3,67840,67840,4424808,4433020,4356968,4365180,780,4,false,true
2367,3,67840,67840,4424808,4433020,4356968,4365180,781,4,false,true
2368,3,67840,67840,4424808,4433020,4356968,4365180,782,4,false,true
2369,3,67840,67840,4424808,4433020,4356968,4365180,783,4,false,true
2370,3,67840,67840,4433020,4442768,4365180,4374928,784,4,false,true
2371,3,67840,67840,4433020,4442768,4365180,4374928,785,4,false,true
2372,0,67840,67840,4408384,4416596,4340544,4348756,1177,4,false,true
2373,0,67840,67840,4408384,4416596,4340544,4348756,1178,4,false,true
2374,0,67840,67840,4408384,4416596,4340544,4348756,1179,4,false,true
2375,0,67840,67840,4408384,4416596,4340544,4348756,1180,4,false,true
2376,0,67841,67841,4442768,4445604,4374927,4377763,1181,4,false,true
2377,0,67841,67841,4442768,4445604,4374927,4377763,1182,4,false,true
2378,0,67841,67841,4442768,4445604,4374927,4377763,1183,4,false,true
2379,0,67841,67841,4442768,4445604,4374927,4377763,1184,4,false,true
2380,0,67872,67872,4445604,4448440,4377732,4380568,1185,4,false,true
2381,0,67872,67872,4445604,4448440,4377732,4380568,1186,4,false,true
2382,0,67872,67872,4445604,4448440,4377732,4380568,1187,4,false,true
2383,0,67872,67872,4445604,4448440,4377732,4380568,1188,4,false,true
2384,3,67872,67872,4433020,4442768,4365148,4374896,786,4,false,true
2385,3,67872,67872,4433020,4442768,4365148,4374896,787,4,false,true
2386,3,67872,67872,4470260,4479496,4402388,4411624,788,4,false,true
2387,3,67872,67872,4470260,4479496,4402388,4411624,789,4,false,true
2388,0,67872,67872,4448440,4453836,4380568,4385964,1189,4,false,true
2389,0,67872,67872,4448440,4453836,4380568,4385964,1190,4,false,true
2390,0,67872,67872,4448440,4453836,4380568,4385964,1191,4,false,true
2391,0,67872,67872,4448440,4453836,4380568,4385964,1192,4,false,true
2392,0,67872,67872,4453836,4462048,4385964,4394176,1193,4,false,true
2393,0,67872,67872,4453836,4462048,4385964,4394176,1194,4,false,true
2394,0,67872,67872,4453836,4462048,4385964,4394176,1195,4,false,true
2395,0,67872,67872,4453836,4462048,4385964,4394176,1196,4,false,true
2396,3,67872,67872,4470260,4479496,4402388,4411624,790,4,false,true
2397,3,67872,67872,4470260,4479496,4402388,4411624,791,4,false,true
2398,3,67872,67872,4479496,4489244,4411624,4421372,792,4,false,true
2399,3,67872,67872,4479496,4489244,4411624,4421372,793,4,false,true
2400,0,67872,67872,4462048,4470260,4394176,4402388,1197,4,false,true
2401,0,67872,67872,4462048,4470260,4394176,4402388,1198,4,false,true
2402,0,67872,67872,4462048,4470260,4394176,4402388,1199,4,false,true
2403,0,67872,67872,4462048,4470260,4394176,4402388,1200,4,false,true
2404,0,67904,67904,4489244,4500016,4421340,4432112,1201,4,false,true
2405,0,67904,67904,4489244,4500016,4421340,4432112,1202,4,false,true
2406,0,67904,67904,4489244,4500016,4421340,4432112,1203,4,false,true
2407,0,67904,67904,4489244,4500016,4421340,4432112,1204,4,false,true
2408,0,67904,67904,4500016,4505412,4432112,4437508,1205,4,false,true
2409,0,67904,67904,4500016,4505412,4432112,4437508,1206,4,false,true
2410,0,67904,67904,4500016,4505412,4432112,4437508,1207,4,false,true
2411,0,67904,67904,4500016,4505412,4432112,4437508,1208,4,false,true
2412,0,67905,67905,4505412,4513624,4437507,4445719,1209,4,false,true
2413,0,67905,67905,4505412,4513624,4437507,4445719,1210,4,false,true
2414,0,67905,67905,4505412,4513624,4437507,4445719,1211,4,false,true
2415,0,67905,67905,4505412,4513624,4437507,4445719,1212,4,false,true
2416,0,67936,67936,4513624,4519020,4445688,4451084,1213,4,false,true
2417,0,67936,67936,4513624,4519020,4445688,4451084,1214,4,false,true
2418,0,67936,67936,4513624,4519020,4445688,4451084,1215,4,false,true
2419,0,67936,67936,4513624,4519020,4445688,4451084,1216,4,false,true
2420,3,67936,67936,4479496,4489244,4411560,4421308,794,4,false,true
2421,3,67936,67936,4479496,4489244,4411560,4421308,795,4,false,true
2422,3,67936,67936,4519020,4528256,4451084,4460320,796,4,false,true
2423,3,67936,67936,4519020,4528256,4451084,4460320,797,4,false,true
2424,3,67936,67936,4519020,4528256,4451084,4460320,798,4,false,true
2425,3,67936,67936,4519020,4528256,4451084,4460320,799,4,false,true
2426,3,67936,67936,4528256,4536468,4460320,4468532,800,4,false,true
2427,3,67936,67936,4528256,4536468,4460320,4468532,801,4,false,true
2428,3,67936,67936,4528256,4536468,4460320,4468532,802,4,false,true
2429,3,67936,67936,4528256,4536468,4460320,4468532,803,4,false,true
2430,3,67936,67936,4536468,4546216,4468532,4478280,804,4,false,true
2431,3,67936,67936,4536468,4546216,4468532,4478280,805,4,false,true
2432,3,67936,67936,4536468,4546216,4468532,4478280,806,4,false,true
2433,3,67936,67936,4536468,4546216,4468532,4478280,807,4,false,true
2434,3,67936,67936,4546216,4555452,4478280,4487516,808,4,false,true
2435,3,67936,67936,4546216,4555452,4478280,4487516,809,4,false,true
2436,0,67937,67937,4555452,4558288,4487515,4490351,1217,4,false,true
2437,0,67937,67937,4555452,4558288,4487515,4490351,1218,4,false,true
2438,0,67937,67937,4555452,4558288,4487515,4490351,1219,4,false,true
2439,0,67937,67937,4555452,4558288,4487515,4490351,1220,4,false,true
2440,0,67937,67937,4558288,4566500,4490351,4498563,1221,4,false,true
2441,0,67937,67937,4558288,4566500,4490351,4498563,1222,4,false,true
2442,0,67937,67937,4558288,4566500,4490351,4498563,1223,4,false,true
2443,0,67937,67937,4558288,4566500,4490351,4498563,1224,4,false,true
2444,0,67968,67968,4566500,4571896,4498532,4503928,1225,4,false,true
2445,0,67968,67968,4566500,4571896,4498532,4503928,1226,4,false,true
2446,0,67968,67968,4566500,4571896,4498532,4503928,1227,4,false,true
2447,0,67968,67968,4566500,4571896,4498532,4503928,1228,4,false,true
2448,3,67968,67968,4546216,4555452,4478248,4487484,810,4,false,true
2449,3,67968,67968,4546216,4555452,4478248,4487484,811,4,false,true
2450,3,67968,67968,4580128,4588340,4512160,4520372,812,4,false,true
2451,3,67968,67968,4580128,4588340,4512160,4520372,813,4,false,true
2452,3,67968,67968,4580128,4588340,4512160,4520372,814,4,false,true
2453,3,67968,67968,4580128,4588340,4512160,4520372,815,4,false,true
2454,3,67968,67968,4588340,4596552,4520372,4528584,816,4,false,true
2455,3,67968,67968,4588340,4596552,4520372,4528584,817,4,false,true
2456,0,67968,67968,4571896,4577292,4503928,4509324,1229,4,false,true
2457,0,67968,67968,4571896,4577292,4503928,4509324,1230,4,false,true
2458,0,67968,67968,4571896,4577292,4503928,4509324,1231,4,false,true
2459,0,67968,67968,4571896,4577292,4503928,4509324,1232,4,false,true
2460,3,67968,67968,4588340,4596552,4520372,4528584,818,4,false,true
2461,3,67968,67968,4588340,4596552,4520372,4528584,819,4,false,true
2462,3,67968,67968,4596552,4604764,4528584,4536796,820,4,false,true
2463,3,67968,67968,4596552,4604764,4528584,4536796,821,4,false,true
2464,0,67968,67968,4577292,4580128,4509324,4512160,1233,4,false,true
2465,0,67968,67968,4577292,4580128,4509324,4512160,1234,4,false,true
2466,0,67968,67968,4577292,4580128,4509324,4512160,1235,4,false,true
2467,0,67968,67968,4577292,4580128,4509324,4512160,1236,4,false,true
2468,0,68000,68000,4604764,4607600,4536764,4539600,1237,4,false,true
2469,0,68000,68000,4604764,4607600,4536764,4539600,1238,4,false,true
2470,0,68000,68000,4604764,4607600,4536764,4539600,1239,4,false,true
2471,0,68000,68000,4604764,4607600,4536764,4539600,1240,4,false,true
2472,0,68000,68000,4607600,4618372,4539600,4550372,1241,4,false,true
2473,0,68000,68000,4607600,4618372,4539600,4550372,1242,4,false,true
2474,0,68000,68000,4607600,4618372,4539600,4550372,1243,4,false,true
2475,0,68000,68000,4607600,4618372,4539600,4550372,1244,4,false,true
2476,3,68000,68000,4596552,4604764,4528552,4536764,822,4,false,true
2477,3,68000,68000,4596552,4604764,4528552,4536764,823,4,false,true
2478,3,68000,68000,4629420,4639168,4561420,4571168,824,4,false,true
2479,3,68000,68000,4629420,4639168,4561420,4571168,825,4,false,true
2480,3,68000,68000,4629420,4639168,4561420,4571168,826,4,false,true
2481,3,68000,68000,4629420,4639168,4561420,4571168,827,4,false,true
2482,3,68000,68000,4639168,4648404,4571168,4580404,828,4,false,true
2483,3,68000,68000,4639168,4648404,4571168,4580404,829,4,false,true
2484,2,68000,68000,4376796,4380912,4308796,4312912,203,4,false,true
2485,0,68000,68000,4618372,4626584,4550372,4558584,1245,4,false,true
2486,0,68000,68000,4618372,4626584,4550372,4558584,1246,4,false,true
2487,0,68000,68000,4618372,4626584,4550372,4558584,1247,4,false,true
2488,0,68000,68000,4618372,4626584,4550372,4558584,1248,4,false,true
2489,0,68000,68000,4626584,4629420,4558584,4561420,1249,4,false,true
2490,0,68000,68000,4626584,4629420,4558584,4561420,1250,4,false,true
2491,0,68000,68000,4626584,4629420,4558584,4561420,1251,4,false,true
2492,0,68000,68000,4626584,4629420,4558584,4561420,1252,4,false,true
2493,0,68001,68001,4648404,4651240,4580403,4583239,1253,4,false,true
2494,0,68001,68001,4648404,4651240,4580403,4583239,1254,4,false,true
2495,0,68001,68001,4648404,4651240,4580403,4583239,1255,4,false,true
2496,0,68001,68001,4648404,4651240,4580403,4583239,1256,4,false,true
2497,0,68001,68001,4651240,4659452,4583239,4591451,1257,4,false,true
2498,0,68001,68001,4651240,4659452,4583239,4591451,1258,4,false,true
2499,0,68001,68001,4651240,4659452,4583239,4591451,1259,4,false,true
2500,0,68001,68001,4651240,4659452,4583239,4591451,1260,4,false,true
2501,3,68032,68032,4639168,4648404,4571136,4580372,830,4,false,true
2502,3,68032,68032,4639168,4648404,4571136,4580372,831,4,false,true
2503,3,68032,68032,4659452,4667664,4591420,4599632,832,4,false,true
2504,3,68032,68032,4659452,4667664,4591420,4599632,833,4,false,true
2505,3,68032,68032,4659452,4667664,4591420,4599632,834,4,false,true
2506,3,68032,68032,4659452,4667664,4591420,4599632,835,4,false,true
2507,3,68032,68032,4667664,4675876,4599632,4607844,836,4,false,true
2508,3,68032,68032,4667664,4675876,4599632,4607844,837,4,false,true
2509,3,68032,68032,4667664,4675876,4599632,4607844,838,4,false,true
2510,3,68032,68032,4667664,4675876,4599632,4607844,839,4,false,true
2511,3,68032,68032,4675876,4684088,4607844,4616056,840,4,false,true
2512,3,68032,68032,4675876,4684088,4607844,4616056,841,4,false,true
2513,3,68032,68032,4675876,4684088,4607844,4616056,842,4,false,true
2514,3,68032,68032,4675876,4684088,4607844,4616056,843,4,false,true
2515,3,68032,68032,4684088,4692300,4616056,4624268,844,4,false,true
2516,3,68032,68032,4684088,4692300,4616056,4624268,845,4,false,true
2517,0,68033,68033,4692300,4700512,4624267,4632479,1261,4,false,true
2518,0,68033,68033,4692300,4700512,4624267,4632479,1262,4,false,true
2519,0,68033,68033,4692300,4700512,4624267,4632479,1263,4,false,true
2520,0,68033,68033,4692300,4700512,4624267,4632479,1264,4,false,true
2521,3,68033,68033,4684088,4692300,4616055,4624267,846,4,false,true
2522,3,68033,68033,4684088,4692300,4616055,4624267,847,4,false,true
2523,3,68033,68033,4708724,4716936,4640691,4648903,848,4,false,true
2524,3,68033,68033,4708724,4716936,4640691,4648903,849,4,false,true
2525,3,68033,68033,4708724,4716936,4640691,4648903,850,4,false,true
2526,3,68033,68033,4708724,4716936,4640691,4648903,851,4,false,true
2527,3,68033,68033,4716936,4725148,4648903,4657115,852,4,false,true
2528,3,68033,68033,4716936,4725148,4648903,4657115,853,4,false,true
2529,0,68033,68033,4700512,4708724,4632479,4640691,1265,4,false,true
2530,0,68033,68033,4700512,4708724,4632479,4640691,1266,4,false,true
2531,0,68033,68033,4700512,4708724,4632479,4640691,1267,4,false,true
2532,0,68033,68033,4700512,4708724,4632479,4640691,1268,4,false,true
2533,3,68033,68033,4716936,4725148,4648903,4657115,854,4,false,true
2534,3,68033,68033,4716936,4725148,4648903,4657115,855,4,false,true
2535,3,68033,68033,4725148,4733360,4657115,4665327,856,4,false,true
2536,3,68033,68033,4725148,4733360,4657115,4665327,857,4,false,true
2537,0,68064,68064,4733360,4741572,4665296,4673508,1269,4,false,true
2538,0,68064,68064,4733360,4741572,4665296,4673508,1270,4,false,true
2539,0,68064,68064,4733360,4741572,4665296,4673508,1271,4,false,true
2540,0,68064,68064,4733360,4741572,4665296,4673508,1272,4,false,true
2541,3,68064,68064,4725148,4733360,4657084,4665296,858,4,false,true
2542,3,68064,68064,4725148,4733360,4657084,4665296,859,4,false,true
2543,3,68064,68064,4741572,4749784,4673508,4681720,860,4,false,true
2544,3,68064,68064,4741572,4749784,4673508,4681720,861,4,false,true
2545,0,68096,68096,4749784,4752620,4681688,4684524,1273,4,false,true
2546,0,68096,68096,4749784,4752620,4681688,4684524,1274,4,false,true
2547,0,68096,68096,4749784,4752620,4681688,4684524,1275,4,false,true
2548,0,68096,68096,4749784,4752620,4681688,4684524,1276,4,false,true
2549,3,68096,68096,4741572,4749784,4673476,4681688,862,4,false,true
2550,3,68096,68096,4741572,4749784,4673476,4681688,863,4,false,true
2551,3,68096,68096,4752620,4760832,4684524,4692736,864,4,false,true
2552,3,68096,68096,4752620,4760832,4684524,4692736,865,4,false,true
2553,3,68096,68096,4752620,4760832,4684524,4692736,866,4,false,true
2554,3,68096,68096,4752620,4760832,4684524,4692736,867,4,false,true
2555,3,68096,68096,4760832,4769044,4692736,4700948,868,4,false,true
2556,3,68096,68096,4760832,4769044,4692736,4700948,869,4,false,true
2557,0,68097,68097,4769044,4771880,4700947,4703783,1277,4,false,true
2558,0,68097,68097,4769044,4771880,4700947,4703783,1278,4,false,true
2559,0,68097,68097,4769044,4771880,4700947,4703783,1279,4,false,true
2560,0,68097,68097,4769044,4771880,4700947,4703783,1280,4,false,true
2561,3,68097,68097,4760832,4769044,4692735,4700947,870,4,false,true
2562,3,68097,68097,4760832,4769044,4692735,4700947,871,4,false,true
2563,3,68097,68097,4780092,4788304,4711995,4720207,872,4,false,true
2564,3,68097,68097,4780092,4788304,4711995,4720207,873,4,false,true
2565,0,68097,68097,4771880,4780092,4703783,4711995,1281,4,false,true
2566,0,68097,68097,4771880,4780092,4703783,4711995,1282,4,false,true
2567,0,68097,68097,4771880,4780092,4703783,4711995,1283,4,false,true
2568,0,68097,68097,4771880,4780092,4703783,4711995,1284,4,false,true
2569,0,68128,68128,4788304,4793700,4720176,4725572,1285,4,false,true
2570,0,68128,68128,4788304,4793700,4720176,4725572,1286,4,false,true
2571,0,68128,68128,4788304,4793700,4720176,4725572,1287,4,false,true
2572,0,68128,68128,4788304,4793700,4720176,4725572,1288,4,false,true
2573,1,68128,68128,4366516,4371400,4298388,4303272,186,4,false,true
2574,0,68128,68128,4793700,4796536,4725572,4728408,1289,4,false,true
2575,0,68128,68128,4793700,4796536,4725572,4728408,1290,4,false,true
2576,0,68128,68128,4793700,4796536,4725572,4728408,1291,4,false,true
2577,0,68128,68128,4793700,4796536,4725572,4728408,1292,4,false,true
2578,3,68128,68128,4780092,4788304,4711964,4720176,874,4,false,true
2579,3,68128,68128,4780092,4788304,4711964,4720176,875,4,false,true
2580,3,68128,68128,4796536,4804748,4728408,4736620,876,4,false,true
2581,3,68128,68128,4796536,4804748,4728408,4736620,877,4,false,true
2582,3,68128,68128,4796536,4804748,4728408,4736620,878,4,false,true
2583,3,68128,68128,4796536,4804748,4728408,4736620,879,4,false,true
2584,3,68128,68128,4804748,4812960,4736620,4744832,880,4,false,true
2585,3,68128,68128,4804748,4812960,4736620,4744832,881,4,false,true
2586,3,68129,68129,4804748,4812960,4736619,4744831,882,4,false,true
2587,3,68129,68129,4804748,4812960,4736619,4744831,883,4,false,true
2588,3,68129,68129,4812960,4821172,4744831,4753043,884,4,false,true
2589,3,68129,68129,4812960,4821172,4744831,4753043,885,4,false,true
2590,0,68160,68160,4821172,4829384,4753012,4761224,1293,4,false,true
2591,0,68160,68160,4821172,4829384,4753012,4761224,1294,4,false,true
2592,0,68160,68160,4821172,4829384,4753012,4761224,1295,4,false,true
2593,0,68160,68160,4821172,4829384,4753012,4761224,1296,4,false,true
2594,3,68160,68160,4812960,4821172,4744800,4753012,886,4,false,true
2595,3,68160,68160,4812960,4821172,4744800,4753012,887,4,false,true
2596,3,68160,68160,4840432,4848644,4772272,4780484,888,4,false,true
2597,3,68160,68160,4840432,4848644,4772272,4780484,889,4,false,true
2598,0,68160,68160,4829384,4832220,4761224,4764060,1297,4,false,true
2599,0,68160,68160,4829384,4832220,4761224,4764060,1298,4,false,true
2600,0,68160,68160,4829384,4832220,4761224,4764060,1299,4,false,true
2601,0,68160,68160,4829384,4832220,4761224,4764060,1300,4,false,true
2602,0,68160,68160,4832220,4840432,4764060,4772272,1301,4,false,true
2603,0,68160,68160,4832220,4840432,4764060,4772272,1302,4,false,true
2604,0,68160,68160,4832220,4840432,4764060,4772272,1303,4,false,true
2605,0,68160,68160,4832220,4840432,4764060,4772272,1304,4,false,true
2606,0,68161,68161,4848644,4856856,4780483,4788695,1305,4,false,true
2607,0,68161,68161,4848644,4856856,4780483,4788695,1306,4,false,true
2608,0,68161,68161,4848644,4856856,4780483,4788695,1307,4,false,true
2609,0,68161,68161,4848644,4856856,4780483,4788695,1308,4,false,true
2610,3,68161,68161,4840432,4848644,4772271,4780483,890,4,false,true
2611,3,68161,68161,4840432,4848644,4772271,4780483,891,4,false,true
2612,3,68161,68161,4865068,4874816,4796907,4806655,892,4,false,true
2613,3,68161,68161,4865068,4874816,4796907,4806655,893,4,false,true
2614,0,68161,68161,4856856,4865068,4788695,4796907,1309,4,false,true
2615,0,68161,68161,4856856,4865068,4788695,4796907,1310,4,false,true
2616,0,68161,68161,4856856,4865068,4788695,4796907,1311,4,false,true
2617,0,68161,68161,4856856,4865068,4788695,4796907,1312,4,false,true
2618,3,68192,68192,4865068,4874816,4796876,4806624,894,4,false,true
2619,3,68192,68192,4865068,4874816,4796876,4806624,895,4,false,true
2620,3,68192,68192,4874816,4885588,4806624,4817396,896,4,false,true
2621,3,68192,68192,4874816,4885588,4806624,4817396,897,4,false,true
2622,3,68192,68192,4874816,4885588,4806624,4817396,898,4,false,true
2623,3,68192,68192,4874816,4885588,4806624,4817396,899,4,false,true
2624,3,68192,68192,4885588,4894824,4817396,4826632,900,4,false,true
2625,3,68192,68192,4885588,4894824,4817396,4826632,901,4,false,true
2626,0,68224,68224,4894824,4900220,4826600,4831996,1313,4,false,true
2627,0,68224,68224,4894824,4900220,4826600,4831996,1314,4,false,true
2628,0,68224,68224,4894824,4900220,4826600,4831996,1315,4,false,true
2629,0,68224,68224,4894824,4900220,4826600,4831996,1316,4,false,true
2630,3,68224,68224,4885588,4894824,4817364,4826600,902,4,false,true
2631,3,68224,68224,4885588,4894824,4817364,4826600,903,4,false,true
2632,3,68224,68224,4900220,4908432,4831996,4840208,904,4,false,true
2633,3,68224,68224,4900220,4908432,4831996,4840208,905,4,false,true
2634,3,68224,68224,4900220,4908432,4831996,4840208,906,4,false,true
2635,3,68224,68224,4900220,4908432,4831996,4840208,907,4,false,true
2636,3,68224,68224,4908432,4916644,4840208,4848420,908,4,false,true
2637,3,68224,68224,4908432,4916644,4840208,4848420,909,4,false,true
2638,0,68225,68225,4916644,4922040,4848419,4853815,1317,4,false,true
2639,0,68225,68225,4916644,4922040,4848419,4853815,1318,4,false,true
2640,0,68225,68225,4916644,4922040,4848419,4853815,1319,4,false,true
2641,0,68225,68225,4916644,4922040,4848419,4853815,1320,4,false,true
2642,0,68225,68225,4922040,4930252,4853815,4862027,1321,4,false,true
2643,0,68225,68225,4922040,4930252,4853815,4862027,1322,4,false,true
2644,0,68225,68225,4922040,4930252,4853815,4862027,1323,4,false,true
2645,0,68225,68225,4922040,4930252,4853815,4862027,1324,4,false,true
2646,0,68225,68225,4930252,4933088,4862027,4864863,1325,4,false,true
2647,0,68225,68225,4930252,4933088,4862027,4864863,1326,4,false,true
2648,0,68225,68225,4930252,4933088,4862027,4864863,1327,4,false,true
2649,0,68225,68225,4930252,4933088,4862027,4864863,1328,4,false,true
2650,0,68225,68225,4933088,4935924,4864863,4867699,1329,4,false,true
2651,0,68225,68225,4933088,4935924,4864863,4867699,1330,4,false,true
2652,0,68225,68225,4933088,4935924,4864863,4867699,1331,4,false,true
2653,0,68225,68225,4933088,4935924,4864863,4867699,1332,4,false,true
2654,0,68256,68256,4935924,4938760,4867668,4870504,1333,4,false,true
2655,0,68256,68256,4935924,4938760,4867668,4870504,1334,4,false,true
2656,0,68256,68256,4935924,4938760,4867668,4870504,1335,4,false,true
2657,0,68256,68256,4935924,4938760,4867668,4870504,1336,4,false,true
2658,3,68256,68256,4908432,4916644,4840176,4848388,910,4,false,true
2659,3,68256,68256,4908432,4916644,4840176,4848388,911,4,false,true
2660,3,68256,68256,4952368,4960580,4884112,4892324,912,4,false,true
2661,3,68256,68256,4952368,4960580,4884112,4892324,913,4,false,true
2662,3,68256,68256,4952368,4960580,4884112,4892324,914,4,false,true
2663,3,68256,68256,4952368,4960580,4884112,4892324,915,4,false,true
2664,3,68256,68256,4960580,4968792,4892324,4900536,916,4,false,true
2665,3,68256,68256,4960580,4968792,4892324,4900536,917,4,false,true
2666,0,68256,68256,4938760,4946972,4870504,4878716,1337,4,false,true
2667,0,68256,68256,4938760,4946972,4870504,4878716,1338,4,false,true
2668,0,68256,68256,4938760,4946972,4870504,4878716,1339,4,false,true
2669,0,68256,68256,4938760,4946972,4870504,4878716,1340,4,false,true
2670,3,68256,68256,4960580,4968792,4892324,4900536,918,4,false,true
2671,3,68256,68256,4960580,4968792,4892324,4900536,919,4,false,true
2672,3,68256,68256,4968792,4977004,4900536,4908748,920,4,false,true
2673,3,68256,68256,4968792,4977004,4900536,4908748,921,4,false,true
2674,3,68256,68256,4968792,4977004,4900536,4908748,922,4,false,true
2675,3,68256,68256,4968792,4977004,4900536,4908748,923,4,false,true
2676,3,68256,68256,4977004,4985216,4908748,4916960,924,4,false,true
2677,3,68256,68256,4977004,4985216,4908748,4916960,925,4,false,true
2678,3,68256,68256,4977004,4985216,4908748,4916960,926,4,false,true
2679,3,68256,68256,4977004,4985216,4908748,4916960,927,4,false,true
2680,3,68256,68256,4985216,4993428,4916960,4925172,928,4,false,true
2681,3,68256,68256,4985216,4993428,4916960,4925172,929,4,false,true
2682,0,68256,68256,4946972,4952368,4878716,4884112,1341,4,false,true
2683,0,68256,68256,4946972,4952368,4878716,4884112,1342,4,false,true
2684,0,68256,68256,4946972,4952368,4878716,4884112,1343,4,false,true
2685,0,68256,68256,4946972,4952368,4878716,4884112,1344,4,false,true
2686,3,68288,68288,4985216,4993428,4916928,4925140,930,4,false,true
2687,3,68288,68288,4985216,4993428,4916928,4925140,931,4,false,true
2688,3,68288,68288,4993428,5003176,4925140,4934888,932,4,false,true
2689,3,68288,68288,4993428,5003176,4925140,4934888,933,4,false,true
2690,3,68288,68288,4993428,5003176,4925140,4934888,934,4,false,true
2691,3,68288,68288,4993428,5003176,4925140,4934888,935,4,false,true
2692,3,68288,68288,5003176,5012412,4934888,4944124,936,4,false,true
2693,3,68288,68288,5003176,5012412,4934888,4944124,937,4,false,true
2694,3,68288,68288,5003176,5012412,4934888,4944124,938,4,false,true
2695,3,68288,68288,5003176,5012412,4934888,4944124,939,4,false,true
2696,3,68288,68288,5012412,5020624,4944124,4952336,940,4,false,true
2697,3,68288,68288,5012412,5020624,4944124,4952336,941,4,false,true
2698,3,68289,68289,5012412,5020624,4944123,4952335,942,4,false,true
2699,3,68289,68289,5012412,5020624,4944123,4952335,943,4,false,true
2700,3,68289,68289,5023460,5033208,4955171,4964919,944,4,false,true
2701,3,68289,68289,5023460,5033208,4955171,4964919,945,4,false,true
2702,0,68289,68289,5020624,5023460,4952335,4955171,1345,4,false,true
2703,0,68289,68289,5020624,5023460,4952335,4955171,1346,4,false,true
2704,0,68289,68289,5020624,5023460,4952335,4955171,1347,4,false,true
2705,0,68289,68289,5020624,5023460,4952335,4955171,1348,4,false,true
2706,0,68320,68320,5033208,5041420,4964888,4973100,1349,4,false,true
2707,0,68320,68320,5033208,5041420,4964888,4973100,1350,4,false,true
2708,0,68320,68320,5033208,5041420,4964888,4973100,1351,4,false,true
2709,0,68320,68320,5033208,5041420,4964888,4973100,1352,4,false,true
2710,3,68320,68320,5023460,5033208,4955140,4964888,946,4,false,true
2711,3,68320,68320,5023460,5033208,4955140,4964888,947,4,false,true
2712,3,68320,68320,5041420,5052448,4973100,4984128,948,4,false,true
2713,3,68320,68320,5041420,5052448,4973100,4984128,949,4,false,true
2714,0,68321,68321,5052448,5060660,4984127,4992339,1353,4,false,true
2715,0,68321,68321,5052448,5060660,4984127,4992339,1354,4,false,true
2716,0,68321,68321,5052448,5060660,4984127,4992339,1355,4,false,true
2717,0,68321,68321,5052448,5060660,4984127,4992339,1356,4,false,true
2718,0,68321,68321,5060660,5068872,4992339,5000551,1357,4,false,true
2719,0,68321,68321,5060660,5068872,4992339,5000551,1358,4,false,true
2720,0,68321,68321,5060660,5068872,4992339,5000551,1359,4,false,true
2721,0,68321,68321,5060660,5068872,4992339,5000551,1360,4,false,true
2722,3,68321,68321,5041420,5052448,4973099,4984127,950,4,false,true
2723,3,68321,68321,5041420,5052448,4973099,4984127,951,4,false,true
2724,3,68321,68321,5068872,5079644,5000551,5011323,952,4,false,true
2725,3,68321,68321,5068872,5079644,5000551,5011323,953,4,false,true
2726,3,68352,68352,5068872,5079644,5000520,5011292,954,4,false,true
2727,3,68352,68352,5068872,5079644,5000520,5011292,955,4,false,true
2728,3,68352,68352,5079644,5090416,5011292,5022064,956,4,false,true
2729,3,68352,68352,5079644,5090416,5011292,5022064,957,4,false,true
2730,0,68353,68353,5090416,5093252,5022063,5024899,1361,4,false,true
2731,0,68353,68353,5090416,5093252,5022063,5024899,1362,4,false,true
2732,0,68353,68353,5090416,5093252,5022063,5024899,1363,4,false,true
2733,0,68353,68353,5090416,5093252,5022063,5024899,1364,4,false,true
2734,3,68384,68384,5079644,5090416,5011260,5022032,958,4,false,true
2735,3,68384,68384,5079644,5090416,5011260,5022032,959,4,false,true
2736,3,68384,68384,5106840,5113516,5038456,5045132,960,4,false,true
2737,3,68384,68384,5106840,5113516,5038456,5045132,961,4,false,true
2738,3,68384,68384,5106840,5113516,5038456,5045132,962,4,false,true
2739,3,68384,68384,5106840,5113516,5038456,5045132,963,4,false,true
2740,3,68384,68384,5113516,5118912,5045132,5050528,964,4,false,true
2741,3,68384,68384,5113516,5118912,5045132,5050528,965,4,false,true
2742,0,68384,68384,5093252,5106840,5024868,5038456,1365,4,false,true
2743,0,68384,68384,5093252,5106840,5024868,5038456,1366,4,false,true
2744,0,68384,68384,5093252,5106840,5024868,5038456,1367,4,false,true
2745,0,68384,68384,5093252,5106840,5024868,5038456,1368,4,false,true
2746,0,68385,68385,5118912,5121748,5050527,5053363,1369,4,false,true
2747,0,68385,68385,5118912,5121748,5050527,5053363,1370,4,false,true
2748,0,68385,68385,5118912,5121748,5050527,5053363,1371,4,false,true
2749,0,68385,68385,5118912,5121748,5050527,5053363,1372,4,false,true
2750,0,68385,68385,5121748,5127144,5053363,5058759,1373,4,false,true
2751,0,68385,68385,5121748,5127144,5053363,5058759,1374,4,false,true
2752,0,68385,68385,5121748,5127144,5053363,5058759,1375,4,false,true
2753,0,68385,68385,5121748,5127144,5053363,5058759,1376,4,false,true
2754,3,68416,68416,5113516,5118912,5045100,5050496,966,4,false,true
2755,3,68416,68416,5113516,5118912,5045100,5050496,967,4,false,true
2756,3,68416,68416,5137916,5146128,5069500,5077712,968,4,false,true
2757,3,68416,68416,5137916,5146128,5069500,5077712,969,4,false,true
2758,3,68416,68416,5137916,5146128,5069500,5077712,970,4,false,true
2759,3,68416,68416,5137916,5146128,5069500,5077712,971,4,false,true
2760,3,68416,68416,5146128,5154340,5077712,5085924,972,4,false,true
2761,3,68416,68416,5146128,5154340,5077712,5085924,973,4,false,true
2762,3,68416,68416,5146128,5154340,5077712,5085924,974,4,false,true
2763,3,68416,68416,5146128,5154340,5077712,5085924,975,4,false,true
2764,3,68416,68416,5154340,5162552,5085924,5094136,976,4,false,true
2765,3,68416,68416,5154340,5162552,5085924,5094136,977,4,false,true
2766,0,68416,68416,5127144,5137916,5058728,5069500,1377,4,false,true
2767,0,68416,68416,5127144,5137916,5058728,5069500,1378,4,false,true
2768,0,68416,68416,5127144,5137916,5058728,5069500,1379,4,false,true
2769,0,68416,68416,5127144,5137916,5058728,5069500,1380,4,false,true
2770,0,68417,68417,5162552,5165388,5094135,5096971,1381,4,false,true
2771,0,68417,68417,5162552,5165388,5094135,5096971,1382,4,false,true
2772,0,68417,68417,5162552,5165388,5094135,5096971,1383,4,false,true
2773,0,68417,68417,5162552,5165388,5094135,5096971,1384,4,false,true
2774,3,68448,68448,5154340,5162552,5085892,5094104,978,4,false,true
2775,3,68448,68448,5154340,5162552,5085892,5094104,979,4,false,true
2776,3,68448,68448,5176436,5186184,5107988,5117736,980,4,false,true
2777,3,68448,68448,5176436,5186184,5107988,5117736,981,4,false,true
2778,3,68448,68448,5176436,5186184,5107988,5117736,982,4,false,true
2779,3,68448,68448,5176436,5186184,5107988,5117736,983,4,false,true
2780,3,68448,68448,5186184,5195420,5117736,5126972,984,4,false,true
2781,3,68448,68448,5186184,5195420,5117736,5126972,985,4,false,true
2782,0,68448,68448,5165388,5168224,5096940,5099776,1385,4,false,true
2783,0,68448,68448,5165388,5168224,5096940,5099776,1386,4,false,true
2784,0,68448,68448,5165388,5168224,5096940,5099776,1387,4,false,true
2785,0,68448,68448,5165388,5168224,5096940,5099776,1388,4,false,true
2786,0,68448,68448,5168224,5176436,5099776,5107988,1389,4,false,true
2787,0,68448,68448,5168224,5176436,5099776,5107988,1390,4,false,true
2788,0,68448,68448,5168224,5176436,5099776,5107988,1391,4,false,true
2789,0,68448,68448,5168224,5176436,5099776,5107988,1392,4,false,true
2790,3,68448,68448,5186184,5195420,5117736,5126972,986,4,false,true
2791,3,68448,68448,5186184,5195420,5117736,5126972,987,4,false,true
2792,3,68448,68448,5195420,5203632,5126972,5135184,988,4,false,true
2793,3,68448,68448,5195420,5203632,5126972,5135184,989,4,false,true
2794,0,68449,68449,5203632,5214404,5135183,5145955,1393,4,false,true
2795,0,68449,68449,5203632,5214404,5135183,5145955,1394,4,false,true
2796,0,68449,68449,5203632,5214404,5135183,5145955,1395,4,false,true
2797,0,68449,68449,5203632,5214404,5135183,5145955,1396,4,false,true
2798,0,68449,68449,5214404,5217240,5145955,5148791,1397,4,false,true
2799,0,68449,68449,5214404,5217240,5145955,5148791,1398,4,false,true
2800,0,68449,68449,5214404,5217240,5145955,5148791,1399,4,false,true
2801,0,68449,68449,5214404,5217240,5145955,5148791,1400,4,false,true
2802,3,68449,68449,5195420,5203632,5126971,5135183,990,4,false,true
2803,3,68449,68449,5195420,5203632,5126971,5135183,991,4,false,true
2804,3,68449,68449,5217240,5226988,5148791,5158539,992,4,false,true
2805,3,68449,68449,5217240,5226988,5148791,5158539,993,4,false,true
2806,3,68480,68480,5217240,5226988,5148760,5158508,994,4,false,true
2807,3,68480,68480,5217240,5226988,5148760,5158508,995,4,false,true
2808,3,68480,68480,5232384,5243156,5163904,5174676,996,4,false,true
2809,3,68480,68480,5232384,5243156,5163904,5174676,997,4,false,true
2810,0,68480,68480,5226988,5232384,5158508,5163904,1401,4,false,true
2811,0,68480,68480,5226988,5232384,5158508,5163904,1402,4,false,true
2812,0,68480,68480,5226988,5232384,5158508,5163904,1403,4,false,true
2813,0,68480,68480,5226988,5232384,5158508,5163904,1404,4,false,true
2814,3,68480,68480,5232384,5243156,5163904,5174676,998,4,false,true
2815,3,68480,68480,5232384,5243156,5163904,5174676,999,4,false,true
2816,3,68480,68480,5243156,5252392,5174676,5183912,1000,4,false,true
2817,3,68480,68480,5243156,5252392,5174676,5183912,1001,4,false,true
2818,3,68481,68481,5243156,5252392,5174675,5183911,1002,4,false,true
2819,3,68481,68481,5243156,5252392,5174675,5183911,1003,4,false,true
2820,3,68481,68481,5252392,5262140,5183911,5193659,1004,4,false,true
2821,3,68481,68481,5252392,5262140,5183911,5193659,1005,4,false,true
2822,0,68512,68512,5262140,5270352,5193628,5201840,1405,4,false,true
2823,0,68512,68512,5262140,5270352,5193628,5201840,1406,4,false,true
2824,0,68512,68512,5262140,5270352,5193628,5201840,1407,4,false,true
2825,0,68512,68512,5262140,5270352,5193628,5201840,1408,4,false,true
2826,0,68512,68512,5270352,5273188,5201840,5204676,1409,4,false,true
2827,0,68512,68512,5270352,5273188,5201840,5204676,1410,4,false,true
2828,0,68512,68512,5270352,5273188,5201840,5204676,1411,4,false,true
2829,0,68512,68512,5270352,5273188,5201840,5204676,1412,4,false,true
2830,0,68512,68512,5273188,5278584,5204676,5210072,1413,4,false,true
2831,0,68512,68512,5273188,5278584,5204676,5210072,1414,4,false,true
2832,0,68512,68512,5273188,5278584,5204676,5210072,1415,4,false,true
2833,0,68512,68512,5273188,5278584,5204676,5210072,1416,4,false,true
2834,3,68512,68512,5252392,5262140,5183880,5193628,1006,4,false,true
2835,3,68512,68512,5252392,5262140,5183880,5193628,1007,4,false,true
2836,3,68512,68512,5295028,5304520,5226516,5236008,1008,4,false,true
2837,3,68512,68512,5295028,5304520,5226516,5236008,1009,4,false,true
2838,0,68512,68512,5278584,5286796,5210072,5218284,1417,4,false,true
2839,0,68512,68512,5278584,5286796,5210072,5218284,1418,4,false,true
2840,0,68512,68512,5278584,5286796,5210072,5218284,1419,4,false,true
2841,0,68512,68512,5278584,5286796,5210072,5218284,1420,4,false,true
2842,3,68512,68512,5295028,5304520,5226516,5236008,1010,4,false,true
2843,3,68512,68512,5295028,5304520,5226516,5236008,1011,4,false,true
2844,3,68512,68512,5304520,5314268,5236008,5245756,1012,4,false,true
2845,3,68512,68512,5304520,5314268,5236008,5245756,1013,4,false,true
2846,0,68512,68512,5286796,5292192,5218284,5223680,1421,4,false,true
2847,0,68512,68512,5286796,5292192,5218284,5223680,1422,4,false,true
2848,0,68512,68512,5286796,5292192,5218284,5223680,1423,4,false,true
2849,0,68512,68512,5286796,5292192,5218284,5223680,1424,4,false,true
2850,0,68512,68512,5292192,5295028,5223680,5226516,1425,4,false,true
2851,0,68512,68512,5292192,5295028,5223680,5226516,1426,4,false,true
2852,0,68512,68512,5292192,5295028,5223680,5226516,1427,4,false,true
2853,0,68512,68512,5292192,5295028,5223680,5226516,1428,4,false,true
2854,3,68513,68513,5304520,5314268,5236007,5245755,1014,4,false,true
2855,3,68513,68513,5304520,5314268,5236007,5245755,1015,4,false,true
2856,3,68513,68513,5314268,5323504,5245755,5254991,1016,4,false,true
2857,3,68513,68513,5314268,5323504,5245755,5254991,1017,4,false,true
2858,3,68513,68513,5314268,5323504,5245755,5254991,1018,4,false,true
2859,3,68513,68513,5314268,5323504,5245755,5254991,1019,4,false,true
2860,3,68513,68513,5323504,5331716,5254991,5263203,1020,4,false,true
2861,3,68513,68513,5323504,5331716,5254991,5263203,1021,4,false,true
2862,3,68544,68544,5323504,5331716,5254960,5263172,1022,4,false,true
2863,3,68544,68544,5323504,5331716,5254960,5263172,1023,4,false,true
2864,3,68544,68544,5352236,5360448,5283692,5291904,1024,4,false,true
2865,3,68544,68544,5352236,5360448,5283692,5291904,1025,4,false,true
2866,3,68544,68544,5352236,5360448,5283692,5291904,1026,4,false,true
2867,3,68544,68544,5352236,5360448,5283692,5291904,1027,4,false,true
2868,3,68544,68544,5360448,5368660,5291904,5300116,1028,4,false,true
2869,3,68544,68544,5360448,5368660,5291904,5300116,1029,4,false,true
2870,1,68544,68544,4366516,4371400,4297972,4302856,187,4,false,true
2871,1,68544,68544,5344536,5352236,5275992,5283692,188,4,false,true
2872,1,68544,68544,5344536,5352236,5275992,5283692,189,4,false,true
2873,1,68544,68544,5344536,5352236,5275992,5283692,190,4,false,true
2874,3,68544,68544,5360448,5368660,5291904,5300116,1030,4,false,true
2875,3,68544,68544,5360448,5368660,5291904,5300116,1031,4,false,true
2876,3,68544,68544,5368660,5376872,5300116,5308328,1032,4,false,true
2877,3,68544,68544,5368660,5376872,5300116,5308328,1033,4,false,true
2878,0,68544,68544,5331716,5344536,5263172,5275992,1429,4,false,true
2879,0,68544,68544,5331716,5344536,5263172,5275992,1430,4,false,true
2880,0,68544,68544,5331716,5344536,5263172,5275992,1431,4,false,true
2881,0,68544,68544,5331716,5344536,5263172,5275992,1432,4,false,true
2882,0,68545,68545,5376872,5387644,5308327,5319099,1433,4,false,true
2883,0,68545,68545,5376872,5387644,5308327,5319099,1434,4,false,true
2884,0,68545,68545,5376872,5387644,5308327,5319099,1435,4,false,true
2885,0,68545,68545,5376872,5387644,5308327,5319099,1436,4,false,true
2886,0,68545,68545,5387644,5398416,5319099,5329871,1437,4,false,true
2887,0,68545,68545,5387644,5398416,5319099,5329871,1438,4,false,true
2888,0,68545,68545,5387644,5398416,5319099,5329871,1439,4,false,true
2889,0,68545,68545,5387644,5398416,5319099,5329871,1440,4,false,true
2890,3,68545,68545,5368660,5376872,5300115,5308327,1034,4,false,true
2891,3,68545,68545,5368660,5376872,5300115,5308327,1035,4,false,true
2892,3,68545,68545,5398416,5408164,5329871,5339619,1036,4,false,true
2893,3,68545,68545,5398416,5408164,5329871,5339619,1037,4,false,true
2894,3,68576,68576,5398416,5408164,5329840,5339588,1038,4,false,true
2895,3,68576,68576,5398416,5408164,5329840,5339588,1039,4,false,true
2896,3,68576,68576,5413560,5424332,5344984,5355756,1040,4,false,true
2897,3,68576,68576,5413560,5424332,5344984,5355756,1041,4,false,true
2898,3,68576,68576,5413560,5424332,5344984,5355756,1042,4,false,true
2899,3,68576,68576,5413560,5424332,5344984,5355756,1043,4,false,true
2900,3,68576,68576,5424332,5435360,5355756,5366784,1044,4,false,true
2901,3,68576,68576,5424332,5435360,5355756,5366784,1045,4,false,true
2902,0,68576,68576,5408164,5413560,5339588,5344984,1441,4,false,true
2903,0,68576,68576,5408164,5413560,5339588,5344984,1442,4,false,true
2904,0,68576,68576,5408164,5413560,5339588,5344984,1443,4,false,true
2905,0,68576,68576,5408164,5413560,5339588,5344984,1444,4,false,true
2906,3,68608,68608,5424332,5435360,5355724,5366752,1046,4,false,true
2907,3,68608,68608,5424332,5435360,5355724,5366752,1047,4,false,true
2908,3,68608,68608,5443572,5453064,5374964,5384456,1048,4,false,true
2909,3,68608,68608,5443572,5453064,5374964,5384456,1049,4,false,true
2910,3,68608,68608,5443572,5453064,5374964,5384456,1050,4,false,true
2911,3,68608,68608,5443572,5453064,5374964,5384456,1051,4,false,true
2912,3,68608,68608,5453064,5462812,5384456,5394204,1052,4,false,true
2913,3,68608,68608,5453064,5462812,5384456,5394204,1053,4,false,true
2914,3,68608,68608,5453064,5462812,5384456,5394204,1054,4,false,true
2915,3,68608,68608,5453064,5462812,5384456,5394204,1055,4,false,true
2916,3,68608,68608,5462812,5474864,5394204,5406256,1056,4,false,true
2917,3,68608,68608,5462812,5474864,5394204,5406256,1057,4,false,true
2918,3,68608,68608,5462812,5474864,5394204,5406256,1058,4,false,true
2919,3,68608,68608,5462812,5474864,5394204,5406256,1059,4,false,true
2920,3,68608,68608,5474864,5485636,5406256,5417028,1060,4,false,true
2921,3,68608,68608,5474864,5485636,5406256,5417028,1061,4,false,true
2922,0,68608,68608,5435360,5443572,5366752,5374964,1445,4,false,true
2923,0,68608,68608,5435360,5443572,5366752,5374964,1446,4,false,true
2924,0,68608,68608,5435360,5443572,5366752,5374964,1447,4,false,true
2925,0,68608,68608,5435360,5443572,5366752,5374964,1448,4,false,true
2926,0,68609,68609,5485636,5488472,5417027,5419863,1449,4,false,true
2927,0,68609,68609,5485636,5488472,5417027,5419863,1450,4,false,true
2928,0,68609,68609,5485636,5488472,5417027,5419863,1451,4,false,true
2929,0,68609,68609,5485636,5488472,5417027,5419863,1452,4,false,true
2930,3,68609,68609,5474864,5485636,5406255,5417027,1062,4,false,true
2931,3,68609,68609,5474864,5485636,5406255,5417027,1063,4,false,true
2932,3,68609,68609,5488472,5496684,5419863,5428075,1064,4,false,true
2933,3,68609,68609,5488472,5496684,5419863,5428075,1065,4,false,true
2934,3,68640,68640,5488472,5496684,5419832,5428044,1066,4,false,true
2935,3,68640,68640,5488472,5496684,5419832,5428044,1067,4,false,true
2936,3,68640,68640,5509800,5518012,5441160,5449372,1068,4,false,true
2937,3,68640,68640,5509800,5518012,5441160,5449372,1069,4,false,true
2938,0,68640,68640,5496684,5499520,5428044,5430880,1453,4,false,true
2939,0,68640,68640,5496684,5499520,5428044,5430880,1454,4,false,true
2940,0,68640,68640,5496684,5499520,5428044,5430880,1455,4,false,true
2941,0,68640,68640,5496684,5499520,5428044,5430880,1456,4,false,true
2942,3,68640,68640,5509800,5518012,5441160,5449372,1070,4,false,true
2943,3,68640,68640,5509800,5518012,5441160,5449372,1071,4,false,true
2944,3,68640,68640,5518012,5526224,5449372,5457584,1072,4,false,true
2945,3,68640,68640,5518012,5526224,5449372,5457584,1073,4,false,true
2946,3,68640,68640,5518012,5526224,5449372,5457584,1074,4,false,true
2947,3,68640,68640,5518012,5526224,5449372,5457584,1075,4,false,true
2948,3,68640,68640,5526224,5534436,5457584,5465796,1076,4,false,true
2949,3,68640,68640,5526224,5534436,5457584,5465796,1077,4,false,true
2950,0,68640,68640,5499520,5502356,5430880,5433716,1457,4,false,true
2951,0,68640,68640,5499520,5502356,5430880,5433716,1458,4,false,true
2952,0,68640,68640,5499520,5502356,5430880,5433716,1459,4,false,true
2953,0,68640,68640,5499520,5502356,5430880,5433716,1460,4,false,true
2954,0,68640,68640,5502356,5509800,5433716,5441160,1461,4,false,true
2955,0,68640,68640,5502356,5509800,5433716,5441160,1462,4,false,true
2956,0,68640,68640,5502356,5509800,5433716,5441160,1463,4,false,true
2957,0,68640,68640,5502356,5509800,5433716,5441160,1464,4,false,true
2958,3,68672,68672,5526224,5534436,5457552,5465764,1078,4,false,true
2959,3,68672,68672,5526224,5534436,5457552,5465764,1079,4,false,true
2960,3,68672,68672,5548064,5556276,5479392,5487604,1080,4,false,true
2961,3,68672,68672,5548064,5556276,5479392,5487604,1081,4,false,true
2962,0,68672,68672,5534436,5539832,5465764,5471160,1465,4,false,true
2963,0,68672,68672,5534436,5539832,5465764,5471160,1466,4,false,true
2964,0,68672,68672,5534436,5539832,5465764,5471160,1467,4,false,true
2965,0,68672,68672,5534436,5539832,5465764,5471160,1468,4,false,true
2966,0,68672,68672,5539832,5545228,5471160,5476556,1469,4,false,true
2967,0,68672,68672,5539832,5545228,5471160,5476556,1470,4,false,true
2968,0,68672,68672,5539832,5545228,5471160,5476556,1471,4,false,true
2969,0,68672,68672,5539832,5545228,5471160,5476556,1472,4,false,true
2970,3,68672,68672,5548064,5556276,5479392,5487604,1082,4,false,true
2971,3,68672,68672,5548064,5556276,5479392,5487604,1083,4,false,true
2972,3,68672,68672,5556276,5566024,5487604,5497352,1084,4,false,true
2973,3,68672,68672,5556276,5566024,5487604,5497352,1085,4,false,true
2974,3,68672,68672,5556276,5566024,5487604,5497352,1086,4,false,true
2975,3,68672,68672,5556276,5566024,5487604,5497352,1087,4,false,true
2976,3,68672,68672,5566024,5573980,5497352,5505308,1088,4,false,true
2977,3,68672,68672,5566024,5573980,5497352,5505308,1089,4,false,true
2978,3,68672,68672,5566024,5573980,5497352,5505308,1090,4,false,true
2979,3,68672,68672,5566024,5573980,5497352,5505308,1091,4,false,true
2980,3,68672,68672,5573980,5581936,5505308,5513264,1092,4,false,true
2981,3,68672,68672,5573980,5581936,5505308,5513264,1093,4,false,true
2982,3,68672,68672,5573980,5581936,5505308,5513264,1094,4,false,true
2983,3,68672,68672,5573980,5581936,5505308,5513264,1095,4,false,true
2984,3,68672,68672,5581936,5591172,5513264,5522500,1096,4,false,true
2985,3,68672,68672,5581936,5591172,5513264,5522500,1097,4,false,true
2986,0,68672,68672,5545228,5548064,5476556,5479392,1473,4,false,true
2987,0,68672,68672,5545228,5548064,5476556,5479392,1474,4,false,true
2988,0,68672,68672,5545228,5548064,5476556,5479392,1475,4,false,true
2989,0,68672,68672,5545228,5548064,5476556,5479392,1476,4,false,true
2990,0,68673,68673,5591172,5599384,5522499,5530711,1477,4,false,true
2991,0,68673,68673,5591172,5599384,5522499,5530711,1478,4,false,true
2992,0,68673,68673,5591172,5599384,5522499,5530711,1479,4,false,true
2993,0,68673,68673,5591172,5599384,5522499,5530711,1480,4,false,true
2994,0,68673,68673,5599384,5602220,5530711,5533547,1481,4,false,true
2995,0,68673,68673,5599384,5602220,5530711,5533547,1482,4,false,true
2996,0,68673,68673,5599384,5602220,5530711,5533547,1483,4,false,true
2997,0,68673,68673,5599384,5602220,5530711,5533547,1484,4,false,true
2998,3,68704,68704,5581936,5591172,5513232,5522468,1098,4,false,true
2999,3,68704,68704,5581936,5591172,5513232,5522468,1099,4,false,true
3000,3,68704,68704,5602220,5617088,5533516,5548384,1100,4,false,true
3001,3,68704,68704,5602220,5617088,5533516,5548384,1101,4,false,true
3002,3,68704,68704,5602220,5617088,5533516,5548384,1102,4,false,true
3003,3,68704,68704,5602220,5617088,5533516,5548384,1103,4,false,true
3004,3,68704,68704,5617088,5631956,5548384,5563252,1104,4,false,true
3005,3,68704,68704,5617088,5631956,5548384,5563252,1105,4,false,true
3006,3,68704,68704,5617088,5631956,5548384,5563252,1106,4,false,true
3007,3,68704,68704,5617088,5631956,5548384,5563252,1107,4,false,true
3008,3,68704,68704,5631956,5641704,5563252,5573000,1108,4,false,true
3009,3,68704,68704,5631956,5641704,5563252,5573000,1109,4,false,true
3010,0,68705,68705,5641704,5644540,5572999,5575835,1485,4,false,true
3011,0,68705,68705,5641704,5644540,5572999,5575835,1486,4,false,true
3012,0,68705,68705,5641704,5644540,5572999,5575835,1487,4,false,true
3013,0,68705,68705,5641704,5644540,5572999,5575835,1488,4,false,true
3014,3,68736,68736,5631956,5641704,5563220,5572968,1110,4,false,true
3015,3,68736,68736,5631956,5641704,5563220,5572968,1111,4,false,true
3016,3,68736,68736,5647376,5656868,5578640,5588132,1112,4,false,true
3017,3,68736,68736,5647376,5656868,5578640,5588132,1113,4,false,true
3018,3,68736,68736,5647376,5656868,5578640,5588132,1114,4,false,true
3019,3,68736,68736,5647376,5656868,5578640,5588132,1115,4,false,true
3020,3,68736,68736,5656868,5665080,5588132,5596344,1116,4,false,true
3021,3,68736,68736,5656868,5665080,5588132,5596344,1117,4,false,true
3022,3,68736,68736,5656868,5665080,5588132,5596344,1118,4,false,true
3023,3,68736,68736,5656868,5665080,5588132,5596344,1119,4,false,true
3024,3,68736,68736,5665080,5674828,5596344,5606092,1120,4,false,true
3025,3,68736,68736,5665080,5674828,5596344,5606092,1121,4,false,true
3026,3,68736,68736,5665080,5674828,5596344,5606092,1122,4,false,true
3027,3,68736,68736,5665080,5674828,5596344,5606092,1123,4,false,true
3028,3,68736,68736,5674828,5685600,5606092,5616864,1124,4,false,true
3029,3,68736,68736,5674828,5685600,5606092,5616864,1125,4,false,true
3030,3,68736,68736,5674828,5685600,5606092,5616864,1126,4,false,true
3031,3,68736,68736,5674828,5685600,5606092,5616864,1127,4,false,true
3032,3,68736,68736,5685600,5694836,5616864,5626100,1128,4,false,true
3033,3,68736,68736,5685600,5694836,5616864,5626100,1129,4,false,true
3034,0,68736,68736,5644540,5647376,5575804,5578640,1489,4,false,true
3035,0,68736,68736,5644540,5647376,5575804,5578640,1490,4,false,true
3036,0,68736,68736,5644540,5647376,5575804,5578640,1491,4,false,true
3037,0,68736,68736,5644540,5647376,5575804,5578640,1492,4,false,true
3038,3,68737,68737,5685600,5694836,5616863,5626099,1130,4,false,true
3039,3,68737,68737,5685600,5694836,5616863,5626099,1131,4,false,true
3040,3,68737,68737,5694836,5703048,5626099,5634311,1132,4,false,true
3041,3,68737,68737,5694836,5703048,5626099,5634311,1133,4,false,true
3042,0,68768,68768,5703048,5711260,5634280,5642492,1493,4,false,true
3043,0,68768,68768,5703048,5711260,5634280,5642492,1494,4,false,true
3044,0,68768,68768,5703048,5711260,5634280,5642492,1495,4,false,true
3045,0,68768,68768,5703048,5711260,5634280,5642492,1496,4,false,true
3046,3,68768,68768,5694836,5703048,5626068,5634280,1134,4,false,true
3047,3,68768,68768,5694836,5703048,5626068,5634280,1135,4,false,true
3048,3,68768,68768,5717680,5725892,5648912,5657124,1136,4,false,true
3049,3,68768,68768,5717680,5725892,5648912,5657124,1137,4,false,true
3050,3,68768,68768,5717680,5725892,5648912,5657124,1138,4,false,true
3051,3,68768,68768,5717680,5725892,5648912,5657124,1139,4,false,true
3052,3,68768,68768,5725892,5733592,5657124,5664824,1140,4,false,true
3053,3,68768,68768,5725892,5733592,5657124,5664824,1141,4,false,true
3054,2,68768,68768,5711260,5717680,5642492,5648912,204,4,false,true
3055,0,68769,68769,5733592,5738988,5664823,5670219,1497,4,false,true
3056,0,68769,68769,5733592,5738988,5664823,5670219,1498,4,false,true
3057,0,68769,68769,5733592,5738988,5664823,5670219,1499,4,false,true
3058,0,68769,68769,5733592,5738988,5664823,5670219,1500,4,false,true
3059,3,68800,68800,5725892,5733592,5657092,5664792,1142,4,false,true
3060,3,68800,68800,5725892,5733592,5657092,5664792,1143,4,false,true
3061,3,68800,68800,5749760,5759508,5680960,5690708,1144,4,false,true
3062,3,68800,68800,5749760,5759508,5680960,5690708,1145,4,false,true
3063,0,68800,68800,5738988,5749760,5670188,5680960,1501,4,false,true
3064,0,68800,68800,5738988,5749760,5670188,5680960,1502,4,false,true
3065,0,68800,68800,5738988,5749760,5670188,5680960,1503,4,false,true
3066,0,68800,68800,5738988,5749760,5670188,5680960,1504,4,false,true
3067,3,68800,68800,5749760,5759508,5680960,5690708,1146,4,false,true
3068,3,68800,68800,5749760,5759508,5680960,5690708,1147,4,false,true
3069,3,68800,68800,5759508,5768744,5690708,5699944,1148,4,false,true
3070,3,68800,68800,5759508,5768744,5690708,5699944,1149,4,false,true
3071,3,68832,68832,5759508,5768744,5690676,5699912,1150,4,false,true
3072,3,68832,68832,5759508,5768744,5690676,5699912,1151,4,false,true
3073,3,68832,68832,5776976,5785188,5708144,5716356,1152,4,false,true
3074,3,68832,68832,5776976,5785188,5708144,5716356,1153,4,false,true
3075,3,68832,68832,5776976,5785188,5708144,5716356,1154,4,false,true
3076,3,68832,68832,5776976,5785188,5708144,5716356,1155,4,false,true
3077,3,68832,68832,5785188,5793400,5716356,5724568,1156,4,false,true
3078,3,68832,68832,5785188,5793400,5716356,5724568,1157,4,false,true
3079,0,68832,68832,5768744,5771580,5699912,5702748,1505,4,false,true
3080,0,68832,68832,5768744,5771580,5699912,5702748,1506,4,false,true
3081,0,68832,68832,5768744,5771580,5699912,5702748,1507,4,false,true
3082,0,68832,68832,5768744,5771580,5699912,5702748,1508,4,false,true
3083,0,68832,68832,5771580,5776976,5702748,5708144,1509,4,false,true
3084,0,68832,68832,5771580,5776976,5702748,5708144,1510,4,false,true
3085,0,68832,68832,5771580,5776976,5702748,5708144,1511,4,false,true
3086,0,68832,68832,5771580,5776976,5702748,5708144,1512,4,false,true
3087,0,68833,68833,5793400,5796236,5724567,5727403,1513,4,false,true
3088,0,68833,68833,5793400,5796236,5724567,5727403,1514,4,false,true
3089,0,68833,68833,5793400,5796236,5724567,5727403,1515,4,false,true
3090,0,68833,68833,5793400,5796236,5724567,5727403,1516,4,false,true
3091,0,68833,68833,5796236,5804448,5727403,5735615,1517,4,false,true
3092,0,68833,68833,5796236,5804448,5727403,5735615,1518,4,false,true
3093,0,68833,68833,5796236,5804448,5727403,5735615,1519,4,false,true
3094,0,68833,68833,5796236,5804448,5727403,5735615,1520,4,false,true
3095,0,68864,68864,5804448,5809844,5735584,5740980,1521,4,false,true
3096,0,68864,68864,5804448,5809844,5735584,5740980,1522,4,false,true
3097,0,68864,68864,5804448,5809844,5735584,5740980,1523,4,false,true
3098,0,68864,68864,5804448,5809844,5735584,5740980,1524,4,false,true
3099,2,68864,68864,5711260,5717680,5642396,5648816,205,4,false,true
3100,2,68864,68864,5711260,5717680,5642396,5648816,206,4,false,true
3101,2,68864,68864,5711260,5717680,5642396,5648816,207,4,false,true
3102,2,68864,68864,5809844,5815240,5740980,5746376,208,4,false,true
3103,3,68864,68864,5785188,5793400,5716324,5724536,1158,4,false,true
3104,3,68864,68864,5785188,5793400,5716324,5724536,1159,4,false,true
3105,3,68864,68864,5815240,5822172,5746376,5753308,1160,4,false,true
3106,3,68864,68864,5815240,5822172,5746376,5753308,1161,4,false,true
3107,0,68896,68896,5822172,5827568,5753276,5758672,1525,4,false,true
3108,0,68896,68896,5822172,5827568,5753276,5758672,1526,4,false,true
3109,0,68896,68896,5822172,5827568,5753276,5758672,1527,4,false,true
3110,0,68896,68896,5822172,5827568,5753276,5758672,1528,4,false,true
3111,2,68896,68896,5809844,5815240,5740948,5746344,209,4,false,true
3112,2,68896,68896,5809844,5815240,5740948,5746344,210,4,false,true
3113,3,68896,68896,5815240,5822172,5746344,5753276,1162,4,false,true
3114,3,68896,68896,5815240,5822172,5746344,5753276,1163,4,false,true
3115,3,68896,68896,5827568,5835780,5758672,5766884,1164,4,false,true
3116,3,68896,68896,5827568,5835780,5758672,5766884,1165,4,false,true
3117,3,68928,68928,5827568,5835780,5758640,5766852,1166,4,false,true
3118,3,68928,68928,5827568,5835780,5758640,5766852,1167,4,false,true
3119,3,68928,68928,5843992,5853228,5775064,5784300,1168,4,false,true
3120,3,68928,68928,5843992,5853228,5775064,5784300,1169,4,false,true
3121,0,68928,68928,5835780,5843992,5766852,5775064,1529,4,false,true
3122,0,68928,68928,5835780,5843992,5766852,5775064,1530,4,false,true
3123,0,68928,68928,5835780,5843992,5766852,5775064,1531,4,false,true
3124,0,68928,68928,5835780,5843992,5766852,5775064,1532,4,false,true
3125,3,68928,68928,5843992,5853228,5775064,5784300,1170,4,false,true
3126,3,68928,68928,5843992,5853228,5775064,5784300,1171,4,false,true
3127,3,68928,68928,5853228,5859904,5784300,5790976,1172,4,false,true
3128,3,68928,68928,5853228,5859904,5784300,5790976,1173,4,false,true
3129,3,68928,68928,5853228,5859904,5784300,5790976,1174,4,false,true
3130,3,68928,68928,5853228,5859904,5784300,5790976,1175,4,false,true
3131,3,68928,68928,5859904,5866324,5790976,5797396,1176,4,false,true
3132,3,68928,68928,5859904,5866324,5790976,5797396,1177,4,false,true
3133,3,68928,68928,5859904,5866324,5790976,5797396,1178,4,false,true
3134,3,68928,68928,5859904,5866324,5790976,5797396,1179,4,false,true
3135,3,68928,68928,5866324,5874536,5797396,5805608,1180,4,false,true
3136,3,68928,68928,5866324,5874536,5797396,5805608,1181,4,false,true
3137,3,68960,68960,5866324,5874536,5797364,5805576,1182,4,false,true
3138,3,68960,68960,5866324,5874536,5797364,5805576,1183,4,false,true
3139,3,68960,68960,5879932,5888144,5810972,5819184,1184,4,false,true
3140,3,68960,68960,5879932,5888144,5810972,5819184,1185,4,false,true
3141,3,68960,68960,5879932,5888144,5810972,5819184,1186,4,false,true
3142,3,68960,68960,5879932,5888144,5810972,5819184,1187,4,false,true
3143,3,68960,68960,5888144,5896356,5819184,5827396,1188,4,false,true
3144,3,68960,68960,5888144,5896356,5819184,5827396,1189,4,false,true
3145,0,68960,68960,5874536,5879932,5805576,5810972,1533,4,false,true
3146,0,68960,68960,5874536,5879932,5805576,5810972,1534,4,false,true
3147,0,68960,68960,5874536,5879932,5805576,5810972,1535,4,false,true
3148,0,68960,68960,5874536,5879932,5805576,5810972,1536,4,false,true
3149,3,68960,68960,5888144,5896356,5819184,5827396,1190,4,false,true
3150,3,68960,68960,5888144,5896356,5819184,5827396,1191,4,false,true
3151,3,68960,68960,5896356,5906104,5827396,5837144,1192,4,false,true
3152,3,68960,68960,5896356,5906104,5827396,5837144,1193,4,false,true
3153,3,68961,68961,5896356,5906104,5827395,5837143,1194,4,false,true
3154,3,68961,68961,5896356,5906104,5827395,5837143,1195,4,false,true
3155,3,68961,68961,5906104,5917132,5837143,5848171,1196,4,false,true
3156,3,68961,68961,5906104,5917132,5837143,5848171,1197,4,false,true
3157,3,68961,68961,5906104,5917132,5837143,5848171,1198,4,false,true
3158,3,68961,68961,5906104,5917132,5837143,5848171,1199,4,false,true
3159,3,68961,68961,5917132,5926368,5848171,5857407,1200,4,false,true
3160,3,68961,68961,5917132,5926368,5848171,5857407,1201,4,false,true
3161,3,68992,68992,5917132,5926368,5848140,5857376,1202,4,false,true
3162,3,68992,68992,5917132,5926368,5848140,5857376,1203,4,false,true
3163,3,68992,68992,5937672,5945884,5868680,5876892,1204,4,false,true
3164,3,68992,68992,5937672,5945884,5868680,5876892,1205,4,false,true
3165,3,68992,68992,5937672,5945884,5868680,5876892,1206,4,false,true
3166,3,68992,68992,5937672,5945884,5868680,5876892,1207,4,false,true
3167,3,68992,68992,5945884,5954096,5876892,5885104,1208,4,false,true
3168,3,68992,68992,5945884,5954096,5876892,5885104,1209,4,false,true
3169,3,68992,68992,5945884,5954096,5876892,5885104,1210,4,false,true
3170,3,68992,68992,5945884,5954096,5876892,5885104,1211,4,false,true
3171,3,68992,68992,5954096,5962308,5885104,5893316,1212,4,false,true
3172,3,68992,68992,5954096,5962308,5885104,5893316,1213,4,false,true
3173,0,68992,68992,5926368,5931764,5857376,5862772,1537,4,false,true
3174,0,68992,68992,5926368,5931764,5857376,5862772,1538,4,false,true
3175,0,68992,68992,5926368,5931764,5857376,5862772,1539,4,false,true
3176,0,68992,68992,5926368,5931764,5857376,5862772,1540,4,false,true
3177,1,68992,68992,5344536,5352236,5275544,5283244,191,4,false,true
3178,1,68992,68992,5931764,5937672,5862772,5868680,192,4,false,true
3179,1,68992,68992,5931764,5937672,5862772,5868680,193,4,false,true
3180,1,68992,68992,5931764,5937672,5862772,5868680,194,4,false,true
3181,3,68992,68992,5954096,5962308,5885104,5893316,1214,4,false,true
3182,3,68992,68992,5954096,5962308,5885104,5893316,1215,4,false,true
3183,3,68992,68992,5962308,5970520,5893316,5901528,1216,4,false,true
3184,3,68992,68992,5962308,5970520,5893316,5901528,1217,4,false,true
3185,3,68992,68992,5962308,5970520,5893316,5901528,1218,4,false,true
3186,3,68992,68992,5962308,5970520,5893316,5901528,1219,4,false,true
3187,3,68992,68992,5970520,5980268,5901528,5911276,1220,4,false,true
3188,3,68992,68992,5970520,5980268,5901528,5911276,1221,4,false,true
3189,0,68993,68993,5980268,5983104,5911275,5914111,1541,4,false,true
3190,0,68993,68993,5980268,5983104,5911275,5914111,1542,4,false,true
3191,0,68993,68993,5980268,5983104,5911275,5914111,1543,4,false,true
3192,0,68993,68993,5980268,5983104,5911275,5914111,1544,4,false,true
3193,0,68993,68993,5983104,5999252,5914111,5930259,1545,4,false,true
3194,0,68993,68993,5983104,5999252,5914111,5930259,1546,4,false,true
3195,0,68993,68993,5983104,5999252,5914111,5930259,1547,4,false,true
3196,0,68993,68993,5983104,5999252,5914111,5930259,1548,4,false,true
3197,3,69024,69024,5970520,5980268,5901496,5911244,1222,4,false,true
3198,3,69024,69024,5970520,5980268,5901496,5911244,1223,4,false,true
3199,3,69024,69024,6007464,6016700,5938440,5947676,1224,4,false,true
3200,3,69024,69024,6007464,6016700,5938440,5947676,1225,4,false,true
3201,0,69024,69024,5999252,6007464,5930228,5938440,1549,4,false,true
3202,0,69024,69024,5999252,6007464,5930228,5938440,1550,4,false,true
3203,0,69024,69024,5999252,6007464,5930228,5938440,1551,4,false,true
3204,0,69024,69024,5999252,6007464,5930228,5938440,1552,4,false,true
3205,3,69025,69025,6007464,6016700,5938439,5947675,1226,4,false,true
3206,3,69025,69025,6007464,6016700,5938439,5947675,1227,4,false,true
3207,3,69025,69025,6023120,6031332,5954095,5962307,1228,4,false,true
3208,3,69025,69025,6023120,6031332,5954095,5962307,1229,4,false,true
3209,1,69025,69025,5931764,5937672,5862739,5868647,195,4,false,true
3210,1,69025,69025,6016700,6023120,5947675,5954095,196,4,false,true
3211,1,69025,69025,6016700,6023120,5947675,5954095,197,4,false,true
3212,1,69025,69025,6016700,6023120,5947675,5954095,198,4,false,true
3213,3,69056,69056,6023120,6031332,5954064,5962276,1230,4,false,true
3214,3,69056,69056,6023120,6031332,5954064,5962276,1231,4,false,true
3215,3,69056,69056,6031332,6039544,5962276,5970488,1232,4,false,true
3216,3,69056,69056,6031332,6039544,5962276,5970488,1233,4,false,true
3217,3,69056,69056,6031332,6039544,5962276,5970488,1234,4,false,true
3218,3,69056,69056,6031332,6039544,5962276,5970488,1235,4,false,true
3219,3,69056,69056,6039544,6047756,5970488,5978700,1236,4,false,true
3220,3,69056,69056,6039544,6047756,5970488,5978700,1237,4,false,true
3221,3,69056,69056,6039544,6047756,5970488,5978700,1238,4,false,true
3222,3,69056,69056,6039544,6047756,5970488,5978700,1239,4,false,true
3223,3,69056,69056,6047756,6055968,5978700,5986912,1240,4,false,true
3224,3,69056,69056,6047756,6055968,5978700,5986912,1241,4,false,true
3225,3,69057,69057,6047756,6055968,5978699,5986911,1242,4,false,true
3226,3,69057,69057,6047756,6055968,5978699,5986911,1243,4,false,true
3227,3,69057,69057,6058804,6067016,5989747,5997959,1244,4,false,true
3228,3,69057,69057,6058804,6067016,5989747,5997959,1245,4,false,true
3229,0,69057,69057,6055968,6058804,5986911,5989747,1553,4,false,true
3230,0,69057,69057,6055968,6058804,5986911,5989747,1554,4,false,true
3231,0,69057,69057,6055968,6058804,5986911,5989747,1555,4,false,true
3232,0,69057,69057,6055968,6058804,5986911,5989747,1556,4,false,true
3233,3,69088,69088,6058804,6067016,5989716,5997928,1246,4,false,true
3234,3,69088,69088,6058804,6067016,5989716,5997928,1247,4,false,true
3235,3,69088,69088,6069852,6078064,6000764,6008976,1248,4,false,true
3236,3,69088,69088,6069852,6078064,6000764,6008976,1249,4,false,true
3237,3,69088,69088,6069852,6078064,6000764,6008976,1250,4,false,true
3238,3,69088,69088,6069852,6078064,6000764,6008976,1251,4,false,true
3239,3,69088,69088,6078064,6086276,6008976,6017188,1252,4,false,true
3240,3,69088,69088,6078064,6086276,6008976,6017188,1253,4,false,true
3241,0,69088,69088,6067016,6069852,5997928,6000764,1557,4,false,true
3242,0,69088,69088,6067016,6069852,5997928,6000764,1558,4,false,true
3243,0,69088,69088,6067016,6069852,5997928,6000764,1559,4,false,true
3244,0,69088,69088,6067016,6069852,5997928,6000764,1560,4,false,true
3245,3,69089,69089,6078064,6086276,6008975,6017187,1254,4,false,true
3246,3,69089,69089,6078064,6086276,6008975,6017187,1255,4,false,true
3247,3,69089,69089,6086276,6094488,6017187,6025399,1256,4,false,true
3248,3,69089,69089,6086276,6094488,6017187,6025399,1257,4,false,true
3249,3,69089,69089,6086276,6094488,6017187,6025399,1258,4,false,true
3250,3,69089,69089,6086276,6094488,6017187,6025399,1259,4,false,true
3251,3,69089,69089,6094488,6102700,6025399,6033611,1260,4,false,true
3252,3,69089,69089,6094488,6102700,6025399,6033611,1261,4,false,true
3253,0,69120,69120,6102700,6108864,6033580,6039744,1561,4,false,true
3254,0,69120,69120,6102700,6108864,6033580,6039744,1562,4,false,true
3255,0,69120,69120,6102700,6108864,6033580,6039744,1563,4,false,true
3256,0,69120,69120,6102700,6108864,6033580,6039744,1564,4,false,true
3257,3,69120,69120,6094488,6102700,6025368,6033580,1262,4,false,true
3258,3,69120,69120,6094488,6102700,6025368,6033580,1263,4,false,true
3259,3,69120,69120,6108864,6117076,6039744,6047956,1264,4,false,true
3260,3,69120,69120,6108864,6117076,6039744,6047956,1265,4,false,true
3261,3,69120,69120,6108864,6117076,6039744,6047956,1266,4,false,true
3262,3,69120,69120,6108864,6117076,6039744,6047956,1267,4,false,true
3263,3,69120,69120,6117076,6125288,6047956,6056168,1268,4,false,true
3264,3,69120,69120,6117076,6125288,6047956,6056168,1269,4,false,true
3265,3,69152,69152,6117076,6125288,6047924,6056136,1270,4,false,true
3266,3,69152,69152,6117076,6125288,6047924,6056136,1271,4,false,true
3267,3,69152,69152,6125288,6135036,6056136,6065884,1272,4,false,true
3268,3,69152,69152,6125288,6135036,6056136,6065884,1273,4,false,true
3269,3,69153,69153,6125288,6135036,6056135,6065883,1274,4,false,true
3270,3,69153,69153,6125288,6135036,6056135,6065883,1275,4,false,true
3271,3,69153,69153,6135036,6145808,6065883,6076655,1276,4,false,true
3272,3,69153,69153,6135036,6145808,6065883,6076655,1277,4,false,true
3273,3,69184,69184,6135036,6145808,6065852,6076624,1278,4,false,true
3274,3,69184,69184,6135036,6145808,6065852,6076624,1279,4,false,true
3275,3,69184,69184,6158668,6167904,6089484,6098720,1280,4,false,true
3276,3,69184,69184,6158668,6167904,6089484,6098720,1281,4,false,true
3277,0,69184,69184,6145808,6151204,6076624,6082020,1565,4,false,true
3278,0,69184,69184,6145808,6151204,6076624,6082020,1566,4,false,true
3279,0,69184,69184,6145808,6151204,6076624,6082020,1567,4,false,true
3280,0,69184,69184,6145808,6151204,6076624,6082020,1568,4,false,true
3281,0,69184,69184,6151204,6156600,6082020,6087416,1569,4,false,true
3282,0,69184,69184,6151204,6156600,6082020,6087416,1570,4,false,true
3283,0,69184,69184,6151204,6156600,6082020,6087416,1571,4,false,true
3284,0,69184,69184,6151204,6156600,6082020,6087416,1572,4,false,true
3285,0,69184,69184,6156600,6158668,6087416,6089484,1573,4,false,true
3286,0,69184,69184,6156600,6158668,6087416,6089484,1574,4,false,true
3287,0,69184,69184,6156600,6158668,6087416,6089484,1575,4,false,true
3288,0,69184,69184,6156600,6158668,6087416,6089484,1576,4,false,true
3289,0,69185,69185,6167904,6172788,6098719,6103603,1577,4,false,true
3290,0,69185,69185,6167904,6172788,6098719,6103603,1578,4,false,true
3291,0,69185,69185,6167904,6172788,6098719,6103603,1579,4,false,true
3292,0,69185,69185,6167904,6172788,6098719,6103603,1580,4,false,true
3293,0,69216,69216,6172788,6181000,6103572,6111784,1581,4,false,true
3294,0,69216,69216,6172788,6181000,6103572,6111784,1582,4,false,true
3295,0,69216,69216,6172788,6181000,6103572,6111784,1583,4,false,true
3296,0,69216,69216,6172788,6181000,6103572,6111784,1584,4,false,true
3297,1,69216,69216,6016700,6023120,5947484,5953904,199,4,false,true
3298,0,69217,69217,6181000,6189212,6111783,6119995,1585,4,false,true
3299,0,69217,69217,6181000,6189212,6111783,6119995,1586,4,false,true
3300,0,69217,69217,6181000,6189212,6111783,6119995,1587,4,false,true
3301,0,69217,69217,6181000,6189212,6111783,6119995,1588,4,false,true
3302,3,69217,69217,6158668,6167904,6089451,6098687,1282,4,false,true
3303,3,69217,69217,6158668,6167904,6089451,6098687,1283,4,false,true
3304,3,69217,69217,6192048,6201796,6122831,6132579,1284,4,false,true
3305,3,69217,69217,6192048,6201796,6122831,6132579,1285,4,false,true
3306,0,69217,69217,6189212,6192048,6119995,6122831,1589,4,false,true
3307,0,69217,69217,6189212,6192048,6119995,6122831,1590,4,false,true
3308,0,69217,69217,6189212,6192048,6119995,6122831,1591,4,false,true
3309,0,69217,69217,6189212,6192048,6119995,6122831,1592,4,false,true
3310,3,69248,69248,6192048,6201796,6122800,6132548,1286,4,false,true
3311,3,69248,69248,6192048,6201796,6122800,6132548,1287,4,false,true
3312,3,69248,69248,6201796,6211032,6132548,6141784,1288,4,false,true
3313,3,69248,69248,6201796,6211032,6132548,6141784,1289,4,false,true
3314,3,69248,69248,6201796,6211032,6132548,6141784,1290,4,false,true
3315,3,69248,69248,6201796,6211032,6132548,6141784,1291,4,false,true
3316,3,69248,69248,6211032,6219244,6141784,6149996,1292,4,false,true
3317,3,69248,69248,6211032,6219244,6141784,6149996,1293,4,false,true
3318,3,69248,69248,6211032,6219244,6141784,6149996,1294,4,false,true
3319,3,69248,69248,6211032,6219244,6141784,6149996,1295,4,false,true
3320,3,69248,69248,6219244,6227456,6149996,6158208,1296,4,false,true
3321,3,69248,69248,6219244,6227456,6149996,6158208,1297,4,false,true
3322,3,69248,69248,6219244,6227456,6149996,6158208,1298,4,false,true
3323,3,69248,69248,6219244,6227456,6149996,6158208,1299,4,false,true
3324,3,69248,69248,6227456,6235668,6158208,6166420,1300,4,false,true
3325,3,69248,69248,6227456,6235668,6158208,6166420,1301,4,false,true
3326,0,69249,69249,6235668,6241320,6166419,6172071,1593,4,false,true
3327,0,69249,69249,6235668,6241320,6166419,6172071,1594,4,false,true
3328,0,69249,69249,6235668,6241320,6166419,6172071,1595,4,false,true
3329,0,69249,69249,6235668,6241320,6166419,6172071,1596,4,false,true
3330,2,69249,69249,5809844,5815240,5740595,5745991,211,4,false,true
3331,2,69249,69249,6241320,6256188,6172071,6186939,212,4,false,true
3332,2,69249,69249,6241320,6256188,6172071,6186939,213,4,false,true
3333,2,69249,69249,6241320,6256188,6172071,6186939,214,4,false,true
3334,3,69280,69280,6227456,6235668,6158176,6166388,1302,4,false,true
3335,3,69280,69280,6227456,6235668,6158176,6166388,1303,4,false,true
3336,3,69280,69280,6256188,6265936,6186908,6196656,1304,4,false,true
3337,3,69280,69280,6256188,6265936,6186908,6196656,1305,4,false,true
3338,0,69312,69312,6265936,6271332,6196624,6202020,1597,4,false,true
3339,0,69312,69312,6265936,6271332,6196624,6202020,1598,4,false,true
3340,0,69312,69312,6265936,6271332,6196624,6202020,1599,4,false,true
3341,0,69312,69312,6265936,6271332,6196624,6202020,1600,4,false,true
3342,0,69312,69312,6271332,6276728,6202020,6207416,1601,4,false,true
3343,0,69312,69312,6271332,6276728,6202020,6207416,1602,4,false,true
3344,0,69312,69312,6271332,6276728,6202020,6207416,1603,4,false,true
3345,0,69312,69312,6271332,6276728,6202020,6207416,1604,4,false,true
3346,3,69313,69313,6256188,6265936,6186875,6196623,1306,4,false,true
3347,3,69313,69313,6256188,6265936,6186875,6196623,1307,4,false,true
3348,3,69313,69313,6276728,6285964,6207415,6216651,1308,4,false,true
3349,3,69313,69313,6276728,6285964,6207415,6216651,1309,4,false,true
3350,3,69344,69344,6276728,6285964,6207384,6216620,1310,4,false,true
3351,3,69344,69344,6276728,6285964,6207384,6216620,1311,4,false,true
3352,3,69344,69344,6288800,6297012,6219456,6227668,1312,4,false,true
3353,3,69344,69344,6288800,6297012,6219456,6227668,1313,4,false,true
3354,3,69344,69344,6288800,6297012,6219456,6227668,1314,4,false,true
3355,3,69344,69344,6288800,6297012,6219456,6227668,1315,4,false,true
3356,3,69344,69344,6297012,6306760,6227668,6237416,1316,4,false,true
3357,3,69344,69344,6297012,6306760,6227668,6237416,1317,4,false,true
3358,0,69344,69344,6285964,6288800,6216620,6219456,1605,4,false,true
3359,0,69344,69344,6285964,6288800,6216620,6219456,1606,4,false,true
3360,0,69344,69344,6285964,6288800,6216620,6219456,1607,4,false,true
3361,0,69344,69344,6285964,6288800,6216620,6219456,1608,4,false,true
3362,3,69408,69408,6297012,6306760,6227604,6237352,1318,4,false,true
3363,3,69408,69408,6297012,6306760,6227604,6237352,1319,4,false,true
3364,3,69408,69408,6306760,6317532,6237352,6248124,1320,4,false,true
3365,3,69408,69408,6306760,6317532,6237352,6248124,1321,4,false,true
3366,1,69409,69409,6317532,6322928,6248123,6253519,200,4,false,true
3367,1,69409,69409,6317532,6322928,6248123,6253519,201,4,false,true
3368,1,69409,69409,6317532,6322928,6248123,6253519,202,4,false,true
3369,1,69409,69409,6317532,6322928,6248123,6253519,203,4,false,true
3370,0,69440,69440,6322928,6331140,6253488,6261700,1609,4,false,true
3371,0,69440,69440,6322928,6331140,6253488,6261700,1610,4,false,true
3372,0,69440,69440,6322928,6331140,6253488,6261700,1611,4,false,true
3373,0,69440,69440,6322928,6331140,6253488,6261700,1612,4,false,true
3374,0,69441,69441,6331140,6333976,6261699,6264535,1613,4,false,true
3375,0,69441,69441,6331140,6333976,6261699,6264535,1614,4,false,true
3376,0,69441,69441,6331140,6333976,6261699,6264535,1615,4,false,true
3377,0,69441,69441,6331140,6333976,6261699,6264535,1616,4,false,true
3378,0,69472,69472,6333976,6336812,6264504,6267340,1617,4,false,true
3379,0,69472,69472,6333976,6336812,6264504,6267340,1618,4,false,true
3380,0,69472,69472,6333976,6336812,6264504,6267340,1619,4,false,true
3381,0,69472,69472,6333976,6336812,6264504,6267340,1620,4,false,true
3382,3,69472,69472,6306760,6317532,6237288,6248060,1322,4,false,true
3383,3,69472,69472,6306760,6317532,6237288,6248060,1323,4,false,true
3384,3,69472,69472,6336812,6346304,6267340,6276832,1324,4,false,true
3385,3,69472,69472,6336812,6346304,6267340,6276832,1325,4,false,true
3386,3,69472,69472,6336812,6346304,6267340,6276832,1326,4,false,true
3387,3,69472,69472,6336812,6346304,6267340,6276832,1327,4,false,true
3388,3,69472,69472,6346304,6354516,6276832,6285044,1328,4,false,true
3389,3,69472,69472,6346304,6354516,6276832,6285044,1329,4,false,true
3390,0,69473,69473,6354516,6362728,6285043,6293255,1621,4,false,true
3391,0,69473,69473,6354516,6362728,6285043,6293255,1622,4,false,true
3392,0,69473,69473,6354516,6362728,6285043,6293255,1623,4,false,true
3393,0,69473,69473,6354516,6362728,6285043,6293255,1624,4,false,true
3394,0,69473,69473,6362728,6370940,6293255,6301467,1625,4,false,true
3395,0,69473,69473,6362728,6370940,6293255,6301467,1626,4,false,true
3396,0,69473,69473,6362728,6370940,6293255,6301467,1627,4,false,true
3397,0,69473,69473,6362728,6370940,6293255,6301467,1628,4,false,true
3398,3,69504,69504,6346304,6354516,6276800,6285012,1330,4,false,true
3399,3,69504,69504,6346304,6354516,6276800,6285012,1331,4,false,true
3400,3,69504,69504,6387364,6397112,6317860,6327608,1332,4,false,true
3401,3,69504,69504,6387364,6397112,6317860,6327608,1333,4,false,true
3402,0,69504,69504,6370940,6373776,6301436,6304272,1629,4,false,true
3403,0,69504,69504,6370940,6373776,6301436,6304272,1630,4,false,true
3404,0,69504,69504,6370940,6373776,6301436,6304272,1631,4,false,true
3405,0,69504,69504,6370940,6373776,6301436,6304272,1632,4,false,true
3406,0,69504,69504,6373776,6387364,6304272,6317860,1633,4,false,true
3407,0,69504,69504,6373776,6387364,6304272,6317860,1634,4,false,true
3408,0,69504,69504,6373776,6387364,6304272,6317860,1635,4,false,true
3409,0,69504,69504,6373776,6387364,6304272,6317860,1636,4,false,true
3410,3,69536,69536,6387364,6397112,6317828,6327576,1334,4,false,true
3411,3,69536,69536,6387364,6397112,6317828,6327576,1335,4,false,true
3412,3,69536,69536,6397112,6408140,6327576,6338604,1336,4,false,true
3413,3,69536,69536,6397112,6408140,6327576,6338604,1337,4,false,true
3414,3,69536,69536,6397112,6408140,6327576,6338604,1338,4,false,true
3415,3,69536,69536,6397112,6408140,6327576,6338604,1339,4,false,true
3416,3,69536,69536,6408140,6417376,6338604,6347840,1340,4,false,true
3417,3,69536,69536,6408140,6417376,6338604,6347840,1341,4,false,true
3418,3,69536,69536,6408140,6417376,6338604,6347840,1342,4,false,true
3419,3,69536,69536,6408140,6417376,6338604,6347840,1343,4,false,true
3420,3,69536,69536,6417376,6425588,6347840,6356052,1344,4,false,true
3421,3,69536,69536,6417376,6425588,6347840,6356052,1345,4,false,true
3422,0,69537,69537,6425588,6430984,6356051,6361447,1637,4,false,true
3423,0,69537,69537,6425588,6430984,6356051,6361447,1638,4,false,true
3424,0,69537,69537,6425588,6430984,6356051,6361447,1639,4,false,true
3425,0,69537,69537,6425588,6430984,6356051,6361447,1640,4,false,true
3426,0,69537,69537,6430984,6433820,6361447,6364283,1641,4,false,true
3427,0,69537,69537,6430984,6433820,6361447,6364283,1642,4,false,true
3428,0,69537,69537,6430984,6433820,6361447,6364283,1643,4,false,true
3429,0,69537,69537,6430984,6433820,6361447,6364283,1644,4,false,true
3430,3,69568,69568,6417376,6425588,6347808,6356020,1346,4,false,true
3431,3,69568,69568,6417376,6425588,6347808,6356020,1347,4,false,true
3432,3,69568,69568,6439216,6447428,6369648,6377860,1348,4,false,true
3433,3,69568,69568,6439216,6447428,6369648,6377860,1349,4,false,true
3434,0,69568,69568,6433820,6439216,6364252,6369648,1645,4,false,true
3435,0,69568,69568,6433820,6439216,6364252,6369648,1646,4,false,true
3436,0,69568,69568,6433820,6439216,6364252,6369648,1647,4,false,true
3437,0,69568,69568,6433820,6439216,6364252,6369648,1648,4,false,true
3438,3,69600,69600,6439216,6447428,6369616,6377828,1350,4,false,true
3439,3,69600,69600,6439216,6447428,6369616,6377828,1351,4,false,true
3440,3,69600,69600,6447428,6455640,6377828,6386040,1352,4,false,true
3441,3,69600,69600,6447428,6455640,6377828,6386040,1353,4,false,true
3442,0,69601,69601,6455640,6458476,6386039,6388875,1649,4,false,true
3443,0,69601,69601,6455640,6458476,6386039,6388875,1650,4,false,true
3444,0,69601,69601,6455640,6458476,6386039,6388875,1651,4,false,true
3445,0,69601,69601,6455640,6458476,6386039,6388875,1652,4,false,true
3446,3,69601,69601,6447428,6455640,6377827,6386039,1354,4,false,true
3447,3,69601,69601,6447428,6455640,6377827,6386039,1355,4,false,true
3448,3,69601,69601,6458476,6466688,6388875,6397087,1356,4,false,true
3449,3,69601,69601,6458476,6466688,6388875,6397087,1357,4,false,true
3450,0,69632,69632,6466688,6469524,6397056,6399892,1653,4,false,true
3451,0,69632,69632,6466688,6469524,6397056,6399892,1654,4,false,true
3452,0,69632,69632,6466688,6469524,6397056,6399892,1655,4,false,true
3453,0,69632,69632,6466688,6469524,6397056,6399892,1656,4,false,true
3454,3,69632,69632,6458476,6466688,6388844,6397056,1358,4,false,true
3455,3,69632,69632,6458476,6466688,6388844,6397056,1359,4,false,true
3456,3,69632,69632,6469524,6477736,6399892,6408104,1360,4,false,true
3457,3,69632,69632,6469524,6477736,6399892,6408104,1361,4,false,true
3458,3,69632,69632,6469524,6477736,6399892,6408104,1362,4,false,true
3459,3,69632,69632,6469524,6477736,6399892,6408104,1363,4,false,true
3460,3,69632,69632,6477736,6485948,6408104,6416316,1364,4,false,true
3461,3,69632,69632,6477736,6485948,6408104,6416316,1365,4,false,true
3462,3,69664,69664,6477736,6485948,6408072,6416284,1366,4,false,true
3463,3,69664,69664,6477736,6485948,6408072,6416284,1367,4,false,true
3464,3,69664,69664,6485948,6494160,6416284,6424496,1368,4,false,true
3465,3,69664,69664,6485948,6494160,6416284,6424496,1369,4,false,true
3466,3,69664,69664,6485948,6494160,6416284,6424496,1370,4,false,true
3467,3,69664,69664,6485948,6494160,6416284,6424496,1371,4,false,true
3468,3,69664,69664,6494160,6503908,6424496,6434244,1372,4,false,true
3469,3,69664,69664,6494160,6503908,6424496,6434244,1373,4,false,true
3470,3,69664,69664,6494160,6503908,6424496,6434244,1374,4,false,true
3471,3,69664,69664,6494160,6503908,6424496,6434244,1375,4,false,true
3472,3,69664,69664,6503908,6513144,6434244,6443480,1376,4,false,true
3473,3,69664,69664,6503908,6513144,6434244,6443480,1377,4,false,true
3474,3,69664,69664,6503908,6513144,6434244,6443480,1378,4,false,true
3475,3,69664,69664,6503908,6513144,6434244,6443480,1379,4,false,true
3476,3,69664,69664,6513144,6521356,6443480,6451692,1380,4,false,true
3477,3,69664,69664,6513144,6521356,6443480,6451692,1381,4,false,true
3478,0,69665,69665,6521356,6529568,6451691,6459903,1657,4,false,true
3479,0,69665,69665,6521356,6529568,6451691,6459903,1658,4,false,true
3480,0,69665,69665,6521356,6529568,6451691,6459903,1659,4,false,true
3481,0,69665,69665,6521356,6529568,6451691,6459903,1660,4,false,true
3482,3,69665,69665,6513144,6521356,6443479,6451691,1382,4,false,true
3483,3,69665,69665,6513144,6521356,6443479,6451691,1383,4,false,true
3484,3,69665,69665,6529568,6537780,6459903,6468115,1384,4,false,true
3485,3,69665,69665,6529568,6537780,6459903,6468115,1385,4,false,true
3486,3,69696,69696,6529568,6537780,6459872,6468084,1386,4,false,true
3487,3,69696,69696,6529568,6537780,6459872,6468084,1387,4,false,true
3488,3,69696,69696,6551388,6559600,6481692,6489904,1388,4,false,true
3489,3,69696,69696,6551388,6559600,6481692,6489904,1389,4,false,true
3490,0,69696,69696,6537780,6548552,6468084,6478856,1661,4,false,true
3491,0,69696,69696,6537780,6548552,6468084,6478856,1662,4,false,true
3492,0,69696,69696,6537780,6548552,6468084,6478856,1663,4,false,true
3493,0,69696,69696,6537780,6548552,6468084,6478856,1664,4,false,true
3494,3,69696,69696,6551388,6559600,6481692,6489904,1390,4,false,true
3495,3,69696,69696,6551388,6559600,6481692,6489904,1391,4,false,true
3496,3,69696,69696,6559600,6569348,6489904,6499652,1392,4,false,true
3497,3,69696,69696,6559600,6569348,6489904,6499652,1393,4,false,true
3498,0,69696,69696,6548552,6551388,6478856,6481692,1665,4,false,true
3499,0,69696,69696,6548552,6551388,6478856,6481692,1666,4,false,true
3500,0,69696,69696,6548552,6551388,6478856,6481692,1667,4,false,true
3501,0,69696,69696,6548552,6551388,6478856,6481692,1668,4,false,true
3502,0,69728,69728,6569348,6574744,6499620,6505016,1669,4,false,true
3503,0,69728,69728,6569348,6574744,6499620,6505016,1670,4,false,true
3504,0,69728,69728,6569348,6574744,6499620,6505016,1671,4,false,true
3505,0,69728,69728,6569348,6574744,6499620,6505016,1672,4,false,true
3506,3,69728,69728,6559600,6569348,6489872,6499620,1394,4,false,true
3507,3,69728,69728,6559600,6569348,6489872,6499620,1395,4,false,true
3508,3,69728,69728,6574744,6583980,6505016,6514252,1396,4,false,true
3509,3,69728,69728,6574744,6583980,6505016,6514252,1397,4,false,true
3510,3,69728,69728,6574744,6583980,6505016,6514252,1398,4,false,true
3511,3,69728,69728,6574744,6583980,6505016,6514252,1399,4,false,true
3512,3,69728,69728,6583980,6592192,6514252,6522464,1400,4,false,true
3513,3,69728,69728,6583980,6592192,6514252,6522464,1401,4,false,true
3514,0,69729,69729,6592192,6597588,6522463,6527859,1673,4,false,true
3515,0,69729,69729,6592192,6597588,6522463,6527859,1674,4,false,true
3516,0,69729,69729,6592192,6597588,6522463,6527859,1675,4,false,true
3517,0,69729,69729,6592192,6597588,6522463,6527859,1676,4,false,true
3518,3,69760,69760,6583980,6592192,6514220,6522432,1402,4,false,true
3519,3,69760,69760,6583980,6592192,6514220,6522432,1403,4,false,true
3520,3,69760,69760,6597588,6605800,6527828,6536040,1404,4,false,true
3521,3,69760,69760,6597588,6605800,6527828,6536040,1405,4,false,true
3522,3,69792,69792,6597588,6605800,6527796,6536008,1406,4,false,true
3523,3,69792,69792,6597588,6605800,6527796,6536008,1407,4,false,true
3524,3,69792,69792,6605800,6612476,6536008,6542684,1408,4,false,true
3525,3,69792,69792,6605800,6612476,6536008,6542684,1409,4,false,true
3526,0,69793,69793,6612476,6620688,6542683,6550895,1677,4,false,true
3527,0,69793,69793,6612476,6620688,6542683,6550895,1678,4,false,true
3528,0,69793,69793,6612476,6620688,6542683,6550895,1679,4,false,true
3529,0,69793,69793,6612476,6620688,6542683,6550895,1680,4,false,true
3530,3,69824,69824,6605800,6612476,6535976,6542652,1410,4,false,true
3531,3,69824,69824,6605800,6612476,6535976,6542652,1411,4,false,true
3532,3,69824,69824,6631460,6637880,6561636,6568056,1412,4,false,true
3533,3,69824,69824,6631460,6637880,6561636,6568056,1413,4,false,true
3534,0,69824,69824,6620688,6631460,6550864,6561636,1681,4,false,true
3535,0,69824,69824,6620688,6631460,6550864,6561636,1682,4,false,true
3536,0,69824,69824,6620688,6631460,6550864,6561636,1683,4,false,true
3537,0,69824,69824,6620688,6631460,6550864,6561636,1684,4,false,true
3538,3,69824,69824,6631460,6637880,6561636,6568056,1414,4,false,true
3539,3,69824,69824,6631460,6637880,6561636,6568056,1415,4,false,true
3540,3,69824,69824,6637880,6647628,6568056,6577804,1416,4,false,true
3541,3,69824,69824,6637880,6647628,6568056,6577804,1417,4,false,true
3542,0,69825,69825,6647628,6650464,6577803,6580639,1685,4,false,true
3543,0,69825,69825,6647628,6650464,6577803,6580639,1686,4,false,true
3544,0,69825,69825,6647628,6650464,6577803,6580639,1687,4,false,true
3545,0,69825,69825,6647628,6650464,6577803,6580639,1688,4,false,true
3546,0,69825,69825,6650464,6655860,6580639,6586035,1689,4,false,true
3547,0,69825,69825,6650464,6655860,6580639,6586035,1690,4,false,true
3548,0,69825,69825,6650464,6655860,6580639,6586035,1691,4,false,true
3549,0,69825,69825,6650464,6655860,6580639,6586035,1692,4,false,true
3550,1,69825,69825,6655860,6661256,6586035,6591431,204,4,false,true
3551,1,69825,69825,6655860,6661256,6586035,6591431,205,4,false,true
3552,1,69825,69825,6655860,6661256,6586035,6591431,206,4,false,true
3553,1,69825,69825,6655860,6661256,6586035,6591431,207,4,false,true
3554,3,69825,69825,6637880,6647628,6568055,6577803,1418,4,false,true
3555,3,69825,69825,6637880,6647628,6568055,6577803,1419,4,false,true
3556,3,69825,69825,6661256,6672028,6591431,6602203,1420,4,false,true
3557,3,69825,69825,6661256,6672028,6591431,6602203,1421,4,false,true
3558,0,69856,69856,6672028,6674096,6602172,6604240,1693,4,false,true
3559,0,69856,69856,6672028,6674096,6602172,6604240,1694,4,false,true
3560,0,69856,69856,6672028,6674096,6602172,6604240,1695,4,false,true
3561,0,69856,69856,6672028,6674096,6602172,6604240,1696,4,false,true
3562,3,69856,69856,6661256,6672028,6591400,6602172,1422,4,false,true
3563,3,69856,69856,6661256,6672028,6591400,6602172,1423,4,false,true
3564,3,69856,69856,6703832,6713068,6633976,6643212,1424,4,false,true
3565,3,69856,69856,6703832,6713068,6633976,6643212,1425,4,false,true
3566,0,69856,69856,6674096,6690244,6604240,6620388,1697,4,false,true
3567,0,69856,69856,6674096,6690244,6604240,6620388,1698,4,false,true
3568,0,69856,69856,6674096,6690244,6604240,6620388,1699,4,false,true
3569,0,69856,69856,6674096,6690244,6604240,6620388,1700,4,false,true
3570,3,69856,69856,6703832,6713068,6633976,6643212,1426,4,false,true
3571,3,69856,69856,6703832,6713068,6633976,6643212,1427,4,false,true
3572,3,69856,69856,6713068,6720000,6643212,6650144,1428,4,false,true
3573,3,69856,69856,6713068,6720000,6643212,6650144,1429,4,false,true
3574,0,69856,69856,6690244,6703832,6620388,6633976,1701,4,false,true
3575,0,69856,69856,6690244,6703832,6620388,6633976,1702,4,false,true
3576,0,69856,69856,6690244,6703832,6620388,6633976,1703,4,false,true
3577,0,69856,69856,6690244,6703832,6620388,6633976,1704,4,false,true
3578,3,69857,69857,6713068,6720000,6643211,6650143,1430,4,false,true
3579,3,69857,69857,6713068,6720000,6643211,6650143,1431,4,false,true
3580,3,69857,69857,6720000,6726676,6650143,6656819,1432,4,false,true
3581,3,69857,69857,6720000,6726676,6650143,6656819,1433,4,false,true
3582,3,69857,69857,6720000,6726676,6650143,6656819,1434,4,false,true
3583,3,69857,69857,6720000,6726676,6650143,6656819,1435,4,false,true
3584,3,69857,69857,6726676,6734888,6656819,6665031,1436,4,false,true
3585,3,69857,69857,6726676,6734888,6656819,6665031,1437,4,false,true
3586,3,69857,69857,6726676,6734888,6656819,6665031,1438,4,false,true
3587,3,69857,69857,6726676,6734888,6656819,6665031,1439,4,false,true
3588,3,69857,69857,6734888,6743100,6665031,6673243,1440,4,false,true
3589,3,69857,69857,6734888,6743100,6665031,6673243,1441,4,false,true
3590,3,69889,69889,6734888,6743100,6664999,6673211,1442,4,false,true
3591,3,69889,69889,6734888,6743100,6664999,6673211,1443,4,false,true
3592,3,69889,69889,6743100,6751312,6673211,6681423,1444,4,false,true
3593,3,69889,69889,6743100,6751312,6673211,6681423,1445,4,false,true
3594,3,69920,69920,6743100,6751312,6673180,6681392,1446,4,false,true
3595,3,69920,69920,6743100,6751312,6673180,6681392,1447,4,false,true
3596,3,69920,69920,6751312,6761060,6681392,6691140,1448,4,false,true
3597,3,69920,69920,6751312,6761060,6681392,6691140,1449,4,false,true
3598,3,69952,69952,6751312,6761060,6681360,6691108,1450,4,false,true
3599,3,69952,69952,6751312,6761060,6681360,6691108,1451,4,false,true
3600,3,69952,69952,6766456,6775692,6696504,6705740,1452,4,false,true
3601,3,69952,69952,6766456,6775692,6696504,6705740,1453,4,false,true
3602,1,69952,69952,6761060,6766456,6691108,6696504,208,4,false,true
3603,1,69952,69952,6761060,6766456,6691108,6696504,209,4,false,true
3604,1,69952,69952,6761060,6766456,6691108,6696504,210,4,false,true
3605,1,69952,69952,6761060,6766456,6691108,6696504,211,4,false,true
3606,3,69953,69953,6766456,6775692,6696503,6705739,1454,4,false,true
3607,3,69953,69953,6766456,6775692,6696503,6705739,1455,4,false,true
3608,3,69953,69953,6775692,6785440,6705739,6715487,1456,4,false,true
3609,3,69953,69953,6775692,6785440,6705739,6715487,1457,4,false,true
3610,0,69984,69984,6785440,6793652,6715456,6723668,1705,4,false,true
3611,0,69984,69984,6785440,6793652,6715456,6723668,1706,4,false,true
3612,0,69984,69984,6785440,6793652,6715456,6723668,1707,4,false,true
3613,0,69984,69984,6785440,6793652,6715456,6723668,1708,4,false,true
3614,3,69984,69984,6775692,6785440,6705708,6715456,1458,4,false,true
3615,3,69984,69984,6775692,6785440,6705708,6715456,1459,4,false,true
3616,3,69984,69984,6793652,6802888,6723668,6732904,1460,4,false,true
3617,3,69984,69984,6793652,6802888,6723668,6732904,1461,4,false,true
3618,3,69984,69984,6793652,6802888,6723668,6732904,1462,4,false,true
3619,3,69984,69984,6793652,6802888,6723668,6732904,1463,4,false,true
3620,3,69984,69984,6802888,6811100,6732904,6741116,1464,4,false,true
3621,3,69984,69984,6802888,6811100,6732904,6741116,1465,4,false,true
3622,3,69984,69984,6802888,6811100,6732904,6741116,1466,4,false,true
3623,3,69984,69984,6802888,6811100,6732904,6741116,1467,4,false,true
3624,3,69984,69984,6811100,6820848,6741116,6750864,1468,4,false,true
3625,3,69984,69984,6811100,6820848,6741116,6750864,1469,4,false,true
3626,3,69984,69984,6811100,6820848,6741116,6750864,1470,4,false,true
3627,3,69984,69984,6811100,6820848,6741116,6750864,1471,4,false,true
3628,3,69984,69984,6820848,6831876,6750864,6761892,1472,4,false,true
3629,3,69984,69984,6820848,6831876,6750864,6761892,1473,4,false,true
3630,0,69985,69985,6831876,6840088,6761891,6770103,1709,4,false,true
3631,0,69985,69985,6831876,6840088,6761891,6770103,1710,4,false,true
3632,0,69985,69985,6831876,6840088,6761891,6770103,1711,4,false,true
3633,0,69985,69985,6831876,6840088,6761891,6770103,1712,4,false,true
3634,3,70016,70016,6820848,6831876,6750832,6761860,1474,4,false,true
3635,3,70016,70016,6820848,6831876,6750832,6761860,1475,4,false,true
3636,3,70016,70016,6840088,6849580,6770072,6779564,1476,4,false,true
3637,3,70016,70016,6840088,6849580,6770072,6779564,1477,4,false,true
3638,3,70016,70016,6840088,6849580,6770072,6779564,1478,4,false,true
3639,3,70016,70016,6840088,6849580,6770072,6779564,1479,4,false,true
3640,3,70016,70016,6849580,6856256,6779564,6786240,1480,4,false,true
3641,3,70016,70016,6849580,6856256,6779564,6786240,1481,4,false,true
3642,3,70048,70048,6849580,6856256,6779532,6786208,1482,4,false,true
3643,3,70048,70048,6849580,6856256,6779532,6786208,1483,4,false,true
3644,3,70048,70048,6856256,6862676,6786208,6792628,1484,4,false,true
3645,3,70048,70048,6856256,6862676,6786208,6792628,1485,4,false,true
3646,3,70080,70080,6856256,6862676,6786176,6792596,1486,4,false,true
3647,3,70080,70080,6856256,6862676,6786176,6792596,1487,4,false,true
3648,3,70080,70080,6865512,6875260,6795432,6805180,1488,4,false,true
3649,3,70080,70080,6865512,6875260,6795432,6805180,1489,4,false,true
3650,3,70080,70080,6865512,6875260,6795432,6805180,1490,4,false,true
3651,3,70080,70080,6865512,6875260,6795432,6805180,1491,4,false,true
3652,3,70080,70080,6875260,6884496,6805180,6814416,1492,4,false,true
3653,3,70080,70080,6875260,6884496,6805180,6814416,1493,4,false,true
3654,0,70080,70080,6862676,6865512,6792596,6795432,1713,4,false,true
3655,0,70080,70080,6862676,6865512,6792596,6795432,1714,4,false,true
3656,0,70080,70080,6862676,6865512,6792596,6795432,1715,4,false,true
3657,0,70080,70080,6862676,6865512,6792596,6795432,1716,4,false,true
3658,3,70112,70112,6875260,6884496,6805148,6814384,1494,4,false,true
3659,3,70112,70112,6875260,6884496,6805148,6814384,1495,4,false,true
3660,3,70112,70112,6884496,6894244,6814384,6824132,1496,4,false,true
3661,3,70112,70112,6884496,6894244,6814384,6824132,1497,4,false,true
3662,3,70112,70112,6884496,6894244,6814384,6824132,1498,4,false,true
3663,3,70112,70112,6884496,6894244,6814384,6824132,1499,4,false,true
3664,3,70112,70112,6894244,6903480,6824132,6833368,1500,4,false,true
3665,3,70112,70112,6894244,6903480,6824132,6833368,1501,4,false,true
3666,3,70144,70144,6894244,6903480,6824100,6833336,1502,4,false,true
3667,3,70144,70144,6894244,6903480,6824100,6833336,1503,4,false,true
3668,3,70144,70144,6903480,6911692,6833336,6841548,1504,4,false,true
3669,3,70144,70144,6903480,6911692,6833336,6841548,1505,4,false,true
3670,3,70144,70144,6903480,6911692,6833336,6841548,1506,4,false,true
3671,3,70144,70144,6903480,6911692,6833336,6841548,1507,4,false,true
3672,3,70144,70144,6911692,6919904,6841548,6849760,1508,4,false,true
3673,3,70144,70144,6911692,6919904,6841548,6849760,1509,4,false,true
3674,3,70144,70144,6911692,6919904,6841548,6849760,1510,4,false,true
3675,3,70144,70144,6911692,6919904,6841548,6849760,1511,4,false,true
3676,3,70144,70144,6919904,6928116,6849760,6857972,1512,4,false,true
3677,3,70144,70144,6919904,6928116,6849760,6857972,1513,4,false,true
3678,3,70144,70144,6919904,6928116,6849760,6857972,1514,4,false,true
3679,3,70144,70144,6919904,6928116,6849760,6857972,1515,4,false,true
3680,3,70144,70144,6928116,6936328,6857972,6866184,1516,4,false,true
3681,3,70144,70144,6928116,6936328,6857972,6866184,1517,4,false,true
3682,3,70144,70144,6928116,6936328,6857972,6866184,1518,4,false,true
3683,3,70144,70144,6928116,6936328,6857972,6866184,1519,4,false,true
3684,3,70144,70144,6936328,6946076,6866184,6875932,1520,4,false,true
3685,3,70144,70144,6936328,6946076,6866184,6875932,1521,4,false,true
3686,3,70144,70144,6936328,6946076,6866184,6875932,1522,4,false,true
3687,3,70144,70144,6936328,6946076,6866184,6875932,1523,4,false,true
3688,3,70144,70144,6946076,6955312,6875932,6885168,1524,4,false,true
3689,3,70144,70144,6946076,6955312,6875932,6885168,1525,4,false,true
3690,3,70145,70145,6946076,6955312,6875931,6885167,1526,4,false,true
3691,3,70145,70145,6946076,6955312,6875931,6885167,1527,4,false,true
3692,3,70145,70145,6955312,6963524,6885167,6893379,1528,4,false,true
3693,3,70145,70145,6955312,6963524,6885167,6893379,1529,4,false,true
3694,0,70176,70176,6963524,6974296,6893348,6904120,1717,4,false,true
3695,0,70176,70176,6963524,6974296,6893348,6904120,1718,4,false,true
3696,0,70176,70176,6963524,6974296,6893348,6904120,1719,4,false,true
3697,0,70176,70176,6963524,6974296,6893348,6904120,1720,4,false,true
3698,3,70176,70176,6955312,6963524,6885136,6893348,1530,4,false,true
3699,3,70176,70176,6955312,6963524,6885136,6893348,1531,4,false,true
3700,3,70176,70176,6985344,6993556,6915168,6923380,1532,4,false,true
3701,3,70176,70176,6985344,6993556,6915168,6923380,1533,4,false,true
3702,0,70176,70176,6974296,6982508,6904120,6912332,1721,4,false,true
3703,0,70176,70176,6974296,6982508,6904120,6912332,1722,4,false,true
3704,0,70176,70176,6974296,6982508,6904120,6912332,1723,4,false,true
3705,0,70176,70176,6974296,6982508,6904120,6912332,1724,4,false,true
3706,3,70176,70176,6985344,6993556,6915168,6923380,1534,4,false,true
3707,3,70176,70176,6985344,6993556,6915168,6923380,1535,4,false,true
3708,3,70176,70176,6993556,7000232,6923380,6930056,1536,4,false,true
3709,3,70176,70176,6993556,7000232,6923380,6930056,1537,4,false,true
3710,0,70176,70176,6982508,6985344,6912332,6915168,1725,4,false,true
3711,0,70176,70176,6982508,6985344,6912332,6915168,1726,4,false,true
3712,0,70176,70176,6982508,6985344,6912332,6915168,1727,4,false,true
3713,0,70176,70176,6982508,6985344,6912332,6915168,1728,4,false,true
3714,0,70208,70208,7000232,7003068,6930024,6932860,1729,4,false,true
3715,0,70208,70208,7000232,7003068,6930024,6932860,1730,4,false,true
3716,0,70208,70208,7000232,7003068,6930024,6932860,1731,4,false,true
3717,0,70208,70208,7000232,7003068,6930024,6932860,1732,4,false,true
3718,3,70240,70240,6993556,7000232,6923316,6929992,1538,4,false,true
3719,3,70240,70240,6993556,7000232,6923316,6929992,1539,4,false,true
3720,3,70240,70240,7003068,7006928,6932828,6936688,1540,4,false,true
3721,3,70240,70240,7003068,7006928,6932828,6936688,1541,4,false,true
3722,3,70240,70240,7003068,7006928,6932828,6936688,1542,4,false,true
3723,3,70240,70240,7003068,7006928,6932828,6936688,1543,4,false,true
3724,3,70240,70240,7006928,7012324,6936688,6942084,1544,4,false,true
3725,3,70240,70240,7006928,7012324,6936688,6942084,1545,4,false,true
3726,3,70240,70240,7006928,7012324,6936688,6942084,1546,4,false,true
3727,3,70240,70240,7006928,7012324,6936688,6942084,1547,4,false,true
3728,3,70240,70240,7012324,7020536,6942084,6950296,1548,4,false,true
3729,3,70240,70240,7012324,7020536,6942084,6950296,1549,4,false,true
3730,0,70241,70241,7020536,7025932,6950295,6955691,1733,4,false,true
3731,0,70241,70241,7020536,7025932,6950295,6955691,1734,4,false,true
3732,0,70241,70241,7020536,7025932,6950295,6955691,1735,4,false,true
3733,0,70241,70241,7020536,7025932,6950295,6955691,1736,4,false,true
3734,3,70272,70272,7012324,7020536,6942052,6950264,1550,4,false,true
3735,3,70272,70272,7012324,7020536,6942052,6950264,1551,4,false,true
3736,3,70272,70272,7025932,7035680,6955660,6965408,1552,4,false,true
3737,3,70272,70272,7025932,7035680,6955660,6965408,1553,4,false,true
3738,3,70272,70272,7025932,7035680,6955660,6965408,1554,4,false,true
3739,3,70272,70272,7025932,7035680,6955660,6965408,1555,4,false,true
3740,3,70272,70272,7035680,7043380,6965408,6973108,1556,4,false,true
3741,3,70272,70272,7035680,7043380,6965408,6973108,1557,4,false,true
3742,3,70273,70273,7035680,7043380,6965407,6973107,1558,4,false,true
3743,3,70273,70273,7035680,7043380,6965407,6973107,1559,4,false,true
3744,3,70273,70273,7043380,7049800,6973107,6979527,1560,4,false,true
3745,3,70273,70273,7043380,7049800,6973107,6979527,1561,4,false,true
3746,3,70304,70304,7043380,7049800,6973076,6979496,1562,4,false,true
3747,3,70304,70304,7043380,7049800,6973076,6979496,1563,4,false,true
3748,3,70304,70304,7049800,7059548,6979496,6989244,1564,4,false,true
3749,3,70304,70304,7049800,7059548,6979496,6989244,1565,4,false,true
3750,3,70304,70304,7049800,7059548,6979496,6989244,1566,4,false,true
3751,3,70304,70304,7049800,7059548,6979496,6989244,1567,4,false,true
3752,3,70304,70304,7059548,7071600,6989244,7001296,1568,4,false,true
3753,3,70304,70304,7059548,7071600,6989244,7001296,1569,4,false,true
3754,3,70305,70305,7059548,7071600,6989243,7001295,1570,4,false,true
3755,3,70305,70305,7059548,7071600,6989243,7001295,1571,4,false,true
3756,3,70305,70305,7071600,7082372,7001295,7012067,1572,4,false,true
3757,3,70305,70305,7071600,7082372,7001295,7012067,1573,4,false,true
3758,3,70336,70336,7071600,7082372,7001264,7012036,1574,4,false,true
3759,3,70336,70336,7071600,7082372,7001264,7012036,1575,4,false,true
3760,3,70336,70336,7082372,7090584,7012036,7020248,1576,4,false,true
3761,3,70336,70336,7082372,7090584,7012036,7020248,1577,4,false,true
3762,3,70368,70368,7082372,7090584,7012004,7020216,1578,4,false,true
3763,3,70368,70368,7082372,7090584,7012004,7020216,1579,4,false,true
3764,3,70368,70368,7090584,7100332,7020216,7029964,1580,4,false,true
3765,3,70368,70368,7090584,7100332,7020216,7029964,1581,4,false,true
3766,0,70369,70369,7100332,7105728,7029963,7035359,1737,4,false,true
3767,0,70369,70369,7100332,7105728,7029963,7035359,1738,4,false,true
3768,0,70369,70369,7100332,7105728,7029963,7035359,1739,4,false,true
3769,0,70369,70369,7100332,7105728,7029963,7035359,1740,4,false,true
3770,3,70400,70400,7090584,7100332,7020184,7029932,1582,4,false,true
3771,3,70400,70400,7090584,7100332,7020184,7029932,1583,4,false,true
3772,3,70400,70400,7105728,7114964,7035328,7044564,1584,4,false,true
3773,3,70400,70400,7105728,7114964,7035328,7044564,1585,4,false,true
3774,3,70400,70400,7105728,7114964,7035328,7044564,1586,4,false,true
3775,3,70400,70400,7105728,7114964,7035328,7044564,1587,4,false,true
3776,3,70400,70400,7114964,7123176,7044564,7052776,1588,4,false,true
3777,3,70400,70400,7114964,7123176,7044564,7052776,1589,4,false,true
3778,0,70432,70432,7123176,7126012,7052744,7055580,1741,4,false,true
3779,0,70432,70432,7123176,7126012,7052744,7055580,1742,4,false,true
3780,0,70432,70432,7123176,7126012,7052744,7055580,1743,4,false,true
3781,0,70432,70432,7123176,7126012,7052744,7055580,1744,4,false,true
3782,3,70432,70432,7114964,7123176,7044532,7052744,1590,4,false,true
3783,3,70432,70432,7114964,7123176,7044532,7052744,1591,4,false,true
3784,3,70432,70432,7126012,7134224,7055580,7063792,1592,4,false,true
3785,3,70432,70432,7126012,7134224,7055580,7063792,1593,4,false,true
3786,3,70432,70432,7126012,7134224,7055580,7063792,1594,4,false,true
3787,3,70432,70432,7126012,7134224,7055580,7063792,1595,4,false,true
3788,3,70432,70432,7134224,7142436,7063792,7072004,1596,4,false,true
3789,3,70432,70432,7134224,7142436,7063792,7072004,1597,4,false,true
3790,3,70496,70496,7134224,7142436,7063728,7071940,1598,4,false,true
3791,3,70496,70496,7134224,7142436,7063728,7071940,1599,4,false,true
3792,3,70496,70496,7142436,7152184,7071940,7081688,1600,4,false,true
3793,3,70496,70496,7142436,7152184,7071940,7081688,1601,4,false,true
3794,0,70497,70497,7152184,7157580,7081687,7087083,1745,4,false,true
3795,0,70497,70497,7152184,7157580,7081687,7087083,1746,4,false,true
3796,0,70497,70497,7152184,7157580,7081687,7087083,1747,4,false,true
3797,0,70497,70497,7152184,7157580,7081687,7087083,1748,4,false,true
3798,0,70561,70561,7157580,7160416,7087019,7089855,1749,4,false,true
3799,0,70561,70561,7157580,7160416,7087019,7089855,1750,4,false,true
3800,0,70561,70561,7157580,7160416,7087019,7089855,1751,4,false,true
3801,0,70561,70561,7157580,7160416,7087019,7089855,1752,4,false,true
3802,3,70624,70624,7142436,7152184,7071812,7081560,1602,4,false,true
3803,3,70624,70624,7142436,7152184,7071812,7081560,1603,4,false,true
3804,3,70624,70624,7160416,7169652,7089792,7099028,1604,4,false,true
3805,3,70624,70624,7160416,7169652,7089792,7099028,1605,4,false,true
3806,3,70656,70656,7160416,7169652,7089760,7098996,1606,4,false,true
3807,3,70656,70656,7160416,7169652,7089760,7098996,1607,4,false,true
3808,3,70656,70656,7169652,7177864,7098996,7107208,1608,4,false,true
3809,3,70656,70656,7169652,7177864,7098996,7107208,1609,4,false,true
3810,3,70688,70688,7169652,7177864,7098964,7107176,1610,4,false,true
3811,3,70688,70688,7169652,7177864,7098964,7107176,1611,4,false,true
3812,3,70688,70688,7177864,7191708,7107176,7121020,1612,4,false,true
3813,3,70688,70688,7177864,7191708,7107176,7121020,1613,4,false,true
3814,3,70688,70688,7177864,7191708,7107176,7121020,1614,4,false,true
3815,3,70688,70688,7177864,7191708,7107176,7121020,1615,4,false,true
3816,3,70688,70688,7191708,7205040,7121020,7134352,1616,4,false,true
3817,3,70688,70688,7191708,7205040,7121020,7134352,1617,4,false,true
3818,3,70688,70688,7191708,7205040,7121020,7134352,1618,4,false,true
3819,3,70688,70688,7191708,7205040,7121020,7134352,1619,4,false,true
3820,3,70688,70688,7205040,7213252,7134352,7142564,1620,4,false,true
3821,3,70688,70688,7205040,7213252,7134352,7142564,1621,4,false,true
3822,3,70689,70689,7205040,7213252,7134351,7142563,1622,4,false,true
3823,3,70689,70689,7205040,7213252,7134351,7142563,1623,4,false,true
3824,3,70689,70689,7213252,7221464,7142563,7150775,1624,4,false,true
3825,3,70689,70689,7213252,7221464,7142563,7150775,1625,4,false,true
3826,0,70720,70720,7221464,7224300,7150744,7153580,1753,4,false,true
3827,0,70720,70720,7221464,7224300,7150744,7153580,1754,4,false,true
3828,0,70720,70720,7221464,7224300,7150744,7153580,1755,4,false,true
3829,0,70720,70720,7221464,7224300,7150744,7153580,1756,4,false,true
3830,3,70753,70753,7213252,7221464,7142499,7150711,1626,4,false,true
3831,3,70753,70753,7213252,7221464,7142499,7150711,1627,4,false,true
3832,3,70753,70753,7224300,7232512,7153547,7161759,1628,4,false,true
3833,3,70753,70753,7224300,7232512,7153547,7161759,1629,4,false,true
3834,3,70784,70784,7224300,7232512,7153516,7161728,1630,4,false,true
3835,3,70784,70784,7224300,7232512,7153516,7161728,1631,4,false,true
3836,3,70784,70784,7232512,7240724,7161728,7169940,1632,4,false,true
3837,3,70784,70784,7232512,7240724,7161728,7169940,1633,4,false,true
3838,3,70816,70816,7232512,7240724,7161696,7169908,1634,4,false,true
3839,3,70816,70816,7232512,7240724,7161696,7169908,1635,4,false,true
3840,3,70816,70816,7240724,7248936,7169908,7178120,1636,4,false,true
3841,3,70816,70816,7240724,7248936,7169908,7178120,1637,4,false,true
3842,3,70816,70816,7240724,7248936,7169908,7178120,1638,4,false,true
3843,3,70816,70816,7240724,7248936,7169908,7178120,1639,4,false,true
3844,3,70816,70816,7248936,7257148,7178120,7186332,1640,4,false,true
3845,3,70816,70816,7248936,7257148,7178120,7186332,1641,4,false,true
3846,3,70816,70816,7248936,7257148,7178120,7186332,1642,4,false,true
3847,3,70816,70816,7248936,7257148,7178120,7186332,1643,4,false,true
3848,3,70816,70816,7257148,7265360,7186332,7194544,1644,4,false,true
3849,3,70816,70816,7257148,7265360,7186332,7194544,1645,4,false,true
3850,3,70816,70816,7257148,7265360,7186332,7194544,1646,4,false,true
3851,3,70816,70816,7257148,7265360,7186332,7194544,1647,4,false,true
3852,3,70816,70816,7265360,7273572,7194544,7202756,1648,4,false,true
3853,3,70816,70816,7265360,7273572,7194544,7202756,1649,4,false,true
3854,3,70816,70816,7265360,7273572,7194544,7202756,1650,4,false,true
3855,3,70816,70816,7265360,7273572,7194544,7202756,1651,4,false,true
3856,3,70816,70816,7273572,7281784,7202756,7210968,1652,4,false,true
3857,3,70816,70816,7273572,7281784,7202756,7210968,1653,4,false,true
3858,3,70848,70848,7273572,7281784,7202724,7210936,1654,4,false,true
3859,3,70848,70848,7273572,7281784,7202724,7210936,1655,4,false,true
3860,3,70848,70848,7281784,7289996,7210936,7219148,1656,4,false,true
3861,3,70848,70848,7281784,7289996,7210936,7219148,1657,4,false,true
3862,3,70848,70848,7281784,7289996,7210936,7219148,1658,4,false,true
3863,3,70848,70848,7281784,7289996,7210936,7219148,1659,4,false,true
3864,3,70848,70848,7289996,7296672,7219148,7225824,1660,4,false,true
3865,3,70848,70848,7289996,7296672,7219148,7225824,1661,4,false,true
3866,3,70912,70912,7289996,7296672,7219084,7225760,1662,4,false,true
3867,3,70912,70912,7289996,7296672,7219084,7225760,1663,4,false,true
3868,3,70912,70912,7296672,7303092,7225760,7232180,1664,4,false,true
3869,3,70912,70912,7296672,7303092,7225760,7232180,1665,4,false,true
3870,0,70913,70913,7303092,7316680,7232179,7245767,1757,4,false,true
3871,0,70913,70913,7303092,7316680,7232179,7245767,1758,4,false,true
3872,0,70913,70913,7303092,7316680,7232179,7245767,1759,4,false,true
3873,0,70913,70913,7303092,7316680,7232179,7245767,1760,4,false,true
3874,0,70944,70944,7316680,7324892,7245736,7253948,1761,4,false,true
3875,0,70944,70944,7316680,7324892,7245736,7253948,1762,4,false,true
3876,0,70944,70944,7316680,7324892,7245736,7253948,1763,4,false,true
3877,0,70944,70944,7316680,7324892,7245736,7253948,1764,4,false,true
3878,3,70945,70945,7296672,7303092,7225727,7232147,1666,4,false,true
3879,3,70945,70945,7296672,7303092,7225727,7232147,1667,4,false,true
3880,3,70945,70945,7324892,7334640,7253947,7263695,1668,4,false,true
3881,3,70945,70945,7324892,7334640,7253947,7263695,1669,4,false,true
3882,3,70977,70977,7324892,7334640,7253915,7263663,1670,4,false,true
3883,3,70977,70977,7324892,7334640,7253915,7263663,1671,4,false,true
3884,3,70977,70977,7334640,7343876,7263663,7272899,1672,4,false,true
3885,3,70977,70977,7334640,7343876,7263663,7272899,1673,4,false,true
3886,3,71008,71008,7334640,7343876,7263632,7272868,1674,4,false,true
3887,3,71008,71008,7334640,7343876,7263632,7272868,1675,4,false,true
3888,3,71008,71008,7343876,7353624,7272868,7282616,1676,4,false,true
3889,3,71008,71008,7343876,7353624,7272868,7282616,1677,4,false,true
3890,3,71008,71008,7343876,7353624,7272868,7282616,1678,4,false,true
3891,3,71008,71008,7343876,7353624,7272868,7282616,1679,4,false,true
3892,3,71008,71008,7353624,7363116,7282616,7292108,1680,4,false,true
3893,3,71008,71008,7353624,7363116,7282616,7292108,1681,4,false,true
3894,3,71008,71008,7353624,7363116,7282616,7292108,1682,4,false,true
3895,3,71008,71008,7353624,7363116,7282616,7292108,1683,4,false,true
3896,3,71008,71008,7363116,7371328,7292108,7300320,1684,4,false,true
3897,3,71008,71008,7363116,7371328,7292108,7300320,1685,4,false,true
3898,3,71008,71008,7363116,7371328,7292108,7300320,1686,4,false,true
3899,3,71008,71008,7363116,7371328,7292108,7300320,1687,4,false,true
3900,3,71008,71008,7371328,7381076,7300320,7310068,1688,4,false,true
3901,3,71008,71008,7371328,7381076,7300320,7310068,1689,4,false,true
3902,3,71072,71072,7371328,7381076,7300256,7310004,1690,4,false,true
3903,3,71072,71072,7371328,7381076,7300256,7310004,1691,4,false,true
3904,3,71072,71072,7381076,7390312,7310004,7319240,1692,4,false,true
3905,3,71072,71072,7381076,7390312,7310004,7319240,1693,4,false,true
3906,3,71072,71072,7381076,7390312,7310004,7319240,1694,4,false,true
3907,3,71072,71072,7381076,7390312,7310004,7319240,1695,4,false,true
3908,3,71072,71072,7390312,7398524,7319240,7327452,1696,4,false,true
3909,3,71072,71072,7390312,7398524,7319240,7327452,1697,4,false,true
3910,3,71072,71072,7390312,7398524,7319240,7327452,1698,4,false,true
3911,3,71072,71072,7390312,7398524,7319240,7327452,1699,4,false,true
3912,3,71072,71072,7398524,7406736,7327452,7335664,1700,4,false,true
3913,3,71072,71072,7398524,7406736,7327452,7335664,1701,4,false,true
3914,3,71136,71136,7398524,7406736,7327388,7335600,1702,4,false,true
3915,3,71136,71136,7398524,7406736,7327388,7335600,1703,4,false,true
3916,3,71136,71136,7406736,7414948,7335600,7343812,1704,4,false,true
3917,3,71136,71136,7406736,7414948,7335600,7343812,1705,4,false,true
3918,3,71200,71200,7406736,7414948,7335536,7343748,1706,4,false,true
3919,3,71200,71200,7406736,7414948,7335536,7343748,1707,4,false,true
3920,3,71200,71200,7414948,7424696,7343748,7353496,1708,4,false,true
3921,3,71200,71200,7414948,7424696,7343748,7353496,1709,4,false,true
3922,3,71200,71200,7414948,7424696,7343748,7353496,1710,4,false,true
3923,3,71200,71200,7414948,7424696,7343748,7353496,1711,4,false,true
3924,3,71200,71200,7424696,7435468,7353496,7364268,1712,4,false,true
3925,3,71200,71200,7424696,7435468,7353496,7364268,1713,4,false,true
3926,3,71200,71200,7424696,7435468,7353496,7364268,1714,4,false,true
3927,3,71200,71200,7424696,7435468,7353496,7364268,1715,4,false,true
3928,3,71200,71200,7435468,7446240,7364268,7375040,1716,4,false,true
3929,3,71200,71200,7435468,7446240,7364268,7375040,1717,4,false,true
3930,3,71232,71232,7435468,7446240,7364236,7375008,1718,4,false,true
3931,3,71232,71232,7435468,7446240,7364236,7375008,1719,4,false,true
3932,3,71232,71232,7446240,7455732,7375008,7384500,1720,4,false,true
3933,3,71232,71232,7446240,7455732,7375008,7384500,1721,4,false,true
3934,3,71232,71232,7446240,7455732,7375008,7384500,1722,4,false,true
3935,3,71232,71232,7446240,7455732,7375008,7384500,1723,4,false,true
3936,3,71232,71232,7455732,7463944,7384500,7392712,1724,4,false,true
3937,3,71232,71232,7455732,7463944,7384500,7392712,1725,4,false,true
3938,3,71264,71264,7455732,7463944,7384468,7392680,1726,4,false,true
3939,3,71264,71264,7455732,7463944,7384468,7392680,1727,4,false,true
3940,3,71264,71264,7463944,7472156,7392680,7400892,1728,4,false,true
3941,3,71264,71264,7463944,7472156,7392680,7400892,1729,4,false,true
3942,3,71264,71264,7463944,7472156,7392680,7400892,1730,4,false,true
3943,3,71264,71264,7463944,7472156,7392680,7400892,1731,4,false,true
3944,3,71264,71264,7472156,7480368,7400892,7409104,1732,4,false,true
3945,3,71264,71264,7472156,7480368,7400892,7409104,1733,4,false,true
3946,3,71265,71265,7472156,7480368,7400891,7409103,1734,4,false,true
3947,3,71265,71265,7472156,7480368,7400891,7409103,1735,4,false,true
3948,3,71265,71265,7480368,7488580,7409103,7417315,1736,4,false,true
3949,3,71265,71265,7480368,7488580,7409103,7417315,1737,4,false,true
3950,3,71265,71265,7480368,7488580,7409103,7417315,1738,4,false,true
3951,3,71265,71265,7480368,7488580,7409103,7417315,1739,4,false,true
3952,3,71265,71265,7488580,7496792,7417315,7425527,1740,4,false,true
3953,3,71265,71265,7488580,7496792,7417315,7425527,1741,4,false,true
3954,3,71296,71296,7488580,7496792,7417284,7425496,1742,4,false,true
3955,3,71296,71296,7488580,7496792,7417284,7425496,1743,4,false,true
3956,3,71296,71296,7496792,7505004,7425496,7433708,1744,4,false,true
3957,3,71296,71296,7496792,7505004,7425496,7433708,1745,4,false,true
3958,3,71296,71296,7496792,7505004,7425496,7433708,1746,4,false,true
3959,3,71296,71296,7496792,7505004,7425496,7433708,1747,4,false,true
3960,3,71296,71296,7505004,7513216,7433708,7441920,1748,4,false,true
3961,3,71296,71296,7505004,7513216,7433708,7441920,1749,4,false,true
3962,0,71328,71328,7513216,7516052,7441888,7444724,1765,4,false,true
3963,0,71328,71328,7513216,7516052,7441888,7444724,1766,4,false,true
3964,0,71328,71328,7513216,7516052,7441888,7444724,1767,4,false,true
3965,0,71328,71328,7513216,7516052,7441888,7444724,1768,4,false,true
3966,3,71360,71360,7505004,7513216,7433644,7441856,1750,4,false,true
3967,3,71360,71360,7505004,7513216,7433644,7441856,1751,4,false,true
3968,3,71360,71360,7516052,7524264,7444692,7452904,1752,4,false,true
3969,3,71360,71360,7516052,7524264,7444692,7452904,1753,4,false,true
3970,0,71392,71392,7524264,7532476,7452872,7461084,1769,4,false,true
3971,0,71392,71392,7524264,7532476,7452872,7461084,1770,4,false,true
3972,0,71392,71392,7524264,7532476,7452872,7461084,1771,4,false,true
3973,0,71392,71392,7524264,7532476,7452872,7461084,1772,4,false,true
3974,3,71456,71456,7516052,7524264,7444596,7452808,1754,4,false,true
3975,3,71456,71456,7516052,7524264,7444596,7452808,1755,4,false,true
3976,3,71456,71456,7532476,7540688,7461020,7469232,1756,4,false,true
3977,3,71456,71456,7532476,7540688,7461020,7469232,1757,4,false,true
3978,3,71456,71456,7532476,7540688,7461020,7469232,1758,4,false,true
3979,3,71456,71456,7532476,7540688,7461020,7469232,1759,4,false,true
3980,3,71456,71456,7540688,7548900,7469232,7477444,1760,4,false,true
3981,3,71456,71456,7540688,7548900,7469232,7477444,1761,4,false,true
3982,3,71488,71488,7540688,7548900,7469200,7477412,1762,4,false,true
3983,3,71488,71488,7540688,7548900,7469200,7477412,1763,4,false,true
3984,3,71488,71488,7548900,7557112,7477412,7485624,1764,4,false,true
3985,3,71488,71488,7548900,7557112,7477412,7485624,1765,4,false,true
3986,0,71489,71489,7557112,7562508,7485623,7491019,1773,4,false,true
3987,0,71489,71489,7557112,7562508,7485623,7491019,1774,4,false,true
3988,0,71489,71489,7557112,7562508,7485623,7491019,1775,4,false,true
3989,0,71489,71489,7557112,7562508,7485623,7491019,1776,4,false,true
3990,3,71553,71553,7548900,7557112,7477347,7485559,1766,4,false,true
3991,3,71553,71553,7548900,7557112,7477347,7485559,1767,4,false,true
3992,3,71553,71553,7562508,7570720,7490955,7499167,1768,4,false,true
3993,3,71553,71553,7562508,7570720,7490955,7499167,1769,4,false,true
3994,3,71584,71584,7562508,7570720,7490924,7499136,1770,4,false,true
3995,3,71584,71584,7562508,7570720,7490924,7499136,1771,4,false,true
3996,3,71584,71584,7570720,7578932,7499136,7507348,1772,4,false,true
3997,3,71584,71584,7570720,7578932,7499136,7507348,1773,4,false,true
3998,3,71584,71584,7570720,7578932,7499136,7507348,1774,4,false,true
3999,3,71584,71584,7570720,7578932,7499136,7507348,1775,4,false,true
4000,3,71584,71584,7578932,7587144,7507348,7515560,1776,4,false,true
4001,3,71584,71584,7578932,7587144,7507348,7515560,1777,4,false,true
4002,3,71616,71616,7578932,7587144,7507316,7515528,1778,4,false,true
4003,3,71616,71616,7578932,7587144,7507316,7515528,1779,4,false,true
4004,3,71616,71616,7587144,7595356,7515528,7523740,1780,4,false,true
4005,3,71616,71616,7587144,7595356,7515528,7523740,1781,4,false,true
4006,0,71648,71648,7595356,7603568,7523708,7531920,1777,4,false,true
4007,0,71648,71648,7595356,7603568,7523708,7531920,1778,4,false,true
4008,0,71648,71648,7595356,7603568,7523708,7531920,1779,4,false,true
4009,0,71648,71648,7595356,7603568,7523708,7531920,1780,4,false,true
4010,3,71648,71648,7587144,7595356,7515496,7523708,1782,4,false,true
4011,3,71648,71648,7587144,7595356,7515496,7523708,1783,4,false,true
4012,3,71648,71648,7603568,7611780,7531920,7540132,1784,4,false,true
4013,3,71648,71648,7603568,7611780,7531920,7540132,1785,4,false,true
4014,0,71649,71649,7611780,7614616,7540131,7542967,1781,4,false,true
4015,0,71649,71649,7611780,7614616,7540131,7542967,1782,4,false,true
4016,0,71649,71649,7611780,7614616,7540131,7542967,1783,4,false,true
4017,0,71649,71649,7611780,7614616,7540131,7542967,1784,4,false,true
4018,3,71712,71712,7603568,7611780,7531856,7540068,1786,4,false,true
4019,3,71712,71712,7603568,7611780,7531856,7540068,1787,4,false,true
4020,3,71712,71712,7614616,7621292,7542904,7549580,1788,4,false,true
4021,3,71712,71712,7614616,7621292,7542904,7549580,1789,4,false,true
4022,3,71712,71712,7614616,7621292,7542904,7549580,1790,4,false,true
4023,3,71712,71712,7614616,7621292,7542904,7549580,1791,4,false,true
4024,3,71712,71712,7621292,7627712,7549580,7556000,1792,4,false,true
4025,3,71712,71712,7621292,7627712,7549580,7556000,1793,4,false,true
4026,3,71713,71713,7621292,7627712,7549579,7555999,1794,4,false,true
4027,3,71713,71713,7621292,7627712,7549579,7555999,1795,4,false,true
4028,3,71713,71713,7627712,7635924,7555999,7564211,1796,4,false,true
4029,3,71713,71713,7627712,7635924,7555999,7564211,1797,4,false,true
4030,3,71777,71777,7627712,7635924,7555935,7564147,1798,4,false,true
4031,3,71777,71777,7627712,7635924,7555935,7564147,1799,4,false,true
4032,3,71777,71777,7635924,7644136,7564147,7572359,1800,4,false,true
4033,3,71777,71777,7635924,7644136,7564147,7572359,1801,4,false,true
4034,3,71937,71937,7635924,7644136,7563987,7572199,1802,4,false,true
4035,3,71937,71937,7635924,7644136,7563987,7572199,1803,4,false,true
4036,3,71937,71937,7644136,7652348,7572199,7580411,1804,4,false,true
4037,3,71937,71937,7644136,7652348,7572199,7580411,1805,4,false,true
4038,0,71968,71968,7652348,7657744,7580380,7585776,1785,4,false,true
4039,0,71968,71968,7652348,7657744,7580380,7585776,1786,4,false,true
4040,0,71968,71968,7652348,7657744,7580380,7585776,1787,4,false,true
4041,0,71968,71968,7652348,7657744,7580380,7585776,1788,4,false,true
4042,0,72128,72128,7657744,7660580,7585616,7588452,1789,4,false,true
4043,0,72128,72128,7657744,7660580,7585616,7588452,1790,4,false,true
4044,0,72128,72128,7657744,7660580,7585616,7588452,1791,4,false,true
4045,0,72128,72128,7657744,7660580,7585616,7588452,1792,4,false,true
4046,3,72128,72128,7644136,7652348,7572008,7580220,1806,4,false,true
4047,3,72128,72128,7644136,7652348,7572008,7580220,1807,4,false,true
4048,3,72128,72128,7660580,7670328,7588452,7598200,1808,4,false,true
4049,3,72128,72128,7660580,7670328,7588452,7598200,1809,4,false,true
4050,3,72129,72129,7660580,7670328,7588451,7598199,1810,4,false,true
4051,3,72129,72129,7660580,7670328,7588451,7598199,1811,4,false,true
4052,3,72129,72129,7670328,7679564,7598199,7607435,1812,4,false,true
4053,3,72129,72129,7670328,7679564,7598199,7607435,1813,4,false,true
4054,3,72192,72192,7670328,7679564,7598136,7607372,1814,4,false,true
4055,3,72192,72192,7670328,7679564,7598136,7607372,1815,4,false,true
4056,3,72192,72192,7679564,7689312,7607372,7617120,1816,4,false,true
4057,3,72192,72192,7679564,7689312,7607372,7617120,1817,4,false,true
4058,1,72288,72288,7689312,7694708,7617024,7622420,212,4,false,true
4059,1,72288,72288,7689312,7694708,7617024,7622420,213,4,false,true
4060,1,72288,72288,7689312,7694708,7617024,7622420,214,4,false,true
4061,1,72288,72288,7689312,7694708,7617024,7622420,215,4,false,true
4062,0,72352,72352,7694708,7697544,7622356,7625192,1793,4,false,true
4063,0,72352,72352,7694708,7697544,7622356,7625192,1794,4,false,true
4064,0,72352,72352,7694708,7697544,7622356,7625192,1795,4,false,true
4065,0,72352,72352,7694708,7697544,7622356,7625192,1796,4,false,true
4066,3,72352,72352,7679564,7689312,7607212,7616960,1818,4,false,true
4067,3,72352,72352,7679564,7689312,7607212,7616960,1819,4,false,true
4068,3,72352,72352,7697544,7706780,7625192,7634428,1820,4,false,true
4069,3,72352,72352,7697544,7706780,7625192,7634428,1821,4,false,true
4070,3,72384,72384,7697544,7706780,7625160,7634396,1822,4,false,true
4071,3,72384,72384,7697544,7706780,7625160,7634396,1823,4,false,true
4072,3,72384,72384,7706780,7716528,7634396,7644144,1824,4,false,true
4073,3,72384,72384,7706780,7716528,7634396,7644144,1825,4,false,true
4074,0,72448,72448,7716528,7724740,7644080,7652292,1797,4,false,true
4075,0,72448,72448,7716528,7724740,7644080,7652292,1798,4,false,true
4076,0,72448,72448,7716528,7724740,7644080,7652292,1799,4,false,true
4077,0,72448,72448,7716528,7724740,7644080,7652292,1800,4,false,true
4078,3,72480,72480,7706780,7716528,7634300,7644048,1826,4,false,true
4079,3,72480,72480,7706780,7716528,7634300,7644048,1827,4,false,true
4080,3,72480,72480,7724740,7734232,7652260,7661752,1828,4,false,true
4081,3,72480,72480,7724740,7734232,7652260,7661752,1829,4,false,true
4082,3,72768,72768,7724740,7734232,7651972,7661464,1830,4,false,true
4083,3,72768,72768,7724740,7734232,7651972,7661464,1831,4,false,true
4084,3,72768,72768,7734232,7742444,7661464,7669676,1832,4,false,true
4085,3,72768,72768,7734232,7742444,7661464,7669676,1833,4,false,true
4086,3,72928,72928,7734232,7742444,7661304,7669516,1834,4,false,true
4087,3,72928,72928,7734232,7742444,7661304,7669516,1835,4,false,true
4088,3,72928,72928,7750656,7757588,7677728,7684660,1836,4,false,true
4089,3,72928,72928,7750656,7757588,7677728,7684660,1837,4,false,true
4090,0,72928,72928,7742444,7750656,7669516,7677728,1801,4,false,true
4091,0,72928,72928,7742444,7750656,7669516,7677728,1802,4,false,true
4092,0,72928,72928,7742444,7750656,7669516,7677728,1803,4,false,true
4093,0,72928,72928,7742444,7750656,7669516,7677728,1804,4,false,true
4094,3,73024,73024,7750656,7757588,7677632,7684564,1838,4,false,true
4095,3,73024,73024,7750656,7757588,7677632,7684564,1839,4,false,true
4096,3,73024,73024,7757588,7764264,7684564,7691240,1840,4,false,true
4097,3,73024,73024,7757588,7764264,7684564,7691240,1841,4,false,true
4098,3,73025,73025,7757588,7764264,7684563,7691239,1842,4,false,true
4099,3,73025,73025,7757588,7764264,7684563,7691239,1843,4,false,true
4100,3,73025,73025,7764264,7772476,7691239,7699451,1844,4,false,true
4101,3,73025,73025,7764264,7772476,7691239,7699451,1845,4,false,true
4102,3,73121,73121,7764264,7772476,7691143,7699355,1846,4,false,true
4103,3,73121,73121,7764264,7772476,7691143,7699355,1847,4,false,true
4104,3,73121,73121,7772476,7780688,7699355,7707567,1848,4,false,true
4105,3,73121,73121,7772476,7780688,7699355,7707567,1849,4,false,true
4106,0,73248,73248,7780688,7783524,7707440,7710276,1805,4,false,true
4107,0,73248,73248,7780688,7783524,7707440,7710276,1806,4,false,true
4108,0,73248,73248,7780688,7783524,7707440,7710276,1807,4,false,true
4109,0,73248,73248,7780688,7783524,7707440,7710276,1808,4,false,true
4110,3,73344,73344,7772476,7780688,7699132,7707344,1850,4,false,true
4111,3,73344,73344,7772476,7780688,7699132,7707344,1851,4,false,true
4112,3,73344,73344,7783524,7793272,7710180,7719928,1852,4,false,true
4113,3,73344,73344,7783524,7793272,7710180,7719928,1853,4,false,true
4114,3,73408,73408,7783524,7793272,7710116,7719864,1854,4,false,true
4115,3,73408,73408,7783524,7793272,7710116,7719864,1855,4,false,true
4116,3,73408,73408,7793272,7802508,7719864,7729100,1856,4,false,true
4117,3,73408,73408,7793272,7802508,7719864,7729100,1857,4,false,true
4118,3,74048,74048,7793272,7802508,7719224,7728460,1858,4,false,true
4119,3,74048,74048,7793272,7802508,7719224,7728460,1859,4,false,true
4120,3,74048,74048,7802508,7810720,7728460,7736672,1860,4,false,true
4121,3,74048,74048,7802508,7810720,7728460,7736672,1861,4,false,true
4122,3,74144,74144,7802508,7810720,7728364,7736576,1862,4,false,true
4123,3,74144,74144,7802508,7810720,7728364,7736576,1863,4,false,true
4124,3,74144,74144,7810720,7818932,7736576,7744788,1864,4,false,true
4125,3,74144,74144,7810720,7818932,7736576,7744788,1865,4,false,true
4126,3,74464,74464,7810720,7818932,7736256,7744468,1866,4,false,true
4127,3,74464,74464,7810720,7818932,7736256,7744468,1867,4,false,true
4128,3,74464,74464,7818932,7827144,7744468,7752680,1868,4,false,true
4129,3,74464,74464,7818932,7827144,7744468,7752680,1869,4,false,true
4130,3,74592,74592,7818932,7827144,7744340,7752552,1870,4,false,true
4131,3,74592,74592,7818932,7827144,7744340,7752552,1871,4,false,true
4132,3,74592,74592,7827144,7835356,7752552,7760764,1872,4,false,true
4133,3,74592,74592,7827144,7835356,7752552,7760764,1873,4,false,true
4134,0,74657,74657,7835356,7843568,7760699,7768911,1809,4,false,true
4135,0,74657,74657,7835356,7843568,7760699,7768911,1810,4,false,true
4136,0,74657,74657,7835356,7843568,7760699,7768911,1811,4,false,true
4137,0,74657,74657,7835356,7843568,7760699,7768911,1812,4,false,true
4138,0,75104,75104,7843568,7846404,7768464,7771300,1813,4,false,true
4139,0,75104,75104,7843568,7846404,7768464,7771300,1814,4,false,true
4140,0,75104,75104,7843568,7846404,7768464,7771300,1815,4,false,true
4141,0,75104,75104,7843568,7846404,7768464,7771300,1816,4,false,true
4142,3,75328,75328,7827144,7835356,7751816,7760028,1874,4,false,true
4143,3,75328,75328,7827144,7835356,7751816,7760028,1875,4,false,true
4144,3,75328,75328,7846404,7854616,7771076,7779288,1876,4,false,true
4145,3,75328,75328,7846404,7854616,7771076,7779288,1877,4,false,true
4146,3,76096,76096,7846404,7854616,7770308,7778520,1878,4,false,true
4147,3,76096,76096,7846404,7854616,7770308,7778520,1879,4,false,true
4148,3,76096,76096,7854616,7864364,7778520,7788268,1880,4,false,true
4149,3,76096,76096,7854616,7864364,7778520,7788268,1881,4,false,true
4150,3,76448,76448,7854616,7864364,7778168,7787916,1882,4,false,true
4151,3,76448,76448,7854616,7864364,7778168,7787916,1883,4,false,true
4152,3,76448,76448,7864364,7873600,7787916,7797152,1884,4,false,true
4153,3,76448,76448,7864364,7873600,7787916,7797152,1885,4,false,true
4154,0,79457,79457,7873600,7876436,7794143,7796979,1817,4,false,true
4155,0,79457,79457,7873600,7876436,7794143,7796979,1818,4,false,true
4156,0,79457,79457,7873600,7876436,7794143,7796979,1819,4,false,true
4157,0,79457,79457,7873600,7876436,7794143,7796979,1820,4,false,true
4158,0,89824,89824,7876436,7879272,7786612,7789448,1821,4,false,true
4159,0,89824,89824,7876436,7879272,7786612,7789448,1822,4,false,true
4160,0,89824,89824,7876436,7879272,7786612,7789448,1823,4,false,true
4161,0,89824,89824,7876436,7879272,7786612,7789448,1824,4,false,true
4162,0,91297,91297,7879272,7884668,7787975,7793371,1825,4,false,true
4163,0,91297,91297,7879272,7884668,7787975,7793371,1826,4,false,true
4164,0,91297,91297,7879272,7884668,7787975,7793371,1827,4,false,true
4165,0,91297,91297,7879272,7884668,7787975,7793371,1828,4,false,true
4166,0,93505,93505,7884668,7887504,7791163,7793999,1829,4,false,true
4167,0,93505,93505,7884668,7887504,7791163,7793999,1830,4,false,true
4168,0,93505,93505,7884668,7887504,7791163,7793999,1831,4,false,true
4169,0,93505,93505,7884668,7887504,7791163,7793999,1832,4,false,true
4170,0,95361,95361,7887504,7895716,7792143,7800355,1833,4,false,true
4171,0,95361,95361,7887504,7895716,7792143,7800355,1834,4,false,true
4172,0,95361,95361,7887504,7895716,7792143,7800355,1835,4,false,true
4173,0,95361,95361,7887504,7895716,7792143,7800355,1836,4,false,true
4174,0,95552,95552,7895716,7901112,7800164,7805560,1837,4,false,true
4175,0,95552,95552,7895716,7901112,7800164,7805560,1838,4,false,true
4176,0,95552,95552,7895716,7901112,7800164,7805560,1839,4,false,true
4177,0,95552,95552,7895716,7901112,7800164,7805560,1840,4,false,true
4178,0,95744,95744,7901112,7906508,7805368,7810764,1841,4,false,true
4179,0,95744,95744,7901112,7906508,7805368,7810764,1842,4,false,true
4180,0,95744,95744,7901112,7906508,7805368,7810764,1843,4,false,true
4181,0,95744,95744,7901112,7906508,7805368,7810764,1844,4,false,true
4182,0,95872,95872,7906508,7914720,7810636,7818848,1845,4,false,true
4183,0,95872,95872,7906508,7914720,7810636,7818848,1846,4,false,true
4184,0,95872,95872,7906508,7914720,7810636,7818848,1847,4,false,true
4185,0,95872,95872,7906508,7914720,7810636,7818848,1848,4,false,true
4186,0,96129,96129,7914720,7928308,7818591,7832179,1849,4,false,true
4187,0,96129,96129,7914720,7928308,7818591,7832179,1850,4,false,true
4188,0,96129,96129,7914720,7928308,7818591,7832179,1851,4,false,true
4189,0,96129,96129,7914720,7928308,7818591,7832179,1852,4,false,true
4190,1,96736,96736,7928308,7933704,7831572,7836968,208,4,false,true
4191,1,96736,96736,7928308,7933704,7831572,7836968,209,4,false,true
4192,1,96736,96736,7928308,7933704,7831572,7836968,210,4,false,true
4193,1,96736,96736,7928308,7933704,7831572,7836968,211,4,false,true
4194,0,96992,96992,7933704,7936540,7836712,7839548,1853,4,false,true
4195,0,96992,96992,7933704,7936540,7836712,7839548,1854,4,false,true
4196,0,96992,96992,7933704,7936540,7836712,7839548,1855,4,false,true
4197,0,96992,96992,7933704,7936540,7836712,7839548,1856,4,false,true
4198,0,96992,96992,7936540,7939376,7839548,7842384,1857,4,false,true
4199,0,96992,96992,7936540,7939376,7839548,7842384,1858,4,false,true
4200,0,96992,96992,7936540,7939376,7839548,7842384,1859,4,false,true
4201,0,96992,96992,7936540,7939376,7839548,7842384,1860,4,false,true
4202,0,97120,97120,7939376,7942212,7842256,7845092,1861,4,false,true
4203,0,97120,97120,7939376,7942212,7842256,7845092,1862,4,false,true
4204,0,97120,97120,7939376,7942212,7842256,7845092,1863,4,false,true
4205,0,97120,97120,7939376,7942212,7842256,7845092,1864,4,false,true
4206,0,98240,98240,7942212,7945048,7843972,7846808,1865,4,false,true
4207,0,98240,98240,7942212,7945048,7843972,7846808,1866,4,false,true
4208,0,98240,98240,7942212,7945048,7843972,7846808,1867,4,false,true
4209,0,98240,98240,7942212,7945048,7843972,7846808,1868,4,false,true
4210,0,100641,100641,7945048,7953260,7844407,7852619,1869,4,false,true
4211,0,100641,100641,7945048,7953260,7844407,7852619,1870,4,false,true
4212,0,100641,100641,7945048,7953260,7844407,7852619,1871,4,false,true
4213,0,100641,100641,7945048,7953260,7844407,7852619,1872,4,false,true
4214,0,102625,102625,7953260,7961216,7850635,7858591,1873,4,false,true
4215,0,102625,102625,7953260,7961216,7850635,7858591,1874,4,false,true
4216,0,102625,102625,7953260,7961216,7850635,7858591,1875,4,false,true
4217,0,102625,102625,7953260,7961216,7850635,7858591,1876,4,false,true
4218,0,104289,104289,7961216,7966612,7856927,7862323,1877,4,false,true
4219,0,104289,104289,7961216,7966612,7856927,7862323,1878,4,false,true
4220,0,104289,104289,7961216,7966612,7856927,7862323,1879,4,false,true
4221,0,104289,104289,7961216,7966612,7856927,7862323,1880,4,false,true
4222,2,128033,128033,6241320,6256188,6113287,6128155,215,4,false,true
4223,2,128033,128033,7966612,7988648,7838579,7860615,216,4,false,true
4224,2,128033,128033,7966612,7988648,7838579,7860615,217,4,false,true
4225,2,128033,128033,7966612,7988648,7838579,7860615,218,4,false,true
4226,1,128738,128738,7988648,7999420,7859910,7870682,196,4,false,true
4227,1,128738,128738,7988648,7999420,7859910,7870682,197,4,false,true
4228,1,128738,128738,7988648,7999420,7859910,7870682,198,4,false,true
4229,1,128738,128738,7988648,7999420,7859910,7870682,199,4,false,true
4230,1,129504,129504,7999420,8013008,7869916,7883504,200,4,false,true
4231,1,129504,129504,7999420,8013008,7869916,7883504,201,4,false,true
4232,1,129504,129504,7999420,8013008,7869916,7883504,202,4,false,true
4233,1,129504,129504,7999420,8013008,7869916,7883504,203,4,false,true
4234,1,129569,129569,8013008,8029668,7883439,7900099,204,4,false,true
4235,1,129569,129569,8013008,8029668,7883439,7900099,205,4,false,true
4236,1,129569,129569,8013008,8029668,7883439,7900099,206,4,false,true
4237,1,129569,129569,8013008,8029668,7883439,7900099,207,4,false,true
4238,1,129569,129569,8029668,8040440,7900099,7910871,208,4,false,true
4239,1,129569,129569,8029668,8040440,7900099,7910871,209,4,false,true
4240,1,129569,129569,8029668,8040440,7900099,7910871,210,4,false,true
4241,1,129569,129569,8029668,8040440,7900099,7910871,211,4,false,true
4242,1,129728,129728,8040440,8054028,7910712,7924300,212,4,false,true
4243,1,129728,129728,8040440,8054028,7910712,7924300,213,4,false,true
4244,1,129728,129728,8040440,8054028,7910712,7924300,214,4,false,true
4245,1,129728,129728,8040440,8054028,7910712,7924300,215,4,false,true
4246,1,129857,129857,8054028,8064800,7924171,7934943,216,4,false,true
4247,1,129857,129857,8054028,8064800,7924171,7934943,217,4,false,true
4248,1,129857,129857,8054028,8064800,7924171,7934943,218,4,false,true
4249,1,129857,129857,8054028,8064800,7924171,7934943,219,4,false,true
4250,1,129985,129985,8064800,8075572,7934815,7945587,220,4,false,true
4251,1,129985,129985,8064800,8075572,7934815,7945587,221,4,false,true
4252,1,129985,129985,8064800,8075572,7934815,7945587,222,4,false,true
4253,1,129985,129985,8064800,8075572,7934815,7945587,223,4,false,true
4254,2,130145,130145,7966612,7988648,7836467,7858503,219,4,false,true
4255,2,130145,130145,8075572,8091208,7945427,7961063,220,4,false,true
4256,2,130145,130145,8075572,8091208,7945427,7961063,221,4,false,true
4257,2,130145,130145,8075572,8091208,7945427,7961063,222,4,false,true
4258,2,130176,130176,8075572,8091208,7945396,7961032,223,4,false,true
4259,2,130176,130176,8091208,8110172,7961032,7979996,224,4,false,true
4260,2,130176,130176,8091208,8110172,7961032,7979996,225,4,false,true
4261,2,130176,130176,8091208,8110172,7961032,7979996,226,4,false,true
4262,1,130273,130273,8110172,8120944,7979899,7990671,224,4,false,true
4263,1,130273,130273,8110172,8120944,7979899,7990671,225,4,false,true
4264,1,130273,130273,8110172,8120944,7979899,7990671,226,4,false,true
4265,1,130273,130273,8110172,8120944,7979899,7990671,227,4,false,true
4266,1,130273,130273,8120944,8126852,7990671,7996579,228,3,false,true
4267,2,130305,130305,8091208,8110172,7960903,7979867,227,4,false,true
4268,2,130305,130305,8126852,8139160,7996547,8008855,228,4,false,true
4269,2,130305,130305,8126852,8139160,7996547,8008855,229,4,false,true
4270,2,130305,130305,8126852,8139160,7996547,8008855,230,4,false,true
4271,1,130400,130400,8120944,8126852,7990544,7996452,229,3,false,true
4272,1,130400,130400,8120944,8126852,7990544,7996452,230,3,false,true
4273,1,130400,130400,8139160,8150956,8008760,8020556,231,4,false,true
4274,1,130400,130400,8139160,8150956,8008760,8020556,232,4,false,true
4275,0,130401,130401,8150956,8153024,8020555,8022623,1881,4,false,true
4276,2,130496,130496,8126852,8139160,7996356,8008664,231,4,false,true
4277,2,130496,130496,8153024,8170964,8022528,8040468,232,4,false,true
4278,2,130496,130496,8153024,8170964,8022528,8040468,233,4,false,true
4279,2,130496,130496,8153024,8170964,8022528,8040468,234,4,false,true
4280,1,130528,130528,8139160,8150956,8008632,8020428,233,4,false,true
4281,1,130528,130528,8139160,8150956,8008632,8020428,234,4,false,true
4282,1,130528,130528,8170964,8183272,8040436,8052744,235,4,false,true
4283,1,130528,130528,8170964,8183272,8040436,8052744,236,4,false,true
4284,1,130560,130560,8170964,8183272,8040404,8052712,237,4,false,true
4285,1,130560,130560,8170964,8183272,8040404,8052712,238,4,false,true
4286,1,130560,130560,8183272,8194044,8052712,8063484,239,4,false,true
4287,1,130560,130560,8183272,8194044,8052712,8063484,240,4,false,true
4288,1,130625,130625,8183272,8194044,8052647,8063419,241,4,false,true
4289,1,130625,130625,8183272,8194044,8052647,8063419,242,4,false,true
4290,1,130625,130625,8194044,8199440,8063419,8068815,243,3,false,true
4291,1,130625,130625,8194044,8199440,8063419,8068815,244,3,false,true
4292,1,130625,130625,8194044,8199440,8063419,8068815,245,3,false,true
4293,1,130689,130689,8199440,8210212,8068751,8079523,246,4,false,true
4294,1,130689,130689,8199440,8210212,8068751,8079523,247,4,false,true
4295,1,130689,130689,8199440,8210212,8068751,8079523,248,4,false,true
4296,1,130689,130689,8199440,8210212,8068751,8079523,249,4,false,true
4297,2,130754,130754,8153024,8170964,8022270,8040210,235,4,false,true
4298,2,130754,130754,8210212,8230712,8079458,8099958,236,4,false,true
4299,2,130754,130754,8210212,8230712,8079458,8099958,237,4,false,true
4300,2,130754,130754,8210212,8230712,8079458,8099958,238,4,false,true
4301,1,130816,130816,8230712,8241484,8099896,8110668,250,4,false,true
4302,1,130816,130816,8230712,8241484,8099896,8110668,251,4,false,true
4303,1,130816,130816,8230712,8241484,8099896,8110668,252,4,false,true
4304,1,130816,130816,8230712,8241484,8099896,8110668,253,4,false,true
4305,1,130880,130880,8241484,8252256,8110604,8121376,254,4,false,true
4306,1,130880,130880,8241484,8252256,8110604,8121376,255,4,false,true
4307,1,130880,130880,8241484,8252256,8110604,8121376,256,4,false,true
4308,1,130880,130880,8241484,8252256,8110604,8121376,257,4,false,true
4309,2,130944,130944,8210212,8230712,8079268,8099768,239,4,false,true
4310,2,130944,130944,8252256,8268916,8121312,8137972,240,4,false,true
4311,2,130944,130944,8252256,8268916,8121312,8137972,241,4,false,true
4312,2,130944,130944,8252256,8268916,8121312,8137972,242,4,false,true
4313,2,130945,130945,8252256,8268916,8121311,8137971,243,4,false,true
4314,2,130945,130945,8268916,8281224,8137971,8150279,244,3,false,true
4315,2,130945,130945,8268916,8281224,8137971,8150279,245,3,false,true
4316,2,130945,130945,8268916,8281224,8137971,8150279,246,3,false,true
4317,1,130976,130976,8281224,8294812,8150248,8163836,258,4,false,true
4318,1,130976,130976,8281224,8294812,8150248,8163836,259,4,false,true
4319,1,130976,130976,8281224,8294812,8150248,8163836,260,4,false,true
4320,1,130976,130976,8281224,8294812,8150248,8163836,261,4,false,true
4321,2,130977,130977,8294812,8316848,8163835,8185871,247,4,false,true
4322,2,130977,130977,8294812,8316848,8163835,8185871,248,4,false,true
4323,2,130977,130977,8294812,8316848,8163835,8185871,249,4,false,true
4324,2,130977,130977,8294812,8316848,8163835,8185871,250,4,false,true
4325,2,131041,131041,8316848,8327620,8185807,8196579,251,4,false,true
4326,2,131041,131041,8316848,8327620,8185807,8196579,252,4,false,true
4327,2,131041,131041,8316848,8327620,8185807,8196579,253,4,false,true
4328,2,131041,131041,8316848,8327620,8185807,8196579,254,4,false,true
4329,2,131105,131105,8327620,8344280,8196515,8213175,255,4,false,true
4330,2,131105,131105,8327620,8344280,8196515,8213175,256,4,false,true
4331,2,131105,131105,8327620,8344280,8196515,8213175,257,4,false,true
4332,2,131105,131105,8327620,8344280,8196515,8213175,258,4,false,true
4333,1,131201,131201,8344280,8357868,8213079,8226667,262,4,false,true
4334,1,131201,131201,8344280,8357868,8213079,8226667,263,4,false,true
4335,1,131201,131201,8344280,8357868,8213079,8226667,264,4,false,true
4336,1,131201,131201,8344280,8357868,8213079,8226667,265,4,false,true
4337,1,131201,131201,8357868,8362240,8226667,8231039,266,3,false,true
4338,1,131232,131232,8357868,8362240,8226636,8231008,267,3,false,true
4339,1,131232,131232,8357868,8362240,8226636,8231008,268,3,false,true
4340,1,131232,131232,8362240,8374548,8231008,8243316,269,4,false,true
4341,1,131232,131232,8362240,8374548,8231008,8243316,270,4,false,true
4342,1,131233,131233,8362240,8374548,8231007,8243315,271,4,false,true
4343,1,131233,131233,8362240,8374548,8231007,8243315,272,4,false,true
4344,1,131233,131233,8374548,8388136,8243315,8256903,273,4,false,true
4345,1,131233,131233,8374548,8388136,8243315,8256903,274,4,false,true
4346,1,131296,131296,8374548,8388136,8243252,8256840,275,4,false,true
4347,1,131296,131296,8374548,8388136,8243252,8256840,276,4,false,true
4348,1,131296,131296,8388136,8398908,8256840,8267612,277,4,false,true
4349,1,131296,131296,8388136,8398908,8256840,8267612,278,4,false,true
4350,1,131393,131393,8388136,8398908,8256743,8267515,279,4,false,true
4351,1,131393,131393,8388136,8398908,8256743,8267515,280,4,false,true
4352,1,131393,131393,8398908,8409680,8267515,8278287,281,4,false,true
4353,1,131393,131393,8398908,8409680,8267515,8278287,282,4,false,true
4354,2,131393,131393,8409680,8426340,8278287,8294947,259,4,false,true
4355,2,131393,131393,8409680,8426340,8278287,8294947,260,4,false,true
4356,2,131393,131393,8409680,8426340,8278287,8294947,261,4,false,true
4357,2,131393,131393,8409680,8426340,8278287,8294947,262,4,false,true
4358,2,131489,131489,8426340,8439672,8294851,8308183,263,4,false,true
4359,2,131489,131489,8426340,8439672,8294851,8308183,264,4,false,true
4360,2,131489,131489,8426340,8439672,8294851,8308183,265,4,false,true
4361,2,131489,131489,8426340,8439672,8294851,8308183,266,4,false,true
4362,1,131552,131552,8398908,8409680,8267356,8278128,283,4,false,true
4363,1,131552,131552,8398908,8409680,8267356,8278128,284,4,false,true
4364,1,131552,131552,8439672,8450444,8308120,8318892,285,4,false,true
4365,1,131552,131552,8439672,8450444,8308120,8318892,286,4,false,true
4366,1,131584,131584,8439672,8450444,8308088,8318860,287,4,false,true
4367,1,131584,131584,8439672,8450444,8308088,8318860,288,4,false,true
4368,1,131584,131584,8450444,8463776,8318860,8332192,289,4,false,true
4369,1,131584,131584,8450444,8463776,8318860,8332192,290,4,false,true
4370,2,131585,131585,8463776,8474548,8332191,8342963,267,4,false,true
4371,2,131585,131585,8463776,8474548,8332191,8342963,268,4,false,true
4372,2,131585,131585,8463776,8474548,8332191,8342963,269,4,false,true
4373,2,131585,131585,8463776,8474548,8332191,8342963,270,4,false,true
4374,1,131586,131586,8450444,8463776,8318858,8332190,291,4,false,true
4375,1,131586,131586,8450444,8463776,8318858,8332190,292,4,false,true
4376,1,131586,131586,8474548,8489160,8342962,8357574,293,4,false,true
4377,1,131586,131586,8474548,8489160,8342962,8357574,294,4,false,true
4378,2,131617,131617,8489160,8497628,8357543,8366011,271,4,false,true
4379,1,131648,131648,8474548,8489160,8342900,8357512,295,4,false,true
4380,1,131648,131648,8474548,8489160,8342900,8357512,296,4,false,true
4381,1,131648,131648,8497628,8509936,8365980,8378288,297,4,false,true
4382,1,131648,131648,8497628,8509936,8365980,8378288,298,4,false,true
4383,1,131648,131648,8497628,8509936,8365980,8378288,299,4,false,true
4384,1,131648,131648,8497628,8509936,8365980,8378288,300,4,false,true
4385,1,131648,131648,8509936,8521732,8378288,8390084,301,4,false,true
4386,1,131648,131648,8509936,8521732,8378288,8390084,302,4,false,true
4387,1,131648,131648,8509936,8521732,8378288,8390084,303,4,false,true
4388,1,131648,131648,8509936,8521732,8378288,8390084,304,4,false,true
4389,1,131648,131648,8521732,8534040,8390084,8402392,305,4,false,true
4390,1,131648,131648,8521732,8534040,8390084,8402392,306,4,false,true
4391,1,131649,131649,8521732,8534040,8390083,8402391,307,4,false,true
4392,1,131649,131649,8521732,8534040,8390083,8402391,308,4,false,true
4393,1,131649,131649,8534040,8544812,8402391,8413163,309,4,false,true
4394,1,131649,131649,8534040,8544812,8402391,8413163,310,4,false,true
4395,2,131712,131712,8489160,8497628,8357448,8365916,272,4,false,true
4396,2,131712,131712,8489160,8497628,8357448,8365916,273,4,false,true
4397,2,131712,131712,8489160,8497628,8357448,8365916,274,4,false,true
4398,2,131712,131712,8544812,8555584,8413100,8423872,275,4,false,true
4399,1,131713,131713,8534040,8544812,8402327,8413099,311,4,false,true
4400,1,131713,131713,8534040,8544812,8402327,8413099,312,4,false,true
4401,1,131713,131713,8555584,8566356,8423871,8434643,313,4,false,true
4402,1,131713,131713,8555584,8566356,8423871,8434643,314,4,false,true
4403,1,131713,131713,8555584,8566356,8423871,8434643,315,4,false,true
4404,1,131713,131713,8555584,8566356,8423871,8434643,316,4,false,true
4405,1,131713,131713,8566356,8577128,8434643,8445415,317,4,false,true
4406,1,131713,131713,8566356,8577128,8434643,8445415,318,4,false,true
4407,1,131713,131713,8566356,8577128,8434643,8445415,319,4,false,true
4408,1,131713,131713,8566356,8577128,8434643,8445415,320,4,false,true
4409,1,131713,131713,8577128,8587900,8445415,8456187,321,4,false,true
4410,1,131713,131713,8577128,8587900,8445415,8456187,322,4,false,true
4411,1,131776,131776,8577128,8587900,8445352,8456124,323,4,false,true
4412,1,131776,131776,8577128,8587900,8445352,8456124,324,4,false,true
4413,1,131776,131776,8587900,8599952,8456124,8468176,325,4,false,true
4414,1,131776,131776,8587900,8599952,8456124,8468176,326,4,false,true
4415,1,131776,131776,8587900,8599952,8456124,8468176,327,4,false,true
4416,1,131776,131776,8587900,8599952,8456124,8468176,328,4,false,true
4417,1,131776,131776,8599952,8612260,8468176,8480484,329,4,false,true
4418,1,131776,131776,8599952,8612260,8468176,8480484,330,4,false,true
4419,2,131808,131808,8544812,8555584,8413004,8423776,276,4,false,true
4420,2,131808,131808,8544812,8555584,8413004,8423776,277,4,false,true
4421,2,131808,131808,8544812,8555584,8413004,8423776,278,4,false,true
4422,2,131808,131808,8612260,8623032,8480452,8491224,279,4,false,true
4423,1,131809,131809,8599952,8612260,8468143,8480451,331,4,false,true
4424,1,131809,131809,8599952,8612260,8468143,8480451,332,4,false,true
4425,1,131809,131809,8623032,8633804,8491223,8501995,333,4,false,true
4426,1,131809,131809,8623032,8633804,8491223,8501995,334,4,false,true
4427,1,131872,131872,8623032,8633804,8491160,8501932,335,4,false,true
4428,1,131872,131872,8623032,8633804,8491160,8501932,336,4,false,true
4429,1,131872,131872,8633804,8644576,8501932,8512704,337,4,false,true
4430,1,131872,131872,8633804,8644576,8501932,8512704,338,4,false,true
4431,1,131872,131872,8633804,8644576,8501932,8512704,339,4,false,true
4432,1,131872,131872,8633804,8644576,8501932,8512704,340,4,false,true
4433,1,131872,131872,8644576,8658164,8512704,8526292,341,4,false,true
4434,1,131872,131872,8644576,8658164,8512704,8526292,342,4,false,true
4435,2,131873,131873,8612260,8623032,8480387,8491159,280,4,false,true
4436,2,131873,131873,8612260,8623032,8480387,8491159,281,4,false,true
4437,2,131873,131873,8612260,8623032,8480387,8491159,282,4,false,true
4438,2,131873,131873,8658164,8668936,8526291,8537063,283,4,false,true
4439,2,131904,131904,8658164,8668936,8526260,8537032,284,4,false,true
4440,2,131904,131904,8658164,8668936,8526260,8537032,285,4,false,true
4441,2,131904,131904,8658164,8668936,8526260,8537032,286,4,false,true
4442,2,131904,131904,8668936,8684060,8537032,8552156,287,4,false,true
4443,2,131905,131905,8668936,8684060,8537031,8552155,288,4,false,true
4444,2,131905,131905,8668936,8684060,8537031,8552155,289,4,false,true
4445,2,131905,131905,8668936,8684060,8537031,8552155,290,4,false,true
4446,2,131905,131905,8684060,8698160,8552155,8566255,291,4,false,true
4447,2,131936,131936,8684060,8698160,8552124,8566224,292,4,false,true
4448,2,131936,131936,8684060,8698160,8552124,8566224,293,4,false,true
4449,2,131936,131936,8684060,8698160,8552124,8566224,294,4,false,true
4450,2,131936,131936,8698160,8707140,8566224,8575204,295,3,false,true
4451,1,131968,131968,8644576,8658164,8512608,8526196,343,4,false,true
4452,1,131968,131968,8644576,8658164,8512608,8526196,344,4,false,true
4453,1,131968,131968,8707140,8720728,8575172,8588760,345,4,false,true
4454,1,131968,131968,8707140,8720728,8575172,8588760,346,4,false,true
4455,1,131969,131969,8707140,8720728,8575171,8588759,347,4,false,true
4456,1,131969,131969,8707140,8720728,8575171,8588759,348,4,false,true
4457,1,131969,131969,8720728,8731500,8588759,8599531,349,4,false,true
4458,1,131969,131969,8720728,8731500,8588759,8599531,350,4,false,true
4459,2,132001,132001,8698160,8707140,8566159,8575139,296,3,false,true
4460,2,132001,132001,8698160,8707140,8566159,8575139,297,3,false,true
4461,2,132001,132001,8731500,8745088,8599499,8613087,298,4,false,true
4462,2,132001,132001,8731500,8745088,8599499,8613087,299,4,false,true
4463,2,132002,132002,8731500,8745088,8599498,8613086,300,4,false,true
4464,2,132002,132002,8731500,8745088,8599498,8613086,301,4,false,true
4465,2,132002,132002,8745088,8758932,8613086,8626930,302,4,false,true
4466,2,132002,132002,8745088,8758932,8613086,8626930,303,4,false,true
4467,1,132033,132033,8720728,8731500,8588695,8599467,351,4,false,true
4468,1,132033,132033,8720728,8731500,8588695,8599467,352,4,false,true
4469,1,132033,132033,8758932,8769704,8626899,8637671,353,4,false,true
4470,1,132033,132033,8758932,8769704,8626899,8637671,354,4,false,true
4471,2,132064,132064,8745088,8758932,8613024,8626868,304,4,false,true
4472,2,132064,132064,8745088,8758932,8613024,8626868,305,4,false,true
4473,2,132064,132064,8769704,8781500,8637640,8649436,306,4,false,true
4474,2,132064,132064,8769704,8781500,8637640,8649436,307,4,false,true
4475,2,132064,132064,8769704,8781500,8637640,8649436,308,4,false,true
4476,2,132064,132064,8769704,8781500,8637640,8649436,309,4,false,true
4477,2,132064,132064,8781500,8796624,8649436,8664560,310,4,false,true
4478,2,132064,132064,8781500,8796624,8649436,8664560,311,4,false,true
4479,2,132064,132064,8781500,8796624,8649436,8664560,312,4,false,true
4480,2,132064,132064,8781500,8796624,8649436,8664560,313,4,false,true
4481,2,132064,132064,8796624,8810468,8664560,8678404,314,4,false,true
4482,2,132064,132064,8796624,8810468,8664560,8678404,315,4,false,true
4483,2,132066,132066,8796624,8810468,8664558,8678402,316,4,false,true
4484,2,132066,132066,8796624,8810468,8664558,8678402,317,4,false,true
4485,2,132066,132066,8810468,8821240,8678402,8689174,318,4,false,true
4486,2,132066,132066,8810468,8821240,8678402,8689174,319,4,false,true
4487,2,132097,132097,8810468,8821240,8678371,8689143,320,4,false,true
4488,2,132097,132097,8810468,8821240,8678371,8689143,321,4,false,true
4489,2,132097,132097,8821240,8832012,8689143,8699915,322,4,false,true
4490,2,132097,132097,8821240,8832012,8689143,8699915,323,4,false,true
4491,2,132161,132161,8821240,8832012,8689079,8699851,324,4,false,true
4492,2,132161,132161,8821240,8832012,8689079,8699851,325,4,false,true
4493,2,132161,132161,8854836,8865608,8722675,8733447,326,4,false,true
4494,2,132161,132161,8854836,8865608,8722675,8733447,327,4,false,true
4495,1,132161,132161,8758932,8769704,8626771,8637543,355,4,false,true
4496,1,132161,132161,8758932,8769704,8626771,8637543,356,4,false,true
4497,1,132161,132161,8832012,8842784,8699851,8710623,357,4,false,true
4498,1,132161,132161,8832012,8842784,8699851,8710623,358,4,false,true
4499,1,132161,132161,8832012,8842784,8699851,8710623,359,4,false,true
4500,1,132161,132161,8832012,8842784,8699851,8710623,360,4,false,true
4501,1,132161,132161,8842784,8854836,8710623,8722675,361,4,false,true
4502,1,132161,132161,8842784,8854836,8710623,8722675,362,4,false,true
4503,1,132192,132192,8842784,8854836,8710592,8722644,363,4,false,true
4504,1,132192,132192,8842784,8854836,8710592,8722644,364,4,false,true
4505,1,132192,132192,8865608,8880732,8733416,8748540,365,4,false,true
4506,1,132192,132192,8865608,8880732,8733416,8748540,366,4,false,true
4507,1,132192,132192,8865608,8880732,8733416,8748540,367,4,false,true
4508,1,132192,132192,8865608,8880732,8733416,8748540,368,4,false,true
4509,1,132192,132192,8880732,8894576,8748540,8762384,369,4,false,true
4510,1,132192,132192,8880732,8894576,8748540,8762384,370,4,false,true
4511,2,132194,132194,8854836,8865608,8722642,8733414,328,4,false,true
4512,2,132194,132194,8854836,8865608,8722642,8733414,329,4,false,true
4513,2,132194,132194,8894576,8903812,8762382,8771618,330,4,false,true
4514,2,132194,132194,8894576,8903812,8762382,8771618,331,4,false,true
4515,2,132288,132288,8894576,8903812,8762288,8771524,332,4,false,true
4516,2,132288,132288,8894576,8903812,8762288,8771524,333,4,false,true
4517,2,132288,132288,8903812,8916376,8771524,8784088,334,4,false,true
4518,2,132288,132288,8903812,8916376,8771524,8784088,335,4,false,true
4519,2,132289,132289,8903812,8916376,8771523,8784087,336,4,false,true
4520,2,132289,132289,8903812,8916376,8771523,8784087,337,4,false,true
4521,2,132289,132289,8916376,8930220,8784087,8797931,338,4,false,true
4522,2,132289,132289,8916376,8930220,8784087,8797931,339,4,false,true
4523,1,132320,132320,8880732,8894576,8748412,8762256,371,4,false,true
4524,1,132320,132320,8880732,8894576,8748412,8762256,372,4,false,true
4525,1,132320,132320,8930220,8943808,8797900,8811488,373,4,false,true
4526,1,132320,132320,8930220,8943808,8797900,8811488,374,4,false,true
4527,1,132352,132352,8930220,8943808,8797868,8811456,375,4,false,true
4528,1,132352,132352,8930220,8943808,8797868,8811456,376,4,false,true
4529,1,132352,132352,8943808,8957652,8811456,8825300,377,4,false,true
4530,1,132352,132352,8943808,8957652,8811456,8825300,378,4,false,true
4531,1,132352,132352,8943808,8957652,8811456,8825300,379,4,false,true
4532,1,132352,132352,8943808,8957652,8811456,8825300,380,4,false,true
4533,1,132352,132352,8957652,8968424,8825300,8836072,381,4,false,true
4534,1,132352,132352,8957652,8968424,8825300,8836072,382,4,false,true
4535,2,132353,132353,8916376,8930220,8784023,8797867,340,4,false,true
4536,2,132353,132353,8916376,8930220,8784023,8797867,341,4,false,true
4537,2,132353,132353,8979196,8988432,8846843,8856079,342,4,false,true
4538,2,132353,132353,8979196,8988432,8846843,8856079,343,4,false,true
4539,1,132353,132353,8957652,8968424,8825299,8836071,383,4,false,true
4540,1,132353,132353,8957652,8968424,8825299,8836071,384,4,false,true
4541,1,132353,132353,8968424,8979196,8836071,8846843,385,4,false,true
4542,1,132353,132353,8968424,8979196,8836071,8846843,386,4,false,true
4543,2,132354,132354,8979196,8988432,8846842,8856078,344,4,false,true
4544,2,132354,132354,8979196,8988432,8846842,8856078,345,4,false,true
4545,2,132354,132354,8988432,8998180,8856078,8865826,346,4,false,true
4546,2,132354,132354,8988432,8998180,8856078,8865826,347,4,false,true
4547,2,132384,132384,8988432,8998180,8856048,8865796,348,4,false,true
4548,2,132384,132384,8988432,8998180,8856048,8865796,349,4,false,true
4549,2,132384,132384,8998180,9011768,8865796,8879384,350,4,false,true
4550,2,132384,132384,8998180,9011768,8865796,8879384,351,4,false,true
4551,1,132416,132416,8968424,8979196,8836008,8846780,387,4,false,true
4552,1,132416,132416,8968424,8979196,8836008,8846780,388,4,false,true
4553,1,132416,132416,9011768,9022540,8879352,8890124,389,4,false,true
4554,1,132416,132416,9011768,9022540,8879352,8890124,390,4,false,true
4555,2,132417,132417,8998180,9011768,8865763,8879351,352,4,false,true
4556,2,132417,132417,8998180,9011768,8865763,8879351,353,4,false,true
4557,2,132417,132417,9022540,9036384,8890123,8903967,354,4,false,true
4558,2,132417,132417,9022540,9036384,8890123,8903967,355,4,false,true
4559,2,132448,132448,9022540,9036384,8890092,8903936,356,4,false,true
4560,2,132448,132448,9022540,9036384,8890092,8903936,357,4,false,true
4561,2,132448,132448,9036384,9041780,8903936,8909332,358,3,false,true
4562,2,132448,132448,9036384,9041780,8903936,8909332,359,3,false,true
4563,2,132480,132480,9036384,9041780,8903904,8909300,360,3,false,true
4564,1,132480,132480,9011768,9022540,8879288,8890060,391,4,false,true
4565,1,132480,132480,9011768,9022540,8879288,8890060,392,4,false,true
4566,1,132480,132480,9041780,9051784,8909300,8919304,393,4,false,true
4567,1,132480,132480,9041780,9051784,8909300,8919304,394,4,false,true
4568,1,132481,132481,9041780,9051784,8909299,8919303,395,4,false,true
4569,2,132513,132513,9051784,9062556,8919271,8930043,361,4,false,true
4570,2,132513,132513,9051784,9062556,8919271,8930043,362,4,false,true
4571,2,132513,132513,9051784,9062556,8919271,8930043,363,4,false,true
4572,2,132513,132513,9051784,9062556,8919271,8930043,364,4,false,true
4573,1,132544,132544,9041780,9051784,8909236,8919240,396,4,false,true
4574,1,132544,132544,9062556,9078192,8930012,8945648,397,4,false,true
4575,1,132544,132544,9062556,9078192,8930012,8945648,398,4,false,true
4576,1,132544,132544,9062556,9078192,8930012,8945648,399,4,false,true
4577,1,132544,132544,9062556,9078192,8930012,8945648,400,4,false,true
4578,1,132544,132544,9078192,9088452,8945648,8955908,401,4,false,true
4579,1,132544,132544,9078192,9088452,8945648,8955908,402,4,false,true
4580,1,132544,132544,9078192,9088452,8945648,8955908,403,4,false,true
4581,2,132608,132608,9088452,9099224,8955844,8966616,365,4,false,true
4582,2,132608,132608,9088452,9099224,8955844,8966616,366,4,false,true
4583,2,132608,132608,9088452,9099224,8955844,8966616,367,4,false,true
4584,2,132608,132608,9088452,9099224,8955844,8966616,368,4,false,true
4585,2,132609,132609,9099224,9109996,8966615,8977387,369,4,false,true
4586,2,132609,132609,9099224,9109996,8966615,8977387,370,4,false,true
4587,2,132609,132609,9099224,9109996,8966615,8977387,371,4,false,true
4588,2,132609,132609,9099224,9109996,8966615,8977387,372,4,false,true
4589,2,132609,132609,9109996,9120768,8977387,8988159,373,4,false,true
4590,2,132609,132609,9109996,9120768,8977387,8988159,374,4,false,true
4591,2,132609,132609,9109996,9120768,8977387,8988159,375,4,false,true
4592,2,132609,132609,9109996,9120768,8977387,8988159,376,4,false,true
4593,1,132640,132640,9078192,9088452,8945552,8955812,404,4,false,true
4594,2,132640,132640,9120768,9142804,8988128,9010164,377,4,false,true
4595,2,132640,132640,9120768,9142804,8988128,9010164,378,4,false,true
4596,2,132640,132640,9120768,9142804,8988128,9010164,379,4,false,true
4597,2,132640,132640,9120768,9142804,8988128,9010164,380,4,false,true
4598,1,132673,132673,9142804,9153832,9010131,9021159,405,4,false,true
4599,1,132673,132673,9142804,9153832,9010131,9021159,406,4,false,true
4600,1,132673,132673,9142804,9153832,9010131,9021159,407,4,false,true
4601,1,132673,132673,9142804,9153832,9010131,9021159,408,4,false,true
4602,1,132737,132737,9153832,9167420,9021095,9034683,409,4,false,true
4603,1,132737,132737,9153832,9167420,9021095,9034683,410,4,false,true
4604,1,132737,132737,9153832,9167420,9021095,9034683,411,4,false,true
4605,1,132737,132737,9153832,9167420,9021095,9034683,412,4,false,true
4606,0,132737,132737,8150956,8153024,8018219,8020287,1882,4,false,true
4607,1,132800,132800,9167420,9181008,9034620,9048208,413,4,false,true
4608,1,132800,132800,9167420,9181008,9034620,9048208,414,4,false,true
4609,1,132800,132800,9167420,9181008,9034620,9048208,415,4,false,true
4610,1,132800,132800,9167420,9181008,9034620,9048208,416,4,false,true
4611,2,132800,132800,9181008,9197668,9048208,9064868,381,4,false,true
4612,2,132800,132800,9181008,9197668,9048208,9064868,382,4,false,true
4613,2,132800,132800,9181008,9197668,9048208,9064868,383,4,false,true
4614,2,132800,132800,9181008,9197668,9048208,9064868,384,4,false,true
4615,1,132833,132833,9197668,9208440,9064835,9075607,417,4,false,true
4616,1,132833,132833,9197668,9208440,9064835,9075607,418,4,false,true
4617,1,132833,132833,9197668,9208440,9064835,9075607,419,4,false,true
4618,1,132833,132833,9197668,9208440,9064835,9075607,420,4,false,true
4619,1,132833,132833,9208440,9221772,9075607,9088939,421,4,false,true
4620,1,132833,132833,9208440,9221772,9075607,9088939,422,4,false,true
4621,1,132833,132833,9208440,9221772,9075607,9088939,423,4,false,true
4622,1,132833,132833,9208440,9221772,9075607,9088939,424,4,false,true
4623,1,132833,132833,9221772,9232544,9088939,9099711,425,4,false,true
4624,1,132833,132833,9221772,9232544,9088939,9099711,426,4,false,true
4625,1,132833,132833,9221772,9232544,9088939,9099711,427,4,false,true
4626,1,132833,132833,9221772,9232544,9088939,9099711,428,4,false,true
4627,1,132865,132865,9232544,9243316,9099679,9110451,429,4,false,true
4628,1,132865,132865,9232544,9243316,9099679,9110451,430,4,false,true
4629,1,132865,132865,9232544,9243316,9099679,9110451,431,4,false,true
4630,1,132865,132865,9232544,9243316,9099679,9110451,432,4,false,true
4631,2,132896,132896,9243316,9259976,9110420,9127080,385,4,false,true
4632,2,132896,132896,9243316,9259976,9110420,9127080,386,4,false,true
4633,2,132896,132896,9243316,9259976,9110420,9127080,387,4,false,true
4634,2,132896,132896,9243316,9259976,9110420,9127080,388,4,false,true
4635,1,132960,132960,9259976,9270748,9127016,9137788,433,4,false,true
4636,1,132960,132960,9259976,9270748,9127016,9137788,434,4,false,true
4637,1,132960,132960,9259976,9270748,9127016,9137788,435,4,false,true
4638,1,132960,132960,9259976,9270748,9127016,9137788,436,4,false,true
4639,2,132960,132960,9270748,9281520,9137788,9148560,389,4,false,true
4640,2,132960,132960,9270748,9281520,9137788,9148560,390,4,false,true
4641,2,132960,132960,9270748,9281520,9137788,9148560,391,4,false,true
4642,2,132960,132960,9270748,9281520,9137788,9148560,392,4,false,true
4643,2,132960,132960,9281520,9292292,9148560,9159332,393,4,false,true
4644,2,132960,132960,9281520,9292292,9148560,9159332,394,4,false,true
4645,2,132960,132960,9281520,9292292,9148560,9159332,395,4,false,true
4646,2,132960,132960,9281520,9292292,9148560,9159332,396,4,false,true
4647,2,132992,132992,9292292,9308952,9159300,9175960,397,4,false,true
4648,2,132992,132992,9292292,9308952,9159300,9175960,398,4,false,true
4649,2,132992,132992,9292292,9308952,9159300,9175960,399,4,false,true
4650,2,132992,132992,9292292,9308952,9159300,9175960,400,4,false,true
4651,1,132993,132993,9308952,9322540,9175959,9189547,437,4,false,true
4652,1,132993,132993,9308952,9322540,9175959,9189547,438,4,false,true
4653,1,132993,132993,9308952,9322540,9175959,9189547,439,4,false,true
4654,1,132993,132993,9308952,9322540,9175959,9189547,440,4,false,true
4655,2,132994,132994,9333312,9349972,9200318,9216978,401,4,false,true
4656,2,132994,132994,9333312,9349972,9200318,9216978,402,4,false,true
4657,2,132994,132994,9333312,9349972,9200318,9216978,403,4,false,true
4658,2,132994,132994,9333312,9349972,9200318,9216978,404,4,false,true
4659,1,132994,132994,9322540,9333312,9189546,9200318,441,4,false,true
4660,1,132994,132994,9322540,9333312,9189546,9200318,442,4,false,true
4661,1,132994,132994,9322540,9333312,9189546,9200318,443,4,false,true
4662,1,132994,132994,9322540,9333312,9189546,9200318,444,4,false,true
4663,1,133024,133024,9349972,9363560,9216948,9230536,445,4,false,true
4664,1,133024,133024,9349972,9363560,9216948,9230536,446,4,false,true
4665,1,133024,133024,9349972,9363560,9216948,9230536,447,4,false,true
4666,1,133024,133024,9349972,9363560,9216948,9230536,448,4,false,true
4667,1,133057,133057,9363560,9371772,9230503,9238715,449,4,false,true
4668,1,133057,133057,9363560,9371772,9230503,9238715,450,4,false,true
4669,1,133057,133057,9363560,9371772,9230503,9238715,451,4,false,true
4670,1,133057,133057,9363560,9371772,9230503,9238715,452,4,false,true
4671,2,133089,133089,9382544,9393316,9249455,9260227,405,4,false,true
4672,2,133089,133089,9382544,9393316,9249455,9260227,406,4,false,true
4673,2,133089,133089,9382544,9393316,9249455,9260227,407,4,false,true
4674,2,133089,133089,9382544,9393316,9249455,9260227,408,4,false,true
4675,1,133089,133089,9371772,9382544,9238683,9249455,453,4,false,true
4676,1,133089,133089,9371772,9382544,9238683,9249455,454,4,false,true
4677,1,133089,133089,9371772,9382544,9238683,9249455,455,4,false,true
4678,1,133089,133089,9371772,9382544,9238683,9249455,456,4,false,true
4679,2,133120,133120,9393316,9406904,9260196,9273784,409,4,false,true
4680,2,133120,133120,9393316,9406904,9260196,9273784,410,4,false,true
4681,2,133120,133120,9393316,9406904,9260196,9273784,411,4,false,true
4682,2,133120,133120,9393316,9406904,9260196,9273784,412,4,false,true
4683,1,133153,133153,9406904,9417676,9273751,9284523,457,4,false,true
4684,1,133153,133153,9406904,9417676,9273751,9284523,458,4,false,true
4685,1,133153,133153,9406904,9417676,9273751,9284523,459,4,false,true
4686,1,133153,133153,9406904,9417676,9273751,9284523,460,4,false,true
4687,2,133153,133153,9417676,9428448,9284523,9295295,413,4,false,true
4688,2,133153,133153,9417676,9428448,9284523,9295295,414,4,false,true
4689,2,133153,133153,9417676,9428448,9284523,9295295,415,4,false,true
4690,2,133153,133153,9417676,9428448,9284523,9295295,416,4,false,true
4691,1,133154,133154,9428448,9441780,9295294,9308626,461,4,false,true
4692,1,133154,133154,9428448,9441780,9295294,9308626,462,4,false,true
4693,1,133154,133154,9428448,9441780,9295294,9308626,463,4,false,true
4694,1,133154,133154,9428448,9441780,9295294,9308626,464,4,false,true
4695,1,133184,133184,9441780,9457928,9308596,9324744,465,4,false,true
4696,1,133184,133184,9441780,9457928,9308596,9324744,466,4,false,true
4697,1,133184,133184,9441780,9457928,9308596,9324744,467,4,false,true
4698,1,133184,133184,9441780,9457928,9308596,9324744,468,4,false,true
4699,1,133216,133216,9457928,9468700,9324712,9335484,469,4,false,true
4700,1,133216,133216,9457928,9468700,9324712,9335484,470,4,false,true
4701,1,133216,133216,9457928,9468700,9324712,9335484,471,4,false,true
4702,1,133216,133216,9457928,9468700,9324712,9335484,472,4,false,true
4703,1,133217,133217,9468700,9482288,9335483,9349071,473,4,false,true
4704,1,133217,133217,9468700,9482288,9335483,9349071,474,4,false,true
4705,1,133217,133217,9468700,9482288,9335483,9349071,475,4,false,true
4706,1,133217,133217,9468700,9482288,9335483,9349071,476,4,false,true
4707,1,133248,133248,9482288,9493060,9349040,9359812,477,4,false,true
4708,1,133248,133248,9482288,9493060,9349040,9359812,478,4,false,true
4709,1,133248,133248,9482288,9493060,9349040,9359812,479,4,false,true
4710,1,133248,133248,9482288,9493060,9349040,9359812,480,4,false,true
4711,1,133280,133280,9493060,9503832,9359780,9370552,481,4,false,true
4712,1,133280,133280,9493060,9503832,9359780,9370552,482,4,false,true
4713,1,133280,133280,9493060,9503832,9359780,9370552,483,4,false,true
4714,1,133280,133280,9493060,9503832,9359780,9370552,484,4,false,true
4715,1,133281,133281,9503832,9517164,9370551,9383883,485,4,false,true
4716,1,133281,133281,9503832,9517164,9370551,9383883,486,4,false,true
4717,1,133281,133281,9503832,9517164,9370551,9383883,487,4,false,true
4718,1,133281,133281,9503832,9517164,9370551,9383883,488,4,false,true
4719,2,133281,133281,9517164,9527936,9383883,9394655,417,4,false,true
4720,2,133281,133281,9517164,9527936,9383883,9394655,418,4,false,true
4721,2,133281,133281,9517164,9527936,9383883,9394655,419,4,false,true
4722,2,133281,133281,9517164,9527936,9383883,9394655,420,4,false,true
4723,1,133312,133312,9527936,9538708,9394624,9405396,489,4,false,true
4724,1,133312,133312,9527936,9538708,9394624,9405396,490,4,false,true
4725,1,133312,133312,9527936,9538708,9394624,9405396,491,4,false,true
4726,1,133312,133312,9527936,9538708,9394624,9405396,492,4,false,true
4727,2,133344,133344,9538708,9552040,9405364,9418696,421,4,false,true
4728,2,133344,133344,9538708,9552040,9405364,9418696,422,4,false,true
4729,2,133344,133344,9538708,9552040,9405364,9418696,423,4,false,true
4730,2,133344,133344,9538708,9552040,9405364,9418696,424,4,false,true
4731,2,133345,133345,9552040,9565628,9418695,9432283,425,4,false,true
4732,2,133345,133345,9552040,9565628,9418695,9432283,426,4,false,true
4733,2,133345,133345,9552040,9565628,9418695,9432283,427,4,false,true
4734,2,133345,133345,9552040,9565628,9418695,9432283,428,4,false,true
4735,2,133377,133377,9565628,9576400,9432251,9443023,429,4,false,true
4736,2,133377,133377,9565628,9576400,9432251,9443023,430,4,false,true
4737,2,133377,133377,9565628,9576400,9432251,9443023,431,4,false,true
4738,2,133377,133377,9565628,9576400,9432251,9443023,432,4,false,true
4739,2,133409,133409,9576400,9587172,9442991,9453763,433,4,false,true
4740,2,133409,133409,9576400,9587172,9442991,9453763,434,4,false,true
4741,2,133409,133409,9576400,9587172,9442991,9453763,435,4,false,true
4742,2,133409,133409,9576400,9587172,9442991,9453763,436,4,false,true
4743,2,133409,133409,9587172,9600504,9453763,9467095,437,4,false,true
4744,2,133409,133409,9587172,9600504,9453763,9467095,438,4,false,true
4745,2,133409,133409,9587172,9600504,9453763,9467095,439,4,false,true
4746,2,133409,133409,9587172,9600504,9453763,9467095,440,4,false,true
4747,1,133410,133410,9600504,9614092,9467094,9480682,493,4,false,true
4748,1,133410,133410,9600504,9614092,9467094,9480682,494,4,false,true
4749,1,133410,133410,9600504,9614092,9467094,9480682,495,4,false,true
4750,1,133410,133410,9600504,9614092,9467094,9480682,496,4,false,true
4751,2,133442,133442,9614092,9624864,9480650,9491422,441,4,false,true
4752,2,133442,133442,9614092,9624864,9480650,9491422,442,4,false,true
4753,2,133442,133442,9614092,9624864,9480650,9491422,443,4,false,true
4754,2,133442,133442,9614092,9624864,9480650,9491422,444,4,false,true
4755,1,133473,133473,9624864,9635636,9491391,9502163,497,4,false,true
4756,1,133473,133473,9624864,9635636,9491391,9502163,498,4,false,true
4757,1,133473,133473,9624864,9635636,9491391,9502163,499,4,false,true
4758,1,133473,133473,9624864,9635636,9491391,9502163,500,4,false,true
4759,1,133473,133473,9635636,9646408,9502163,9512935,501,4,false,true
4760,1,133473,133473,9635636,9646408,9502163,9512935,502,4,false,true
4761,1,133473,133473,9635636,9646408,9502163,9512935,503,4,false,true
4762,1,133473,133473,9635636,9646408,9502163,9512935,504,4,false,true
4763,1,133474,133474,9646408,9654620,9512934,9521146,505,4,false,true
4764,1,133474,133474,9646408,9654620,9512934,9521146,506,4,false,true
4765,1,133474,133474,9646408,9654620,9512934,9521146,507,4,false,true
4766,1,133474,133474,9646408,9654620,9512934,9521146,508,4,false,true
4767,2,133504,133504,9654620,9665392,9521116,9531888,445,4,false,true
4768,2,133504,133504,9654620,9665392,9521116,9531888,446,4,false,true
4769,2,133504,133504,9654620,9665392,9521116,9531888,447,4,false,true
4770,2,133504,133504,9654620,9665392,9521116,9531888,448,4,false,true
4771,1,133536,133536,9665392,9676164,9531856,9542628,509,4,false,true
4772,1,133536,133536,9665392,9676164,9531856,9542628,510,4,false,true
4773,1,133536,133536,9665392,9676164,9531856,9542628,511,4,false,true
4774,1,133536,133536,9665392,9676164,9531856,9542628,512,4,false,true
4775,1,133537,133537,9676164,9684632,9542627,9551095,513,4,false,true
4776,2,133537,133537,9684632,9695404,9551095,9561867,449,4,false,true
4777,2,133537,133537,9684632,9695404,9551095,9561867,450,4,false,true
4778,2,133537,133537,9684632,9695404,9551095,9561867,451,4,false,true
4779,2,133537,133537,9684632,9695404,9551095,9561867,452,4,false,true
4780,1,133538,133538,9676164,9684632,9542626,9551094,514,4,false,true
4781,1,133538,133538,9676164,9684632,9542626,9551094,515,4,false,true
4782,1,133538,133538,9676164,9684632,9542626,9551094,516,4,false,true
4783,1,133538,133538,9695404,9706176,9561866,9572638,517,4,false,true
4784,2,133570,133570,9706176,9719764,9572606,9586194,453,4,false,true
4785,2,133570,133570,9706176,9719764,9572606,9586194,454,4,false,true
4786,2,133570,133570,9706176,9719764,9572606,9586194,455,4,false,true
4787,2,133570,133570,9706176,9719764,9572606,9586194,456,4,false,true
4788,1,133600,133600,9695404,9706176,9561804,9572576,518,4,false,true
4789,1,133600,133600,9695404,9706176,9561804,9572576,519,4,false,true
4790,1,133600,133600,9695404,9706176,9561804,9572576,520,4,false,true
4791,1,133600,133600,9719764,9730536,9586164,9596936,521,4,false,true
4792,1,133601,133601,9719764,9730536,9586163,9596935,522,4,false,true
4793,1,133601,133601,9719764,9730536,9586163,9596935,523,4,false,true
4794,1,133601,133601,9719764,9730536,9586163,9596935,524,4,false,true
4795,1,133601,133601,9730536,9741308,9596935,9607707,525,4,false,true
4796,2,133632,133632,9741308,9752080,9607676,9618448,457,4,false,true
4797,2,133632,133632,9741308,9752080,9607676,9618448,458,4,false,true
4798,2,133632,133632,9741308,9752080,9607676,9618448,459,4,false,true
4799,2,133632,133632,9741308,9752080,9607676,9618448,460,4,false,true
4800,1,133664,133664,9730536,9741308,9596872,9607644,526,4,false,true
4801,1,133664,133664,9730536,9741308,9596872,9607644,527,4,false,true
4802,1,133664,133664,9730536,9741308,9596872,9607644,528,4,false,true
4803,1,133664,133664,9752080,9767204,9618416,9633540,529,4,false,true
4804,2,133664,133664,9767204,9789240,9633540,9655576,461,4,false,true
4805,2,133664,133664,9767204,9789240,9633540,9655576,462,4,false,true
4806,2,133664,133664,9767204,9789240,9633540,9655576,463,4,false,true
4807,2,133664,133664,9767204,9789240,9633540,9655576,464,4,false,true
4808,2,133665,133665,9789240,9800012,9655575,9666347,465,4,false,true
4809,2,133665,133665,9789240,9800012,9655575,9666347,466,4,false,true
4810,2,133665,133665,9789240,9800012,9655575,9666347,467,4,false,true
4811,2,133665,133665,9789240,9800012,9655575,9666347,468,4,false,true
4812,1,133696,133696,9752080,9767204,9618384,9633508,530,4,false,true
4813,1,133696,133696,9752080,9767204,9618384,9633508,531,4,false,true
4814,1,133696,133696,9752080,9767204,9618384,9633508,532,4,false,true
4815,1,133696,133696,9800012,9814368,9666316,9680672,533,4,false,true
4816,1,133696,133696,9800012,9814368,9666316,9680672,534,4,false,true
4817,1,133696,133696,9800012,9814368,9666316,9680672,535,4,false,true
4818,1,133696,133696,9800012,9814368,9666316,9680672,536,4,false,true
4819,1,133696,133696,9814368,9825908,9680672,9692212,537,4,false,true
4820,2,133697,133697,9834120,9844892,9700423,9711195,469,4,false,true
4821,2,133697,133697,9834120,9844892,9700423,9711195,470,4,false,true
4822,2,133697,133697,9834120,9844892,9700423,9711195,471,4,false,true
4823,2,133697,133697,9834120,9844892,9700423,9711195,472,4,false,true
4824,1,133697,133697,9814368,9825908,9680671,9692211,538,4,false,true
4825,1,133697,133697,9814368,9825908,9680671,9692211,539,4,false,true
4826,1,133697,133697,9814368,9825908,9680671,9692211,540,4,false,true
4827,1,133697,133697,9825908,9834120,9692211,9700423,541,3,false,true
4828,2,133728,133728,9844892,9855920,9711164,9722192,473,4,false,true
4829,2,133728,133728,9844892,9855920,9711164,9722192,474,4,false,true
4830,2,133728,133728,9844892,9855920,9711164,9722192,475,4,false,true
4831,2,133728,133728,9844892,9855920,9711164,9722192,476,4,false,true
4832,1,133729,133729,9825908,9834120,9692179,9700391,542,3,false,true
4833,1,133729,133729,9825908,9834120,9692179,9700391,543,3,false,true
4834,1,133729,133729,9855920,9867972,9722191,9734243,544,4,false,true
4835,1,133729,133729,9855920,9867972,9722191,9734243,545,4,false,true
4836,1,133729,133729,9855920,9867972,9722191,9734243,546,4,false,true
4837,1,133729,133729,9855920,9867972,9722191,9734243,547,4,false,true
4838,1,133729,133729,9867972,9882840,9734243,9749111,548,4,false,true
4839,1,133729,133729,9867972,9882840,9734243,9749111,549,4,false,true
4840,2,133729,133729,9882840,9896428,9749111,9762699,477,4,false,true
4841,2,133729,133729,9882840,9896428,9749111,9762699,478,4,false,true
4842,2,133729,133729,9882840,9896428,9749111,9762699,479,4,false,true
4843,2,133729,133729,9882840,9896428,9749111,9762699,480,4,false,true
4844,1,133760,133760,9867972,9882840,9734212,9749080,550,4,false,true
4845,1,133760,133760,9867972,9882840,9734212,9749080,551,4,false,true
4846,1,133760,133760,9896428,9910016,9762668,9776256,552,4,false,true
4847,1,133760,133760,9896428,9910016,9762668,9776256,553,4,false,true
4848,3,133760,133760,7864364,7873600,7730604,7739840,1886,4,false,true
4849,3,133760,133760,7864364,7873600,7730604,7739840,1887,4,false,true
4850,3,133760,133760,9923604,9931816,9789844,9798056,1888,4,false,true
4851,3,133760,133760,9923604,9931816,9789844,9798056,1889,4,false,true
4852,2,133760,133760,9910016,9923604,9776256,9789844,481,4,false,true
4853,2,133760,133760,9910016,9923604,9776256,9789844,482,4,false,true
4854,2,133760,133760,9910016,9923604,9776256,9789844,483,4,false,true
4855,2,133760,133760,9910016,9923604,9776256,9789844,484,4,false,true
4856,1,133761,133761,9896428,9910016,9762667,9776255,554,4,false,true
4857,1,133761,133761,9896428,9910016,9762667,9776255,555,4,false,true
4858,1,133761,133761,9931816,9942588,9798055,9808827,556,4,false,true
4859,1,133761,133761,9931816,9942588,9798055,9808827,557,4,false,true
4860,2,133792,133792,9958992,9969764,9825200,9835972,485,4,false,true
4861,2,133792,133792,9958992,9969764,9825200,9835972,486,4,false,true
4862,2,133792,133792,9958992,9969764,9825200,9835972,487,4,false,true
4863,2,133792,133792,9958992,9969764,9825200,9835972,488,4,false,true
4864,1,133792,133792,9931816,9942588,9798024,9808796,558,4,false,true
4865,1,133792,133792,9931816,9942588,9798024,9808796,559,4,false,true
4866,1,133792,133792,9942588,9958992,9808796,9825200,560,4,false,true
4867,1,133792,133792,9942588,9958992,9808796,9825200,561,4,false,true
4868,1,133793,133793,9942588,9958992,9808795,9825199,562,4,false,true
4869,1,133793,133793,9942588,9958992,9808795,9825199,563,4,false,true
4870,1,133793,133793,9969764,9986168,9835971,9852375,564,4,false,true
4871,1,133793,133793,9969764,9986168,9835971,9852375,565,4,false,true
4872,2,133824,133824,9986168,9996940,9852344,9863116,489,4,false,true
4873,2,133824,133824,9986168,9996940,9852344,9863116,490,4,false,true
4874,2,133824,133824,9986168,9996940,9852344,9863116,491,4,false,true
4875,2,133824,133824,9986168,9996940,9852344,9863116,492,4,false,true
4876,2,133824,133824,9996940,10007968,9863116,9874144,493,4,false,true
4877,2,133824,133824,9996940,10007968,9863116,9874144,494,4,false,true
4878,2,133824,133824,9996940,10007968,9863116,9874144,495,4,false,true
4879,2,133824,133824,9996940,10007968,9863116,9874144,496,4,false,true
4880,2,133825,133825,10018996,10041032,9885171,9907207,497,4,false,true
4881,2,133825,133825,10018996,10041032,9885171,9907207,498,4,false,true
4882,2,133825,133825,10018996,10041032,9885171,9907207,499,4,false,true
4883,2,133825,133825,10018996,10041032,9885171,9907207,500,4,false,true
4884,1,133825,133825,9969764,9986168,9835939,9852343,566,4,false,true
4885,1,133825,133825,9969764,9986168,9835939,9852343,567,4,false,true
4886,1,133825,133825,10007968,10018996,9874143,9885171,568,4,false,true
4887,1,133825,133825,10007968,10018996,9874143,9885171,569,4,false,true
4888,1,133856,133856,10007968,10018996,9874112,9885140,570,4,false,true
4889,1,133856,133856,10007968,10018996,9874112,9885140,571,4,false,true
4890,1,133856,133856,10041032,10051804,9907176,9917948,572,4,false,true
4891,1,133856,133856,10041032,10051804,9907176,9917948,573,4,false,true
4892,2,133856,133856,10051804,10068464,9917948,9934608,501,4,false,true
4893,2,133856,133856,10051804,10068464,9917948,9934608,502,4,false,true
4894,2,133856,133856,10051804,10068464,9917948,9934608,503,4,false,true
4895,2,133856,133856,10051804,10068464,9917948,9934608,504,4,false,true
4896,2,133857,133857,10068464,10082052,9934607,9948195,505,4,false,true
4897,2,133857,133857,10068464,10082052,9934607,9948195,506,4,false,true
4898,2,133857,133857,10068464,10082052,9934607,9948195,507,4,false,true
4899,2,133857,133857,10068464,10082052,9934607,9948195,508,4,false,true
4900,1,133920,133920,10041032,10051804,9907112,9917884,574,4,false,true
4901,1,133920,133920,10041032,10051804,9907112,9917884,575,4,false,true
4902,1,133920,133920,10082052,10092824,9948132,9958904,576,4,false,true
4903,1,133920,133920,10082052,10092824,9948132,9958904,577,4,false,true
4904,0,133921,133921,8150956,8153024,8017035,8019103,1883,4,false,true
4905,0,133921,133921,8150956,8153024,8017035,8019103,1884,4,false,true
4906,0,133921,133921,10092824,10095660,9958903,9961739,1885,4,false,true
4907,0,133921,133921,10092824,10095660,9958903,9961739,1886,4,false,true
4908,1,133921,133921,10082052,10092824,9948131,9958903,578,4,false,true
4909,1,133921,133921,10082052,10092824,9948131,9958903,579,4,false,true
4910,1,133921,133921,10095660,10106432,9961739,9972511,580,4,false,true
4911,1,133921,133921,10095660,10106432,9961739,9972511,581,4,false,true
4912,1,133952,133952,10095660,10106432,9961708,9972480,582,4,false,true
4913,1,133952,133952,10095660,10106432,9961708,9972480,583,4,false,true
4914,1,133952,133952,10106432,10118484,9972480,9984532,584,4,false,true
4915,1,133952,133952,10106432,10118484,9972480,9984532,585,4,false,true
4916,2,133984,133984,10141564,10155152,10007580,10021168,509,4,false,true
4917,2,133984,133984,10141564,10155152,10007580,10021168,510,4,false,true
4918,2,133984,133984,10141564,10155152,10007580,10021168,511,4,false,true
4919,2,133984,133984,10141564,10155152,10007580,10021168,512,4,false,true
4920,1,133984,133984,10106432,10118484,9972448,9984500,586,4,false,true
4921,1,133984,133984,10106432,10118484,9972448,9984500,587,4,false,true
4922,1,133984,133984,10118484,10130792,9984500,9996808,588,4,false,true
4923,1,133984,133984,10118484,10130792,9984500,9996808,589,4,false,true
4924,1,133984,133984,10118484,10130792,9984500,9996808,590,4,false,true
4925,1,133984,133984,10118484,10130792,9984500,9996808,591,4,false,true
4926,1,133984,133984,10130792,10141564,9996808,10007580,592,4,false,true
4927,1,133984,133984,10130792,10141564,9996808,10007580,593,4,false,true
4928,2,133984,133984,10155152,10165924,10021168,10031940,513,4,false,true
4929,2,133984,133984,10155152,10165924,10021168,10031940,514,4,false,true
4930,2,133984,133984,10155152,10165924,10021168,10031940,515,4,false,true
4931,2,133984,133984,10155152,10165924,10021168,10031940,516,4,false,true
4932,0,134017,134017,10092824,10095660,9958807,9961643,1887,4,false,true
4933,0,134017,134017,10092824,10095660,9958807,9961643,1888,4,false,true
4934,0,134017,134017,10165924,10167736,10031907,10033719,1889,4,false,true
4935,0,134017,134017,10165924,10167736,10031907,10033719,1890,4,false,true
4936,1,134049,134049,10130792,10141564,9996743,10007515,594,4,false,true
4937,1,134049,134049,10130792,10141564,9996743,10007515,595,4,false,true
4938,1,134049,134049,10167736,10181324,10033687,10047275,596,4,false,true
4939,1,134049,134049,10167736,10181324,10033687,10047275,597,4,false,true
4940,1,134049,134049,10167736,10181324,10033687,10047275,598,4,false,true
4941,1,134049,134049,10167736,10181324,10033687,10047275,599,4,false,true
4942,1,134049,134049,10181324,10194912,10047275,10060863,600,4,false,true
4943,1,134049,134049,10181324,10194912,10047275,10060863,601,4,false,true
4944,2,134081,134081,10216712,10225180,10082631,10091099,517,4,false,true
4945,1,134081,134081,10181324,10194912,10047243,10060831,602,4,false,true
4946,1,134081,134081,10181324,10194912,10047243,10060831,603,4,false,true
4947,1,134081,134081,10194912,10205684,10060831,10071603,604,4,false,true
4948,1,134081,134081,10194912,10205684,10060831,10071603,605,4,false,true
4949,1,134081,134081,10194912,10205684,10060831,10071603,606,4,false,true
4950,1,134081,134081,10194912,10205684,10060831,10071603,607,4,false,true
4951,1,134081,134081,10205684,10216712,10071603,10082631,608,4,false,true
4952,1,134081,134081,10205684,10216712,10071603,10082631,609,4,false,true
4953,1,134112,134112,10205684,10216712,10071572,10082600,610,4,false,true
4954,1,134112,134112,10205684,10216712,10071572,10082600,611,4,false,true
4955,1,134112,134112,10225180,10235952,10091068,10101840,612,4,false,true
4956,1,134112,134112,10225180,10235952,10091068,10101840,613,4,false,true
4957,0,134112,134112,10165924,10167736,10031812,10033624,1891,4,false,true
4958,1,134113,134113,10225180,10235952,10091067,10101839,614,4,false,true
4959,1,134113,134113,10225180,10235952,10091067,10101839,615,4,false,true
4960,1,134113,134113,10235952,10246724,10101839,10112611,616,4,false,true
4961,1,134113,134113,10235952,10246724,10101839,10112611,617,4,false,true
4962,1,134114,134114,10235952,10246724,10101838,10112610,618,4,false,true
4963,1,134114,134114,10235952,10246724,10101838,10112610,619,4,false,true
4964,1,134114,134114,10246724,10258520,10112610,10124406,620,4,false,true
4965,1,134114,134114,10246724,10258520,10112610,10124406,621,4,false,true
4966,3,134144,134144,9923604,9931816,9789460,9797672,1890,4,false,true
4967,3,134144,134144,9923604,9931816,9789460,9797672,1891,4,false,true
4968,3,134144,134144,10272108,10281856,10137964,10147712,1892,4,false,true
4969,3,134144,134144,10272108,10281856,10137964,10147712,1893,4,false,true
4970,1,134144,134144,10246724,10258520,10112580,10124376,622,4,false,true
4971,1,134144,134144,10246724,10258520,10112580,10124376,623,4,false,true
4972,1,134144,134144,10258520,10272108,10124376,10137964,624,4,false,true
4973,1,134144,134144,10258520,10272108,10124376,10137964,625,4,false,true
4974,1,134145,134145,10258520,10272108,10124375,10137963,626,4,false,true
4975,1,134145,134145,10258520,10272108,10124375,10137963,627,4,false,true
4976,1,134145,134145,10281856,10292628,10147711,10158483,628,4,false,true
4977,1,134145,134145,10281856,10292628,10147711,10158483,629,4,false,true
4978,1,134176,134176,10281856,10292628,10147680,10158452,630,4,false,true
4979,1,134176,134176,10281856,10292628,10147680,10158452,631,4,false,true
4980,1,134176,134176,10292628,10302376,10158452,10168200,632,4,false,true
4981,1,134176,134176,10292628,10302376,10158452,10168200,633,4,false,true
4982,1,134177,134177,10292628,10302376,10158451,10168199,634,4,false,true
4983,1,134177,134177,10292628,10302376,10158451,10168199,635,4,false,true
4984,1,134177,134177,10302376,10313404,10168199,10179227,636,4,false,true
4985,1,134177,134177,10302376,10313404,10168199,10179227,637,4,false,true
4986,2,134177,134177,10216712,10225180,10082535,10091003,518,4,false,true
4987,2,134177,134177,10216712,10225180,10082535,10091003,519,4,false,true
4988,2,134177,134177,10216712,10225180,10082535,10091003,520,4,false,true
4989,2,134177,134177,10313404,10324176,10179227,10189999,521,4,false,true
4990,1,134209,134209,10302376,10313404,10168167,10179195,638,4,false,true
4991,1,134209,134209,10302376,10313404,10168167,10179195,639,4,false,true
4992,1,134209,134209,10324176,10332644,10189967,10198435,640,4,false,true
4993,1,134209,134209,10324176,10332644,10189967,10198435,641,4,false,true
4994,2,134304,134304,10313404,10324176,10179100,10189872,522,4,false,true
4995,2,134304,134304,10313404,10324176,10179100,10189872,523,4,false,true
4996,2,134304,134304,10313404,10324176,10179100,10189872,524,4,false,true
4997,2,134304,134304,10332644,10343416,10198340,10209112,525,4,false,true
4998,2,134304,134304,10332644,10343416,10198340,10209112,526,4,false,true
4999,2,134304,134304,10332644,10343416,10198340,10209112,527,4,false,true
5000,2,134304,134304,10332644,10343416,10198340,10209112,528,4,false,true
5001,2,134304,134304,10343416,10351628,10209112,10217324,529,3,false,true
5002,3,134305,134305,10272108,10281856,10137803,10147551,1894,4,false,true
5003,3,134305,134305,10272108,10281856,10137803,10147551,1895,4,false,true
5004,3,134305,134305,10351628,10361120,10217323,10226815,1896,4,false,true
5005,3,134305,134305,10351628,10361120,10217323,10226815,1897,4,false,true
5006,1,134305,134305,10324176,10332644,10189871,10198339,642,4,false,true
5007,2,134306,134306,10343416,10351628,10209110,10217322,530,3,false,true
5008,2,134306,134306,10343416,10351628,10209110,10217322,531,3,false,true
5009,2,134306,134306,10361120,10371892,10226814,10237586,532,4,false,true
5010,2,134306,134306,10361120,10371892,10226814,10237586,533,4,false,true
5011,1,134336,134336,10324176,10332644,10189840,10198308,643,4,false,true
5012,1,134336,134336,10371892,10382664,10237556,10248328,644,4,false,true
5013,1,134336,134336,10371892,10382664,10237556,10248328,645,4,false,true
5014,1,134336,134336,10371892,10382664,10237556,10248328,646,4,false,true
5015,2,134368,134368,10361120,10371892,10226752,10237524,534,4,false,true
5016,2,134368,134368,10361120,10371892,10226752,10237524,535,4,false,true
5017,2,134368,134368,10401648,10412420,10267280,10278052,536,4,false,true
5018,2,134368,134368,10401648,10412420,10267280,10278052,537,4,false,true
5019,1,134368,134368,10371892,10382664,10237524,10248296,647,4,false,true
5020,1,134368,134368,10382664,10393692,10248296,10259324,648,4,false,true
5021,1,134368,134368,10382664,10393692,10248296,10259324,649,4,false,true
5022,1,134368,134368,10382664,10393692,10248296,10259324,650,4,false,true
5023,1,134368,134368,10382664,10393692,10248296,10259324,651,4,false,true
5024,1,134368,134368,10393692,10401648,10259324,10267280,652,3,false,true
5025,1,134368,134368,10393692,10401648,10259324,10267280,653,3,false,true
5026,1,134368,134368,10393692,10401648,10259324,10267280,654,3,false,true
5027,1,134369,134369,10412420,10423192,10278051,10288823,655,4,false,true
5028,1,134369,134369,10412420,10423192,10278051,10288823,656,4,false,true
5029,1,134369,134369,10412420,10423192,10278051,10288823,657,4,false,true
5030,1,134369,134369,10412420,10423192,10278051,10288823,658,4,false,true
5031,1,134369,134369,10423192,10433964,10288823,10299595,659,4,false,true
5032,1,134369,134369,10423192,10433964,10288823,10299595,660,4,false,true
5033,1,134369,134369,10423192,10433964,10288823,10299595,661,4,false,true
5034,1,134369,134369,10423192,10433964,10288823,10299595,662,4,false,true
5035,3,134400,134400,10351628,10361120,10217228,10226720,1898,4,false,true
5036,3,134400,134400,10351628,10361120,10217228,10226720,1899,4,false,true
5037,3,134400,134400,10433964,10443712,10299564,10309312,1900,4,false,true
5038,3,134400,134400,10433964,10443712,10299564,10309312,1901,4,false,true
5039,1,134432,134432,10443712,10454484,10309280,10320052,663,4,false,true
5040,1,134432,134432,10443712,10454484,10309280,10320052,664,4,false,true
5041,1,134432,134432,10443712,10454484,10309280,10320052,665,4,false,true
5042,1,134432,134432,10443712,10454484,10309280,10320052,666,4,false,true
5043,1,134432,134432,10454484,10473960,10320052,10339528,667,4,false,true
5044,1,134432,134432,10454484,10473960,10320052,10339528,668,4,false,true
5045,1,134432,134432,10454484,10473960,10320052,10339528,669,4,false,true
5046,1,134432,134432,10454484,10473960,10320052,10339528,670,4,false,true
5047,1,134433,134433,10473960,10484732,10339527,10350299,671,4,false,true
5048,1,134433,134433,10473960,10484732,10339527,10350299,672,4,false,true
5049,1,134433,134433,10473960,10484732,10339527,10350299,673,4,false,true
5050,1,134433,134433,10473960,10484732,10339527,10350299,674,4,false,true
5051,1,134433,134433,10484732,10492944,10350299,10358511,675,4,false,true
5052,1,134433,134433,10484732,10492944,10350299,10358511,676,4,false,true
5053,1,134433,134433,10484732,10492944,10350299,10358511,677,4,false,true
5054,1,134433,134433,10484732,10492944,10350299,10358511,678,4,false,true
5055,1,134433,134433,10492944,10503716,10358511,10369283,679,4,false,true
5056,1,134433,134433,10492944,10503716,10358511,10369283,680,4,false,true
5057,1,134433,134433,10492944,10503716,10358511,10369283,681,4,false,true
5058,1,134433,134433,10492944,10503716,10358511,10369283,682,4,false,true
5059,1,134465,134465,10503716,10514488,10369251,10380023,683,4,false,true
5060,1,134465,134465,10503716,10514488,10369251,10380023,684,4,false,true
5061,1,134465,134465,10503716,10514488,10369251,10380023,685,4,false,true
5062,1,134465,134465,10503716,10514488,10369251,10380023,686,4,false,true
5063,1,134496,134496,10514488,10525260,10379992,10390764,687,4,false,true
5064,1,134496,134496,10514488,10525260,10379992,10390764,688,4,false,true
5065,1,134496,134496,10514488,10525260,10379992,10390764,689,4,false,true
5066,1,134496,134496,10514488,10525260,10379992,10390764,690,4,false,true
5067,1,134497,134497,10525260,10538592,10390763,10404095,691,4,false,true
5068,1,134497,134497,10525260,10538592,10390763,10404095,692,4,false,true
5069,1,134497,134497,10525260,10538592,10390763,10404095,693,4,false,true
5070,1,134497,134497,10525260,10538592,10390763,10404095,694,4,false,true
5071,2,134528,134528,10401648,10412420,10267120,10277892,538,4,false,true
5072,2,134528,134528,10401648,10412420,10267120,10277892,539,4,false,true
5073,2,134528,134528,10538592,10549364,10404064,10414836,540,4,false,true
5074,2,134528,134528,10538592,10549364,10404064,10414836,541,4,false,true
5075,1,134529,134529,10549364,10566024,10414835,10431495,695,4,false,true
5076,1,134529,134529,10549364,10566024,10414835,10431495,696,4,false,true
5077,1,134529,134529,10549364,10566024,10414835,10431495,697,4,false,true
5078,1,134529,134529,10549364,10566024,10414835,10431495,698,4,false,true
5079,2,134560,134560,10538592,10549364,10404032,10414804,542,4,false,true
5080,2,134560,134560,10538592,10549364,10404032,10414804,543,4,false,true
5081,2,134560,134560,10566024,10576796,10431464,10442236,544,4,false,true
5082,2,134560,134560,10566024,10576796,10431464,10442236,545,4,false,true
5083,1,134561,134561,10576796,10590384,10442235,10455823,699,4,false,true
5084,1,134561,134561,10576796,10590384,10442235,10455823,700,4,false,true
5085,1,134561,134561,10576796,10590384,10442235,10455823,701,4,false,true
5086,1,134561,134561,10576796,10590384,10442235,10455823,702,4,false,true
5087,2,134562,134562,10566024,10576796,10431462,10442234,546,4,false,true
5088,2,134562,134562,10566024,10576796,10431462,10442234,547,4,false,true
5089,2,134562,134562,10590384,10599620,10455822,10465058,548,4,false,true
5090,2,134562,134562,10590384,10599620,10455822,10465058,549,4,false,true
5091,1,134592,134592,10599620,10610392,10465028,10475800,703,4,false,true
5092,1,134592,134592,10599620,10610392,10465028,10475800,704,4,false,true
5093,1,134592,134592,10599620,10610392,10465028,10475800,705,4,false,true
5094,1,134592,134592,10599620,10610392,10465028,10475800,706,4,false,true
5095,1,134593,134593,10610392,10621164,10475799,10486571,707,4,false,true
5096,1,134593,134593,10610392,10621164,10475799,10486571,708,4,false,true
5097,1,134593,134593,10610392,10621164,10475799,10486571,709,4,false,true
5098,1,134593,134593,10610392,10621164,10475799,10486571,710,4,false,true
5099,1,134624,134624,10621164,10634752,10486540,10500128,711,4,false,true
5100,1,134624,134624,10621164,10634752,10486540,10500128,712,4,false,true
5101,1,134624,134624,10621164,10634752,10486540,10500128,713,4,false,true
5102,1,134624,134624,10621164,10634752,10486540,10500128,714,4,false,true
5103,2,134657,134657,10590384,10599620,10455727,10464963,550,4,false,true
5104,2,134657,134657,10590384,10599620,10455727,10464963,551,4,false,true
5105,2,134657,134657,10634752,10644500,10500095,10509843,552,4,false,true
5106,2,134657,134657,10634752,10644500,10500095,10509843,553,4,false,true
5107,2,134657,134657,10634752,10644500,10500095,10509843,554,4,false,true
5108,2,134657,134657,10634752,10644500,10500095,10509843,555,4,false,true
5109,2,134657,134657,10644500,10661672,10509843,10527015,556,4,false,true
5110,2,134657,134657,10644500,10661672,10509843,10527015,557,4,false,true
5111,2,134657,134657,10644500,10661672,10509843,10527015,558,4,false,true
5112,2,134657,134657,10644500,10661672,10509843,10527015,559,4,false,true
5113,2,134657,134657,10661672,10684732,10527015,10550075,560,4,false,true
5114,2,134657,134657,10661672,10684732,10527015,10550075,561,4,false,true
5115,1,134689,134689,10684732,10695504,10550043,10560815,715,4,false,true
5116,1,134689,134689,10684732,10695504,10550043,10560815,716,4,false,true
5117,1,134689,134689,10684732,10695504,10550043,10560815,717,4,false,true
5118,1,134689,134689,10684732,10695504,10550043,10560815,718,4,false,true
5119,1,134689,134689,10695504,10706276,10560815,10571587,719,4,false,true
5120,1,134689,134689,10695504,10706276,10560815,10571587,720,4,false,true
5121,1,134689,134689,10695504,10706276,10560815,10571587,721,4,false,true
5122,1,134689,134689,10695504,10706276,10560815,10571587,722,4,false,true
5123,1,134721,134721,10706276,10717048,10571555,10582327,723,4,false,true
5124,1,134721,134721,10706276,10717048,10571555,10582327,724,4,false,true
5125,1,134721,134721,10706276,10717048,10571555,10582327,725,4,false,true
5126,1,134721,134721,10706276,10717048,10571555,10582327,726,4,false,true
5127,2,134754,134754,10661672,10684732,10526918,10549978,562,4,false,true
5128,2,134754,134754,10661672,10684732,10526918,10549978,563,4,false,true
5129,2,134754,134754,10717048,10734732,10582294,10599978,564,4,false,true
5130,2,134754,134754,10717048,10734732,10582294,10599978,565,4,false,true
5131,2,134816,134816,10717048,10734732,10582232,10599916,566,4,false,true
5132,2,134816,134816,10717048,10734732,10582232,10599916,567,4,false,true
5133,2,134816,134816,10745504,10757812,10610688,10622996,568,4,false,true
5134,2,134816,134816,10745504,10757812,10610688,10622996,569,4,false,true
5135,1,134816,134816,10734732,10745504,10599916,10610688,727,4,false,true
5136,1,134816,134816,10734732,10745504,10599916,10610688,728,4,false,true
5137,1,134816,134816,10734732,10745504,10599916,10610688,729,4,false,true
5138,1,134816,134816,10734732,10745504,10599916,10610688,730,4,false,true
5139,1,134913,134913,10757812,10771400,10622899,10636487,731,4,false,true
5140,1,134913,134913,10757812,10771400,10622899,10636487,732,4,false,true
5141,1,134913,134913,10757812,10771400,10622899,10636487,733,4,false,true
5142,1,134913,134913,10757812,10771400,10622899,10636487,734,4,false,true
5143,2,134944,134944,10745504,10757812,10610560,10622868,570,4,false,true
5144,2,134944,134944,10745504,10757812,10610560,10622868,571,4,false,true
5145,2,134944,134944,10771400,10782172,10636456,10647228,572,4,false,true
5146,2,134944,134944,10771400,10782172,10636456,10647228,573,4,false,true
5147,1,135008,135008,10782172,10795760,10647164,10660752,735,4,false,true
5148,1,135008,135008,10782172,10795760,10647164,10660752,736,4,false,true
5149,1,135008,135008,10782172,10795760,10647164,10660752,737,4,false,true
5150,1,135008,135008,10782172,10795760,10647164,10660752,738,4,false,true
5151,2,135009,135009,10771400,10782172,10636391,10647163,574,4,false,true
5152,2,135009,135009,10771400,10782172,10636391,10647163,575,4,false,true
5153,2,135009,135009,10823192,10833964,10688183,10698955,576,4,false,true
5154,2,135009,135009,10823192,10833964,10688183,10698955,577,4,false,true
5155,1,135009,135009,10795760,10812420,10660751,10677411,739,4,false,true
5156,1,135009,135009,10795760,10812420,10660751,10677411,740,4,false,true
5157,1,135009,135009,10795760,10812420,10660751,10677411,741,4,false,true
5158,1,135009,135009,10795760,10812420,10660751,10677411,742,4,false,true
5159,1,135009,135009,10812420,10823192,10677411,10688183,743,4,false,true
5160,1,135009,135009,10812420,10823192,10677411,10688183,744,4,false,true
5161,1,135009,135009,10812420,10823192,10677411,10688183,745,4,false,true
5162,1,135009,135009,10812420,10823192,10677411,10688183,746,4,false,true
5163,1,135040,135040,10833964,10844736,10698924,10709696,747,4,false,true
5164,1,135040,135040,10833964,10844736,10698924,10709696,748,4,false,true
5165,1,135040,135040,10833964,10844736,10698924,10709696,749,4,false,true
5166,1,135040,135040,10833964,10844736,10698924,10709696,750,4,false,true
5167,1,135040,135040,10844736,10855508,10709696,10720468,751,4,false,true
5168,1,135040,135040,10844736,10855508,10709696,10720468,752,4,false,true
5169,1,135040,135040,10844736,10855508,10709696,10720468,753,4,false,true
5170,1,135040,135040,10844736,10855508,10709696,10720468,754,4,false,true
5171,1,135040,135040,10855508,10869096,10720468,10734056,755,4,false,true
5172,1,135040,135040,10855508,10869096,10720468,10734056,756,4,false,true
5173,1,135040,135040,10855508,10869096,10720468,10734056,757,4,false,true
5174,1,135040,135040,10855508,10869096,10720468,10734056,758,4,false,true
5175,2,135040,135040,10823192,10833964,10688152,10698924,578,4,false,true
5176,2,135040,135040,10823192,10833964,10688152,10698924,579,4,false,true
5177,2,135040,135040,10869096,10879868,10734056,10744828,580,4,false,true
5178,2,135040,135040,10869096,10879868,10734056,10744828,581,4,false,true
5179,1,135041,135041,10879868,10893200,10744827,10758159,759,4,false,true
5180,1,135041,135041,10879868,10893200,10744827,10758159,760,4,false,true
5181,1,135041,135041,10879868,10893200,10744827,10758159,761,4,false,true
5182,1,135041,135041,10879868,10893200,10744827,10758159,762,4,false,true
5183,1,135041,135041,10893200,10903972,10758159,10768931,763,4,false,true
5184,1,135041,135041,10893200,10903972,10758159,10768931,764,4,false,true
5185,1,135041,135041,10893200,10903972,10758159,10768931,765,4,false,true
5186,1,135041,135041,10893200,10903972,10758159,10768931,766,4,false,true
5187,1,135104,135104,10903972,10915000,10768868,10779896,767,4,false,true
5188,1,135104,135104,10903972,10915000,10768868,10779896,768,4,false,true
5189,1,135104,135104,10903972,10915000,10768868,10779896,769,4,false,true
5190,1,135104,135104,10903972,10915000,10768868,10779896,770,4,false,true
5191,1,135105,135105,10915000,10931148,10779895,10796043,771,4,false,true
5192,1,135105,135105,10915000,10931148,10779895,10796043,772,4,false,true
5193,1,135105,135105,10915000,10931148,10779895,10796043,773,4,false,true
5194,1,135105,135105,10915000,10931148,10779895,10796043,774,4,false,true
5195,1,135137,135137,10931148,10944480,10796011,10809343,775,4,false,true
5196,1,135137,135137,10931148,10944480,10796011,10809343,776,4,false,true
5197,1,135137,135137,10931148,10944480,10796011,10809343,777,4,false,true
5198,1,135137,135137,10931148,10944480,10796011,10809343,778,4,false,true
5199,2,135200,135200,10869096,10879868,10733896,10744668,582,4,false,true
5200,2,135200,135200,10869096,10879868,10733896,10744668,583,4,false,true
5201,2,135200,135200,10963956,10974728,10828756,10839528,584,4,false,true
5202,2,135200,135200,10963956,10974728,10828756,10839528,585,4,false,true
5203,1,135200,135200,10944480,10963956,10809280,10828756,779,4,false,true
5204,1,135200,135200,10944480,10963956,10809280,10828756,780,4,false,true
5205,1,135200,135200,10944480,10963956,10809280,10828756,781,4,false,true
5206,1,135200,135200,10944480,10963956,10809280,10828756,782,4,false,true
5207,1,135201,135201,10974728,10985756,10839527,10850555,783,4,false,true
5208,1,135201,135201,10974728,10985756,10839527,10850555,784,4,false,true
5209,1,135201,135201,10974728,10985756,10839527,10850555,785,4,false,true
5210,1,135201,135201,10974728,10985756,10839527,10850555,786,4,false,true
5211,3,135201,135201,10433964,10443712,10298763,10308511,1902,4,false,true
5212,3,135201,135201,10433964,10443712,10298763,10308511,1903,4,false,true
5213,3,135201,135201,10985756,10997808,10850555,10862607,1904,4,false,true
5214,3,135201,135201,10985756,10997808,10850555,10862607,1905,4,false,true
5215,1,135232,135232,10997808,11011396,10862576,10876164,787,4,false,true
5216,1,135232,135232,10997808,11011396,10862576,10876164,788,4,false,true
5217,1,135232,135232,10997808,11011396,10862576,10876164,789,4,false,true
5218,1,135232,135232,10997808,11011396,10862576,10876164,790,4,false,true
5219,2,135234,135234,10963956,10974728,10828722,10839494,586,4,false,true
5220,2,135234,135234,10963956,10974728,10828722,10839494,587,4,false,true
5221,2,135234,135234,11011396,11022168,10876162,10886934,588,4,false,true
5222,2,135234,135234,11011396,11022168,10876162,10886934,589,4,false,true
5223,2,135264,135264,11011396,11022168,10876132,10886904,590,4,false,true
5224,2,135264,135264,11011396,11022168,10876132,10886904,591,4,false,true
5225,2,135264,135264,11022168,11027564,10886904,10892300,592,3,false,true
5226,2,135264,135264,11022168,11027564,10886904,10892300,593,3,false,true
5227,1,135265,135265,11027564,11038336,10892299,10903071,791,4,false,true
5228,1,135265,135265,11027564,11038336,10892299,10903071,792,4,false,true
5229,1,135265,135265,11027564,11038336,10892299,10903071,793,4,false,true
5230,1,135265,135265,11027564,11038336,10892299,10903071,794,4,false,true
5231,1,135265,135265,11038336,11051668,10903071,10916403,795,4,false,true
5232,1,135265,135265,11038336,11051668,10903071,10916403,796,4,false,true
5233,1,135265,135265,11038336,11051668,10903071,10916403,797,4,false,true
5234,1,135265,135265,11038336,11051668,10903071,10916403,798,4,false,true
5235,1,135296,135296,11051668,11062440,10916372,10927144,799,4,false,true
5236,1,135296,135296,11051668,11062440,10916372,10927144,800,4,false,true
5237,1,135296,135296,11051668,11062440,10916372,10927144,801,4,false,true
5238,1,135296,135296,11051668,11062440,10916372,10927144,802,4,false,true
5239,1,135329,135329,11062440,11068348,10927111,10933019,803,3,false,true
5240,1,135330,135330,11062440,11068348,10927110,10933018,804,3,false,true
5241,1,135330,135330,11062440,11068348,10927110,10933018,805,3,false,true
5242,1,135330,135330,11068348,11079120,10933018,10943790,806,4,false,true
5243,1,135330,135330,11068348,11079120,10933018,10943790,807,4,false,true
5244,2,135360,135360,11022168,11027564,10886808,10892204,594,3,false,true
5245,2,135361,135361,11091172,11101944,10955811,10966583,595,4,false,true
5246,2,135361,135361,11091172,11101944,10955811,10966583,596,4,false,true
5247,2,135361,135361,11091172,11101944,10955811,10966583,597,4,false,true
5248,2,135361,135361,11091172,11101944,10955811,10966583,598,4,false,true
5249,1,135361,135361,11068348,11079120,10932987,10943759,808,4,false,true
5250,1,135361,135361,11068348,11079120,10932987,10943759,809,4,false,true
5251,1,135361,135361,11079120,11091172,10943759,10955811,810,4,false,true
5252,1,135361,135361,11079120,11091172,10943759,10955811,811,4,false,true
5253,0,135361,135361,10165924,10167736,10030563,10032375,1892,4,false,true
5254,1,135393,135393,11079120,11091172,10943727,10955779,812,4,false,true
5255,1,135393,135393,11079120,11091172,10943727,10955779,813,4,false,true
5256,1,135393,135393,11101944,11114252,10966551,10978859,814,4,false,true
5257,1,135393,135393,11101944,11114252,10966551,10978859,815,4,false,true
5258,1,135425,135425,11101944,11114252,10966519,10978827,816,4,false,true
5259,1,135425,135425,11101944,11114252,10966519,10978827,817,4,false,true
5260,1,135425,135425,11114252,11125024,10978827,10989599,818,4,false,true
5261,1,135425,135425,11114252,11125024,10978827,10989599,819,4,false,true
5262,1,135425,135425,11114252,11125024,10978827,10989599,820,4,false,true
5263,1,135425,135425,11114252,11125024,10978827,10989599,821,4,false,true
5264,1,135425,135425,11125024,11135796,10989599,11000371,822,4,false,true
5265,1,135425,135425,11125024,11135796,10989599,11000371,823,4,false,true
5266,2,135457,135457,11135796,11146568,11000339,11011111,599,4,false,true
5267,2,135457,135457,11135796,11146568,11000339,11011111,600,4,false,true
5268,2,135457,135457,11135796,11146568,11000339,11011111,601,4,false,true
5269,2,135457,135457,11135796,11146568,11000339,11011111,602,4,false,true
5270,2,135488,135488,11146568,11160156,11011080,11024668,603,4,false,true
5271,2,135488,135488,11146568,11160156,11011080,11024668,604,4,false,true
5272,2,135488,135488,11146568,11160156,11011080,11024668,605,4,false,true
5273,2,135488,135488,11146568,11160156,11011080,11024668,606,4,false,true
5274,1,135489,135489,11125024,11135796,10989535,11000307,824,4,false,true
5275,1,135489,135489,11125024,11135796,10989535,11000307,825,4,false,true
5276,1,135489,135489,11160156,11173744,11024667,11038255,826,4,false,true
5277,1,135489,135489,11160156,11173744,11024667,11038255,827,4,false,true
5278,2,135520,135520,11173744,11184516,11038224,11048996,607,4,false,true
5279,2,135520,135520,11173744,11184516,11038224,11048996,608,4,false,true
5280,2,135520,135520,11173744,11184516,11038224,11048996,609,4,false,true
5281,2,135520,135520,11173744,11184516,11038224,11048996,610,4,false,true
5282,1,135521,135521,11160156,11173744,11024635,11038223,828,4,false,true
5283,1,135521,135521,11160156,11173744,11024635,11038223,829,4,false,true
5284,1,135521,135521,11184516,11199384,11048995,11063863,830,4,false,true
5285,1,135521,135521,11184516,11199384,11048995,11063863,831,4,false,true
5286,1,135553,135553,11184516,11199384,11048963,11063831,832,4,false,true
5287,1,135553,135553,11184516,11199384,11048963,11063831,833,4,false,true
5288,1,135553,135553,11199384,11211692,11063831,11076139,834,4,false,true
5289,1,135553,135553,11199384,11211692,11063831,11076139,835,4,false,true
5290,2,135584,135584,11222464,11230932,11086880,11095348,611,4,false,true
5291,1,135584,135584,11199384,11211692,11063800,11076108,836,4,false,true
5292,1,135584,135584,11199384,11211692,11063800,11076108,837,4,false,true
5293,1,135584,135584,11211692,11222464,11076108,11086880,838,4,false,true
5294,1,135584,135584,11211692,11222464,11076108,11086880,839,4,false,true
5295,1,135648,135648,11211692,11222464,11076044,11086816,840,4,false,true
5296,1,135648,135648,11211692,11222464,11076044,11086816,841,4,false,true
5297,1,135648,135648,11230932,11241704,11095284,11106056,842,4,false,true
5298,1,135648,135648,11230932,11241704,11095284,11106056,843,4,false,true
5299,2,135648,135648,11222464,11230932,11086816,11095284,612,4,false,true
5300,2,135648,135648,11222464,11230932,11086816,11095284,613,4,false,true
5301,2,135648,135648,11222464,11230932,11086816,11095284,614,4,false,true
5302,2,135648,135648,11241704,11256828,11106056,11121180,615,4,false,true
5303,1,135649,135649,11230932,11241704,11095283,11106055,844,4,false,true
5304,1,135649,135649,11230932,11241704,11095283,11106055,845,4,false,true
5305,1,135649,135649,11256828,11267600,11121179,11131951,846,4,false,true
5306,1,135649,135649,11256828,11267600,11121179,11131951,847,4,false,true
5307,1,135713,135713,11256828,11267600,11121115,11131887,848,4,false,true
5308,1,135713,135713,11256828,11267600,11121115,11131887,849,4,false,true
5309,1,135713,135713,11267600,11284260,11131887,11148547,850,4,false,true
5310,1,135713,135713,11267600,11284260,11131887,11148547,851,4,false,true
5311,1,135714,135714,11267600,11284260,11131886,11148546,852,4,false,true
5312,1,135714,135714,11267600,11284260,11131886,11148546,853,4,false,true
5313,1,135714,135714,11284260,11300664,11148546,11164950,854,4,false,true
5314,1,135714,135714,11284260,11300664,11148546,11164950,855,4,false,true
5315,2,135777,135777,11241704,11256828,11105927,11121051,616,4,false,true
5316,2,135777,135777,11241704,11256828,11105927,11121051,617,4,false,true
5317,2,135777,135777,11241704,11256828,11105927,11121051,618,4,false,true
5318,2,135777,135777,11300664,11312972,11164887,11177195,619,4,false,true
5319,2,135808,135808,11300664,11312972,11164856,11177164,620,4,false,true
5320,2,135808,135808,11300664,11312972,11164856,11177164,621,4,false,true
5321,2,135808,135808,11300664,11312972,11164856,11177164,622,4,false,true
5322,2,135808,135808,11312972,11323744,11177164,11187936,623,4,false,true
5323,1,135809,135809,11284260,11300664,11148451,11164855,856,4,false,true
5324,1,135809,135809,11284260,11300664,11148451,11164855,857,4,false,true
5325,1,135809,135809,11323744,11335540,11187935,11199731,858,4,false,true
5326,1,135809,135809,11323744,11335540,11187935,11199731,859,4,false,true
5327,2,135840,135840,11312972,11323744,11177132,11187904,624,4,false,true
5328,2,135840,135840,11312972,11323744,11177132,11187904,625,4,false,true
5329,2,135840,135840,11312972,11323744,11177132,11187904,626,4,false,true
5330,2,135840,135840,11346312,11358876,11210472,11223036,627,4,false,true
5331,1,135840,135840,11323744,11335540,11187904,11199700,860,4,false,true
5332,1,135840,135840,11323744,11335540,11187904,11199700,861,4,false,true
5333,1,135840,135840,11335540,11346312,11199700,11210472,862,4,false,true
5334,1,135840,135840,11335540,11346312,11199700,11210472,863,4,false,true
5335,1,135841,135841,11335540,11346312,11199699,11210471,864,4,false,true
5336,1,135841,135841,11335540,11346312,11199699,11210471,865,4,false,true
5337,1,135841,135841,11358876,11368624,11223035,11232783,866,4,false,true
5338,1,135841,135841,11358876,11368624,11223035,11232783,867,4,false,true
5339,2,135872,135872,11346312,11358876,11210440,11223004,628,4,false,true
5340,2,135872,135872,11346312,11358876,11210440,11223004,629,4,false,true
5341,2,135872,135872,11346312,11358876,11210440,11223004,630,4,false,true
5342,2,135872,135872,11368624,11384516,11232752,11248644,631,4,false,true
5343,2,135872,135872,11368624,11384516,11232752,11248644,632,4,false,true
5344,2,135872,135872,11368624,11384516,11232752,11248644,633,4,false,true
5345,2,135872,135872,11368624,11384516,11232752,11248644,634,4,false,true
5346,2,135872,135872,11384516,11392728,11248644,11256856,635,3,false,true
5347,1,135904,135904,11358876,11368624,11222972,11232720,868,4,false,true
5348,1,135904,135904,11358876,11368624,11222972,11232720,869,4,false,true
5349,1,135904,135904,11392728,11401964,11256824,11266060,870,4,false,true
5350,1,135904,135904,11392728,11401964,11256824,11266060,871,4,false,true
5351,1,135905,135905,11392728,11401964,11256823,11266059,872,4,false,true
5352,1,135905,135905,11392728,11401964,11256823,11266059,873,4,false,true
5353,1,135905,135905,11401964,11412992,11266059,11277087,874,4,false,true
5354,1,135905,135905,11401964,11412992,11266059,11277087,875,4,false,true
5355,1,135906,135906,11401964,11412992,11266058,11277086,876,4,false,true
5356,1,135906,135906,11401964,11412992,11266058,11277086,877,4,false,true
5357,1,135906,135906,11412992,11425300,11277086,11289394,878,4,false,true
5358,1,135906,135906,11412992,11425300,11277086,11289394,879,4,false,true
5359,1,135936,135936,11412992,11425300,11277056,11289364,880,4,false,true
5360,1,135936,135936,11412992,11425300,11277056,11289364,881,4,false,true
5361,1,135936,135936,11425300,11434536,11289364,11298600,882,4,false,true
5362,1,135936,135936,11425300,11434536,11289364,11298600,883,4,false,true
5363,2,135937,135937,11384516,11392728,11248579,11256791,636,3,false,true
5364,2,135937,135937,11384516,11392728,11248579,11256791,637,3,false,true
5365,2,135937,135937,11434536,11447100,11298599,11311163,638,4,false,true
5366,2,135937,135937,11434536,11447100,11298599,11311163,639,4,false,true
5367,1,136000,136000,11425300,11434536,11289300,11298536,884,4,false,true
5368,1,136000,136000,11425300,11434536,11289300,11298536,885,4,false,true
5369,1,136000,136000,11447100,11456848,11311100,11320848,886,4,false,true
5370,1,136000,136000,11447100,11456848,11311100,11320848,887,4,false,true
5371,2,136001,136001,11434536,11447100,11298535,11311099,640,4,false,true
5372,2,136001,136001,11434536,11447100,11298535,11311099,641,4,false,true
5373,2,136001,136001,11456848,11470692,11320847,11334691,642,4,false,true
5374,2,136001,136001,11456848,11470692,11320847,11334691,643,4,false,true
5375,1,136002,136002,11447100,11456848,11311098,11320846,888,4,false,true
5376,1,136002,136002,11447100,11456848,11311098,11320846,889,4,false,true
5377,1,136002,136002,11470692,11482488,11334690,11346486,890,4,false,true
5378,1,136002,136002,11470692,11482488,11334690,11346486,891,4,false,true
5379,2,136002,136002,11456848,11470692,11320846,11334690,644,4,false,true
5380,2,136002,136002,11456848,11470692,11320846,11334690,645,4,false,true
5381,2,136002,136002,11482488,11493260,11346486,11357258,646,4,false,true
5382,2,136002,136002,11482488,11493260,11346486,11357258,647,4,false,true
5383,1,136032,136032,11470692,11482488,11334660,11346456,892,4,false,true
5384,1,136032,136032,11470692,11482488,11334660,11346456,893,4,false,true
5385,1,136032,136032,11495328,11507636,11359296,11371604,894,4,false,true
5386,1,136032,136032,11495328,11507636,11359296,11371604,895,4,false,true
5387,0,136032,136032,11493260,11495328,11357228,11359296,1893,4,false,true
5388,1,136033,136033,11495328,11507636,11359295,11371603,896,4,false,true
5389,1,136033,136033,11495328,11507636,11359295,11371603,897,4,false,true
5390,1,136033,136033,11507636,11519688,11371603,11383655,898,4,false,true
5391,1,136033,136033,11507636,11519688,11371603,11383655,899,4,false,true
5392,1,136064,136064,11507636,11519688,11371572,11383624,900,4,false,true
5393,1,136064,136064,11507636,11519688,11371572,11383624,901,4,false,true
5394,1,136064,136064,11519688,11533276,11383624,11397212,902,4,false,true
5395,1,136064,136064,11519688,11533276,11383624,11397212,903,4,false,true
5396,1,136065,136065,11519688,11533276,11383623,11397211,904,4,false,true
5397,1,136065,136065,11519688,11533276,11383623,11397211,905,4,false,true
5398,1,136065,136065,11533276,11545584,11397211,11409519,906,4,false,true
5399,1,136065,136065,11533276,11545584,11397211,11409519,907,4,false,true
5400,1,136160,136160,11533276,11545584,11397116,11409424,908,4,false,true
5401,1,136160,136160,11533276,11545584,11397116,11409424,909,4,false,true
5402,1,136160,136160,11545584,11556356,11409424,11420196,910,4,false,true
5403,1,136160,136160,11545584,11556356,11409424,11420196,911,4,false,true
5404,2,136160,136160,11482488,11493260,11346328,11357100,648,4,false,true
5405,2,136160,136160,11482488,11493260,11346328,11357100,649,4,false,true
5406,2,136160,136160,11556356,11570456,11420196,11434296,650,4,false,true
5407,2,136160,136160,11556356,11570456,11420196,11434296,651,4,false,true
5408,1,136193,136193,11545584,11556356,11409391,11420163,912,4,false,true
5409,1,136193,136193,11545584,11556356,11409391,11420163,913,4,false,true
5410,1,136193,136193,11570456,11583788,11434263,11447595,914,4,false,true
5411,1,136193,136193,11570456,11583788,11434263,11447595,915,4,false,true
5412,1,136193,136193,11570456,11583788,11434263,11447595,916,4,false,true
5413,1,136193,136193,11570456,11583788,11434263,11447595,917,4,false,true
5414,1,136193,136193,11583788,11598400,11447595,11462207,918,4,false,true
5415,1,136193,136193,11583788,11598400,11447595,11462207,919,4,false,true
5416,1,136225,136225,11583788,11598400,11447563,11462175,920,4,false,true
5417,1,136225,136225,11583788,11598400,11447563,11462175,921,4,false,true
5418,1,136225,136225,11598400,11611988,11462175,11475763,922,4,false,true
5419,1,136225,136225,11598400,11611988,11462175,11475763,923,4,false,true
5420,1,136256,136256,11598400,11611988,11462144,11475732,924,4,false,true
5421,1,136256,136256,11598400,11611988,11462144,11475732,925,4,false,true
5422,1,136256,136256,11611988,11624296,11475732,11488040,926,4,false,true
5423,1,136256,136256,11611988,11624296,11475732,11488040,927,4,false,true
5424,2,136257,136257,11556356,11570456,11420099,11434199,652,4,false,true
5425,2,136257,136257,11556356,11570456,11420099,11434199,653,4,false,true
5426,2,136257,136257,11624296,11639164,11488039,11502907,654,4,false,true
5427,2,136257,136257,11624296,11639164,11488039,11502907,655,4,false,true
5428,2,136257,136257,11624296,11639164,11488039,11502907,656,4,false,true
5429,2,136257,136257,11624296,11639164,11488039,11502907,657,4,false,true
5430,2,136257,136257,11639164,11652752,11502907,11516495,658,4,false,true
5431,2,136257,136257,11639164,11652752,11502907,11516495,659,4,false,true
5432,1,136288,136288,11611988,11624296,11475700,11488008,928,4,false,true
5433,1,136288,136288,11611988,11624296,11475700,11488008,929,4,false,true
5434,1,136288,136288,11652752,11664804,11516464,11528516,930,4,false,true
5435,1,136288,136288,11652752,11664804,11516464,11528516,931,4,false,true
5436,1,136320,136320,11652752,11664804,11516432,11528484,932,4,false,true
5437,1,136320,136320,11652752,11664804,11516432,11528484,933,4,false,true
5438,1,136320,136320,11664804,11678136,11528484,11541816,934,4,false,true
5439,1,136320,136320,11664804,11678136,11528484,11541816,935,4,false,true
5440,2,136352,136352,11639164,11652752,11502812,11516400,660,4,false,true
5441,2,136352,136352,11639164,11652752,11502812,11516400,661,4,false,true
5442,2,136352,136352,11678136,11690444,11541784,11554092,662,4,false,true
5443,2,136352,136352,11678136,11690444,11541784,11554092,663,4,false,true
5444,2,136353,136353,11678136,11690444,11541783,11554091,664,4,false,true
5445,2,136353,136353,11678136,11690444,11541783,11554091,665,4,false,true
5446,2,136353,136353,11690444,11702752,11554091,11566399,666,4,false,true
5447,2,136353,136353,11690444,11702752,11554091,11566399,667,4,false,true
5448,2,136353,136353,11690444,11702752,11554091,11566399,668,4,false,true
5449,2,136353,136353,11690444,11702752,11554091,11566399,669,4,false,true
5450,2,136353,136353,11702752,11717876,11566399,11581523,670,4,false,true
5451,2,136353,136353,11702752,11717876,11566399,11581523,671,4,false,true
5452,2,136384,136384,11702752,11717876,11566368,11581492,672,4,false,true
5453,2,136384,136384,11702752,11717876,11566368,11581492,673,4,false,true
5454,2,136384,136384,11717876,11733000,11581492,11596616,674,4,false,true
5455,2,136384,136384,11717876,11733000,11581492,11596616,675,4,false,true
5456,1,136385,136385,11664804,11678136,11528419,11541751,936,4,false,true
5457,1,136385,136385,11664804,11678136,11528419,11541751,937,4,false,true
5458,1,136385,136385,11733000,11747868,11596615,11611483,938,4,false,true
5459,1,136385,136385,11733000,11747868,11596615,11611483,939,4,false,true
5460,2,136386,136386,11717876,11733000,11581490,11596614,676,4,false,true
5461,2,136386,136386,11717876,11733000,11581490,11596614,677,4,false,true
5462,2,136386,136386,11747868,11761456,11611482,11625070,678,4,false,true
5463,2,136386,136386,11747868,11761456,11611482,11625070,679,4,false,true
5464,1,136417,136417,11733000,11747868,11596583,11611451,940,4,false,true
5465,1,136417,136417,11733000,11747868,11596583,11611451,941,4,false,true
5466,1,136417,136417,11761456,11775044,11625039,11638627,942,4,false,true
5467,1,136417,136417,11761456,11775044,11625039,11638627,943,4,false,true
5468,1,136448,136448,11761456,11775044,11625008,11638596,944,4,false,true
5469,1,136448,136448,11761456,11775044,11625008,11638596,945,4,false,true
5470,1,136448,136448,11775044,11785816,11638596,11649368,946,4,false,true
5471,1,136448,136448,11775044,11785816,11638596,11649368,947,4,false,true
5472,1,136449,136449,11775044,11785816,11638595,11649367,948,4,false,true
5473,1,136449,136449,11775044,11785816,11638595,11649367,949,4,false,true
5474,1,136449,136449,11785816,11796588,11649367,11660139,950,4,false,true
5475,1,136449,136449,11785816,11796588,11649367,11660139,951,4,false,true
5476,3,136450,136450,10985756,10997808,10849306,10861358,1906,4,false,true
5477,3,136450,136450,10985756,10997808,10849306,10861358,1907,4,false,true
5478,3,136450,136450,11796588,11811456,11660138,11675006,1908,4,false,true
5479,3,136450,136450,11796588,11811456,11660138,11675006,1909,4,false,true
5480,2,136544,136544,11747868,11761456,11611324,11624912,680,4,false,true
5481,2,136544,136544,11747868,11761456,11611324,11624912,681,4,false,true
5482,2,136544,136544,11823252,11838376,11686708,11701832,682,4,false,true
5483,2,136544,136544,11823252,11838376,11686708,11701832,683,4,false,true
5484,1,136544,136544,11785816,11796588,11649272,11660044,952,4,false,true
5485,1,136544,136544,11785816,11796588,11649272,11660044,953,4,false,true
5486,1,136544,136544,11811456,11823252,11674912,11686708,954,4,false,true
5487,1,136544,136544,11811456,11823252,11674912,11686708,955,4,false,true
5488,1,136673,136673,11811456,11823252,11674783,11686579,956,4,false,true
5489,1,136673,136673,11811456,11823252,11674783,11686579,957,4,false,true
5490,1,136673,136673,11838376,11850684,11701703,11714011,958,4,false,true
5491,1,136673,136673,11838376,11850684,11701703,11714011,959,4,false,true
5492,1,136705,136705,11838376,11850684,11701671,11713979,960,4,false,true
5493,1,136705,136705,11838376,11850684,11701671,11713979,961,4,false,true
5494,1,136705,136705,11850684,11861456,11713979,11724751,962,4,false,true
5495,1,136705,136705,11850684,11861456,11713979,11724751,963,4,false,true
5496,1,136705,136705,11850684,11861456,11713979,11724751,964,4,false,true
5497,1,136705,136705,11850684,11861456,11713979,11724751,965,4,false,true
5498,1,136705,136705,11861456,11873508,11724751,11736803,966,4,false,true
5499,1,136705,136705,11861456,11873508,11724751,11736803,967,4,false,true
5500,1,136737,136737,11861456,11873508,11724719,11736771,968,4,false,true
5501,1,136737,136737,11861456,11873508,11724719,11736771,969,4,false,true
5502,1,136737,136737,11873508,11885816,11736771,11749079,970,4,false,true
5503,1,136737,136737,11873508,11885816,11736771,11749079,971,4,false,true
5504,1,136864,136864,11873508,11885816,11736644,11748952,972,4,false,true
5505,1,136864,136864,11873508,11885816,11736644,11748952,973,4,false,true
5506,1,136864,136864,11885816,11896588,11748952,11759724,974,4,false,true
5507,1,136864,136864,11885816,11896588,11748952,11759724,975,4,false,true
5508,3,136865,136865,11796588,11811456,11659723,11674591,1910,4,false,true
5509,3,136865,136865,11796588,11811456,11659723,11674591,1911,4,false,true
5510,3,136865,136865,11896588,11908640,11759723,11771775,1912,4,false,true
5511,3,136865,136865,11896588,11908640,11759723,11771775,1913,4,false,true
5512,2,136960,136960,11823252,11838376,11686292,11701416,684,4,false,true
5513,2,136960,136960,11823252,11838376,11686292,11701416,685,4,false,true
5514,2,136960,136960,11908640,11923508,11771680,11786548,686,4,false,true
5515,2,136960,136960,11908640,11923508,11771680,11786548,687,4,false,true
5516,1,136961,136961,11885816,11896588,11748855,11759627,976,4,false,true
5517,1,136961,136961,11885816,11896588,11748855,11759627,977,4,false,true
5518,1,136961,136961,11923508,11934280,11786547,11797319,978,4,false,true
5519,1,136961,136961,11923508,11934280,11786547,11797319,979,4,false,true
5520,2,136992,136992,11908640,11923508,11771648,11786516,688,4,false,true
5521,2,136992,136992,11908640,11923508,11771648,11786516,689,4,false,true
5522,2,136992,136992,11934280,11946588,11797288,11809596,690,4,false,true
5523,2,136992,136992,11934280,11946588,11797288,11809596,691,4,false,true
5524,0,136992,136992,11493260,11495328,11356268,11358336,1894,4,false,true
5525,2,136992,136992,11934280,11946588,11797288,11809596,692,4,false,true
5526,2,136992,136992,11934280,11946588,11797288,11809596,693,4,false,true
5527,2,136992,136992,11946588,11960176,11809596,11823184,694,4,false,true
5528,2,136992,136992,11946588,11960176,11809596,11823184,695,4,false,true
5529,1,137025,137025,11923508,11934280,11786483,11797255,980,4,false,true
5530,1,137025,137025,11923508,11934280,11786483,11797255,981,4,false,true
5531,1,137025,137025,11960176,11972228,11823151,11835203,982,4,false,true
5532,1,137025,137025,11960176,11972228,11823151,11835203,983,4,false,true
5533,1,137025,137025,11960176,11972228,11823151,11835203,984,4,false,true
5534,1,137025,137025,11960176,11972228,11823151,11835203,985,4,false,true
5535,1,137025,137025,11972228,11990168,11835203,11853143,986,4,false,true
5536,1,137025,137025,11972228,11990168,11835203,11853143,987,4,false,true
5537,1,137056,137056,11972228,11990168,11835172,11853112,988,4,false,true
5538,1,137056,137056,11972228,11990168,11835172,11853112,989,4,false,true
5539,1,137056,137056,11990168,12006828,11853112,11869772,990,4,false,true
5540,1,137056,137056,11990168,12006828,11853112,11869772,991,4,false,true
5541,1,137121,137121,11990168,12006828,11853047,11869707,992,4,false,true
5542,1,137121,137121,11990168,12006828,11853047,11869707,993,4,false,true
5543,1,137121,137121,12006828,12017600,11869707,11880479,994,4,false,true
5544,1,137121,137121,12006828,12017600,11869707,11880479,995,4,false,true
5545,1,137216,137216,12006828,12017600,11869612,11880384,996,4,false,true
5546,1,137216,137216,12006828,12017600,11869612,11880384,997,4,false,true
5547,1,137216,137216,12017600,12028372,11880384,11891156,998,4,false,true
5548,1,137216,137216,12017600,12028372,11880384,11891156,999,4,false,true
5549,1,137217,137217,12017600,12028372,11880383,11891155,1000,4,false,true
5550,1,137217,137217,12017600,12028372,11880383,11891155,1001,4,false,true
5551,1,137217,137217,12028372,12040424,11891155,11903207,1002,4,false,true
5552,1,137217,137217,12028372,12040424,11891155,11903207,1003,4,false,true
5553,1,137249,137249,12028372,12040424,11891123,11903175,1004,4,false,true
5554,1,137249,137249,12028372,12040424,11891123,11903175,1005,4,false,true
5555,1,137249,137249,12040424,12052732,11903175,11915483,1006,4,false,true
5556,1,137249,137249,12040424,12052732,11903175,11915483,1007,4,false,true
5557,2,137280,137280,11946588,11960176,11809308,11822896,696,4,false,true
5558,2,137280,137280,11946588,11960176,11809308,11822896,697,4,false,true
5559,2,137280,137280,12052732,12066576,11915452,11929296,698,4,false,true
5560,2,137280,137280,12052732,12066576,11915452,11929296,699,4,false,true
5561,1,137281,137281,12040424,12052732,11903143,11915451,1008,4,false,true
5562,1,137281,137281,12040424,12052732,11903143,11915451,1009,4,false,true
5563,1,137281,137281,12066576,12077348,11929295,11940067,1010,4,false,true
5564,1,137281,137281,12066576,12077348,11929295,11940067,1011,4,false,true
5565,1,137313,137313,12066576,12077348,11929263,11940035,1012,4,false,true
5566,1,137313,137313,12066576,12077348,11929263,11940035,1013,4,false,true
5567,1,137313,137313,12077348,12093240,11940035,11955927,1014,4,false,true
5568,1,137313,137313,12077348,12093240,11940035,11955927,1015,4,false,true
5569,1,137408,137408,12077348,12093240,11939940,11955832,1016,4,false,true
5570,1,137408,137408,12077348,12093240,11939940,11955832,1017,4,false,true
5571,1,137408,137408,12093240,12109388,11955832,11971980,1018,4,false,true
5572,1,137408,137408,12093240,12109388,11955832,11971980,1019,4,false,true
5573,1,137408,137408,12093240,12109388,11955832,11971980,1020,4,false,true
5574,1,137408,137408,12093240,12109388,11955832,11971980,1021,4,false,true
5575,1,137408,137408,12109388,12120160,11971980,11982752,1022,4,false,true
5576,1,137408,137408,12109388,12120160,11971980,11982752,1023,4,false,true
5577,1,137440,137440,12109388,12120160,11971948,11982720,1024,4,false,true
5578,1,137440,137440,12109388,12120160,11971948,11982720,1025,4,false,true
5579,1,137440,137440,12120160,12132468,11982720,11995028,1026,4,false,true
5580,1,137440,137440,12120160,12132468,11982720,11995028,1027,4,false,true
5581,1,137472,137472,12120160,12132468,11982688,11994996,1028,4,false,true
5582,1,137472,137472,12120160,12132468,11982688,11994996,1029,4,false,true
5583,1,137472,137472,12132468,12143240,11994996,12005768,1030,4,false,true
5584,1,137472,137472,12132468,12143240,11994996,12005768,1031,4,false,true
5585,1,137472,137472,12132468,12143240,11994996,12005768,1032,4,false,true
5586,1,137472,137472,12132468,12143240,11994996,12005768,1033,4,false,true
5587,1,137472,137472,12143240,12152988,12005768,12015516,1034,4,false,true
5588,1,137472,137472,12143240,12152988,12005768,12015516,1035,4,false,true
5589,1,137473,137473,12143240,12152988,12005767,12015515,1036,4,false,true
5590,1,137473,137473,12143240,12152988,12005767,12015515,1037,4,false,true
5591,1,137473,137473,12152988,12163760,12015515,12026287,1038,4,false,true
5592,1,137473,137473,12152988,12163760,12015515,12026287,1039,4,false,true
5593,1,137505,137505,12152988,12163760,12015483,12026255,1040,4,false,true
5594,1,137505,137505,12152988,12163760,12015483,12026255,1041,4,false,true
5595,1,137505,137505,12163760,12174532,12026255,12037027,1042,4,false,true
5596,1,137505,137505,12163760,12174532,12026255,12037027,1043,4,false,true
5597,1,137568,137568,12163760,12174532,12026192,12036964,1044,4,false,true
5598,1,137568,137568,12163760,12174532,12026192,12036964,1045,4,false,true
5599,1,137568,137568,12174532,12187864,12036964,12050296,1046,4,false,true
5600,1,137568,137568,12174532,12187864,12036964,12050296,1047,4,false,true
5601,2,137570,137570,12052732,12066576,11915162,11929006,700,4,false,true
5602,2,137570,137570,12052732,12066576,11915162,11929006,701,4,false,true
5603,2,137570,137570,12187864,12199916,12050294,12062346,702,4,false,true
5604,2,137570,137570,12187864,12199916,12050294,12062346,703,4,false,true
5605,2,137601,137601,12187864,12199916,12050263,12062315,704,4,false,true
5606,2,137601,137601,12187864,12199916,12050263,12062315,705,4,false,true
5607,2,137601,137601,12199916,12212224,12062315,12074623,706,4,false,true
5608,2,137601,137601,12199916,12212224,12062315,12074623,707,4,false,true
5609,1,137728,137728,12174532,12187864,12036804,12050136,1044,4,false,true
5610,1,137728,137728,12174532,12187864,12036804,12050136,1045,4,false,true
5611,1,137728,137728,12212224,12223252,12074496,12085524,1046,4,false,true
5612,1,137728,137728,12212224,12223252,12074496,12085524,1047,4,false,true
5613,2,137729,137729,12199916,12212224,12062187,12074495,708,4,false,true
5614,2,137729,137729,12199916,12212224,12062187,12074495,709,4,false,true
5615,2,137729,137729,12223252,12234024,12085523,12096295,710,4,false,true
5616,2,137729,137729,12223252,12234024,12085523,12096295,711,4,false,true
5617,1,137729,137729,12212224,12223252,12074495,12085523,1048,4,false,true
5618,1,137857,137857,12212224,12223252,12074367,12085395,1049,4,false,true
5619,1,137857,137857,12234024,12244796,12096167,12106939,1050,4,false,true
5620,1,137857,137857,12234024,12244796,12096167,12106939,1051,4,false,true
5621,1,137857,137857,12234024,12244796,12096167,12106939,1052,4,false,true
5622,1,137920,137920,12234024,12244796,12096104,12106876,1053,4,false,true
5623,1,137920,137920,12244796,12255568,12106876,12117648,1054,4,false,true
5624,1,137920,137920,12244796,12255568,12106876,12117648,1055,4,false,true
5625,1,137920,137920,12244796,12255568,12106876,12117648,1056,4,false,true
5626,2,137920,137920,12223252,12234024,12085332,12096104,712,4,false,true
5627,2,137920,137920,12223252,12234024,12085332,12096104,713,4,false,true
5628,2,137920,137920,12255568,12269156,12117648,12131236,714,4,false,true
5629,2,137920,137920,12255568,12269156,12117648,12131236,715,4,false,true
5630,2,138080,138080,12255568,12269156,12117488,12131076,716,4,false,true
5631,2,138080,138080,12255568,12269156,12117488,12131076,717,4,false,true
5632,2,138080,138080,12269156,12278904,12131076,12140824,718,4,false,true
5633,2,138080,138080,12269156,12278904,12131076,12140824,719,4,false,true
5634,2,138177,138177,12269156,12278904,12130979,12140727,720,4,false,true
5635,2,138177,138177,12269156,12278904,12130979,12140727,721,4,false,true
5636,2,138177,138177,12278904,12286092,12140727,12147915,722,4,false,true
5637,2,138177,138177,12278904,12286092,12140727,12147915,723,4,false,true
5638,1,138240,138240,12244796,12255568,12106556,12117328,1057,4,false,true
5639,1,138240,138240,12286092,12296864,12147852,12158624,1058,4,false,true
5640,1,138240,138240,12286092,12296864,12147852,12158624,1059,4,false,true
5641,1,138240,138240,12286092,12296864,12147852,12158624,1060,4,false,true
5642,2,138304,138304,12278904,12286092,12140600,12147788,724,4,false,true
5643,2,138304,138304,12278904,12286092,12140600,12147788,725,4,false,true
5644,2,138304,138304,12296864,12307636,12158560,12169332,726,4,false,true
5645,2,138304,138304,12296864,12307636,12158560,12169332,727,4,false,true
5646,1,138496,138496,12286092,12296864,12147596,12158368,1061,4,false,true
5647,1,138496,138496,12307636,12318408,12169140,12179912,1062,4,false,true
5648,1,138496,138496,12307636,12318408,12169140,12179912,1063,4,false,true
5649,1,138496,138496,12307636,12318408,12169140,12179912,1064,4,false,true
5650,2,138561,138561,12296864,12307636,12158303,12169075,728,4,false,true
5651,2,138561,138561,12296864,12307636,12158303,12169075,729,4,false,true
5652,2,138561,138561,12318408,12329180,12179847,12190619,730,4,false,true
5653,2,138561,138561,12318408,12329180,12179847,12190619,731,4,false,true
5654,1,138625,138625,12307636,12318408,12169011,12179783,1065,4,false,true
5655,1,138625,138625,12329180,12340208,12190555,12201583,1066,4,false,true
5656,1,138625,138625,12329180,12340208,12190555,12201583,1067,4,false,true
5657,1,138625,138625,12329180,12340208,12190555,12201583,1068,4,false,true
5658,1,138657,138657,12329180,12340208,12190523,12201551,1069,4,false,true
5659,1,138657,138657,12340208,12350980,12201551,12212323,1070,4,false,true
5660,1,138657,138657,12340208,12350980,12201551,12212323,1071,4,false,true
5661,1,138657,138657,12340208,12350980,12201551,12212323,1072,4,false,true
5662,1,138689,138689,12340208,12350980,12201519,12212291,1073,4,false,true
5663,1,138689,138689,12350980,12361752,12212291,12223063,1074,4,false,true
5664,1,138689,138689,12350980,12361752,12212291,12223063,1075,4,false,true
5665,1,138689,138689,12350980,12361752,12212291,12223063,1076,4,false,true
5666,2,138784,138784,12318408,12329180,12179624,12190396,732,4,false,true
5667,2,138784,138784,12318408,12329180,12179624,12190396,733,4,false,true
5668,2,138784,138784,12361752,12372524,12222968,12233740,734,4,false,true
5669,2,138784,138784,12361752,12372524,12222968,12233740,735,4,false,true
5670,1,139040,139040,12350980,12361752,12211940,12222712,1077,4,false,true
5671,1,139040,139040,12372524,12384064,12233484,12245024,1078,4,false,true
5672,1,139040,139040,12372524,12384064,12233484,12245024,1079,4,false,true
5673,1,139040,139040,12372524,12384064,12233484,12245024,1080,4,false,true
5674,2,139040,139040,12361752,12372524,12222712,12233484,736,4,false,true
5675,2,139040,139040,12361752,12372524,12222712,12233484,737,4,false,true
5676,2,139040,139040,12384064,12394836,12245024,12255796,738,4,false,true
5677,2,139040,139040,12384064,12394836,12245024,12255796,739,4,false,true
5678,1,139072,139072,12372524,12384064,12233452,12244992,1081,4,false,true
5679,1,139072,139072,12394836,12407656,12255764,12268584,1082,4,false,true
5680,1,139072,139072,12394836,12407656,12255764,12268584,1083,4,false,true
5681,1,139072,139072,12394836,12407656,12255764,12268584,1084,4,false,true
5682,1,139232,139232,12394836,12407656,12255604,12268424,1085,4,false,true
5683,1,139232,139232,12407656,12415612,12268424,12276380,1086,3,false,true
5684,1,139232,139232,12407656,12415612,12268424,12276380,1087,3,false,true
5685,1,139232,139232,12407656,12415612,12268424,12276380,1088,3,false,true
5686,1,139234,139234,12415612,12426384,12276378,12287150,1089,4,false,true
5687,1,139234,139234,12415612,12426384,12276378,12287150,1090,4,false,true
5688,1,139234,139234,12415612,12426384,12276378,12287150,1091,4,false,true
5689,1,139234,139234,12415612,12426384,12276378,12287150,1092,4,false,true
5690,2,139328,139328,12384064,12394836,12244736,12255508,740,4,false,true
5691,2,139328,139328,12384064,12394836,12244736,12255508,741,4,false,true
5692,2,139328,139328,12426384,12437156,12287056,12297828,742,4,false,true
5693,2,139328,139328,12426384,12437156,12287056,12297828,743,4,false,true
5694,1,139392,139392,12437156,12449720,12297764,12310328,1093,4,false,true
5695,1,139424,139424,12437156,12449720,12297732,12310296,1094,4,false,true
5696,1,139424,139424,12437156,12449720,12297732,12310296,1095,4,false,true
5697,1,139424,139424,12437156,12449720,12297732,12310296,1096,4,false,true
5698,1,139424,139424,12449720,12463820,12310296,12324396,1097,4,false,true
5699,1,139488,139488,12449720,12463820,12310232,12324332,1098,4,false,true
5700,1,139488,139488,12449720,12463820,12310232,12324332,1099,4,false,true
5701,1,139488,139488,12449720,12463820,12310232,12324332,1100,4,false,true
5702,1,139488,139488,12463820,12472800,12324332,12333312,1101,3,false,true
5703,1,139552,139552,12463820,12472800,12324268,12333248,1102,3,false,true
5704,1,139552,139552,12463820,12472800,12324268,12333248,1103,3,false,true
5705,1,139552,139552,12472800,12484852,12333248,12345300,1104,4,false,true
5706,1,139552,139552,12472800,12484852,12333248,12345300,1105,4,false,true
5707,1,139553,139553,12472800,12484852,12333247,12345299,1106,4,false,true
5708,1,139553,139553,12472800,12484852,12333247,12345299,1107,4,false,true
5709,1,139553,139553,12484852,12497160,12345299,12357607,1108,4,false,true
5710,1,139553,139553,12484852,12497160,12345299,12357607,1109,4,false,true
5711,2,139904,139904,12426384,12437156,12286480,12297252,744,4,false,true
5712,2,139904,139904,12426384,12437156,12286480,12297252,745,4,false,true
5713,2,139904,139904,12497160,12507932,12357256,12368028,746,4,false,true
5714,2,139904,139904,12497160,12507932,12357256,12368028,747,4,false,true
5715,1,139969,139969,12484852,12497160,12344883,12357191,1110,4,false,true
5716,1,139969,139969,12484852,12497160,12344883,12357191,1111,4,false,true
5717,1,139969,139969,12507932,12518704,12367963,12378735,1112,4,false,true
5718,1,139969,139969,12507932,12518704,12367963,12378735,1113,4,false,true
5719,2,140033,140033,12497160,12507932,12357127,12367899,748,4,false,true
5720,2,140033,140033,12497160,12507932,12357127,12367899,749,4,false,true
5721,2,140033,140033,12518704,12532548,12378671,12392515,750,4,false,true
5722,2,140033,140033,12518704,12532548,12378671,12392515,751,4,false,true
5723,2,140768,140768,12518704,12532548,12377936,12391780,752,4,false,true
5724,2,140768,140768,12518704,12532548,12377936,12391780,753,4,false,true
5725,2,140768,140768,12532548,12546392,12391780,12405624,754,4,false,true
5726,2,140768,140768,12532548,12546392,12391780,12405624,755,4,false,true
5727,1,140960,140960,12507932,12518704,12366972,12377744,1114,4,false,true
5728,1,140960,140960,12507932,12518704,12366972,12377744,1115,4,false,true
5729,1,140960,140960,12546392,12555628,12405432,12414668,1116,4,false,true
5730,1,140960,140960,12546392,12555628,12405432,12414668,1117,4,false,true
5731,2,140992,140992,12532548,12546392,12391556,12405400,756,4,false,true
5732,2,140992,140992,12532548,12546392,12391556,12405400,757,4,false,true
5733,2,140992,140992,12555628,12566400,12414636,12425408,758,4,false,true
5734,2,140992,140992,12555628,12566400,12414636,12425408,759,4,false,true
5735,1,141025,141025,12546392,12555628,12405367,12414603,1118,4,false,true
5736,1,141025,141025,12546392,12555628,12405367,12414603,1119,4,false,true
5737,1,141025,141025,12566400,12576148,12425375,12435123,1120,4,false,true
5738,1,141025,141025,12566400,12576148,12425375,12435123,1121,4,false,true
5739,3,141440,141440,11896588,11908640,11755148,11767200,1914,4,false,true
5740,3,141440,141440,11896588,11908640,11755148,11767200,1915,4,false,true
5741,3,141440,141440,12576148,12580264,12434708,12438824,1916,2,false,true
5742,3,141440,141440,12576148,12580264,12434708,12438824,1917,2,false,true
5743,1,141857,141857,12566400,12576148,12424543,12434291,1122,4,false,true
5744,1,141857,141857,12566400,12576148,12424543,12434291,1123,4,false,true
5745,1,141857,141857,12580264,12591036,12438407,12449179,1124,4,false,true
5746,1,141857,141857,12580264,12591036,12438407,12449179,1125,4,false,true
5747,2,142016,142016,12555628,12566400,12413612,12424384,760,4,false,true
5748,2,142016,142016,12555628,12566400,12413612,12424384,761,4,false,true
5749,2,142016,142016,12591036,12601808,12449020,12459792,762,4,false,true
5750,2,142016,142016,12591036,12601808,12449020,12459792,763,4,false,true
5751,2,142369,142369,12591036,12601808,12448667,12459439,764,4,false,true
5752,2,142369,142369,12591036,12601808,12448667,12459439,765,4,false,true
5753,2,142369,142369,12601808,12612580,12459439,12470211,766,4,false,true
5754,2,142369,142369,12601808,12612580,12459439,12470211,767,4,false,true
5755,1,143329,143329,12580264,12591036,12436935,12447707,1126,4,false,true
5756,1,143329,143329,12580264,12591036,12436935,12447707,1127,4,false,true
5757,1,143329,143329,12612580,12623352,12469251,12480023,1128,4,false,true
5758,1,143329,143329,12612580,12623352,12469251,12480023,1129,4,false,true
5759,2,143362,143362,12601808,12612580,12458446,12469218,768,4,false,true
5760,2,143362,143362,12601808,12612580,12458446,12469218,769,4,false,true
5761,2,143362,143362,12623352,12634124,12479990,12490762,770,4,false,true
5762,2,143362,143362,12623352,12634124,12479990,12490762,771,4,false,true
5763,2,143456,143456,12623352,12634124,12479896,12490668,772,4,false,true
5764,2,143456,143456,12623352,12634124,12479896,12490668,773,4,false,true
5765,2,143456,143456,12634124,12644896,12490668,12501440,774,4,false,true
5766,2,143456,143456,12634124,12644896,12490668,12501440,775,4,false,true
5767,1,143616,143616,12612580,12623352,12468964,12479736,1130,4,false,true
5768,1,143616,143616,12612580,12623352,12468964,12479736,1131,4,false,true
5769,1,143616,143616,12644896,12656948,12501280,12513332,1132,4,false,true
5770,1,143616,143616,12644896,12656948,12501280,12513332,1133,4,false,true
5771,1,148128,148128,12644896,12656948,12496768,12508820,1134,4,false,true
5772,1,148128,148128,12644896,12656948,12496768,12508820,1135,4,false,true
5773,1,148128,148128,12656948,12670536,12508820,12522408,1136,4,false,true
5774,1,148128,148128,12656948,12670536,12508820,12522408,1137,4,false,true
5775,1,149473,149473,12656948,12670536,12507475,12521063,1134,4,false,true
5776,1,149473,149473,12656948,12670536,12507475,12521063,1135,4,false,true
5777,1,149473,149473,12670536,12682844,12521063,12533371,1136,4,false,true
5778,1,149473,149473,12670536,12682844,12521063,12533371,1137,4,false,true
5779,1,150274,150274,12670536,12682844,12520262,12532570,1138,4,false,true
5780,1,150274,150274,12670536,12682844,12520262,12532570,1139,4,false,true
5781,1,150274,150274,12682844,12693616,12532570,12543342,1140,4,false,true
5782,1,150274,150274,12682844,12693616,12532570,12543342,1141,4,false,true
5783,1,151105,151105,12682844,12693616,12531739,12542511,1142,4,false,true
5784,1,151105,151105,12682844,12693616,12531739,12542511,1143,4,false,true
5785,1,151105,151105,12693616,12707716,12542511,12556611,1144,4,false,true
5786,1,151105,151105,12693616,12707716,12542511,12556611,1145,4,false,true
5787,1,158176,158176,12693616,12707716,12535440,12549540,1146,4,false,true
5788,1,158176,158176,12693616,12707716,12535440,12549540,1147,4,false,true
5789,1,158176,158176,12707716,12724632,12549540,12566456,1148,4,false,true
5790,1,158176,158176,12707716,12724632,12549540,12566456,1149,4,false,true
5791,1,159649,159649,12707716,12724632,12548067,12564983,1146,4,false,true
5792,1,159649,159649,12707716,12724632,12548067,12564983,1147,4,false,true
5793,1,159649,159649,12724632,12735660,12564983,12576011,1148,4,false,true
5794,1,159649,159649,12724632,12735660,12564983,12576011,1149,4,false,true
5795,1,161664,161664,12724632,12735660,12562968,12573996,1150,4,false,true
5796,1,161664,161664,12724632,12735660,12562968,12573996,1151,4,false,true
5797,1,161664,161664,12735660,12749504,12573996,12587840,1152,4,false,true
5798,1,161664,161664,12735660,12749504,12573996,12587840,1153,4,false,true
5799,1,161696,161696,12735660,12749504,12573964,12587808,1154,4,false,true
5800,1,161696,161696,12735660,12749504,12573964,12587808,1155,4,false,true
5801,1,161696,161696,12749504,12766164,12587808,12604468,1156,4,false,true
5802,1,161696,161696,12749504,12766164,12587808,12604468,1157,4,false,true
5803,2,161761,161761,12634124,12644896,12472363,12483135,776,4,false,true
5804,2,161761,161761,12634124,12644896,12472363,12483135,777,4,false,true
5805,2,161761,161761,12766164,12776936,12604403,12615175,778,4,false,true
5806,2,161761,161761,12766164,12776936,12604403,12615175,779,4,false,true
5807,2,161762,161762,12766164,12776936,12604402,12615174,780,4,false,true
5808,2,161762,161762,12766164,12776936,12604402,12615174,781,4,false,true
5809,2,161762,161762,12776936,12787708,12615174,12625946,782,4,false,true
5810,2,161762,161762,12776936,12787708,12615174,12625946,783,4,false,true
5811,2,162144,162144,12776936,12787708,12614792,12625564,784,4,false,true
5812,2,162144,162144,12776936,12787708,12614792,12625564,785,4,false,true
5813,2,162144,162144,12787708,12798480,12625564,12636336,786,4,false,true
5814,2,162144,162144,12787708,12798480,12625564,12636336,787,4,false,true
5815,2,162400,162400,12787708,12798480,12625308,12636080,788,4,false,true
5816,2,162400,162400,12787708,12798480,12625308,12636080,789,4,false,true
5817,2,162400,162400,12798480,12809252,12636080,12646852,790,4,false,true
5818,2,162400,162400,12798480,12809252,12636080,12646852,791,4,false,true
5819,1,162657,162657,12749504,12766164,12586847,12603507,1158,4,false,true
5820,1,162657,162657,12749504,12766164,12586847,12603507,1159,4,false,true
5821,1,162657,162657,12809252,12820024,12646595,12657367,1160,4,false,true
5822,1,162657,162657,12809252,12820024,12646595,12657367,1161,4,false,true
5823,2,163330,163330,12798480,12809252,12635150,12645922,792,4,false,true
5824,2,163330,163330,12798480,12809252,12635150,12645922,793,4,false,true
5825,2,163330,163330,12820024,12833868,12656694,12670538,794,4,false,true
5826,2,163330,163330,12820024,12833868,12656694,12670538,795,4,false,true
5827,2,165889,165889,12820024,12833868,12654135,12667979,796,4,false,true
5828,2,165889,165889,12820024,12833868,12654135,12667979,797,4,false,true
5829,2,165889,165889,12833868,12842336,12667979,12676447,798,3,false,true
5830,2,165889,165889,12833868,12842336,12667979,12676447,799,3,false,true
5831,1,167424,167424,12809252,12820024,12641828,12652600,1162,4,false,true
5832,1,167424,167424,12809252,12820024,12641828,12652600,1163,4,false,true
5833,1,167424,167424,12842336,12853108,12674912,12685684,1164,4,false,true
5834,1,167424,167424,12842336,12853108,12674912,12685684,1165,4,false,true
5835,1,168512,168512,12842336,12853108,12673824,12684596,1166,4,false,true
5836,1,168512,168512,12842336,12853108,12673824,12684596,1167,4,false,true
5837,1,168512,168512,12853108,12863880,12684596,12695368,1168,4,false,true
5838,1,168512,168512,12853108,12863880,12684596,12695368,1169,4,false,true
5839,1,239810,239810,12853108,12863880,12613298,12624070,1146,4,false,true
5840,1,239810,239810,12853108,12863880,12613298,12624070,1147,4,false,true
5841,1,239810,239810,12863880,12869020,12624070,12629210,1148,2,false,true
5842,1,239810,239810,12863880,12869020,12624070,12629210,1149,2,false,true
5843,0,940133,940133,11493260,11495328,10553127,10555195,1831,4,false,true
5844,0,940133,940133,11493260,11495328,10553127,10555195,1832,4,false,true
5845,0,940133,940133,12869020,12870320,11928887,11930187,1833,2,false,true
5846,0,940133,940133,12869020,12870320,11928887,11930187,1834,2,false,true
5847,2,1165477,1165477,12833868,12842336,11668391,11676859,641,3,false,true
