arrival_cycle,token_id,batch_id,layer_id,src_rank,dst_rank,expert_id,payload_bytes
0,0,0,0,0,1,3,90112
0,1,0,0,1,1,2,90112
0,2,0,0,2,1,3,81920
0,3,0,0,3,1,2,81920
0,4,0,20,0,2,5,90112
0,5,0,20,1,2,4,90112
0,6,0,20,2,2,5,81920
0,7,0,20,3,2,4,81920
0,8,0,20,0,2,5,49152
0,9,0,20,1,2,4,40960
0,10,0,20,2,2,5,40960
0,11,0,20,3,2,4,40960
0,12,0,21,0,2,4,49152
0,13,0,21,1,2,5,40960
0,14,0,21,2,2,4,40960
0,15,0,21,3,2,5,40960
0,16,0,22,0,2,5,49152
0,17,0,22,1,2,4,40960
0,18,0,22,2,2,5,40960
0,19,0,22,3,2,4,40960
0,20,0,23,0,2,4,49152
0,21,0,23,1,2,5,40960
0,22,0,23,2,2,4,40960
0,23,0,23,3,2,5,40960
0,24,0,31,0,2,4,114688
0,25,0,31,1,2,5,106496
0,26,0,31,2,2,4,106496
0,27,0,31,3,2,5,106496
0,28,0,11,0,1,3,114688
0,29,0,11,1,1,2,106496
0,30,0,11,2,1,3,106496
0,31,0,11,3,1,2,106496
0,32,0,15,0,1,3,90112
0,33,0,15,1,1,2,90112
0,34,0,15,2,1,3,81920
0,35,0,15,3,1,2,81920
0,36,0,25,0,1,3,90112
0,37,0,25,1,1,2,90112
0,38,0,25,2,1,3,81920
0,39,0,25,3,1,2,81920
0,40,0,11,0,1,2,114688
0,41,0,11,1,1,3,106496
0,42,0,11,2,1,2,106496
0,43,0,11,3,1,3,106496
0,44,0,22,0,2,5,90112
0,45,0,22,1,2,4,90112
0,46,0,22,2,2,5,81920
0,47,0,22,3,2,4,81920
0,48,0,24,0,2,5,90112
0,49,0,24,1,2,4,90112
0,50,0,24,2,2,5,81920
0,51,0,24,3,2,4,81920
0,52,0,25,0,1,2,90112
0,53,0,25,1,1,3,90112
0,54,0,25,2,1,2,81920
0,55,0,25,3,1,3,81920
0,56,0,29,0,1,2,90112
0,57,0,29,1,1,3,90112
0,58,0,29,2,1,2,81920
0,59,0,29,3,1,3,81920
0,60,0,3,0,1,2,49152
0,61,0,3,1,1,3,40960
0,62,0,3,2,1,2,40960
0,63,0,3,3,1,3,40960
0,64,0,6,0,1,3,90112
0,65,0,6,1,1,2,90112
0,66,0,6,2,1,3,90112
0,67,0,6,3,1,2,81920
0,68,0,7,0,0,0,131072
0,69,0,7,1,0,1,131072
0,70,0,7,2,0,0,131072
0,71,0,7,3,0,1,122880
0,72,0,7,0,1,2,65536
0,73,0,7,1,1,3,65536
0,74,0,7,2,1,2,65536
0,75,0,7,3,1,3,57344
0,76,0,9,0,1,2,131072
0,77,0,9,1,1,3,131072
0,78,0,9,2,1,2,131072
0,79,0,9,3,1,3,122880
0,80,0,11,0,1,3,90112
0,81,0,11,1,1,2,90112
0,82,0,11,2,1,3,81920
0,83,0,11,3,1,2,81920
0,84,0,24,0,2,4,90112
0,85,0,24,1,2,5,90112
0,86,0,24,2,2,4,81920
0,87,0,24,3,2,5,81920
0,88,0,25,0,1,3,90112
0,89,0,25,1,1,2,90112
0,90,0,25,2,1,3,81920
0,91,0,25,3,1,2,81920
0,92,0,26,0,2,4,90112
0,93,0,26,1,2,5,90112
0,94,0,26,2,2,4,81920
0,95,0,26,3,2,5,81920
0,96,0,30,0,2,4,131072
0,97,0,30,1,2,5,131072
0,98,0,30,2,2,4,122880
0,99,0,30,3,2,5,122880
0,100,0,31,0,1,3,114688
0,101,0,31,1,1,2,106496
0,102,0,31,2,1,3,106496
0,103,0,31,3,1,2,106496
0,104,0,11,0,1,2,65536
0,105,0,11,1,1,3,65536
0,106,0,11,2,1,2,65536
0,107,0,11,3,1,3,65536
0,108,0,14,0,2,5,180224
0,109,0,14,1,2,4,180224
0,110,0,14,2,2,5,172032
0,111,0,14,3,2,4,172032
0,112,0,15,0,1,2,114688
0,113,0,15,1,1,3,106496
0,114,0,15,2,1,2,106496
0,115,0,15,3,1,3,106496
0,116,0,23,0,2,4,90112
0,117,0,23,1,2,5,90112
0,118,0,23,2,2,4,81920
0,119,0,23,3,2,5,81920
0,120,0,25,0,2,4,90112
0,121,0,25,1,2,5,90112
0,122,0,25,2,2,4,81920
0,123,0,25,3,2,5,81920
0,124,0,11,0,1,3,90112
0,125,0,11,1,1,2,90112
0,126,0,11,2,1,3,81920
0,127,0,11,3,1,2,81920
0,128,0,12,0,2,4,90112
0,129,0,12,1,2,5,90112
0,130,0,12,2,2,4,81920
0,131,0,12,3,2,5,81920
0,132,0,24,0,1,2,90112
0,133,0,24,1,1,3,90112
0,134,0,24,2,1,2,81920
0,135,0,24,3,1,3,81920
0,136,0,26,0,1,2,106496
0,137,0,26,1,1,3,106496
0,138,0,26,2,1,2,106496
0,139,0,26,3,1,3,106496
0,140,0,29,0,2,5,90112
0,141,0,29,1,2,4,90112
0,142,0,29,2,2,5,81920
0,143,0,29,3,2,4,81920
0,144,0,3,0,1,3,114688
0,145,0,3,1,1,2,106496
0,146,0,3,2,1,3,106496
0,147,0,3,3,1,2,106496
0,148,0,4,0,1,2,114688
0,149,0,4,1,1,3,106496
0,150,0,4,2,1,2,106496
0,151,0,4,3,1,3,106496
0,152,0,5,0,1,3,114688
0,153,0,5,1,1,2,106496
0,154,0,5,2,1,3,106496
0,155,0,5,3,1,2,106496
0,156,0,11,0,1,2,90112
0,157,0,11,1,1,3,90112
0,158,0,11,2,1,2,81920
0,159,0,11,3,1,3,81920
0,160,0,12,0,2,5,90112
0,161,0,12,1,2,4,90112
0,162,0,12,2,2,5,81920
0,163,0,12,3,2,4,81920
0,164,0,15,0,1,2,90112
0,165,0,15,1,1,3,90112
0,166,0,15,2,1,2,81920
0,167,0,15,3,1,3,81920
0,168,0,30,0,2,5,90112
0,169,0,30,1,2,4,90112
0,170,0,30,2,2,5,81920
0,171,0,30,3,2,4,81920
0,172,0,31,0,2,4,114688
0,173,0,31,1,2,5,106496
0,174,0,31,2,2,4,106496
0,175,0,31,3,2,5,106496
0,176,0,9,0,1,2,131072
0,177,0,9,1,1,3,131072
0,178,0,9,2,1,2,131072
0,179,0,9,3,1,3,122880
0,180,0,11,0,1,3,106496
0,181,0,11,1,1,2,106496
0,182,0,11,2,1,3,106496
0,183,0,11,3,1,2,106496
0,184,0,15,0,1,3,106496
0,185,0,15,1,1,2,106496
0,186,0,15,2,1,3,106496
0,187,0,15,3,1,2,106496
0,188,0,21,0,2,5,8192
0,189,0,25,0,2,5,90112
0,190,0,25,1,2,4,90112
0,191,0,25,2,2,5,81920
0,192,0,25,3,2,4,81920
0,193,0,30,0,2,4,139264
0,194,0,30,1,2,5,139264
0,195,0,30,2,2,4,139264
0,196,0,30,3,2,5,139264
0,197,0,31,0,2,5,90112
0,198,0,31,1,2,4,90112
0,199,0,31,2,2,5,81920
0,200,0,31,3,2,4,81920
0,201,0,15,0,1,2,114688
0,202,0,15,1,1,3,106496
0,203,0,15,2,1,2,106496
0,204,0,15,3,1,3,106496
0,205,0,20,0,1,3,8192
0,206,0,22,0,2,5,90112
0,207,0,22,1,2,4,90112
0,208,0,22,2,2,5,81920
0,209,0,22,3,2,4,81920
0,210,0,3,0,1,2,114688
0,211,0,3,1,1,3,106496
0,212,0,3,2,1,2,106496
0,213,0,3,3,1,3,106496
0,214,0,30,0,2,5,114688
0,215,0,30,1,2,4,106496
0,216,0,30,2,2,5,106496
0,217,0,30,3,2,4,106496
0,218,0,4,0,1,3,114688
0,219,0,4,1,1,2,106496
0,220,0,4,2,1,3,106496
0,221,0,4,3,1,2,106496
0,222,0,9,0,2,4,131072
0,223,0,9,1,2,5,131072
0,224,0,9,2,2,4,131072
0,225,0,9,3,2,5,122880
0,226,0,11,0,1,3,65536
0,227,0,11,1,1,2,65536
0,228,0,11,2,1,3,65536
0,229,0,11,3,1,2,65536
0,230,0,21,0,2,5,90112
0,231,0,21,1,2,4,90112
0,232,0,21,2,2,5,81920
0,233,0,21,3,2,4,81920
0,234,0,28,0,1,2,90112
0,235,0,28,1,1,3,90112
0,236,0,28,2,1,2,81920
0,237,0,28,3,1,3,81920
0,238,0,29,0,2,5,90112
0,239,0,29,1,2,4,90112
0,240,0,29,2,2,5,81920
0,241,0,29,3,2,4,81920
0,242,0,30,0,2,4,139264
0,243,0,30,1,2,5,131072
0,244,0,30,2,2,4,131072
0,245,0,30,3,2,5,131072
0,246,0,20,0,2,5,90112
0,247,0,20,1,2,4,90112
0,248,0,20,2,2,5,81920
0,249,0,20,3,2,4,81920
0,250,0,23,0,1,2,90112
0,251,0,23,1,1,3,90112
0,252,0,23,2,1,2,81920
0,253,0,23,3,1,3,81920
0,254,0,24,0,2,5,90112
0,255,0,24,1,2,4,90112
0,256,0,24,2,2,5,81920
0,257,0,24,3,2,4,81920
0,258,0,29,0,1,2,90112
0,259,0,29,1,1,3,90112
0,260,0,29,2,1,2,81920
0,261,0,29,3,1,3,81920
0,262,0,30,0,2,5,90112
0,263,0,30,1,2,4,90112
0,264,0,30,2,2,5,81920
0,265,0,30,3,2,4,81920
2176,266,0,8,0,1,3,24576
2176,267,0,8,1,1,2,24576
2176,268,0,8,2,1,3,24576
2176,269,0,8,3,1,2,16384
59360,270,0,1,0,3,6,65536
59360,271,0,1,1,3,7,65536
59360,272,0,1,2,3,6,65536
59360,273,0,1,3,3,7,65536
60160,274,0,0,0,3,7,131072
60160,275,0,0,1,3,6,131072
60160,276,0,0,2,3,7,131072
60160,277,0,0,3,3,6,122880
62816,278,0,19,0,2,4,114688
62816,279,0,19,1,2,5,106496
62816,280,0,19,2,2,4,106496
62816,281,0,19,3,2,5,106496
63392,282,0,10,0,0,0,65536
63392,283,0,10,1,0,1,65536
63392,284,0,10,2,0,0,65536
63392,285,0,10,3,0,1,65536
63456,286,0,30,0,0,1,24576
63456,287,0,30,1,0,0,24576
63456,288,0,30,2,0,1,24576
63456,289,0,30,3,0,0,16384
63520,290,0,1,0,0,0,65536
63520,291,0,1,1,0,1,65536
63520,292,0,1,2,0,0,65536
63520,293,0,1,3,0,1,65536
63617,294,0,18,0,2,4,90112
63617,295,0,18,1,2,5,90112
63617,296,0,18,2,2,4,81920
63617,297,0,18,3,2,5,81920
63680,298,0,30,0,0,0,24576
63680,299,0,30,1,0,1,24576
63680,300,0,30,2,0,0,24576
63680,301,0,30,3,0,1,16384
63872,302,0,18,0,0,1,49152
63872,303,0,18,1,0,0,40960
63872,304,0,18,2,0,1,40960
63872,305,0,18,3,0,0,40960
63873,306,0,24,0,0,0,24576
63873,307,0,24,1,0,1,24576
63873,308,0,24,2,0,0,24576
63873,309,0,24,3,0,1,16384
64065,310,0,22,0,0,1,49152
64065,311,0,22,1,0,0,40960
64065,312,0,22,2,0,1,40960
64065,313,0,22,3,0,0,40960
64096,314,0,20,0,2,4,49152
64096,315,0,20,1,2,5,40960
64096,316,0,20,2,2,4,40960
64096,317,0,20,3,2,5,40960
64128,318,0,29,0,0,0,24576
64128,319,0,29,1,0,1,24576
64128,320,0,29,2,0,0,24576
64128,321,0,29,3,0,1,16384
64192,322,0,7,0,0,0,49152
64192,323,0,7,1,0,1,40960
64192,324,0,7,2,0,0,40960
64192,325,0,7,3,0,1,40960
64224,326,0,30,0,0,1,24576
64224,327,0,30,1,0,0,24576
64224,328,0,30,2,0,1,24576
64224,329,0,30,3,0,0,16384
64288,330,0,19,0,0,0,24576
64288,331,0,19,1,0,1,24576
64288,332,0,19,2,0,0,24576
64288,333,0,19,3,0,1,16384
64352,334,0,17,0,2,5,65536
64352,335,0,17,1,2,4,65536
64352,336,0,17,2,2,5,65536
64352,337,0,17,3,2,4,65536
64384,338,0,24,0,0,1,65536
64384,339,0,24,1,0,0,65536
64384,340,0,24,2,0,1,65536
64384,341,0,24,3,0,0,65536
64385,342,0,0,0,2,5,8192
64480,343,0,24,0,0,0,24576
64480,344,0,24,1,0,1,24576
64480,345,0,24,2,0,0,24576
64480,346,0,24,3,0,1,16384
64480,347,0,20,0,3,7,65536
64480,348,0,20,1,3,6,65536
64480,349,0,20,2,3,7,65536
64480,350,0,20,3,3,6,65536
64512,351,0,8,0,2,5,49152
64512,352,0,8,1,2,4,40960
64512,353,0,8,2,2,5,40960
64512,354,0,8,3,2,4,40960
64544,355,0,12,0,3,7,90112
64544,356,0,12,1,3,6,90112
64544,357,0,12,2,3,7,81920
64544,358,0,12,3,3,6,81920
64544,359,0,18,0,0,1,24576
64544,360,0,18,1,0,0,24576
64544,361,0,18,2,0,1,24576
64544,362,0,18,3,0,0,16384
64545,363,0,21,0,0,1,49152
64545,364,0,21,1,0,0,40960
64545,365,0,21,2,0,1,40960
64545,366,0,21,3,0,0,40960
64577,367,0,13,0,0,1,90112
64577,368,0,13,1,0,0,90112
64577,369,0,13,2,0,1,81920
64577,370,0,13,3,0,0,81920
64608,371,0,11,0,0,1,24576
64608,372,0,11,1,0,0,24576
64608,373,0,11,2,0,1,24576
64608,374,0,11,3,0,0,16384
64608,375,0,11,0,0,1,65536
64608,376,0,11,1,0,0,65536
64608,377,0,11,2,0,1,65536
64608,378,0,11,3,0,0,65536
64609,379,0,30,0,3,6,65536
64609,380,0,30,1,3,7,65536
64609,381,0,30,2,3,6,57344
64609,382,0,30,3,3,7,57344
64672,383,0,25,0,0,1,24576
64672,384,0,25,1,0,0,24576
64672,385,0,25,2,0,1,24576
64672,386,0,25,3,0,0,16384
64704,387,0,28,0,0,0,65536
64704,388,0,28,1,0,1,65536
64704,389,0,28,2,0,0,65536
64704,390,0,28,3,0,1,65536
64736,391,0,22,0,1,3,8192
64736,392,0,7,0,0,1,49152
64736,393,0,7,1,0,0,40960
64736,394,0,7,2,0,1,40960
64736,395,0,7,3,0,0,40960
64737,396,0,10,0,0,1,49152
64737,397,0,10,1,0,0,40960
64737,398,0,10,2,0,1,40960
64737,399,0,10,3,0,0,40960
64768,400,0,2,0,0,0,49152
64768,401,0,2,1,0,1,40960
64768,402,0,2,2,0,0,40960
64768,403,0,2,3,0,1,40960
64768,404,0,18,0,0,0,49152
64768,405,0,18,1,0,1,40960
64768,406,0,18,2,0,0,40960
64768,407,0,18,3,0,1,40960
64800,408,0,25,0,0,1,65536
64800,409,0,25,1,0,0,65536
64800,410,0,25,2,0,1,65536
64800,411,0,25,3,0,0,65536
64800,412,0,8,0,0,0,90112
64800,413,0,8,1,0,1,90112
64800,414,0,8,2,0,0,81920
64800,415,0,8,3,0,1,81920
64800,416,0,7,0,0,0,24576
64800,417,0,7,1,0,1,24576
64800,418,0,7,2,0,0,24576
64800,419,0,7,3,0,1,16384
64800,420,0,14,0,0,0,65536
64800,421,0,14,1,0,1,65536
64800,422,0,14,2,0,0,65536
64800,423,0,14,3,0,1,65536
64801,424,0,25,0,2,4,49152
64801,425,0,25,1,2,5,40960
64801,426,0,25,2,2,4,40960
64801,427,0,25,3,2,5,40960
64832,428,0,25,0,0,0,49152
64832,429,0,25,1,0,1,40960
64832,430,0,25,2,0,0,40960
64832,431,0,25,3,0,1,40960
64832,432,0,7,0,0,1,65536
64832,433,0,7,1,0,0,65536
64832,434,0,7,2,0,1,65536
64832,435,0,7,3,0,0,65536
64833,436,0,27,0,3,6,65536
64833,437,0,27,1,3,7,65536
64833,438,0,27,2,3,6,65536
64833,439,0,27,3,3,7,65536
64864,440,0,20,0,0,1,49152
64864,441,0,20,1,0,0,40960
64864,442,0,20,2,0,1,40960
64864,443,0,20,3,0,0,40960
64896,444,0,10,0,0,0,65536
64896,445,0,10,1,0,1,65536
64896,446,0,10,2,0,0,65536
64896,447,0,10,3,0,1,65536
64896,448,0,22,0,0,0,24576
64896,449,0,22,1,0,1,24576
64896,450,0,22,2,0,0,24576
64896,451,0,22,3,0,1,16384
64928,452,0,14,0,0,0,49152
64928,453,0,14,1,0,1,40960
64928,454,0,14,2,0,0,40960
64928,455,0,14,3,0,1,40960
64928,456,0,24,0,0,1,49152
64928,457,0,24,1,0,0,40960
64928,458,0,24,2,0,1,40960
64928,459,0,24,3,0,0,40960
64928,460,0,26,0,0,0,24576
64928,461,0,26,1,0,1,24576
64928,462,0,26,2,0,0,24576
64928,463,0,26,3,0,1,16384
64929,464,0,14,0,0,0,65536
64929,465,0,14,1,0,1,65536
64929,466,0,14,2,0,0,65536
64929,467,0,14,3,0,1,65536
64960,468,0,18,0,0,1,24576
64960,469,0,18,1,0,0,24576
64960,470,0,18,2,0,1,24576
64960,471,0,18,3,0,0,16384
64960,472,0,31,0,3,6,65536
64960,473,0,31,1,3,7,65536
64960,474,0,31,2,3,6,65536
64960,475,0,31,3,3,7,65536
64960,476,0,28,0,0,1,65536
64960,477,0,28,1,0,0,65536
64960,478,0,28,2,0,1,65536
64960,479,0,28,3,0,0,65536
64960,480,0,12,0,0,1,24576
64960,481,0,12,1,0,0,24576
64960,482,0,12,2,0,1,24576
64960,483,0,12,3,0,0,16384
64992,484,0,24,0,2,5,49152
64992,485,0,24,1,2,4,40960
64992,486,0,24,2,2,5,40960
64992,487,0,24,3,2,4,40960
65024,488,0,14,0,0,1,24576
65024,489,0,14,1,0,0,24576
65024,490,0,14,2,0,1,24576
65024,491,0,14,3,0,0,16384
65024,492,0,21,0,3,6,65536
65024,493,0,21,1,3,7,65536
65024,494,0,21,2,3,6,65536
65024,495,0,21,3,3,7,65536
65057,496,0,27,0,0,1,49152
65057,497,0,27,1,0,0,40960
65057,498,0,27,2,0,1,40960
65057,499,0,27,3,0,0,40960
65088,500,0,28,0,0,0,49152
65088,501,0,28,1,0,1,40960
65088,502,0,28,2,0,0,40960
65088,503,0,28,3,0,1,40960
65088,504,0,4,0,3,7,65536
65088,505,0,4,1,3,6,65536
65088,506,0,4,2,3,7,65536
65088,507,0,4,3,3,6,65536
65088,508,0,21,0,2,5,49152
65088,509,0,21,1,2,4,40960
65088,510,0,21,2,2,5,40960
65088,511,0,21,3,2,4,40960
65120,512,0,3,0,0,1,49152
65120,513,0,3,1,0,0,40960
65120,514,0,3,2,0,1,40960
65120,515,0,3,3,0,0,40960
65152,516,0,29,0,0,0,49152
65152,517,0,29,1,0,1,40960
65152,518,0,29,2,0,0,40960
65152,519,0,29,3,0,1,40960
65153,520,0,19,0,0,1,65536
65153,521,0,19,1,0,0,65536
65153,522,0,19,2,0,1,65536
65153,523,0,19,3,0,0,65536
65184,524,0,0,0,3,6,65536
65184,525,0,0,1,3,7,65536
65184,526,0,0,2,3,6,65536
65184,527,0,0,3,3,7,65536
65184,528,0,2,0,0,1,131072
65184,529,0,2,1,0,0,131072
65184,530,0,2,2,0,1,131072
65184,531,0,2,3,0,0,122880
65185,532,0,19,0,1,3,49152
65185,533,0,19,1,1,2,40960
65185,534,0,19,2,1,3,40960
65185,535,0,19,3,1,2,40960
65185,536,0,21,0,2,4,49152
65185,537,0,21,1,2,5,40960
65185,538,0,21,2,2,4,40960
65185,539,0,21,3,2,5,40960
65185,540,0,20,0,1,2,49152
65185,541,0,20,1,1,3,40960
65185,542,0,20,2,1,2,40960
65185,543,0,20,3,1,3,40960
65216,544,0,9,0,0,1,24576
65216,545,0,9,1,0,0,24576
65216,546,0,9,2,0,1,24576
65216,547,0,9,3,0,0,16384
65216,548,0,30,0,0,1,49152
65216,549,0,30,1,0,0,40960
65216,550,0,30,2,0,1,40960
65216,551,0,30,3,0,0,40960
65216,552,0,3,0,2,4,8192
65248,553,0,16,0,0,0,90112
65248,554,0,16,1,0,1,90112
65248,555,0,16,2,0,0,81920
65248,556,0,16,3,0,1,81920
65248,557,0,16,0,0,0,106496
65248,558,0,16,1,0,1,106496
65248,559,0,16,2,0,0,106496
65248,560,0,16,3,0,1,106496
65248,561,0,12,0,0,0,49152
65248,562,0,12,1,0,1,40960
65248,563,0,12,2,0,0,40960
65248,564,0,12,3,0,1,40960
65248,565,0,0,0,3,6,65536
65248,566,0,0,1,3,7,65536
65248,567,0,0,2,3,6,65536
65248,568,0,0,3,3,7,65536
65248,569,0,24,0,3,7,65536
65248,570,0,24,1,3,6,65536
65248,571,0,24,2,3,7,65536
65248,572,0,24,3,3,6,65536
65280,573,0,6,0,0,0,24576
65280,574,0,6,1,0,1,24576
65280,575,0,6,2,0,0,24576
65280,576,0,6,3,0,1,16384
65280,577,0,19,0,0,0,65536
65280,578,0,19,1,0,1,65536
65280,579,0,19,2,0,0,65536
65280,580,0,19,3,0,1,65536
65281,581,0,23,0,0,1,49152
65281,582,0,23,1,0,0,40960
65281,583,0,23,2,0,1,40960
65281,584,0,23,3,0,0,40960
65312,585,0,5,0,0,1,49152
65312,586,0,5,1,0,0,40960
65312,587,0,5,2,0,1,40960
65312,588,0,5,3,0,0,40960
65344,589,0,30,0,0,1,40960
65344,590,0,30,1,0,0,40960
65344,591,0,30,2,0,1,40960
65344,592,0,30,3,0,0,32768
65345,593,0,2,0,0,1,24576
65345,594,0,2,1,0,0,24576
65345,595,0,2,2,0,1,24576
65345,596,0,2,3,0,0,16384
65376,597,0,1,0,0,0,114688
65376,598,0,1,1,0,1,106496
65376,599,0,1,2,0,0,106496
65376,600,0,1,3,0,1,106496
65377,601,0,18,0,0,0,49152
65377,602,0,18,1,0,1,40960
65377,603,0,18,2,0,0,40960
65377,604,0,18,3,0,1,40960
65377,605,0,12,0,3,6,90112
65377,606,0,12,1,3,7,90112
65377,607,0,12,2,3,6,81920
65377,608,0,12,3,3,7,81920
65377,609,0,1,0,3,7,65536
65377,610,0,1,1,3,6,65536
65377,611,0,1,2,3,7,65536
65377,612,0,1,3,3,6,65536
65408,613,0,1,0,3,7,65536
65408,614,0,1,1,3,6,65536
65408,615,0,1,2,3,7,65536
65408,616,0,1,3,3,6,65536
65408,617,0,31,0,0,0,90112
65408,618,0,31,1,0,1,90112
65408,619,0,31,2,0,0,81920
65408,620,0,31,3,0,1,81920
65440,621,0,28,0,3,7,65536
65440,622,0,28,1,3,6,65536
65440,623,0,28,2,3,7,65536
65440,624,0,28,3,3,6,65536
65440,625,0,20,0,3,6,65536
65440,626,0,20,1,3,7,65536
65440,627,0,20,2,3,6,65536
65440,628,0,20,3,3,7,65536
65440,629,0,22,0,3,7,65536
65440,630,0,22,1,3,6,65536
65440,631,0,22,2,3,7,65536
65440,632,0,22,3,3,6,65536
65441,633,0,24,0,0,0,24576
65441,634,0,24,1,0,1,24576
65441,635,0,24,2,0,0,24576
65441,636,0,24,3,0,1,16384
65472,637,0,20,0,0,1,65536
65472,638,0,20,1,0,0,65536
65472,639,0,20,2,0,1,65536
65472,640,0,20,3,0,0,65536
65472,641,0,14,0,0,0,114688
65472,642,0,14,1,0,1,106496
65472,643,0,14,2,0,0,106496
65472,644,0,14,3,0,1,106496
65472,645,0,11,0,3,6,65536
65472,646,0,11,1,3,7,65536
65472,647,0,11,2,3,6,65536
65472,648,0,11,3,3,7,65536
65504,649,0,26,0,3,7,65536
65504,650,0,26,1,3,6,65536
65504,651,0,26,2,3,7,65536
65504,652,0,26,3,3,6,65536
65504,653,0,14,0,0,1,114688
65504,654,0,14,1,0,0,106496
65504,655,0,14,2,0,1,106496
65504,656,0,14,3,0,0,106496
65504,657,0,9,0,0,0,114688
65504,658,0,9,1,0,1,114688
65504,659,0,9,2,0,0,106496
65504,660,0,9,3,0,1,106496
65536,661,0,24,0,0,0,65536
65536,662,0,24,1,0,1,65536
65536,663,0,24,2,0,0,65536
65536,664,0,24,3,0,1,65536
65536,665,0,23,0,0,0,24576
65536,666,0,23,1,0,1,24576
65536,667,0,23,2,0,0,24576
65536,668,0,23,3,0,1,16384
65536,669,0,18,0,1,3,49152
65536,670,0,18,1,1,2,40960
65536,671,0,18,2,1,3,40960
65536,672,0,18,3,1,2,40960
65537,673,0,19,0,3,6,24576
65537,674,0,19,1,3,7,24576
65537,675,0,19,2,3,6,24576
65537,676,0,19,3,3,7,16384
65537,677,0,23,0,0,0,65536
65537,678,0,23,1,0,1,65536
65537,679,0,23,2,0,0,65536
65537,680,0,23,3,0,1,65536
65568,681,0,21,0,0,1,65536
65568,682,0,21,1,0,0,65536
65568,683,0,21,2,0,1,65536
65568,684,0,21,3,0,0,65536
65568,685,0,18,0,0,1,24576
65568,686,0,18,1,0,0,24576
65568,687,0,18,2,0,1,24576
65568,688,0,18,3,0,0,16384
65600,689,0,19,0,0,1,24576
65600,690,0,19,1,0,0,24576
65600,691,0,19,2,0,1,24576
65600,692,0,19,3,0,0,16384
65600,693,0,4,0,0,0,65536
65600,694,0,4,1,0,1,65536
65600,695,0,4,2,0,0,65536
65600,696,0,4,3,0,1,65536
65600,697,0,12,0,3,6,90112
65600,698,0,12,1,3,7,90112
65600,699,0,12,2,3,6,81920
65600,700,0,12,3,3,7,81920
65600,701,0,30,0,0,0,16384
65600,702,0,30,1,0,1,16384
65600,703,0,30,2,0,0,16384
65600,704,0,30,3,0,1,16384
65600,705,0,8,0,3,6,90112
65600,706,0,8,1,3,7,90112
65600,707,0,8,2,3,6,81920
65600,708,0,8,3,3,7,81920
65601,709,0,24,0,0,1,49152
65601,710,0,24,1,0,0,40960
65601,711,0,24,2,0,1,40960
65601,712,0,24,3,0,0,40960
65632,713,0,16,0,0,0,24576
65632,714,0,16,1,0,1,24576
65632,715,0,16,2,0,0,24576
65632,716,0,16,3,0,1,16384
65632,717,0,18,0,3,6,65536
65632,718,0,18,1,3,7,65536
65632,719,0,18,2,3,6,65536
65632,720,0,18,3,3,7,65536
65664,721,0,23,0,3,6,65536
65664,722,0,23,1,3,7,65536
65664,723,0,23,2,3,6,65536
65664,724,0,23,3,3,7,65536
65664,725,0,28,0,0,1,49152
65664,726,0,28,1,0,0,40960
65664,727,0,28,2,0,1,40960
65664,728,0,28,3,0,0,40960
65664,729,0,27,0,0,0,49152
65664,730,0,27,1,0,1,40960
65664,731,0,27,2,0,0,40960
65664,732,0,27,3,0,1,40960
65665,733,0,14,0,0,1,24576
65665,734,0,14,1,0,0,24576
65665,735,0,14,2,0,1,24576
65665,736,0,14,3,0,0,16384
65665,737,0,30,0,0,1,16384
65665,738,0,30,1,0,0,16384
65665,739,0,30,2,0,1,16384
65665,740,0,30,3,0,0,16384
65665,741,0,28,0,0,0,24576
65665,742,0,28,1,0,1,24576
65665,743,0,28,2,0,0,24576
65665,744,0,28,3,0,1,16384
65696,745,0,9,0,3,7,40960
65696,746,0,9,1,3,6,40960
65696,747,0,9,2,3,7,40960
65696,748,0,9,3,3,6,32768
65696,749,0,26,0,0,1,90112
65696,750,0,26,1,0,0,90112
65696,751,0,26,2,0,1,81920
65696,752,0,26,3,0,0,81920
65696,753,0,12,0,0,0,65536
65696,754,0,12,1,0,1,65536
65696,755,0,12,2,0,0,65536
65696,756,0,12,3,0,1,65536
65696,757,0,18,0,3,6,65536
65696,758,0,18,1,3,7,65536
65696,759,0,18,2,3,6,65536
65696,760,0,18,3,3,7,65536
65696,761,0,22,0,3,7,65536
65696,762,0,22,1,3,6,65536
65696,763,0,22,2,3,7,65536
65696,764,0,22,3,3,6,65536
65697,765,0,4,0,0,1,24576
65697,766,0,4,1,0,0,24576
65697,767,0,4,2,0,1,24576
65697,768,0,4,3,0,0,16384
65728,769,0,26,0,0,1,90112
65728,770,0,26,1,0,0,90112
65728,771,0,26,2,0,1,81920
65728,772,0,26,3,0,0,81920
65728,773,0,30,0,0,0,40960
65728,774,0,30,1,0,1,40960
65728,775,0,30,2,0,0,40960
65728,776,0,30,3,0,1,32768
65728,777,0,2,0,0,1,24576
65728,778,0,2,1,0,0,24576
65728,779,0,2,2,0,1,24576
65728,780,0,2,3,0,0,16384
65760,781,0,13,0,3,6,65536
65760,782,0,13,1,3,7,65536
65760,783,0,13,2,3,6,65536
65760,784,0,13,3,3,7,65536
65760,785,0,13,0,0,1,24576
65760,786,0,13,1,0,0,24576
65760,787,0,13,2,0,1,24576
65760,788,0,13,3,0,0,16384
65760,789,0,27,0,3,6,65536
65760,790,0,27,1,3,7,65536
65760,791,0,27,2,3,6,65536
65760,792,0,27,3,3,7,65536
65761,793,0,27,0,0,0,49152
65761,794,0,27,1,0,1,40960
65761,795,0,27,2,0,0,40960
65761,796,0,27,3,0,1,40960
65761,797,0,23,0,0,1,24576
65761,798,0,23,1,0,0,24576
65761,799,0,23,2,0,1,24576
65761,800,0,23,3,0,0,16384
65761,801,0,1,0,0,1,49152
65761,802,0,1,1,0,0,40960
65761,803,0,1,2,0,1,40960
65761,804,0,1,3,0,0,40960
65761,805,0,11,0,3,7,65536
65761,806,0,11,1,3,6,65536
65761,807,0,11,2,3,7,65536
65761,808,0,11,3,3,6,65536
65761,809,0,6,0,0,0,90112
65761,810,0,6,1,0,1,90112
65761,811,0,6,2,0,0,81920
65761,812,0,6,3,0,1,81920
65792,813,0,23,0,3,6,65536
65792,814,0,23,1,3,7,65536
65792,815,0,23,2,3,6,65536
65792,816,0,23,3,3,7,65536
65792,817,0,29,0,0,1,49152
65792,818,0,29,1,0,0,40960
65792,819,0,29,2,0,1,40960
65792,820,0,29,3,0,0,40960
65793,821,0,25,0,3,7,65536
65793,822,0,25,1,3,6,65536
65793,823,0,25,2,3,7,65536
65793,824,0,25,3,3,6,65536
65824,825,0,5,0,0,1,65536
65824,826,0,5,1,0,0,65536
65824,827,0,5,2,0,1,65536
65824,828,0,5,3,0,0,57344
65824,829,0,14,0,0,1,90112
65824,830,0,14,1,0,0,90112
65824,831,0,14,2,0,1,90112
65824,832,0,14,3,0,0,81920
65824,833,0,7,0,3,6,65536
65824,834,0,7,1,3,7,65536
65824,835,0,7,2,3,6,65536
65824,836,0,7,3,3,7,65536
65856,837,0,14,0,3,7,24576
65856,838,0,14,1,3,6,24576
65856,839,0,14,2,3,7,24576
65856,840,0,14,3,3,6,16384
65857,841,0,11,0,0,0,65536
65857,842,0,11,1,0,1,65536
65857,843,0,11,2,0,0,65536
65857,844,0,11,3,0,1,65536
65857,845,0,29,0,0,1,24576
65857,846,0,29,1,0,0,24576
65857,847,0,29,2,0,1,24576
65857,848,0,29,3,0,0,16384
65857,849,0,16,0,3,7,65536
65857,850,0,16,1,3,6,65536
65857,851,0,16,2,3,7,65536
65857,852,0,16,3,3,6,65536
65888,853,0,0,0,3,7,65536
65888,854,0,0,1,3,6,65536
65888,855,0,0,2,3,7,65536
65888,856,0,0,3,3,6,65536
65888,857,0,4,0,2,5,8192
65920,858,0,23,0,1,2,8192
65920,859,0,26,0,3,6,65536
65920,860,0,26,1,3,7,65536
65920,861,0,26,2,3,6,65536
65920,862,0,26,3,3,7,65536
65952,863,0,21,0,1,2,65536
65952,864,0,21,1,1,3,65536
65952,865,0,21,2,1,2,65536
65952,866,0,21,3,1,3,65536
65952,867,0,12,0,3,6,90112
65952,868,0,12,1,3,7,90112
65952,869,0,12,2,3,6,81920
65952,870,0,12,3,3,7,81920
65952,871,0,13,0,0,1,65536
65952,872,0,13,1,0,0,65536
65952,873,0,13,2,0,1,65536
65952,874,0,13,3,0,0,57344
65952,875,0,19,0,3,6,65536
65952,876,0,19,1,3,7,65536
65952,877,0,19,2,3,6,65536
65952,878,0,19,3,3,7,65536
65952,879,0,9,0,0,0,65536
65952,880,0,9,1,0,1,65536
65952,881,0,9,2,0,0,65536
65952,882,0,9,3,0,1,65536
65984,883,0,20,0,3,7,65536
65984,884,0,20,1,3,6,65536
65984,885,0,20,2,3,7,65536
65984,886,0,20,3,3,6,65536
65984,887,0,4,0,0,0,49152
65984,888,0,4,1,0,1,40960
65984,889,0,4,2,0,0,40960
65984,890,0,4,3,0,1,40960
65984,891,0,21,0,0,0,49152
65984,892,0,21,1,0,1,40960
65984,893,0,21,2,0,0,40960
65984,894,0,21,3,0,1,40960
65984,895,0,16,0,0,1,65536
65984,896,0,16,1,0,0,65536
65984,897,0,16,2,0,1,65536
65984,898,0,16,3,0,0,65536
65984,899,0,8,0,0,0,65536
65984,900,0,8,1,0,1,57344
65984,901,0,8,2,0,0,57344
65984,902,0,8,3,0,1,57344
65985,903,0,5,0,2,5,8192
65985,904,0,18,0,0,0,65536
65985,905,0,18,1,0,1,65536
65985,906,0,18,2,0,0,65536
65985,907,0,18,3,0,1,65536
66016,908,0,4,0,0,1,24576
66016,909,0,4,1,0,0,24576
66016,910,0,4,2,0,1,24576
66016,911,0,4,3,0,0,16384
66016,912,0,15,0,3,6,65536
66016,913,0,15,1,3,7,65536
66016,914,0,15,2,3,6,65536
66016,915,0,15,3,3,7,65536
66016,916,0,21,0,3,7,65536
66016,917,0,21,1,3,6,65536
66016,918,0,21,2,3,7,65536
66016,919,0,21,3,3,6,65536
66016,920,0,20,0,3,7,65536
66016,921,0,20,1,3,6,65536
66016,922,0,20,2,3,7,65536
66016,923,0,20,3,3,6,65536
66016,924,0,5,0,3,7,65536
66016,925,0,5,1,3,6,65536
66016,926,0,5,2,3,7,65536
66016,927,0,5,3,3,6,65536
66016,928,0,6,0,0,1,131072
66016,929,0,6,1,0,0,131072
66016,930,0,6,2,0,1,131072
66016,931,0,6,3,0,0,122880
66017,932,0,26,0,0,0,90112
66017,933,0,26,1,0,1,90112
66017,934,0,26,2,0,0,81920
66017,935,0,26,3,0,1,81920
66048,936,0,11,0,3,7,65536
66048,937,0,11,1,3,6,65536
66048,938,0,11,2,3,7,65536
66048,939,0,11,3,3,6,65536
66048,940,0,19,0,3,6,65536
66048,941,0,19,1,3,7,65536
66048,942,0,19,2,3,6,65536
66048,943,0,19,3,3,7,65536
66048,944,0,6,0,0,0,90112
66048,945,0,6,1,0,1,90112
66048,946,0,6,2,0,0,81920
66048,947,0,6,3,0,1,81920
66048,948,0,21,0,0,1,24576
66048,949,0,21,1,0,0,24576
66048,950,0,21,2,0,1,24576
66048,951,0,21,3,0,0,16384
66048,952,0,29,0,0,0,65536
66048,953,0,29,1,0,1,65536
66048,954,0,29,2,0,0,65536
66048,955,0,29,3,0,1,65536
66080,956,0,20,0,0,0,49152
66080,957,0,20,1,0,1,40960
66080,958,0,20,2,0,0,40960
66080,959,0,20,3,0,1,40960
66080,960,0,22,0,3,6,65536
66080,961,0,22,1,3,7,65536
66080,962,0,22,2,3,6,65536
66080,963,0,22,3,3,7,65536
66080,964,0,30,0,3,6,65536
66080,965,0,30,1,3,7,65536
66080,966,0,30,2,3,6,57344
66080,967,0,30,3,3,7,57344
66080,968,0,22,0,0,1,49152
66080,969,0,22,1,0,0,40960
66080,970,0,22,2,0,1,40960
66080,971,0,22,3,0,0,40960
66112,972,0,16,0,0,1,24576
66112,973,0,16,1,0,0,24576
66112,974,0,16,2,0,1,24576
66112,975,0,16,3,0,0,16384
66113,976,0,0,0,3,7,65536
66113,977,0,0,1,3,6,65536
66113,978,0,0,2,3,7,65536
66113,979,0,0,3,3,6,65536
66144,980,0,24,0,0,1,49152
66144,981,0,24,1,0,0,40960
66144,982,0,24,2,0,1,40960
66144,983,0,24,3,0,0,40960
66144,984,0,10,0,0,1,49152
66144,985,0,10,1,0,0,40960
66144,986,0,10,2,0,1,40960
66144,987,0,10,3,0,0,40960
66144,988,0,24,0,3,7,65536
66144,989,0,24,1,3,6,65536
66144,990,0,24,2,3,7,65536
66144,991,0,24,3,3,6,65536
66144,992,0,4,0,0,1,65536
66144,993,0,4,1,0,0,65536
66144,994,0,4,2,0,1,65536
66144,995,0,4,3,0,0,65536
66144,996,0,6,0,3,7,65536
66144,997,0,6,1,3,6,65536
66144,998,0,6,2,3,7,65536
66144,999,0,6,3,3,6,65536
66144,1000,0,23,0,3,7,65536
66144,1001,0,23,1,3,6,65536
66144,1002,0,23,2,3,7,65536
66144,1003,0,23,3,3,6,65536
66145,1004,0,8,0,0,0,24576
66145,1005,0,8,1,0,1,24576
66145,1006,0,8,2,0,0,24576
66145,1007,0,8,3,0,1,16384
66145,1008,0,11,0,3,7,65536
66145,1009,0,11,1,3,6,65536
66145,1010,0,11,2,3,7,65536
66145,1011,0,11,3,3,6,65536
66176,1012,0,3,0,0,1,24576
66176,1013,0,3,1,0,0,24576
66176,1014,0,3,2,0,1,24576
66176,1015,0,3,3,0,0,16384
66176,1016,0,5,0,3,7,65536
66176,1017,0,5,1,3,6,65536
66176,1018,0,5,2,3,7,65536
66176,1019,0,5,3,3,6,65536
66176,1020,0,1,0,1,2,8192
66177,1021,0,29,0,3,7,65536
66177,1022,0,29,1,3,6,65536
66177,1023,0,29,2,3,7,65536
66177,1024,0,29,3,3,6,65536
66177,1025,0,2,0,0,0,49152
66177,1026,0,2,1,0,1,40960
66177,1027,0,2,2,0,0,40960
66177,1028,0,2,3,0,1,40960
66177,1029,0,31,0,3,6,65536
66177,1030,0,31,1,3,7,65536
66177,1031,0,31,2,3,6,65536
66177,1032,0,31,3,3,7,65536
66208,1033,0,2,0,3,6,65536
66208,1034,0,2,1,3,7,65536
66208,1035,0,2,2,3,6,65536
66208,1036,0,2,3,3,7,65536
66208,1037,0,21,0,1,3,65536
66208,1038,0,21,1,1,2,65536
66208,1039,0,21,2,1,3,65536
66208,1040,0,21,3,1,2,65536
66208,1041,0,7,0,0,1,49152
66208,1042,0,7,1,0,0,40960
66208,1043,0,7,2,0,1,40960
66208,1044,0,7,3,0,0,40960
66208,1045,0,30,0,0,0,16384
66208,1046,0,30,1,0,1,16384
66208,1047,0,30,2,0,0,16384
66208,1048,0,30,3,0,1,16384
66209,1049,0,24,0,0,0,49152
66209,1050,0,24,1,0,1,40960
66209,1051,0,24,2,0,0,40960
66209,1052,0,24,3,0,1,40960
66209,1053,0,25,0,0,0,65536
66209,1054,0,25,1,0,1,65536
66209,1055,0,25,2,0,0,65536
66209,1056,0,25,3,0,1,65536
66240,1057,0,0,0,3,6,65536
66240,1058,0,0,1,3,7,65536
66240,1059,0,0,2,3,6,65536
66240,1060,0,0,3,3,7,65536
66240,1061,0,27,0,3,6,65536
66240,1062,0,27,1,3,7,65536
66240,1063,0,27,2,3,6,65536
66240,1064,0,27,3,3,7,65536
66241,1065,0,30,0,3,7,90112
66241,1066,0,30,1,3,6,90112
66241,1067,0,30,2,3,7,81920
66241,1068,0,30,3,3,6,81920
66272,1069,0,18,0,0,0,24576
66272,1070,0,18,1,0,1,24576
66272,1071,0,18,2,0,0,24576
66272,1072,0,18,3,0,1,16384
66272,1073,0,20,0,3,6,65536
66272,1074,0,20,1,3,7,65536
66272,1075,0,20,2,3,6,65536
66272,1076,0,20,3,3,7,65536
66272,1077,0,6,0,0,0,73728
66272,1078,0,6,1,0,1,73728
66272,1079,0,6,2,0,0,73728
66272,1080,0,6,3,0,1,65536
66272,1081,0,11,0,0,0,24576
66272,1082,0,11,1,0,1,24576
66272,1083,0,11,2,0,0,24576
66272,1084,0,11,3,0,1,16384
66272,1085,0,0,0,3,6,65536
66272,1086,0,0,1,3,7,65536
66272,1087,0,0,2,3,6,65536
66272,1088,0,0,3,3,7,65536
66273,1089,0,14,0,0,1,24576
66273,1090,0,14,1,0,0,24576
66273,1091,0,14,2,0,1,24576
66273,1092,0,14,3,0,0,16384
66304,1093,0,27,0,0,0,65536
66304,1094,0,27,1,0,1,65536
66304,1095,0,27,2,0,0,65536
66304,1096,0,27,3,0,1,65536
66304,1097,0,14,0,0,1,24576
66304,1098,0,14,1,0,0,24576
66304,1099,0,14,2,0,1,24576
66304,1100,0,14,3,0,0,16384
66304,1101,0,17,0,3,6,90112
66304,1102,0,17,1,3,7,90112
66304,1103,0,17,2,3,6,81920
66304,1104,0,17,3,3,7,81920
66304,1105,0,12,0,0,0,24576
66304,1106,0,12,1,0,1,24576
66304,1107,0,12,2,0,0,24576
66304,1108,0,12,3,0,1,16384
66304,1109,0,2,0,2,5,8192
66305,1110,0,0,0,3,7,65536
66305,1111,0,0,1,3,6,65536
66305,1112,0,0,2,3,7,65536
66305,1113,0,0,3,3,6,65536
66305,1114,0,23,0,3,6,65536
66305,1115,0,23,1,3,7,65536
66305,1116,0,23,2,3,6,65536
66305,1117,0,23,3,3,7,65536
66336,1118,0,17,0,0,0,24576
66336,1119,0,17,1,0,1,24576
66336,1120,0,17,2,0,0,24576
66336,1121,0,17,3,0,1,16384
66336,1122,0,6,0,0,1,24576
66336,1123,0,6,1,0,0,24576
66336,1124,0,6,2,0,1,24576
66336,1125,0,6,3,0,0,16384
66336,1126,0,22,0,3,7,114688
66336,1127,0,22,1,3,6,106496
66336,1128,0,22,2,3,7,106496
66336,1129,0,22,3,3,6,106496
66336,1130,0,20,0,1,2,49152
66336,1131,0,20,1,1,3,40960
66336,1132,0,20,2,1,2,40960
66336,1133,0,20,3,1,3,40960
66368,1134,0,18,0,3,7,65536
66368,1135,0,18,1,3,6,65536
66368,1136,0,18,2,3,7,65536
66368,1137,0,18,3,3,6,65536
66368,1138,0,19,0,2,5,114688
66368,1139,0,19,1,2,4,106496
66368,1140,0,19,2,2,5,106496
66368,1141,0,19,3,2,4,106496
66368,1142,0,29,0,0,1,49152
66368,1143,0,29,1,0,0,40960
66368,1144,0,29,2,0,1,40960
66368,1145,0,29,3,0,0,40960
66368,1146,0,21,0,0,0,65536
66368,1147,0,21,1,0,1,65536
66368,1148,0,21,2,0,0,65536
66368,1149,0,21,3,0,1,65536
66368,1150,0,28,0,3,7,65536
66368,1151,0,28,1,3,6,65536
66368,1152,0,28,2,3,7,65536
66368,1153,0,28,3,3,6,65536
66368,1154,0,19,0,1,3,49152
66368,1155,0,19,1,1,2,40960
66368,1156,0,19,2,1,3,40960
66368,1157,0,19,3,1,2,40960
66369,1158,0,5,0,0,1,24576
66369,1159,0,5,1,0,0,24576
66369,1160,0,5,2,0,1,24576
66369,1161,0,5,3,0,0,16384
66369,1162,0,20,0,0,1,24576
66369,1163,0,20,1,0,0,24576
66369,1164,0,20,2,0,1,24576
66369,1165,0,20,3,0,0,16384
66369,1166,0,30,0,0,0,49152
66369,1167,0,30,1,0,1,40960
66369,1168,0,30,2,0,0,40960
66369,1169,0,30,3,0,1,40960
66369,1170,0,22,0,3,6,65536
66369,1171,0,22,1,3,7,65536
66369,1172,0,22,2,3,6,65536
66369,1173,0,22,3,3,7,65536
66400,1174,0,26,0,3,6,65536
66400,1175,0,26,1,3,7,65536
66400,1176,0,26,2,3,6,65536
66400,1177,0,26,3,3,7,65536
66400,1178,0,11,0,3,6,65536
66400,1179,0,11,1,3,7,65536
66400,1180,0,11,2,3,6,65536
66400,1181,0,11,3,3,7,65536
66400,1182,0,8,0,0,1,90112
66400,1183,0,8,1,0,0,90112
66400,1184,0,8,2,0,1,81920
66400,1185,0,8,3,0,0,81920
66400,1186,0,29,0,3,6,65536
66400,1187,0,29,1,3,7,65536
66400,1188,0,29,2,3,6,65536
66400,1189,0,29,3,3,7,65536
66400,1190,0,19,0,3,7,65536
66400,1191,0,19,1,3,6,65536
66400,1192,0,19,2,3,7,65536
66400,1193,0,19,3,3,6,65536
66400,1194,0,23,0,0,0,24576
66400,1195,0,23,1,0,1,24576
66400,1196,0,23,2,0,0,24576
66400,1197,0,23,3,0,1,16384
66401,1198,0,7,0,0,1,49152
66401,1199,0,7,1,0,0,40960
66401,1200,0,7,2,0,1,40960
66401,1201,0,7,3,0,0,40960
66432,1202,0,15,0,3,6,65536
66432,1203,0,15,1,3,7,65536
66432,1204,0,15,2,3,6,65536
66432,1205,0,15,3,3,7,65536
66432,1206,0,17,0,0,1,24576
66432,1207,0,17,1,0,0,24576
66432,1208,0,17,2,0,1,24576
66432,1209,0,17,3,0,0,16384
66432,1210,0,22,0,0,1,24576
66432,1211,0,22,1,0,0,24576
66432,1212,0,22,2,0,1,24576
66432,1213,0,22,3,0,0,16384
66432,1214,0,12,0,3,7,90112
66432,1215,0,12,1,3,6,90112
66432,1216,0,12,2,3,7,81920
66432,1217,0,12,3,3,6,81920
66432,1218,0,24,0,3,7,65536
66432,1219,0,24,1,3,6,65536
66432,1220,0,24,2,3,7,65536
66432,1221,0,24,3,3,6,65536
66432,1222,0,24,0,0,1,24576
66432,1223,0,24,1,0,0,24576
66432,1224,0,24,2,0,1,24576
66432,1225,0,24,3,0,0,16384
66432,1226,0,19,0,0,1,49152
66432,1227,0,19,1,0,0,40960
66432,1228,0,19,2,0,1,40960
66432,1229,0,19,3,0,0,40960
66432,1230,0,6,0,3,6,65536
66432,1231,0,6,1,3,7,65536
66432,1232,0,6,2,3,6,65536
66432,1233,0,6,3,3,7,65536
66432,1234,0,16,0,3,7,40960
66432,1235,0,16,1,3,6,40960
66432,1236,0,16,2,3,7,40960
66432,1237,0,16,3,3,6,32768
66432,1238,0,16,0,0,1,24576
66432,1239,0,16,1,0,0,24576
66432,1240,0,16,2,0,1,24576
66432,1241,0,16,3,0,0,16384
66433,1242,0,23,0,0,1,24576
66433,1243,0,23,1,0,0,24576
66433,1244,0,23,2,0,1,24576
66433,1245,0,23,3,0,0,16384
66433,1246,0,20,0,0,1,65536
66433,1247,0,20,1,0,0,65536
66433,1248,0,20,2,0,1,65536
66433,1249,0,20,3,0,0,65536
66433,1250,0,29,0,0,0,90112
66433,1251,0,29,1,0,1,90112
66433,1252,0,29,2,0,0,81920
66433,1253,0,29,3,0,1,81920
66433,1254,0,11,0,0,1,65536
66433,1255,0,11,1,0,0,65536
66433,1256,0,11,2,0,1,65536
66433,1257,0,11,3,0,0,65536
66464,1258,0,22,0,2,4,49152
66464,1259,0,22,1,2,5,40960
66464,1260,0,22,2,2,4,40960
66464,1261,0,22,3,2,5,40960
66464,1262,0,8,0,0,0,131072
66464,1263,0,8,1,0,1,131072
66464,1264,0,8,2,0,0,131072
66464,1265,0,8,3,0,1,122880
66465,1266,0,5,0,3,6,65536
66465,1267,0,5,1,3,7,65536
66465,1268,0,5,2,3,6,65536
66465,1269,0,5,3,3,7,65536
66465,1270,0,22,0,1,2,65536
66465,1271,0,22,1,1,3,65536
66465,1272,0,22,2,1,2,65536
66465,1273,0,22,3,1,3,65536
66465,1274,0,29,0,0,1,24576
66465,1275,0,29,1,0,0,24576
66465,1276,0,29,2,0,1,24576
66465,1277,0,29,3,0,0,16384
66496,1278,0,10,0,3,7,90112
66496,1279,0,10,1,3,6,90112
66496,1280,0,10,2,3,7,81920
66496,1281,0,10,3,3,6,81920
66496,1282,0,14,0,0,1,65536
66496,1283,0,14,1,0,0,65536
66496,1284,0,14,2,0,1,65536
66496,1285,0,14,3,0,0,65536
66496,1286,0,20,0,3,7,65536
66496,1287,0,20,1,3,6,65536
66496,1288,0,20,2,3,7,65536
66496,1289,0,20,3,3,6,65536
66496,1290,0,12,0,3,6,90112
66496,1291,0,12,1,3,7,90112
66496,1292,0,12,2,3,6,81920
66496,1293,0,12,3,3,7,81920
66496,1294,0,25,0,0,1,24576
66496,1295,0,25,1,0,0,24576
66496,1296,0,25,2,0,1,24576
66496,1297,0,25,3,0,0,16384
66496,1298,0,13,0,0,0,24576
66496,1299,0,13,1,0,1,24576
66496,1300,0,13,2,0,0,24576
66496,1301,0,13,3,0,1,16384
66497,1302,0,31,0,0,0,65536
66497,1303,0,31,1,0,1,65536
66497,1304,0,31,2,0,0,65536
66497,1305,0,31,3,0,1,65536
66497,1306,0,23,0,3,7,65536
66497,1307,0,23,1,3,6,65536
66497,1308,0,23,2,3,7,65536
66497,1309,0,23,3,3,6,65536
66528,1310,0,22,0,3,7,65536
66528,1311,0,22,1,3,6,65536
66528,1312,0,22,2,3,7,65536
66528,1313,0,22,3,3,6,65536
66528,1314,0,16,0,0,0,90112
66528,1315,0,16,1,0,1,90112
66528,1316,0,16,2,0,0,81920
66528,1317,0,16,3,0,1,81920
66528,1318,0,26,0,0,1,65536
66528,1319,0,26,1,0,0,65536
66528,1320,0,26,2,0,1,65536
66528,1321,0,26,3,0,0,57344
66528,1322,0,17,0,3,7,90112
66528,1323,0,17,1,3,6,90112
66528,1324,0,17,2,3,7,81920
66528,1325,0,17,3,3,6,81920
66560,1326,0,28,0,3,7,65536
66560,1327,0,28,1,3,6,65536
66560,1328,0,28,2,3,7,65536
66560,1329,0,28,3,3,6,65536
66560,1330,0,13,0,0,0,24576
66560,1331,0,13,1,0,1,24576
66560,1332,0,13,2,0,0,24576
66560,1333,0,13,3,0,1,16384
66592,1334,0,19,0,3,7,8192
66592,1335,0,30,0,0,1,40960
66592,1336,0,30,1,0,0,40960
66592,1337,0,30,2,0,1,40960
66592,1338,0,30,3,0,0,32768
66593,1339,0,17,0,0,0,24576
66593,1340,0,17,1,0,1,24576
66593,1341,0,17,2,0,0,24576
66593,1342,0,17,3,0,1,16384
66624,1343,0,29,0,3,6,65536
66624,1344,0,29,1,3,7,65536
66624,1345,0,29,2,3,6,65536
66624,1346,0,29,3,3,7,65536
66624,1347,0,19,0,0,1,139264
66624,1348,0,19,1,0,0,131072
66624,1349,0,19,2,0,1,131072
66624,1350,0,19,3,0,0,131072
66624,1351,0,6,0,0,0,65536
66624,1352,0,6,1,0,1,65536
66624,1353,0,6,2,0,0,65536
66624,1354,0,6,3,0,1,57344
66624,1355,0,17,0,3,6,90112
66624,1356,0,17,1,3,7,90112
66624,1357,0,17,2,3,6,81920
66624,1358,0,17,3,3,7,81920
66624,1359,0,25,0,3,7,65536
66624,1360,0,25,1,3,6,65536
66624,1361,0,25,2,3,7,65536
66624,1362,0,25,3,3,6,65536
66625,1363,0,16,0,0,0,65536
66625,1364,0,16,1,0,1,65536
66625,1365,0,16,2,0,0,65536
66625,1366,0,16,3,0,1,65536
66625,1367,0,15,0,0,1,24576
66625,1368,0,15,1,0,0,24576
66625,1369,0,15,2,0,1,24576
66625,1370,0,15,3,0,0,16384
66656,1371,0,4,0,0,0,24576
66656,1372,0,4,1,0,1,24576
66656,1373,0,4,2,0,0,24576
66656,1374,0,4,3,0,1,16384
66656,1375,0,18,0,0,1,65536
66656,1376,0,18,1,0,0,65536
66656,1377,0,18,2,0,1,65536
66656,1378,0,18,3,0,0,65536
66688,1379,0,13,0,0,0,65536
66688,1380,0,13,1,0,1,65536
66688,1381,0,13,2,0,0,65536
66688,1382,0,13,3,0,1,65536
66688,1383,0,3,0,0,1,65536
66688,1384,0,3,1,0,0,65536
66688,1385,0,3,2,0,1,65536
66688,1386,0,3,3,0,0,65536
66689,1387,0,5,0,2,4,24576
66689,1388,0,5,1,2,5,24576
66689,1389,0,5,2,2,4,24576
66689,1390,0,5,3,2,5,24576
66689,1391,0,13,0,0,0,90112
66689,1392,0,13,1,0,1,90112
66689,1393,0,13,2,0,0,81920
66689,1394,0,13,3,0,1,81920
66689,1395,0,25,0,0,0,24576
66689,1396,0,25,1,0,1,24576
66689,1397,0,25,2,0,0,24576
66689,1398,0,25,3,0,1,16384
66720,1399,0,27,0,1,2,24576
66720,1400,0,27,1,1,3,24576
66720,1401,0,27,2,1,2,24576
66720,1402,0,27,3,1,3,16384
66720,1403,0,30,0,0,1,40960
66720,1404,0,30,1,0,0,40960
66720,1405,0,30,2,0,1,40960
66720,1406,0,30,3,0,0,32768
66721,1407,0,20,0,0,0,65536
66721,1408,0,20,1,0,1,65536
66721,1409,0,20,2,0,0,65536
66721,1410,0,20,3,0,1,65536
66721,1411,0,5,0,0,1,65536
66721,1412,0,5,1,0,0,65536
66721,1413,0,5,2,0,1,65536
66721,1414,0,5,3,0,0,65536
66721,1415,0,14,0,3,6,90112
66721,1416,0,14,1,3,7,90112
66721,1417,0,14,2,3,6,81920
66721,1418,0,14,3,3,7,81920
66721,1419,0,23,0,3,6,65536
66721,1420,0,23,1,3,7,65536
66721,1421,0,23,2,3,6,65536
66721,1422,0,23,3,3,7,65536
66752,1423,0,1,0,3,6,65536
66752,1424,0,1,1,3,7,65536
66752,1425,0,1,2,3,6,65536
66752,1426,0,1,3,3,7,65536
66752,1427,0,31,0,0,1,90112
66752,1428,0,31,1,0,0,90112
66752,1429,0,31,2,0,1,81920
66752,1430,0,31,3,0,0,81920
66752,1431,0,29,0,3,6,65536
66752,1432,0,29,1,3,7,65536
66752,1433,0,29,2,3,6,65536
66752,1434,0,29,3,3,7,65536
66752,1435,0,26,0,0,0,65536
66752,1436,0,26,1,0,1,65536
66752,1437,0,26,2,0,0,65536
66752,1438,0,26,3,0,1,57344
66752,1439,0,28,0,0,0,49152
66752,1440,0,28,1,0,1,40960
66752,1441,0,28,2,0,0,40960
66752,1442,0,28,3,0,1,40960
66753,1443,0,3,0,0,1,49152
66753,1444,0,3,1,0,0,40960
66753,1445,0,3,2,0,1,40960
66753,1446,0,3,3,0,0,40960
66753,1447,0,2,0,0,0,65536
66753,1448,0,2,1,0,1,65536
66753,1449,0,2,2,0,0,65536
66753,1450,0,2,3,0,1,65536
66753,1451,0,29,0,3,7,65536
66753,1452,0,29,1,3,6,65536
66753,1453,0,29,2,3,7,65536
66753,1454,0,29,3,3,6,65536
66784,1455,0,19,0,0,0,65536
66784,1456,0,19,1,0,1,65536
66784,1457,0,19,2,0,0,65536
66784,1458,0,19,3,0,1,65536
66784,1459,0,13,0,3,7,65536
66784,1460,0,13,1,3,6,65536
66784,1461,0,13,2,3,7,65536
66784,1462,0,13,3,3,6,65536
66784,1463,0,23,0,2,4,114688
66784,1464,0,23,1,2,5,106496
66784,1465,0,23,2,2,4,106496
66784,1466,0,23,3,2,5,106496
66784,1467,0,25,0,3,6,65536
66784,1468,0,25,1,3,7,65536
66784,1469,0,25,2,3,6,65536
66784,1470,0,25,3,3,7,65536
66784,1471,0,31,0,3,7,65536
66784,1472,0,31,1,3,6,65536
66784,1473,0,31,2,3,7,65536
66784,1474,0,31,3,3,6,65536
66784,1475,0,23,0,0,1,24576
66784,1476,0,23,1,0,0,24576
66784,1477,0,23,2,0,1,24576
66784,1478,0,23,3,0,0,16384
66785,1479,0,19,0,0,0,49152
66785,1480,0,19,1,0,1,40960
66785,1481,0,19,2,0,0,40960
66785,1482,0,19,3,0,1,40960
66816,1483,0,25,0,3,6,65536
66816,1484,0,25,1,3,7,65536
66816,1485,0,25,2,3,6,65536
66816,1486,0,25,3,3,7,65536
66816,1487,0,7,0,0,0,24576
66816,1488,0,7,1,0,1,24576
66816,1489,0,7,2,0,0,24576
66816,1490,0,7,3,0,1,16384
66816,1491,0,10,0,0,1,114688
66816,1492,0,10,1,0,0,106496
66816,1493,0,10,2,0,1,106496
66816,1494,0,10,3,0,0,106496
66816,1495,0,9,0,3,6,65536
66816,1496,0,9,1,3,7,65536
66816,1497,0,9,2,3,6,65536
66816,1498,0,9,3,3,7,65536
66817,1499,0,29,0,0,0,49152
66817,1500,0,29,1,0,1,40960
66817,1501,0,29,2,0,0,40960
66817,1502,0,29,3,0,1,40960
66848,1503,0,28,0,0,1,49152
66848,1504,0,28,1,0,0,40960
66848,1505,0,28,2,0,1,40960
66848,1506,0,28,3,0,0,40960
66848,1507,0,11,0,0,1,49152
66848,1508,0,11,1,0,0,40960
66848,1509,0,11,2,0,1,40960
66848,1510,0,11,3,0,0,40960
66848,1511,0,29,0,3,7,65536
66848,1512,0,29,1,3,6,65536
66848,1513,0,29,2,3,7,65536
66848,1514,0,29,3,3,6,65536
66848,1515,0,16,0,0,0,65536
66848,1516,0,16,1,0,1,65536
66848,1517,0,16,2,0,0,65536
66848,1518,0,16,3,0,1,65536
66880,1519,0,21,0,0,1,24576
66880,1520,0,21,1,0,0,24576
66880,1521,0,21,2,0,1,24576
66880,1522,0,21,3,0,0,16384
66880,1523,0,1,0,0,0,24576
66880,1524,0,1,1,0,1,24576
66880,1525,0,1,2,0,0,24576
66880,1526,0,1,3,0,1,16384
66880,1527,0,21,0,3,6,65536
66880,1528,0,21,1,3,7,65536
66880,1529,0,21,2,3,6,65536
66880,1530,0,21,3,3,7,65536
66880,1531,0,3,0,0,0,65536
66880,1532,0,3,1,0,1,65536
66880,1533,0,3,2,0,0,65536
66880,1534,0,3,3,0,1,65536
66912,1535,0,5,0,3,6,65536
66912,1536,0,5,1,3,7,65536
66912,1537,0,5,2,3,6,65536
66912,1538,0,5,3,3,7,65536
66912,1539,0,10,0,3,7,90112
66912,1540,0,10,1,3,6,90112
66912,1541,0,10,2,3,7,81920
66912,1542,0,10,3,3,6,81920
66912,1543,0,1,0,0,0,24576
66912,1544,0,1,1,0,1,24576
66912,1545,0,1,2,0,0,24576
66912,1546,0,1,3,0,1,16384
66912,1547,0,26,0,3,6,65536
66912,1548,0,26,1,3,7,65536
66912,1549,0,26,2,3,6,65536
66912,1550,0,26,3,3,7,65536
66912,1551,0,27,0,0,1,24576
66912,1552,0,27,1,0,0,24576
66912,1553,0,27,2,0,1,24576
66912,1554,0,27,3,0,0,16384
66912,1555,0,13,0,3,6,65536
66912,1556,0,13,1,3,7,65536
66912,1557,0,13,2,3,6,65536
66912,1558,0,13,3,3,7,65536
66913,1559,0,12,0,0,1,49152
66913,1560,0,12,1,0,0,40960
66913,1561,0,12,2,0,1,40960
66913,1562,0,12,3,0,0,40960
66913,1563,0,31,0,0,1,24576
66913,1564,0,31,1,0,0,24576
66913,1565,0,31,2,0,1,24576
66913,1566,0,31,3,0,0,16384
66944,1567,0,31,0,0,1,24576
66944,1568,0,31,1,0,0,24576
66944,1569,0,31,2,0,1,24576
66944,1570,0,31,3,0,0,16384
66944,1571,0,7,0,0,1,24576
66944,1572,0,7,1,0,0,24576
66944,1573,0,7,2,0,1,24576
66944,1574,0,7,3,0,0,16384
66944,1575,0,18,0,0,0,65536
66944,1576,0,18,1,0,1,65536
66944,1577,0,18,2,0,0,65536
66944,1578,0,18,3,0,1,65536
66944,1579,0,31,0,0,1,24576
66944,1580,0,31,1,0,0,24576
66944,1581,0,31,2,0,1,24576
66944,1582,0,31,3,0,0,16384
66944,1583,0,22,0,0,1,65536
66944,1584,0,22,1,0,0,65536
66944,1585,0,22,2,0,1,65536
66944,1586,0,22,3,0,0,65536
66944,1587,0,18,0,1,2,49152
66944,1588,0,18,1,1,3,40960
66944,1589,0,18,2,1,2,40960
66944,1590,0,18,3,1,3,40960
66944,1591,0,7,0,3,7,65536
66944,1592,0,7,1,3,6,65536
66944,1593,0,7,2,3,7,65536
66944,1594,0,7,3,3,6,65536
66945,1595,0,7,0,3,7,65536
66945,1596,0,7,1,3,6,65536
66945,1597,0,7,2,3,7,65536
66945,1598,0,7,3,3,6,65536
66945,1599,0,8,0,0,1,24576
66945,1600,0,8,1,0,0,24576
66945,1601,0,8,2,0,1,24576
66945,1602,0,8,3,0,0,16384
66976,1603,0,21,0,0,0,24576
66976,1604,0,21,1,0,1,24576
66976,1605,0,21,2,0,0,24576
66976,1606,0,21,3,0,1,16384
66976,1607,0,22,0,0,0,24576
66976,1608,0,22,1,0,1,24576
66976,1609,0,22,2,0,0,24576
66976,1610,0,22,3,0,1,16384
66976,1611,0,28,0,0,0,24576
66976,1612,0,28,1,0,1,24576
66976,1613,0,28,2,0,0,24576
66976,1614,0,28,3,0,1,16384
66976,1615,0,17,0,3,7,90112
66976,1616,0,17,1,3,6,90112
66976,1617,0,17,2,3,7,81920
66976,1618,0,17,3,3,6,81920
67008,1619,0,22,0,3,7,65536
67008,1620,0,22,1,3,6,65536
67008,1621,0,22,2,3,7,65536
67008,1622,0,22,3,3,6,65536
67009,1623,0,18,0,2,5,90112
67009,1624,0,18,1,2,4,90112
67009,1625,0,18,2,2,5,90112
67009,1626,0,18,3,2,4,81920
67009,1627,0,12,0,0,1,65536
67009,1628,0,12,1,0,0,65536
67009,1629,0,12,2,0,1,65536
67009,1630,0,12,3,0,0,65536
67040,1631,0,2,0,3,6,65536
67040,1632,0,2,1,3,7,65536
67040,1633,0,2,2,3,6,65536
67040,1634,0,2,3,3,7,65536
67040,1635,0,16,0,3,7,65536
67040,1636,0,16,1,3,6,65536
67040,1637,0,16,2,3,7,65536
67040,1638,0,16,3,3,6,65536
67040,1639,0,19,0,0,0,24576
67040,1640,0,19,1,0,1,24576
67040,1641,0,19,2,0,0,24576
67040,1642,0,19,3,0,1,16384
67040,1643,0,25,0,0,1,24576
67040,1644,0,25,1,0,0,24576
67040,1645,0,25,2,0,1,24576
67040,1646,0,25,3,0,0,16384
67040,1647,0,22,0,0,0,49152
67040,1648,0,22,1,0,1,40960
67040,1649,0,22,2,0,0,40960
67040,1650,0,22,3,0,1,40960
67040,1651,0,31,0,0,1,65536
67040,1652,0,31,1,0,0,65536
67040,1653,0,31,2,0,1,65536
67040,1654,0,31,3,0,0,57344
67041,1655,0,17,0,3,6,90112
67041,1656,0,17,1,3,7,90112
67041,1657,0,17,2,3,6,81920
67041,1658,0,17,3,3,7,81920
67072,1659,0,10,0,3,6,90112
67072,1660,0,10,1,3,7,90112
67072,1661,0,10,2,3,6,81920
67072,1662,0,10,3,3,7,81920
67072,1663,0,15,0,3,7,65536
67072,1664,0,15,1,3,6,65536
67072,1665,0,15,2,3,7,65536
67072,1666,0,15,3,3,6,65536
67072,1667,0,16,0,3,6,65536
67072,1668,0,16,1,3,7,65536
67072,1669,0,16,2,3,6,65536
67072,1670,0,16,3,3,7,65536
67072,1671,0,1,0,3,7,65536
67072,1672,0,1,1,3,6,65536
67072,1673,0,1,2,3,7,65536
67072,1674,0,1,3,3,6,65536
67072,1675,0,31,0,0,0,65536
67072,1676,0,31,1,0,1,65536
67072,1677,0,31,2,0,0,65536
67072,1678,0,31,3,0,1,57344
67072,1679,0,13,0,3,7,65536
67072,1680,0,13,1,3,6,65536
67072,1681,0,13,2,3,7,65536
67072,1682,0,13,3,3,6,65536
67072,1683,0,15,0,0,1,49152
67072,1684,0,15,1,0,0,40960
67072,1685,0,15,2,0,1,40960
67072,1686,0,15,3,0,0,40960
67072,1687,0,10,0,0,1,65536
67072,1688,0,10,1,0,0,65536
67072,1689,0,10,2,0,1,65536
67072,1690,0,10,3,0,0,65536
67072,1691,0,7,0,0,0,114688
67072,1692,0,7,1,0,1,106496
67072,1693,0,7,2,0,0,106496
67072,1694,0,7,3,0,1,106496
67073,1695,0,17,0,0,1,49152
67073,1696,0,17,1,0,0,40960
67073,1697,0,17,2,0,1,40960
67073,1698,0,17,3,0,0,40960
67104,1699,0,6,0,0,1,65536
67104,1700,0,6,1,0,0,65536
67104,1701,0,6,2,0,1,65536
67104,1702,0,6,3,0,0,65536
67104,1703,0,24,0,3,7,172032
67104,1704,0,24,1,3,6,172032
67104,1705,0,24,2,3,7,172032
67104,1706,0,24,3,3,6,172032
67104,1707,0,12,0,0,0,49152
67104,1708,0,12,1,0,1,40960
67104,1709,0,12,2,0,0,40960
67104,1710,0,12,3,0,1,40960
67104,1711,0,27,0,3,6,24576
67104,1712,0,27,1,3,7,24576
67104,1713,0,27,2,3,6,24576
67104,1714,0,27,3,3,7,16384
67104,1715,0,22,0,3,6,65536
67104,1716,0,22,1,3,7,65536
67104,1717,0,22,2,3,6,65536
67104,1718,0,22,3,3,7,65536
67105,1719,0,9,0,3,7,40960
67105,1720,0,9,1,3,6,40960
67105,1721,0,9,2,3,7,40960
67105,1722,0,9,3,3,6,32768
67105,1723,0,26,0,0,0,24576
67105,1724,0,26,1,0,1,24576
67105,1725,0,26,2,0,0,24576
67105,1726,0,26,3,0,1,16384
67136,1727,0,29,0,3,7,65536
67136,1728,0,29,1,3,6,65536
67136,1729,0,29,2,3,7,65536
67136,1730,0,29,3,3,6,65536
67136,1731,0,26,0,2,5,65536
67136,1732,0,26,1,2,4,65536
67136,1733,0,26,2,2,5,65536
67136,1734,0,26,3,2,4,57344
67136,1735,0,31,0,3,6,65536
67136,1736,0,31,1,3,7,65536
67136,1737,0,31,2,3,6,65536
67136,1738,0,31,3,3,7,65536
67136,1739,0,0,0,3,6,65536
67136,1740,0,0,1,3,7,65536
67136,1741,0,0,2,3,6,65536
67136,1742,0,0,3,3,7,65536
67136,1743,0,22,0,0,0,49152
67136,1744,0,22,1,0,1,40960
67136,1745,0,22,2,0,0,40960
67136,1746,0,22,3,0,1,40960
67136,1747,0,12,0,3,7,90112
67136,1748,0,12,1,3,6,90112
67136,1749,0,12,2,3,7,81920
67136,1750,0,12,3,3,6,81920
67136,1751,0,25,0,3,6,65536
67136,1752,0,25,1,3,7,65536
67136,1753,0,25,2,3,6,65536
67136,1754,0,25,3,3,7,65536
67136,1755,0,11,0,0,1,49152
67136,1756,0,11,1,0,0,40960
67136,1757,0,11,2,0,1,40960
67136,1758,0,11,3,0,0,40960
67137,1759,0,8,0,3,6,90112
67137,1760,0,8,1,3,7,90112
67137,1761,0,8,2,3,6,90112
67137,1762,0,8,3,3,7,81920
67137,1763,0,19,0,3,7,65536
67137,1764,0,19,1,3,6,65536
67137,1765,0,19,2,3,7,65536
67137,1766,0,19,3,3,6,65536
67137,1767,0,4,0,0,0,49152
67137,1768,0,4,1,0,1,40960
67137,1769,0,4,2,0,0,40960
67137,1770,0,4,3,0,1,40960
67168,1771,0,17,0,3,7,90112
67168,1772,0,17,1,3,6,90112
67168,1773,0,17,2,3,7,90112
67168,1774,0,17,3,3,6,81920
67168,1775,0,27,0,3,7,65536
67168,1776,0,27,1,3,6,65536
67168,1777,0,27,2,3,7,65536
67168,1778,0,27,3,3,6,65536
67169,1779,0,20,0,0,1,24576
67169,1780,0,20,1,0,0,24576
67169,1781,0,20,2,0,1,24576
67169,1782,0,20,3,0,0,16384
67200,1783,0,10,0,0,1,24576
67200,1784,0,10,1,0,0,24576
67200,1785,0,10,2,0,1,24576
67200,1786,0,10,3,0,0,16384
67200,1787,0,12,0,0,1,24576
67200,1788,0,12,1,0,0,24576
67200,1789,0,12,2,0,1,24576
67200,1790,0,12,3,0,0,16384
67200,1791,0,3,0,0,0,24576
67200,1792,0,3,1,0,1,24576
67200,1793,0,3,2,0,0,24576
67200,1794,0,3,3,0,1,16384
67200,1795,0,12,0,3,6,90112
67200,1796,0,12,1,3,7,90112
67200,1797,0,12,2,3,6,81920
67200,1798,0,12,3,3,7,81920
67232,1799,0,25,0,0,1,49152
67232,1800,0,25,1,0,0,40960
67232,1801,0,25,2,0,1,40960
67232,1802,0,25,3,0,0,40960
67232,1803,0,3,0,3,7,90112
67232,1804,0,3,1,3,6,90112
67232,1805,0,3,2,3,7,90112
67232,1806,0,3,3,3,6,81920
67232,1807,0,18,0,0,0,49152
67232,1808,0,18,1,0,1,40960
67232,1809,0,18,2,0,0,40960
67232,1810,0,18,3,0,1,40960
67232,1811,0,27,0,3,6,65536
67232,1812,0,27,1,3,7,65536
67232,1813,0,27,2,3,6,65536
67232,1814,0,27,3,3,7,65536
67233,1815,0,25,0,0,0,49152
67233,1816,0,25,1,0,1,40960
67233,1817,0,25,2,0,0,40960
67233,1818,0,25,3,0,1,40960
67264,1819,0,25,0,3,7,65536
67264,1820,0,25,1,3,6,65536
67264,1821,0,25,2,3,7,65536
67264,1822,0,25,3,3,6,65536
67264,1823,0,13,0,3,7,65536
67264,1824,0,13,1,3,6,65536
67264,1825,0,13,2,3,7,65536
67264,1826,0,13,3,3,6,65536
67264,1827,0,16,0,0,1,49152
67264,1828,0,16,1,0,0,40960
67264,1829,0,16,2,0,1,40960
67264,1830,0,16,3,0,0,40960
67264,1831,0,20,0,2,5,49152
67264,1832,0,20,1,2,4,40960
67264,1833,0,20,2,2,5,40960
67264,1834,0,20,3,2,4,40960
67264,1835,0,26,0,3,7,65536
67264,1836,0,26,1,3,6,65536
67264,1837,0,26,2,3,7,65536
67264,1838,0,26,3,3,6,65536
67265,1839,0,27,0,0,1,49152
67265,1840,0,27,1,0,0,40960
67265,1841,0,27,2,0,1,40960
67265,1842,0,27,3,0,0,40960
67265,1843,0,25,0,0,0,24576
67265,1844,0,25,1,0,1,24576
67265,1845,0,25,2,0,0,24576
67265,1846,0,25,3,0,1,16384
67296,1847,0,28,0,3,6,65536
67296,1848,0,28,1,3,7,65536
67296,1849,0,28,2,3,6,65536
67296,1850,0,28,3,3,7,65536
67296,1851,0,27,0,0,0,65536
67296,1852,0,27,1,0,1,65536
67296,1853,0,27,2,0,0,65536
67296,1854,0,27,3,0,1,65536
67296,1855,0,19,0,0,1,90112
67296,1856,0,19,1,0,0,90112
67296,1857,0,19,2,0,1,90112
67296,1858,0,19,3,0,0,81920
67296,1859,0,20,0,3,7,65536
67296,1860,0,20,1,3,6,65536
67296,1861,0,20,2,3,7,65536
67296,1862,0,20,3,3,6,65536
67296,1863,0,13,0,0,1,65536
67296,1864,0,13,1,0,0,65536
67296,1865,0,13,2,0,1,65536
67296,1866,0,13,3,0,0,65536
67296,1867,0,1,0,0,1,65536
67296,1868,0,1,1,0,0,65536
67296,1869,0,1,2,0,1,65536
67296,1870,0,1,3,0,0,65536
67297,1871,0,24,0,1,3,8192
67297,1872,0,30,0,0,0,49152
67297,1873,0,30,1,0,1,40960
67297,1874,0,30,2,0,0,40960
67297,1875,0,30,3,0,1,40960
67297,1876,0,11,0,0,0,24576
67297,1877,0,11,1,0,1,24576
67297,1878,0,11,2,0,0,24576
67297,1879,0,11,3,0,1,16384
67297,1880,0,8,0,0,0,65536
67297,1881,0,8,1,0,1,65536
67297,1882,0,8,2,0,0,65536
67297,1883,0,8,3,0,1,57344
67328,1884,0,22,0,3,6,65536
67328,1885,0,22,1,3,7,65536
67328,1886,0,22,2,3,6,65536
67328,1887,0,22,3,3,7,65536
67328,1888,0,27,0,0,1,65536
67328,1889,0,27,1,0,0,65536
67328,1890,0,27,2,0,1,65536
67328,1891,0,27,3,0,0,65536
67328,1892,0,0,0,3,7,65536
67328,1893,0,0,1,3,6,65536
67328,1894,0,0,2,3,7,65536
67328,1895,0,0,3,3,6,65536
67328,1896,0,1,0,0,0,114688
67328,1897,0,1,1,0,1,106496
67328,1898,0,1,2,0,0,106496
67328,1899,0,1,3,0,1,106496
67328,1900,0,30,0,0,1,16384
67328,1901,0,30,1,0,0,16384
67328,1902,0,30,2,0,1,16384
67328,1903,0,30,3,0,0,16384
67329,1904,0,19,0,0,1,49152
67329,1905,0,19,1,0,0,40960
67329,1906,0,19,2,0,1,40960
67329,1907,0,19,3,0,0,40960
67360,1908,0,8,0,0,0,24576
67360,1909,0,8,1,0,1,24576
67360,1910,0,8,2,0,0,24576
67360,1911,0,8,3,0,1,16384
67360,1912,0,23,0,0,1,65536
67360,1913,0,23,1,0,0,65536
67360,1914,0,23,2,0,1,65536
67360,1915,0,23,3,0,0,65536
67360,1916,0,26,0,0,1,65536
67360,1917,0,26,1,0,0,65536
67360,1918,0,26,2,0,1,65536
67360,1919,0,26,3,0,0,57344
67361,1920,0,7,0,0,0,24576
67361,1921,0,7,1,0,1,24576
67361,1922,0,7,2,0,0,24576
67361,1923,0,7,3,0,1,16384
67361,1924,0,26,0,0,0,24576
67361,1925,0,26,1,0,1,24576
67361,1926,0,26,2,0,0,24576
67361,1927,0,26,3,0,1,16384
67392,1928,0,23,0,3,6,114688
67392,1929,0,23,1,3,7,106496
67392,1930,0,23,2,3,6,106496
67392,1931,0,23,3,3,7,106496
67392,1932,0,17,0,3,7,90112
67392,1933,0,17,1,3,6,90112
67392,1934,0,17,2,3,7,81920
67392,1935,0,17,3,3,6,81920
67392,1936,0,28,0,3,6,65536
67392,1937,0,28,1,3,7,65536
67392,1938,0,28,2,3,6,65536
67392,1939,0,28,3,3,7,65536
67392,1940,0,10,0,3,7,90112
67392,1941,0,10,1,3,6,90112
67392,1942,0,10,2,3,7,90112
67392,1943,0,10,3,3,6,81920
67392,1944,0,23,0,0,1,24576
67392,1945,0,23,1,0,0,24576
67392,1946,0,23,2,0,1,24576
67392,1947,0,23,3,0,0,16384
67392,1948,0,18,0,0,0,24576
67392,1949,0,18,1,0,1,24576
67392,1950,0,18,2,0,0,24576
67392,1951,0,18,3,0,1,16384
67392,1952,0,16,0,0,1,24576
67392,1953,0,16,1,0,0,24576
67392,1954,0,16,2,0,1,24576
67392,1955,0,16,3,0,0,16384
67392,1956,0,15,0,0,1,49152
67392,1957,0,15,1,0,0,40960
67392,1958,0,15,2,0,1,40960
67392,1959,0,15,3,0,0,40960
67392,1960,0,5,0,0,0,65536
67392,1961,0,5,1,0,1,65536
67392,1962,0,5,2,0,0,65536
67392,1963,0,5,3,0,1,65536
67392,1964,0,13,0,3,7,65536
67392,1965,0,13,1,3,6,65536
67392,1966,0,13,2,3,7,65536
67392,1967,0,13,3,3,6,65536
67392,1968,0,12,0,3,7,90112
67392,1969,0,12,1,3,6,90112
67392,1970,0,12,2,3,7,81920
67392,1971,0,12,3,3,6,81920
67392,1972,0,26,0,3,7,65536
67392,1973,0,26,1,3,6,65536
67392,1974,0,26,2,3,7,65536
67392,1975,0,26,3,3,6,65536
67424,1976,0,9,0,3,6,65536
67424,1977,0,9,1,3,7,65536
67424,1978,0,9,2,3,6,65536
67424,1979,0,9,3,3,7,65536
67424,1980,0,14,0,3,6,90112
67424,1981,0,14,1,3,7,90112
67424,1982,0,14,2,3,6,90112
67424,1983,0,14,3,3,7,81920
67424,1984,0,26,0,3,6,65536
67424,1985,0,26,1,3,7,65536
67424,1986,0,26,2,3,6,65536
67424,1987,0,26,3,3,7,65536
67424,1988,0,27,0,0,1,24576
67424,1989,0,27,1,0,0,24576
67424,1990,0,27,2,0,1,24576
67424,1991,0,27,3,0,0,16384
67424,1992,0,6,0,3,6,65536
67424,1993,0,6,1,3,7,65536
67424,1994,0,6,2,3,6,65536
67424,1995,0,6,3,3,7,65536
67425,1996,0,21,0,3,6,65536
67425,1997,0,21,1,3,7,65536
67425,1998,0,21,2,3,6,65536
67425,1999,0,21,3,3,7,65536
67425,2000,0,9,0,0,1,49152
67425,2001,0,9,1,0,0,40960
67425,2002,0,9,2,0,1,40960
67425,2003,0,9,3,0,0,40960
67456,2004,0,9,0,3,6,65536
67456,2005,0,9,1,3,7,65536
67456,2006,0,9,2,3,6,65536
67456,2007,0,9,3,3,7,65536
67456,2008,0,4,0,0,1,49152
67456,2009,0,4,1,0,0,40960
67456,2010,0,4,2,0,1,40960
67456,2011,0,4,3,0,0,40960
67456,2012,0,11,0,3,7,65536
67456,2013,0,11,1,3,6,65536
67456,2014,0,11,2,3,7,65536
67456,2015,0,11,3,3,6,65536
67456,2016,0,16,0,3,6,24576
67456,2017,0,16,1,3,7,24576
67456,2018,0,16,2,3,6,24576
67456,2019,0,16,3,3,7,16384
67456,2020,0,24,0,0,1,65536
67456,2021,0,24,1,0,0,65536
67456,2022,0,24,2,0,1,65536
67456,2023,0,24,3,0,0,65536
67456,2024,0,6,0,3,7,65536
67456,2025,0,6,1,3,6,65536
67456,2026,0,6,2,3,7,65536
67456,2027,0,6,3,3,6,65536
67457,2028,0,20,0,0,0,24576
67457,2029,0,20,1,0,1,24576
67457,2030,0,20,2,0,0,24576
67457,2031,0,20,3,0,1,16384
67457,2032,0,5,0,0,0,49152
67457,2033,0,5,1,0,1,40960
67457,2034,0,5,2,0,0,40960
67457,2035,0,5,3,0,1,40960
67457,2036,0,22,0,0,1,24576
67457,2037,0,22,1,0,0,24576
67457,2038,0,22,2,0,1,24576
67457,2039,0,22,3,0,0,16384
67488,2040,0,30,0,3,7,90112
67488,2041,0,30,1,3,6,90112
67488,2042,0,30,2,3,7,81920
67488,2043,0,30,3,3,6,81920
67488,2044,0,22,0,0,0,24576
67488,2045,0,22,1,0,1,24576
67488,2046,0,22,2,0,0,24576
67488,2047,0,22,3,0,1,16384
67489,2048,0,10,0,3,6,90112
67489,2049,0,10,1,3,7,90112
67489,2050,0,10,2,3,6,81920
67489,2051,0,10,3,3,7,81920
67489,2052,0,12,0,0,0,49152
67489,2053,0,12,1,0,1,40960
67489,2054,0,12,2,0,0,40960
67489,2055,0,12,3,0,1,40960
67489,2056,0,5,0,0,1,73728
67489,2057,0,5,1,0,0,73728
67489,2058,0,5,2,0,1,73728
67489,2059,0,5,3,0,0,65536
67489,2060,0,6,0,0,1,65536
67489,2061,0,6,1,0,0,65536
67489,2062,0,6,2,0,1,65536
67489,2063,0,6,3,0,0,65536
67489,2064,0,2,0,0,0,65536
67489,2065,0,2,1,0,1,65536
67489,2066,0,2,2,0,0,65536
67489,2067,0,2,3,0,1,65536
67520,2068,0,28,0,0,0,24576
67520,2069,0,28,1,0,1,24576
67520,2070,0,28,2,0,0,24576
67520,2071,0,28,3,0,1,16384
67520,2072,0,17,0,3,6,90112
67520,2073,0,17,1,3,7,90112
67520,2074,0,17,2,3,6,81920
67520,2075,0,17,3,3,7,81920
67520,2076,0,31,0,3,7,65536
67520,2077,0,31,1,3,6,65536
67520,2078,0,31,2,3,7,65536
67520,2079,0,31,3,3,6,65536
67520,2080,0,16,0,3,7,65536
67520,2081,0,16,1,3,6,65536
67520,2082,0,16,2,3,7,65536
67520,2083,0,16,3,3,6,65536
67520,2084,0,23,0,1,2,65536
67520,2085,0,23,1,1,3,65536
67520,2086,0,23,2,1,2,65536
67520,2087,0,23,3,1,3,65536
67520,2088,0,19,0,0,1,65536
67520,2089,0,19,1,0,0,65536
67520,2090,0,19,2,0,1,65536
67520,2091,0,19,3,0,0,65536
67520,2092,0,24,0,3,6,90112
67520,2093,0,24,1,3,7,90112
67520,2094,0,24,2,3,6,81920
67520,2095,0,24,3,3,7,81920
67520,2096,0,5,0,3,7,65536
67520,2097,0,5,1,3,6,65536
67520,2098,0,5,2,3,7,65536
67520,2099,0,5,3,3,6,65536
67521,2100,0,14,0,0,0,24576
67521,2101,0,14,1,0,1,24576
67521,2102,0,14,2,0,0,24576
67521,2103,0,14,3,0,1,16384
67521,2104,0,2,0,0,1,49152
67521,2105,0,2,1,0,0,40960
67521,2106,0,2,2,0,1,40960
67521,2107,0,2,3,0,0,40960
67521,2108,0,22,0,1,3,65536
67521,2109,0,22,1,1,2,65536
67521,2110,0,22,2,1,3,65536
67521,2111,0,22,3,1,2,65536
67552,2112,0,14,0,3,6,90112
67552,2113,0,14,1,3,7,90112
67552,2114,0,14,2,3,6,90112
67552,2115,0,14,3,3,7,81920
67552,2116,0,15,0,3,7,65536
67552,2117,0,15,1,3,6,65536
67552,2118,0,15,2,3,7,65536
67552,2119,0,15,3,3,6,65536
67552,2120,0,19,0,3,6,65536
67552,2121,0,19,1,3,7,65536
67552,2122,0,19,2,3,6,65536
67552,2123,0,19,3,3,7,65536
67552,2124,0,31,0,0,0,65536
67552,2125,0,31,1,0,1,65536
67552,2126,0,31,2,0,0,65536
67552,2127,0,31,3,0,1,57344
67552,2128,0,20,0,3,7,114688
67552,2129,0,20,1,3,6,106496
67552,2130,0,20,2,3,7,106496
67552,2131,0,20,3,3,6,106496
67552,2132,0,0,0,3,6,65536
67552,2133,0,0,1,3,7,65536
67552,2134,0,0,2,3,6,65536
67552,2135,0,0,3,3,7,65536
67552,2136,0,19,0,3,7,65536
67552,2137,0,19,1,3,6,65536
67552,2138,0,19,2,3,7,65536
67552,2139,0,19,3,3,6,65536
67552,2140,0,2,0,1,3,65536
67552,2141,0,2,1,1,2,65536
67552,2142,0,2,2,1,3,65536
67552,2143,0,2,3,1,2,65536
67553,2144,0,23,0,0,0,24576
67553,2145,0,23,1,0,1,24576
67553,2146,0,23,2,0,0,24576
67553,2147,0,23,3,0,1,16384
67553,2148,0,12,0,3,7,90112
67553,2149,0,12,1,3,6,90112
67553,2150,0,12,2,3,7,90112
67553,2151,0,12,3,3,6,81920
67584,2152,0,16,0,3,7,65536
67584,2153,0,16,1,3,6,65536
67584,2154,0,16,2,3,7,65536
67584,2155,0,16,3,3,6,65536
67584,2156,0,18,0,3,6,65536
67584,2157,0,18,1,3,7,65536
67584,2158,0,18,2,3,6,65536
67584,2159,0,18,3,3,7,65536
67584,2160,0,14,0,3,7,90112
67584,2161,0,14,1,3,6,90112
67584,2162,0,14,2,3,7,81920
67584,2163,0,14,3,3,6,81920
67584,2164,0,28,0,0,1,24576
67584,2165,0,28,1,0,0,24576
67584,2166,0,28,2,0,1,24576
67584,2167,0,28,3,0,0,16384
67585,2168,0,11,0,3,6,65536
67585,2169,0,11,1,3,7,65536
67585,2170,0,11,2,3,6,65536
67585,2171,0,11,3,3,7,65536
67616,2172,0,14,0,3,7,90112
67616,2173,0,14,1,3,6,90112
67616,2174,0,14,2,3,7,90112
67616,2175,0,14,3,3,6,81920
67616,2176,0,20,0,1,3,65536
67616,2177,0,20,1,1,2,65536
67616,2178,0,20,2,1,3,65536
67616,2179,0,20,3,1,2,65536
67617,2180,0,8,0,0,1,65536
67617,2181,0,8,1,0,0,57344
67617,2182,0,8,2,0,1,57344
67617,2183,0,8,3,0,0,57344
67617,2184,0,29,0,0,1,24576
67617,2185,0,29,1,0,0,24576
67617,2186,0,29,2,0,1,24576
67617,2187,0,29,3,0,0,16384
67617,2188,0,18,0,3,7,65536
67617,2189,0,18,1,3,6,65536
67617,2190,0,18,2,3,7,65536
67617,2191,0,18,3,3,6,65536
67648,2192,0,29,0,3,6,65536
67648,2193,0,29,1,3,7,65536
67648,2194,0,29,2,3,6,65536
67648,2195,0,29,3,3,7,65536
67648,2196,0,25,0,3,7,65536
67648,2197,0,25,1,3,6,65536
67648,2198,0,25,2,3,7,65536
67648,2199,0,25,3,3,6,65536
67648,2200,0,15,0,0,0,24576
67648,2201,0,15,1,0,1,24576
67648,2202,0,15,2,0,0,24576
67648,2203,0,15,3,0,1,16384
67648,2204,0,19,0,3,6,65536
67648,2205,0,19,1,3,7,65536
67648,2206,0,19,2,3,6,65536
67648,2207,0,19,3,3,7,65536
67648,2208,0,14,0,0,0,24576
67648,2209,0,14,1,0,1,24576
67648,2210,0,14,2,0,0,24576
67648,2211,0,14,3,0,1,16384
67648,2212,0,13,0,0,1,90112
67648,2213,0,13,1,0,0,90112
67648,2214,0,13,2,0,1,81920
67648,2215,0,13,3,0,0,81920
67649,2216,0,16,0,0,0,49152
67649,2217,0,16,1,0,1,40960
67649,2218,0,16,2,0,0,40960
67649,2219,0,16,3,0,1,40960
67680,2220,0,16,0,3,6,65536
67680,2221,0,16,1,3,7,65536
67680,2222,0,16,2,3,6,65536
67680,2223,0,16,3,3,7,65536
67680,2224,0,13,0,0,1,65536
67680,2225,0,13,1,0,0,65536
67680,2226,0,13,2,0,1,65536
67680,2227,0,13,3,0,0,65536
67680,2228,0,9,0,0,0,49152
67680,2229,0,9,1,0,1,40960
67680,2230,0,9,2,0,0,40960
67680,2231,0,9,3,0,1,40960
67680,2232,0,27,0,3,7,65536
67680,2233,0,27,1,3,6,65536
67680,2234,0,27,2,3,7,65536
67680,2235,0,27,3,3,6,65536
67680,2236,0,24,0,3,7,65536
67680,2237,0,24,1,3,6,65536
67680,2238,0,24,2,3,7,65536
67680,2239,0,24,3,3,6,65536
67680,2240,0,5,0,0,0,24576
67680,2241,0,5,1,0,1,24576
67680,2242,0,5,2,0,0,24576
67680,2243,0,5,3,0,1,16384
67680,2244,0,14,0,3,6,90112
67680,2245,0,14,1,3,7,90112
67680,2246,0,14,2,3,6,90112
67680,2247,0,14,3,3,7,81920
67681,2248,0,22,0,2,5,114688
67681,2249,0,22,1,2,4,106496
67681,2250,0,22,2,2,5,106496
67681,2251,0,22,3,2,4,106496
67712,2252,0,16,0,3,7,40960
67712,2253,0,16,1,3,6,40960
67712,2254,0,16,2,3,7,40960
67712,2255,0,16,3,3,6,32768
67712,2256,0,3,0,0,0,49152
67712,2257,0,3,1,0,1,40960
67712,2258,0,3,2,0,0,40960
67712,2259,0,3,3,0,1,40960
67712,2260,0,31,0,3,7,65536
67712,2261,0,31,1,3,6,65536
67712,2262,0,31,2,3,7,65536
67712,2263,0,31,3,3,6,65536
67712,2264,0,4,0,0,1,24576
67712,2265,0,4,1,0,0,24576
67712,2266,0,4,2,0,1,24576
67712,2267,0,4,3,0,0,16384
67712,2268,0,31,0,0,0,24576
67712,2269,0,31,1,0,1,24576
67712,2270,0,31,2,0,0,24576
67712,2271,0,31,3,0,1,16384
67713,2272,0,10,0,0,1,65536
67713,2273,0,10,1,0,0,65536
67713,2274,0,10,2,0,1,65536
67713,2275,0,10,3,0,0,65536
67713,2276,0,20,0,0,0,49152
67713,2277,0,20,1,0,1,40960
67713,2278,0,20,2,0,0,40960
67713,2279,0,20,3,0,1,40960
67713,2280,0,10,0,3,6,90112
67713,2281,0,10,1,3,7,90112
67713,2282,0,10,2,3,6,90112
67713,2283,0,10,3,3,7,81920
67744,2284,0,24,0,3,6,65536
67744,2285,0,24,1,3,7,65536
67744,2286,0,24,2,3,6,65536
67744,2287,0,24,3,3,7,65536
67744,2288,0,4,0,3,6,65536
67744,2289,0,4,1,3,7,65536
67744,2290,0,4,2,3,6,65536
67744,2291,0,4,3,3,7,65536
67744,2292,0,28,0,0,0,24576
67744,2293,0,28,1,0,1,24576
67744,2294,0,28,2,0,0,24576
67744,2295,0,28,3,0,1,16384
67745,2296,0,28,0,0,1,65536
67745,2297,0,28,1,0,0,65536
67745,2298,0,28,2,0,1,65536
67745,2299,0,28,3,0,0,65536
67776,2300,0,2,0,0,0,24576
67776,2301,0,2,1,0,1,24576
67776,2302,0,2,2,0,0,24576
67776,2303,0,2,3,0,1,16384
67776,2304,0,16,0,0,1,24576
67776,2305,0,16,1,0,0,24576
67776,2306,0,16,2,0,1,24576
67776,2307,0,16,3,0,0,16384
67776,2308,0,1,0,0,1,49152
67776,2309,0,1,1,0,0,40960
67776,2310,0,1,2,0,1,40960
67776,2311,0,1,3,0,0,40960
67776,2312,0,29,0,3,7,65536
67776,2313,0,29,1,3,6,65536
67776,2314,0,29,2,3,7,65536
67776,2315,0,29,3,3,6,65536
67776,2316,0,9,0,0,0,49152
67776,2317,0,9,1,0,1,40960
67776,2318,0,9,2,0,0,40960
67776,2319,0,9,3,0,1,40960
67776,2320,0,9,0,0,1,49152
67776,2321,0,9,1,0,0,40960
67776,2322,0,9,2,0,1,40960
67776,2323,0,9,3,0,0,40960
67776,2324,0,21,0,0,0,24576
67776,2325,0,21,1,0,1,24576
67776,2326,0,21,2,0,0,24576
67776,2327,0,21,3,0,1,16384
67776,2328,0,12,0,0,1,24576
67776,2329,0,12,1,0,0,24576
67776,2330,0,12,2,0,1,24576
67776,2331,0,12,3,0,0,16384
67777,2332,0,5,0,1,2,49152
67777,2333,0,5,1,1,3,40960
67777,2334,0,5,2,1,2,40960
67777,2335,0,5,3,1,3,40960
67808,2336,0,27,0,3,7,65536
67808,2337,0,27,1,3,6,65536
67808,2338,0,27,2,3,7,65536
67808,2339,0,27,3,3,6,65536
67808,2340,0,27,0,2,4,49152
67808,2341,0,27,1,2,5,40960
67808,2342,0,27,2,2,4,40960
67808,2343,0,27,3,2,5,40960
67808,2344,0,15,0,0,0,49152
67808,2345,0,15,1,0,1,40960
67808,2346,0,15,2,0,0,40960
67808,2347,0,15,3,0,1,40960
67808,2348,0,27,0,3,7,65536
67808,2349,0,27,1,3,6,65536
67808,2350,0,27,2,3,7,65536
67808,2351,0,27,3,3,6,65536
67808,2352,0,20,0,3,6,65536
67808,2353,0,20,1,3,7,65536
67808,2354,0,20,2,3,6,65536
67808,2355,0,20,3,3,7,65536
67809,2356,0,12,0,0,0,24576
67809,2357,0,12,1,0,1,24576
67809,2358,0,12,2,0,0,24576
67809,2359,0,12,3,0,1,16384
67840,2360,0,2,0,3,7,65536
67840,2361,0,2,1,3,6,65536
67840,2362,0,2,2,3,7,65536
67840,2363,0,2,3,3,6,65536
67840,2364,0,6,0,3,7,65536
67840,2365,0,6,1,3,6,65536
67840,2366,0,6,2,3,7,65536
67840,2367,0,6,3,3,6,65536
67840,2368,0,31,0,3,7,65536
67840,2369,0,31,1,3,6,65536
67840,2370,0,31,2,3,7,65536
67840,2371,0,31,3,3,6,65536
67840,2372,0,4,0,0,0,65536
67840,2373,0,4,1,0,1,65536
67840,2374,0,4,2,0,0,65536
67840,2375,0,4,3,0,1,65536
67841,2376,0,10,0,0,0,24576
67841,2377,0,10,1,0,1,24576
67841,2378,0,10,2,0,0,24576
67841,2379,0,10,3,0,1,16384
67872,2380,0,5,0,0,0,24576
67872,2381,0,5,1,0,1,24576
67872,2382,0,5,2,0,0,24576
67872,2383,0,5,3,0,1,16384
67872,2384,0,3,0,3,7,90112
67872,2385,0,3,1,3,6,90112
67872,2386,0,3,2,3,7,81920
67872,2387,0,3,3,3,6,81920
67872,2388,0,21,0,0,0,49152
67872,2389,0,21,1,0,1,40960
67872,2390,0,21,2,0,0,40960
67872,2391,0,21,3,0,1,40960
67872,2392,0,11,0,0,0,65536
67872,2393,0,11,1,0,1,65536
67872,2394,0,11,2,0,0,65536
67872,2395,0,11,3,0,1,65536
67872,2396,0,13,0,3,6,65536
67872,2397,0,13,1,3,7,65536
67872,2398,0,13,2,3,6,65536
67872,2399,0,13,3,3,7,65536
67872,2400,0,17,0,0,0,65536
67872,2401,0,17,1,0,1,65536
67872,2402,0,17,2,0,0,65536
67872,2403,0,17,3,0,1,65536
67904,2404,0,13,0,0,0,90112
67904,2405,0,13,1,0,1,90112
67904,2406,0,13,2,0,0,81920
67904,2407,0,13,3,0,1,81920
67904,2408,0,24,0,0,0,49152
67904,2409,0,24,1,0,1,40960
67904,2410,0,24,2,0,0,40960
67904,2411,0,24,3,0,1,40960
67905,2412,0,15,0,0,0,65536
67905,2413,0,15,1,0,1,65536
67905,2414,0,15,2,0,0,65536
67905,2415,0,15,3,0,1,65536
67936,2416,0,28,0,0,1,49152
67936,2417,0,28,1,0,0,40960
67936,2418,0,28,2,0,1,40960
67936,2419,0,28,3,0,0,40960
67936,2420,0,10,0,3,7,90112
67936,2421,0,10,1,3,6,90112
67936,2422,0,10,2,3,7,81920
67936,2423,0,10,3,3,6,81920
67936,2424,0,22,0,3,6,65536
67936,2425,0,22,1,3,7,65536
67936,2426,0,22,2,3,6,65536
67936,2427,0,22,3,3,7,65536
67936,2428,0,16,0,3,6,65536
67936,2429,0,16,1,3,7,65536
67936,2430,0,16,2,3,6,65536
67936,2431,0,16,3,3,7,65536
67936,2432,0,24,0,3,6,90112
67936,2433,0,24,1,3,7,90112
67936,2434,0,24,2,3,6,81920
67936,2435,0,24,3,3,7,81920
67937,2436,0,26,0,0,0,24576
67937,2437,0,26,1,0,1,24576
67937,2438,0,26,2,0,0,24576
67937,2439,0,26,3,0,1,16384
67937,2440,0,22,0,0,0,65536
67937,2441,0,22,1,0,1,65536
67937,2442,0,22,2,0,0,65536
67937,2443,0,22,3,0,1,65536
67968,2444,0,11,0,0,0,49152
67968,2445,0,11,1,0,1,40960
67968,2446,0,11,2,0,0,40960
67968,2447,0,11,3,0,1,40960
67968,2448,0,2,0,3,7,65536
67968,2449,0,2,1,3,6,65536
67968,2450,0,2,2,3,7,65536
67968,2451,0,2,3,3,6,65536
67968,2452,0,21,0,3,6,65536
67968,2453,0,21,1,3,7,65536
67968,2454,0,21,2,3,6,65536
67968,2455,0,21,3,3,7,65536
67968,2456,0,14,0,0,0,49152
67968,2457,0,14,1,0,1,40960
67968,2458,0,14,2,0,0,40960
67968,2459,0,14,3,0,1,40960
67968,2460,0,4,0,3,6,65536
67968,2461,0,4,1,3,7,65536
67968,2462,0,4,2,3,6,65536
67968,2463,0,4,3,3,7,65536
67968,2464,0,29,0,0,0,24576
67968,2465,0,29,1,0,1,24576
67968,2466,0,29,2,0,0,24576
67968,2467,0,29,3,0,1,16384
68000,2468,0,10,0,0,0,24576
68000,2469,0,10,1,0,1,24576
68000,2470,0,10,2,0,0,24576
68000,2471,0,10,3,0,1,16384
68000,2472,0,26,0,0,1,90112
68000,2473,0,26,1,0,0,90112
68000,2474,0,26,2,0,1,81920
68000,2475,0,26,3,0,0,81920
68000,2476,0,23,0,3,6,65536
68000,2477,0,23,1,3,7,65536
68000,2478,0,23,2,3,6,65536
68000,2479,0,23,3,3,7,65536
68000,2480,0,8,0,3,6,90112
68000,2481,0,8,1,3,7,90112
68000,2482,0,8,2,3,6,81920
68000,2483,0,8,3,3,7,81920
68000,2484,0,1,0,2,4,8192
68000,2485,0,17,0,0,1,65536
68000,2486,0,17,1,0,0,65536
68000,2487,0,17,2,0,1,65536
68000,2488,0,17,3,0,0,65536
68000,2489,0,20,0,0,0,24576
68000,2490,0,20,1,0,1,24576
68000,2491,0,20,2,0,0,24576
68000,2492,0,20,3,0,1,16384
68001,2493,0,13,0,0,1,24576
68001,2494,0,13,1,0,0,24576
68001,2495,0,13,2,0,1,24576
68001,2496,0,13,3,0,0,16384
68001,2497,0,29,0,0,1,65536
68001,2498,0,29,1,0,0,65536
68001,2499,0,29,2,0,1,65536
68001,2500,0,29,3,0,0,65536
68032,2501,0,27,0,3,6,65536
68032,2502,0,27,1,3,7,65536
68032,2503,0,27,2,3,6,65536
68032,2504,0,27,3,3,7,65536
68032,2505,0,28,0,3,7,65536
68032,2506,0,28,1,3,6,65536
68032,2507,0,28,2,3,7,65536
68032,2508,0,28,3,3,6,65536
68032,2509,0,16,0,3,6,65536
68032,2510,0,16,1,3,7,65536
68032,2511,0,16,2,3,6,65536
68032,2512,0,16,3,3,7,65536
68032,2513,0,28,0,3,6,65536
68032,2514,0,28,1,3,7,65536
68032,2515,0,28,2,3,6,65536
68032,2516,0,28,3,3,7,65536
68033,2517,0,7,0,0,0,65536
68033,2518,0,7,1,0,1,65536
68033,2519,0,7,2,0,0,65536
68033,2520,0,7,3,0,1,65536
68033,2521,0,26,0,3,7,65536
68033,2522,0,26,1,3,6,65536
68033,2523,0,26,2,3,7,65536
68033,2524,0,26,3,3,6,65536
68033,2525,0,20,0,3,6,65536
68033,2526,0,20,1,3,7,65536
68033,2527,0,20,2,3,6,65536
68033,2528,0,20,3,3,7,65536
68033,2529,0,19,0,0,0,65536
68033,2530,0,19,1,0,1,65536
68033,2531,0,19,2,0,0,65536
68033,2532,0,19,3,0,1,65536
68033,2533,0,1,0,3,7,65536
68033,2534,0,1,1,3,6,65536
68033,2535,0,1,2,3,7,65536
68033,2536,0,1,3,3,6,65536
68064,2537,0,24,0,0,1,65536
68064,2538,0,24,1,0,0,65536
68064,2539,0,24,2,0,1,65536
68064,2540,0,24,3,0,0,65536
68064,2541,0,22,0,3,7,65536
68064,2542,0,22,1,3,6,65536
68064,2543,0,22,2,3,7,65536
68064,2544,0,22,3,3,6,65536
68096,2545,0,15,0,0,0,24576
68096,2546,0,15,1,0,1,24576
68096,2547,0,15,2,0,0,24576
68096,2548,0,15,3,0,1,16384
68096,2549,0,27,0,3,7,65536
68096,2550,0,27,1,3,6,65536
68096,2551,0,27,2,3,7,65536
68096,2552,0,27,3,3,6,65536
68096,2553,0,25,0,3,6,65536
68096,2554,0,25,1,3,7,65536
68096,2555,0,25,2,3,6,65536
68096,2556,0,25,3,3,7,65536
68097,2557,0,27,0,0,1,24576
68097,2558,0,27,1,0,0,24576
68097,2559,0,27,2,0,1,24576
68097,2560,0,27,3,0,0,16384
68097,2561,0,1,0,3,6,65536
68097,2562,0,1,1,3,7,65536
68097,2563,0,1,2,3,6,65536
68097,2564,0,1,3,3,7,65536
68097,2565,0,8,0,0,0,65536
68097,2566,0,8,1,0,1,65536
68097,2567,0,8,2,0,0,65536
68097,2568,0,8,3,0,1,65536
68128,2569,0,25,0,0,0,49152
68128,2570,0,25,1,0,1,40960
68128,2571,0,25,2,0,0,40960
68128,2572,0,25,3,0,1,40960
68128,2573,0,25,0,1,2,8192
68128,2574,0,5,0,0,1,24576
68128,2575,0,5,1,0,0,24576
68128,2576,0,5,2,0,1,24576
68128,2577,0,5,3,0,0,16384
68128,2578,0,10,0,3,6,65536
68128,2579,0,10,1,3,7,65536
68128,2580,0,10,2,3,6,65536
68128,2581,0,10,3,3,7,65536
68128,2582,0,23,0,3,6,65536
68128,2583,0,23,1,3,7,65536
68128,2584,0,23,2,3,6,65536
68128,2585,0,23,3,3,7,65536
68129,2586,0,28,0,3,7,65536
68129,2587,0,28,1,3,6,65536
68129,2588,0,28,2,3,7,65536
68129,2589,0,28,3,3,6,65536
68160,2590,0,2,0,0,1,65536
68160,2591,0,2,1,0,0,65536
68160,2592,0,2,2,0,1,65536
68160,2593,0,2,3,0,0,65536
68160,2594,0,21,0,3,6,65536
68160,2595,0,21,1,3,7,65536
68160,2596,0,21,2,3,6,65536
68160,2597,0,21,3,3,7,65536
68160,2598,0,27,0,0,1,24576
68160,2599,0,27,1,0,0,24576
68160,2600,0,27,2,0,1,24576
68160,2601,0,27,3,0,0,16384
68160,2602,0,9,0,0,1,65536
68160,2603,0,9,1,0,0,65536
68160,2604,0,9,2,0,1,65536
68160,2605,0,9,3,0,0,65536
68161,2606,0,4,0,0,1,65536
68161,2607,0,4,1,0,0,65536
68161,2608,0,4,2,0,1,65536
68161,2609,0,4,3,0,0,65536
68161,2610,0,13,0,3,6,65536
68161,2611,0,13,1,3,7,65536
68161,2612,0,13,2,3,6,65536
68161,2613,0,13,3,3,7,65536
68161,2614,0,25,0,0,0,65536
68161,2615,0,25,1,0,1,65536
68161,2616,0,25,2,0,0,65536
68161,2617,0,25,3,0,1,65536
68192,2618,0,12,0,3,7,90112
68192,2619,0,12,1,3,6,90112
68192,2620,0,12,2,3,7,81920
68192,2621,0,12,3,3,6,81920
68192,2622,0,10,0,3,7,90112
68192,2623,0,10,1,3,6,90112
68192,2624,0,10,2,3,7,81920
68192,2625,0,10,3,3,6,81920
68224,2626,0,23,0,0,1,49152
68224,2627,0,23,1,0,0,40960
68224,2628,0,23,2,0,1,40960
68224,2629,0,23,3,0,0,40960
68224,2630,0,7,0,3,7,65536
68224,2631,0,7,1,3,6,65536
68224,2632,0,7,2,3,7,65536
68224,2633,0,7,3,3,6,65536
68224,2634,0,28,0,3,7,65536
68224,2635,0,28,1,3,6,65536
68224,2636,0,28,2,3,7,65536
68224,2637,0,28,3,3,6,65536
68225,2638,0,1,0,0,0,49152
68225,2639,0,1,1,0,1,40960
68225,2640,0,1,2,0,0,40960
68225,2641,0,1,3,0,1,40960
68225,2642,0,15,0,0,1,65536
68225,2643,0,15,1,0,0,65536
68225,2644,0,15,2,0,1,65536
68225,2645,0,15,3,0,0,65536
68225,2646,0,21,0,0,1,24576
68225,2647,0,21,1,0,0,24576
68225,2648,0,21,2,0,1,24576
68225,2649,0,21,3,0,0,16384
68225,2650,0,26,0,0,1,24576
68225,2651,0,26,1,0,0,24576
68225,2652,0,26,2,0,1,24576
68225,2653,0,26,3,0,0,16384
68256,2654,0,22,0,0,0,24576
68256,2655,0,22,1,0,1,24576
68256,2656,0,22,2,0,0,24576
68256,2657,0,22,3,0,1,16384
68256,2658,0,2,0,3,7,65536
68256,2659,0,2,1,3,6,65536
68256,2660,0,2,2,3,7,65536
68256,2661,0,2,3,3,6,65536
68256,2662,0,21,0,3,7,65536
68256,2663,0,21,1,3,6,65536
68256,2664,0,21,2,3,7,65536
68256,2665,0,21,3,3,6,65536
68256,2666,0,29,0,0,0,65536
68256,2667,0,29,1,0,1,65536
68256,2668,0,29,2,0,0,65536
68256,2669,0,29,3,0,1,65536
68256,2670,0,13,0,3,6,65536
68256,2671,0,13,1,3,7,65536
68256,2672,0,13,2,3,6,65536
68256,2673,0,13,3,3,7,65536
68256,2674,0,28,0,3,7,65536
68256,2675,0,28,1,3,6,65536
68256,2676,0,28,2,3,7,65536
68256,2677,0,28,3,3,6,65536
68256,2678,0,28,0,3,6,65536
68256,2679,0,28,1,3,7,65536
68256,2680,0,28,2,3,6,65536
68256,2681,0,28,3,3,7,65536
68256,2682,0,23,0,0,0,49152
68256,2683,0,23,1,0,1,40960
68256,2684,0,23,2,0,0,40960
68256,2685,0,23,3,0,1,40960
68288,2686,0,11,0,3,6,65536
68288,2687,0,11,1,3,7,65536
68288,2688,0,11,2,3,6,65536
68288,2689,0,11,3,3,7,65536
68288,2690,0,30,0,3,7,90112
68288,2691,0,30,1,3,6,90112
68288,2692,0,30,2,3,7,81920
68288,2693,0,30,3,3,6,81920
68288,2694,0,0,0,3,6,65536
68288,2695,0,0,1,3,7,65536
68288,2696,0,0,2,3,6,65536
68288,2697,0,0,3,3,7,65536
68289,2698,0,18,0,3,7,65536
68289,2699,0,18,1,3,6,65536
68289,2700,0,18,2,3,7,65536
68289,2701,0,18,3,3,6,65536
68289,2702,0,27,0,0,0,24576
68289,2703,0,27,1,0,1,24576
68289,2704,0,27,2,0,0,24576
68289,2705,0,27,3,0,1,16384
68320,2706,0,5,0,0,0,65536
68320,2707,0,5,1,0,1,65536
68320,2708,0,5,2,0,0,65536
68320,2709,0,5,3,0,1,65536
68320,2710,0,8,0,3,7,90112
68320,2711,0,8,1,3,6,90112
68320,2712,0,8,2,3,7,90112
68320,2713,0,8,3,3,6,81920
68321,2714,0,17,0,0,0,65536
68321,2715,0,17,1,0,1,65536
68321,2716,0,17,2,0,0,65536
68321,2717,0,17,3,0,1,65536
68321,2718,0,25,0,0,0,65536
68321,2719,0,25,1,0,1,65536
68321,2720,0,25,2,0,0,65536
68321,2721,0,25,3,0,1,65536
68321,2722,0,3,0,3,7,90112
68321,2723,0,3,1,3,6,90112
68321,2724,0,3,2,3,7,81920
68321,2725,0,3,3,3,6,81920
68352,2726,0,14,0,3,6,90112
68352,2727,0,14,1,3,7,90112
68352,2728,0,14,2,3,6,81920
68352,2729,0,14,3,3,7,81920
68353,2730,0,8,0,0,1,24576
68353,2731,0,8,1,0,0,24576
68353,2732,0,8,2,0,1,24576
68353,2733,0,8,3,0,0,16384
68384,2734,0,30,0,3,7,90112
68384,2735,0,30,1,3,6,90112
68384,2736,0,30,2,3,7,81920
68384,2737,0,30,3,3,6,81920
68384,2738,0,8,0,3,6,24576
68384,2739,0,8,1,3,7,24576
68384,2740,0,8,2,3,6,24576
68384,2741,0,8,3,3,7,16384
68384,2742,0,11,0,0,0,114688
68384,2743,0,11,1,0,1,106496
68384,2744,0,11,2,0,0,106496
68384,2745,0,11,3,0,1,106496
68385,2746,0,2,0,0,1,24576
68385,2747,0,2,1,0,0,24576
68385,2748,0,2,2,0,1,24576
68385,2749,0,2,3,0,0,16384
68385,2750,0,18,0,0,1,49152
68385,2751,0,18,1,0,0,40960
68385,2752,0,18,2,0,1,40960
68385,2753,0,18,3,0,0,40960
68416,2754,0,2,0,3,6,65536
68416,2755,0,2,1,3,7,65536
68416,2756,0,2,2,3,6,65536
68416,2757,0,2,3,3,7,65536
68416,2758,0,4,0,3,6,65536
68416,2759,0,4,1,3,7,65536
68416,2760,0,4,2,3,6,65536
68416,2761,0,4,3,3,7,65536
68416,2762,0,21,0,3,6,65536
68416,2763,0,21,1,3,7,65536
68416,2764,0,21,2,3,6,65536
68416,2765,0,21,3,3,7,65536
68416,2766,0,27,0,0,0,90112
68416,2767,0,27,1,0,1,90112
68416,2768,0,27,2,0,0,81920
68416,2769,0,27,3,0,1,81920
68417,2770,0,18,0,0,1,24576
68417,2771,0,18,1,0,0,24576
68417,2772,0,18,2,0,1,24576
68417,2773,0,18,3,0,0,16384
68448,2774,0,5,0,3,7,65536
68448,2775,0,5,1,3,6,65536
68448,2776,0,5,2,3,7,65536
68448,2777,0,5,3,3,6,65536
68448,2778,0,24,0,3,7,90112
68448,2779,0,24,1,3,6,90112
68448,2780,0,24,2,3,7,81920
68448,2781,0,24,3,3,6,81920
68448,2782,0,7,0,0,1,24576
68448,2783,0,7,1,0,0,24576
68448,2784,0,7,2,0,1,24576
68448,2785,0,7,3,0,0,16384
68448,2786,0,7,0,0,0,65536
68448,2787,0,7,1,0,1,65536
68448,2788,0,7,2,0,0,65536
68448,2789,0,7,3,0,1,65536
68448,2790,0,16,0,3,6,65536
68448,2791,0,16,1,3,7,65536
68448,2792,0,16,2,3,6,65536
68448,2793,0,16,3,3,7,65536
68449,2794,0,16,0,0,1,90112
68449,2795,0,16,1,0,0,90112
68449,2796,0,16,2,0,1,81920
68449,2797,0,16,3,0,0,81920
68449,2798,0,28,0,0,1,24576
68449,2799,0,28,1,0,0,24576
68449,2800,0,28,2,0,1,24576
68449,2801,0,28,3,0,0,16384
68449,2802,0,31,0,3,6,65536
68449,2803,0,31,1,3,7,65536
68449,2804,0,31,2,3,6,65536
68449,2805,0,31,3,3,7,65536
68480,2806,0,3,0,3,7,90112
68480,2807,0,3,1,3,6,90112
68480,2808,0,3,2,3,7,81920
68480,2809,0,3,3,3,6,81920
68480,2810,0,8,0,0,1,49152
68480,2811,0,8,1,0,0,40960
68480,2812,0,8,2,0,1,40960
68480,2813,0,8,3,0,0,40960
68480,2814,0,3,0,3,7,90112
68480,2815,0,3,1,3,6,90112
68480,2816,0,3,2,3,7,81920
68480,2817,0,3,3,3,6,81920
68481,2818,0,31,0,3,7,65536
68481,2819,0,31,1,3,6,65536
68481,2820,0,31,2,3,7,65536
68481,2821,0,31,3,3,6,65536
68512,2822,0,15,0,0,0,65536
68512,2823,0,15,1,0,1,65536
68512,2824,0,15,2,0,0,65536
68512,2825,0,15,3,0,1,65536
68512,2826,0,6,0,0,0,24576
68512,2827,0,6,1,0,1,24576
68512,2828,0,6,2,0,0,24576
68512,2829,0,6,3,0,1,16384
68512,2830,0,15,0,0,1,49152
68512,2831,0,15,1,0,0,40960
68512,2832,0,15,2,0,1,40960
68512,2833,0,15,3,0,0,40960
68512,2834,0,17,0,3,7,90112
68512,2835,0,17,1,3,6,90112
68512,2836,0,17,2,3,7,90112
68512,2837,0,17,3,3,6,81920
68512,2838,0,17,0,0,1,65536
68512,2839,0,17,1,0,0,65536
68512,2840,0,17,2,0,1,65536
68512,2841,0,17,3,0,0,65536
68512,2842,0,5,0,3,7,65536
68512,2843,0,5,1,3,6,65536
68512,2844,0,5,2,3,7,65536
68512,2845,0,5,3,3,6,65536
68512,2846,0,17,0,0,1,49152
68512,2847,0,17,1,0,0,40960
68512,2848,0,17,2,0,1,40960
68512,2849,0,17,3,0,0,40960
68512,2850,0,17,0,0,0,24576
68512,2851,0,17,1,0,1,24576
68512,2852,0,17,2,0,0,24576
68512,2853,0,17,3,0,1,16384
68513,2854,0,30,0,3,6,90112
68513,2855,0,30,1,3,7,90112
68513,2856,0,30,2,3,6,81920
68513,2857,0,30,3,3,7,81920
68513,2858,0,15,0,3,6,65536
68513,2859,0,15,1,3,7,65536
68513,2860,0,15,2,3,6,65536
68513,2861,0,15,3,3,7,65536
68544,2862,0,23,0,3,7,65536
68544,2863,0,23,1,3,6,65536
68544,2864,0,23,2,3,7,65536
68544,2865,0,23,3,3,6,65536
68544,2866,0,29,0,3,7,65536
68544,2867,0,29,1,3,6,65536
68544,2868,0,29,2,3,7,65536
68544,2869,0,29,3,3,6,65536
68544,2870,0,21,0,1,2,65536
68544,2871,0,21,1,1,3,65536
68544,2872,0,21,2,1,2,65536
68544,2873,0,21,3,1,3,65536
68544,2874,0,9,0,3,6,65536
68544,2875,0,9,1,3,7,65536
68544,2876,0,9,2,3,6,65536
68544,2877,0,9,3,3,7,65536
68544,2878,0,8,0,0,1,106496
68544,2879,0,8,1,0,0,106496
68544,2880,0,8,2,0,1,98304
68544,2881,0,8,3,0,0,98304
68545,2882,0,31,0,0,0,90112
68545,2883,0,31,1,0,1,90112
68545,2884,0,31,2,0,0,81920
68545,2885,0,31,3,0,1,81920
68545,2886,0,19,0,0,0,90112
68545,2887,0,19,1,0,1,90112
68545,2888,0,19,2,0,0,81920
68545,2889,0,19,3,0,1,81920
68545,2890,0,0,0,3,7,65536
68545,2891,0,0,1,3,6,65536
68545,2892,0,0,2,3,7,65536
68545,2893,0,0,3,3,6,65536
68576,2894,0,5,0,3,6,90112
68576,2895,0,5,1,3,7,90112
68576,2896,0,5,2,3,6,81920
68576,2897,0,5,3,3,7,81920
68576,2898,0,10,0,3,7,90112
68576,2899,0,10,1,3,6,90112
68576,2900,0,10,2,3,7,90112
68576,2901,0,10,3,3,6,81920
68576,2902,0,25,0,0,1,49152
68576,2903,0,25,1,0,0,40960
68576,2904,0,25,2,0,1,40960
68576,2905,0,25,3,0,0,40960
68608,2906,0,14,0,3,7,90112
68608,2907,0,14,1,3,6,90112
68608,2908,0,14,2,3,7,90112
68608,2909,0,14,3,3,6,81920
68608,2910,0,24,0,3,7,65536
68608,2911,0,24,1,3,6,65536
68608,2912,0,24,2,3,7,65536
68608,2913,0,24,3,3,6,65536
68608,2914,0,30,0,3,7,90112
68608,2915,0,30,1,3,6,90112
68608,2916,0,30,2,3,7,81920
68608,2917,0,30,3,3,6,81920
68608,2918,0,27,0,3,6,114688
68608,2919,0,27,1,3,7,106496
68608,2920,0,27,2,3,6,106496
68608,2921,0,27,3,3,7,106496
68608,2922,0,7,0,0,1,65536
68608,2923,0,7,1,0,0,65536
68608,2924,0,7,2,0,1,65536
68608,2925,0,7,3,0,0,65536
68609,2926,0,1,0,0,0,24576
68609,2927,0,1,1,0,1,24576
68609,2928,0,1,2,0,0,24576
68609,2929,0,1,3,0,1,16384
68609,2930,0,29,0,3,6,65536
68609,2931,0,29,1,3,7,65536
68609,2932,0,29,2,3,6,65536
68609,2933,0,29,3,3,7,65536
68640,2934,0,1,0,3,7,65536
68640,2935,0,1,1,3,6,65536
68640,2936,0,1,2,3,7,65536
68640,2937,0,1,3,3,6,65536
68640,2938,0,11,0,0,0,24576
68640,2939,0,11,1,0,1,24576
68640,2940,0,11,2,0,0,24576
68640,2941,0,11,3,0,1,16384
68640,2942,0,6,0,3,7,65536
68640,2943,0,6,1,3,6,65536
68640,2944,0,6,2,3,7,65536
68640,2945,0,6,3,3,6,65536
68640,2946,0,18,0,3,7,65536
68640,2947,0,18,1,3,6,65536
68640,2948,0,18,2,3,7,65536
68640,2949,0,18,3,3,6,65536
68640,2950,0,31,0,0,1,24576
68640,2951,0,31,1,0,0,24576
68640,2952,0,31,2,0,1,24576
68640,2953,0,31,3,0,0,16384
68640,2954,0,8,0,0,1,65536
68640,2955,0,8,1,0,0,57344
68640,2956,0,8,2,0,1,57344
68640,2957,0,8,3,0,0,57344
68672,2958,0,19,0,3,6,65536
68672,2959,0,19,1,3,7,65536
68672,2960,0,19,2,3,6,65536
68672,2961,0,19,3,3,7,65536
68672,2962,0,26,0,0,0,49152
68672,2963,0,26,1,0,1,40960
68672,2964,0,26,2,0,0,40960
68672,2965,0,26,3,0,1,40960
68672,2966,0,6,0,0,1,49152
68672,2967,0,6,1,0,0,40960
68672,2968,0,6,2,0,1,40960
68672,2969,0,6,3,0,0,40960
68672,2970,0,23,0,3,7,65536
68672,2971,0,23,1,3,6,65536
68672,2972,0,23,2,3,7,65536
68672,2973,0,23,3,3,6,65536
68672,2974,0,12,0,3,6,90112
68672,2975,0,12,1,3,7,90112
68672,2976,0,12,2,3,6,90112
68672,2977,0,12,3,3,7,81920
68672,2978,0,15,0,3,7,40960
68672,2979,0,15,1,3,6,40960
68672,2980,0,15,2,3,7,40960
68672,2981,0,15,3,3,6,32768
68672,2982,0,17,0,3,6,90112
68672,2983,0,17,1,3,7,90112
68672,2984,0,17,2,3,6,81920
68672,2985,0,17,3,3,7,81920
68672,2986,0,9,0,0,0,24576
68672,2987,0,9,1,0,1,24576
68672,2988,0,9,2,0,0,24576
68672,2989,0,9,3,0,1,16384
68673,2990,0,9,0,0,0,65536
68673,2991,0,9,1,0,1,65536
68673,2992,0,9,2,0,0,65536
68673,2993,0,9,3,0,1,65536
68673,2994,0,31,0,0,0,24576
68673,2995,0,31,1,0,1,24576
68673,2996,0,31,2,0,0,24576
68673,2997,0,31,3,0,1,16384
68704,2998,0,18,0,3,6,65536
68704,2999,0,18,1,3,7,65536
68704,3000,0,18,2,3,6,65536
68704,3001,0,18,3,3,7,65536
68704,3002,0,26,0,3,7,172032
68704,3003,0,26,1,3,6,172032
68704,3004,0,26,2,3,7,172032
68704,3005,0,26,3,3,6,172032
68704,3006,0,4,0,3,7,65536
68704,3007,0,4,1,3,6,65536
68704,3008,0,4,2,3,7,65536
68704,3009,0,4,3,3,6,65536
68705,3010,0,9,0,0,0,24576
68705,3011,0,9,1,0,1,24576
68705,3012,0,9,2,0,0,24576
68705,3013,0,9,3,0,1,16384
68736,3014,0,8,0,3,7,90112
68736,3015,0,8,1,3,6,90112
68736,3016,0,8,2,3,7,90112
68736,3017,0,8,3,3,6,81920
68736,3018,0,18,0,3,6,65536
68736,3019,0,18,1,3,7,65536
68736,3020,0,18,2,3,6,65536
68736,3021,0,18,3,3,7,65536
68736,3022,0,21,0,3,7,65536
68736,3023,0,21,1,3,6,65536
68736,3024,0,21,2,3,7,65536
68736,3025,0,21,3,3,6,65536
68736,3026,0,8,0,3,7,90112
68736,3027,0,8,1,3,6,90112
68736,3028,0,8,2,3,7,81920
68736,3029,0,8,3,3,6,81920
68736,3030,0,10,0,3,7,90112
68736,3031,0,10,1,3,6,90112
68736,3032,0,10,2,3,7,81920
68736,3033,0,10,3,3,6,81920
68736,3034,0,24,0,0,1,24576
68736,3035,0,24,1,0,0,24576
68736,3036,0,24,2,0,1,24576
68736,3037,0,24,3,0,0,16384
68737,3038,0,15,0,3,6,65536
68737,3039,0,15,1,3,7,65536
68737,3040,0,15,2,3,6,65536
68737,3041,0,15,3,3,7,65536
68768,3042,0,22,0,0,1,65536
68768,3043,0,22,1,0,0,65536
68768,3044,0,22,2,0,1,65536
68768,3045,0,22,3,0,0,65536
68768,3046,0,22,0,3,7,65536
68768,3047,0,22,1,3,6,65536
68768,3048,0,22,2,3,7,65536
68768,3049,0,22,3,3,6,65536
68768,3050,0,30,0,3,6,65536
68768,3051,0,30,1,3,7,65536
68768,3052,0,30,2,3,6,57344
68768,3053,0,30,3,3,7,57344
68768,3054,0,6,0,2,5,8192
68769,3055,0,3,0,0,1,49152
68769,3056,0,3,1,0,0,40960
68769,3057,0,3,2,0,1,40960
68769,3058,0,3,3,0,0,40960
68800,3059,0,27,0,3,7,65536
68800,3060,0,27,1,3,6,65536
68800,3061,0,27,2,3,7,65536
68800,3062,0,27,3,3,6,65536
68800,3063,0,5,0,0,0,90112
68800,3064,0,5,1,0,1,90112
68800,3065,0,5,2,0,0,81920
68800,3066,0,5,3,0,1,81920
68800,3067,0,10,0,3,6,90112
68800,3068,0,10,1,3,7,90112
68800,3069,0,10,2,3,6,81920
68800,3070,0,10,3,3,7,81920
68832,3071,0,7,0,3,6,65536
68832,3072,0,7,1,3,7,65536
68832,3073,0,7,2,3,6,65536
68832,3074,0,7,3,3,7,65536
68832,3075,0,1,0,3,6,65536
68832,3076,0,1,1,3,7,65536
68832,3077,0,1,2,3,6,65536
68832,3078,0,1,3,3,7,65536
68832,3079,0,13,0,0,0,24576
68832,3080,0,13,1,0,1,24576
68832,3081,0,13,2,0,0,24576
68832,3082,0,13,3,0,1,16384
68832,3083,0,2,0,0,0,49152
68832,3084,0,2,1,0,1,40960
68832,3085,0,2,2,0,0,40960
68832,3086,0,2,3,0,1,40960
68833,3087,0,15,0,0,0,24576
68833,3088,0,15,1,0,1,24576
68833,3089,0,15,2,0,0,24576
68833,3090,0,15,3,0,1,16384
68833,3091,0,13,0,0,0,65536
68833,3092,0,13,1,0,1,65536
68833,3093,0,13,2,0,0,65536
68833,3094,0,13,3,0,1,65536
68864,3095,0,17,0,0,0,49152
68864,3096,0,17,1,0,1,40960
68864,3097,0,17,2,0,0,40960
68864,3098,0,17,3,0,1,40960
68864,3099,0,20,0,2,4,65536
68864,3100,0,20,1,2,5,65536
68864,3101,0,20,2,2,4,65536
68864,3102,0,20,3,2,5,65536
68864,3103,0,30,0,3,7,65536
68864,3104,0,30,1,3,6,65536
68864,3105,0,30,2,3,7,65536
68864,3106,0,30,3,3,6,65536
68896,3107,0,23,0,0,0,49152
68896,3108,0,23,1,0,1,40960
68896,3109,0,23,2,0,0,40960
68896,3110,0,23,3,0,1,40960
68896,3111,0,4,0,2,5,8192
68896,3112,0,4,1,2,4,8192
68896,3113,0,19,0,3,7,49152
68896,3114,0,19,1,3,6,40960
68896,3115,0,19,2,3,7,40960
68896,3116,0,19,3,3,6,40960
68928,3117,0,17,0,3,6,90112
68928,3118,0,17,1,3,7,90112
68928,3119,0,17,2,3,6,81920
68928,3120,0,17,3,3,7,81920
68928,3121,0,2,0,0,1,65536
68928,3122,0,2,1,0,0,65536
68928,3123,0,2,2,0,1,65536
68928,3124,0,2,3,0,0,65536
68928,3125,0,22,0,3,6,65536
68928,3126,0,22,1,3,7,65536
68928,3127,0,22,2,3,6,65536
68928,3128,0,22,3,3,7,65536
68928,3129,0,9,0,3,7,40960
68928,3130,0,9,1,3,6,40960
68928,3131,0,9,2,3,7,40960
68928,3132,0,9,3,3,6,32768
68928,3133,0,19,0,3,7,65536
68928,3134,0,19,1,3,6,65536
68928,3135,0,19,2,3,7,65536
68928,3136,0,19,3,3,6,65536
68960,3137,0,16,0,3,7,65536
68960,3138,0,16,1,3,6,65536
68960,3139,0,16,2,3,7,65536
68960,3140,0,16,3,3,6,65536
68960,3141,0,23,0,3,7,65536
68960,3142,0,23,1,3,6,65536
68960,3143,0,23,2,3,7,65536
68960,3144,0,23,3,3,6,65536
68960,3145,0,20,0,0,1,49152
68960,3146,0,20,1,0,0,40960
68960,3147,0,20,2,0,1,40960
68960,3148,0,20,3,0,0,40960
68960,3149,0,0,0,3,7,65536
68960,3150,0,0,1,3,6,65536
68960,3151,0,0,2,3,7,65536
68960,3152,0,0,3,3,6,65536
68961,3153,0,17,0,3,6,90112
68961,3154,0,17,1,3,7,90112
68961,3155,0,17,2,3,6,90112
68961,3156,0,17,3,3,7,81920
68961,3157,0,24,0,3,6,90112
68961,3158,0,24,1,3,7,90112
68961,3159,0,24,2,3,6,81920
68961,3160,0,24,3,3,7,81920
68992,3161,0,30,0,3,6,65536
68992,3162,0,30,1,3,7,65536
68992,3163,0,30,2,3,6,65536
68992,3164,0,30,3,3,7,65536
68992,3165,0,11,0,3,6,65536
68992,3166,0,11,1,3,7,65536
68992,3167,0,11,2,3,6,65536
68992,3168,0,11,3,3,7,65536
68992,3169,0,22,0,3,7,65536
68992,3170,0,22,1,3,6,65536
68992,3171,0,22,2,3,7,65536
68992,3172,0,22,3,3,6,65536
68992,3173,0,21,0,0,1,49152
68992,3174,0,21,1,0,0,40960
68992,3175,0,21,2,0,1,40960
68992,3176,0,21,3,0,0,40960
68992,3177,0,2,0,1,2,49152
68992,3178,0,2,1,1,3,40960
68992,3179,0,2,2,1,2,40960
68992,3180,0,2,3,1,3,40960
68992,3181,0,2,0,3,7,65536
68992,3182,0,2,1,3,6,65536
68992,3183,0,2,2,3,7,65536
68992,3184,0,2,3,3,6,65536
68992,3185,0,21,0,3,7,65536
68992,3186,0,21,1,3,6,65536
68992,3187,0,21,2,3,7,65536
68992,3188,0,21,3,3,6,65536
68993,3189,0,15,0,0,0,24576
68993,3190,0,15,1,0,1,24576
68993,3191,0,15,2,0,0,24576
68993,3192,0,15,3,0,1,16384
68993,3193,0,5,0,0,0,131072
68993,3194,0,5,1,0,1,131072
68993,3195,0,5,2,0,0,131072
68993,3196,0,5,3,0,1,122880
69024,3197,0,21,0,3,7,90112
69024,3198,0,21,1,3,6,90112
69024,3199,0,21,2,3,7,81920
69024,3200,0,21,3,3,6,81920
69024,3201,0,1,0,0,0,65536
69024,3202,0,1,1,0,1,65536
69024,3203,0,1,2,0,0,65536
69024,3204,0,1,3,0,1,65536
69025,3205,0,25,0,3,7,65536
69025,3206,0,25,1,3,6,65536
69025,3207,0,25,2,3,7,65536
69025,3208,0,25,3,3,6,65536
69025,3209,0,20,0,1,3,65536
69025,3210,0,20,1,1,2,65536
69025,3211,0,20,2,1,3,65536
69025,3212,0,20,3,1,2,65536
69056,3213,0,28,0,3,6,65536
69056,3214,0,28,1,3,7,65536
69056,3215,0,28,2,3,6,65536
69056,3216,0,28,3,3,7,65536
69056,3217,0,9,0,3,7,65536
69056,3218,0,9,1,3,6,65536
69056,3219,0,9,2,3,7,65536
69056,3220,0,9,3,3,6,65536
69056,3221,0,4,0,3,7,65536
69056,3222,0,4,1,3,6,65536
69056,3223,0,4,2,3,7,65536
69056,3224,0,4,3,3,6,65536
69057,3225,0,23,0,3,7,65536
69057,3226,0,23,1,3,6,65536
69057,3227,0,23,2,3,7,65536
69057,3228,0,23,3,3,6,65536
69057,3229,0,10,0,0,1,24576
69057,3230,0,10,1,0,0,24576
69057,3231,0,10,2,0,1,24576
69057,3232,0,10,3,0,0,16384
69088,3233,0,7,0,3,7,65536
69088,3234,0,7,1,3,6,65536
69088,3235,0,7,2,3,7,65536
69088,3236,0,7,3,3,6,65536
69088,3237,0,28,0,3,6,65536
69088,3238,0,28,1,3,7,65536
69088,3239,0,28,2,3,6,65536
69088,3240,0,28,3,3,7,65536
69088,3241,0,10,0,0,1,24576
69088,3242,0,10,1,0,0,24576
69088,3243,0,10,2,0,1,24576
69088,3244,0,10,3,0,0,16384
69089,3245,0,6,0,3,6,65536
69089,3246,0,6,1,3,7,65536
69089,3247,0,6,2,3,6,65536
69089,3248,0,6,3,3,7,65536
69089,3249,0,13,0,3,7,65536
69089,3250,0,13,1,3,6,65536
69089,3251,0,13,2,3,7,65536
69089,3252,0,13,3,3,6,65536
69120,3253,0,4,0,0,0,49152
69120,3254,0,4,1,0,1,49152
69120,3255,0,4,2,0,0,49152
69120,3256,0,4,3,0,1,49152
69120,3257,0,7,0,3,7,65536
69120,3258,0,7,1,3,6,65536
69120,3259,0,7,2,3,7,65536
69120,3260,0,7,3,3,6,65536
69120,3261,0,26,0,3,7,65536
69120,3262,0,26,1,3,6,65536
69120,3263,0,26,2,3,7,65536
69120,3264,0,26,3,3,6,65536
69152,3265,0,31,0,3,6,65536
69152,3266,0,31,1,3,7,65536
69152,3267,0,31,2,3,6,65536
69152,3268,0,31,3,3,7,65536
69153,3269,0,14,0,3,7,90112
69153,3270,0,14,1,3,6,90112
69153,3271,0,14,2,3,7,81920
69153,3272,0,14,3,3,6,81920
69184,3273,0,14,0,3,6,90112
69184,3274,0,14,1,3,7,90112
69184,3275,0,14,2,3,6,81920
69184,3276,0,14,3,3,7,81920
69184,3277,0,17,0,0,0,49152
69184,3278,0,17,1,0,1,40960
69184,3279,0,17,2,0,0,40960
69184,3280,0,17,3,0,1,40960
69184,3281,0,1,0,0,1,49152
69184,3282,0,1,1,0,0,40960
69184,3283,0,1,2,0,1,40960
69184,3284,0,1,3,0,0,40960
69184,3285,0,17,0,0,1,16384
69184,3286,0,17,1,0,0,16384
69184,3287,0,17,2,0,1,16384
69184,3288,0,17,3,0,0,16384
69185,3289,0,14,0,0,1,40960
69185,3290,0,14,1,0,0,40960
69185,3291,0,14,2,0,1,40960
69185,3292,0,14,3,0,0,32768
69216,3293,0,12,0,0,1,65536
69216,3294,0,12,1,0,0,65536
69216,3295,0,12,2,0,1,65536
69216,3296,0,12,3,0,0,65536
69216,3297,0,26,0,1,3,8192
69217,3298,0,3,0,0,0,65536
69217,3299,0,3,1,0,1,65536
69217,3300,0,3,2,0,0,65536
69217,3301,0,3,3,0,1,65536
69217,3302,0,2,0,3,6,65536
69217,3303,0,2,1,3,7,65536
69217,3304,0,2,2,3,6,65536
69217,3305,0,2,3,3,7,65536
69217,3306,0,3,0,0,0,24576
69217,3307,0,3,1,0,1,24576
69217,3308,0,3,2,0,0,24576
69217,3309,0,3,3,0,1,16384
69248,3310,0,8,0,3,7,90112
69248,3311,0,8,1,3,6,90112
69248,3312,0,8,2,3,7,81920
69248,3313,0,8,3,3,6,81920
69248,3314,0,25,0,3,6,65536
69248,3315,0,25,1,3,7,65536
69248,3316,0,25,2,3,6,65536
69248,3317,0,25,3,3,7,65536
69248,3318,0,6,0,3,6,65536
69248,3319,0,6,1,3,7,65536
69248,3320,0,6,2,3,6,65536
69248,3321,0,6,3,3,7,65536
69248,3322,0,1,0,3,6,65536
69248,3323,0,1,1,3,7,65536
69248,3324,0,1,2,3,6,65536
69248,3325,0,1,3,3,7,65536
69249,3326,0,26,0,0,1,49152
69249,3327,0,26,1,0,0,49152
69249,3328,0,26,2,0,1,40960
69249,3329,0,26,3,0,0,40960
69249,3330,0,19,0,2,5,90112
69249,3331,0,19,1,2,4,90112
69249,3332,0,19,2,2,5,90112
69249,3333,0,19,3,2,4,90112
69280,3334,0,25,0,3,7,65536
69280,3335,0,25,1,3,6,65536
69280,3336,0,25,2,3,7,65536
69280,3337,0,25,3,3,6,65536
69312,3338,0,12,0,0,1,49152
69312,3339,0,12,1,0,0,40960
69312,3340,0,12,2,0,1,40960
69312,3341,0,12,3,0,0,40960
69312,3342,0,10,0,0,0,49152
69312,3343,0,10,1,0,1,40960
69312,3344,0,10,2,0,0,40960
69312,3345,0,10,3,0,1,40960
69313,3346,0,8,0,3,6,90112
69313,3347,0,8,1,3,7,90112
69313,3348,0,8,2,3,6,81920
69313,3349,0,8,3,3,7,81920
69344,3350,0,26,0,3,7,65536
69344,3351,0,26,1,3,6,65536
69344,3352,0,26,2,3,7,65536
69344,3353,0,26,3,3,6,65536
69344,3354,0,26,0,3,6,65536
69344,3355,0,26,1,3,7,65536
69344,3356,0,26,2,3,6,65536
69344,3357,0,26,3,3,7,65536
69344,3358,0,11,0,0,1,24576
69344,3359,0,11,1,0,0,24576
69344,3360,0,11,2,0,1,24576
69344,3361,0,11,3,0,0,16384
69408,3362,0,17,0,3,7,90112
69408,3363,0,17,1,3,6,90112
69408,3364,0,17,2,3,7,81920
69408,3365,0,17,3,3,6,81920
69409,3366,0,1,0,1,3,49152
69409,3367,0,1,1,1,2,40960
69409,3368,0,1,2,1,3,40960
69409,3369,0,1,3,1,2,40960
69440,3370,0,27,0,0,0,65536
69440,3371,0,27,1,0,1,65536
69440,3372,0,27,2,0,0,65536
69440,3373,0,27,3,0,1,65536
69441,3374,0,5,0,0,0,24576
69441,3375,0,5,1,0,1,24576
69441,3376,0,5,2,0,0,24576
69441,3377,0,5,3,0,1,16384
69472,3378,0,1,0,0,1,24576
69472,3379,0,1,1,0,0,24576
69472,3380,0,1,2,0,1,24576
69472,3381,0,1,3,0,0,16384
69472,3382,0,24,0,3,6,90112
69472,3383,0,24,1,3,7,90112
69472,3384,0,24,2,3,6,90112
69472,3385,0,24,3,3,7,81920
69472,3386,0,1,0,3,6,65536
69472,3387,0,1,1,3,7,65536
69472,3388,0,1,2,3,6,65536
69472,3389,0,1,3,3,7,65536
69473,3390,0,28,0,0,1,65536
69473,3391,0,28,1,0,0,65536
69473,3392,0,28,2,0,1,65536
69473,3393,0,28,3,0,0,65536
69473,3394,0,1,0,0,1,65536
69473,3395,0,1,1,0,0,65536
69473,3396,0,1,2,0,1,65536
69473,3397,0,1,3,0,0,65536
69504,3398,0,9,0,3,6,65536
69504,3399,0,9,1,3,7,65536
69504,3400,0,9,2,3,6,65536
69504,3401,0,9,3,3,7,65536
69504,3402,0,3,0,0,0,24576
69504,3403,0,3,1,0,1,24576
69504,3404,0,3,2,0,0,24576
69504,3405,0,3,3,0,1,16384
69504,3406,0,4,0,0,1,114688
69504,3407,0,4,1,0,0,106496
69504,3408,0,4,2,0,1,106496
69504,3409,0,4,3,0,0,106496
69536,3410,0,21,0,3,7,90112
69536,3411,0,21,1,3,6,90112
69536,3412,0,21,2,3,7,90112
69536,3413,0,21,3,3,6,81920
69536,3414,0,17,0,3,6,90112
69536,3415,0,17,1,3,7,90112
69536,3416,0,17,2,3,6,81920
69536,3417,0,17,3,3,7,81920
69536,3418,0,5,0,3,6,65536
69536,3419,0,5,1,3,7,65536
69536,3420,0,5,2,3,6,65536
69536,3421,0,5,3,3,7,65536
69537,3422,0,11,0,0,0,49152
69537,3423,0,11,1,0,1,40960
69537,3424,0,11,2,0,0,40960
69537,3425,0,11,3,0,1,40960
69537,3426,0,12,0,0,1,24576
69537,3427,0,12,1,0,0,24576
69537,3428,0,12,2,0,1,24576
69537,3429,0,12,3,0,0,16384
69568,3430,0,15,0,3,7,65536
69568,3431,0,15,1,3,6,65536
69568,3432,0,15,2,3,7,65536
69568,3433,0,15,3,3,6,65536
69568,3434,0,10,0,0,0,49152
69568,3435,0,10,1,0,1,40960
69568,3436,0,10,2,0,0,40960
69568,3437,0,10,3,0,1,40960
69600,3438,0,18,0,3,7,65536
69600,3439,0,18,1,3,6,65536
69600,3440,0,18,2,3,7,65536
69600,3441,0,18,3,3,6,65536
69601,3442,0,15,0,0,1,24576
69601,3443,0,15,1,0,0,24576
69601,3444,0,15,2,0,1,24576
69601,3445,0,15,3,0,0,16384
69601,3446,0,15,0,3,7,65536
69601,3447,0,15,1,3,6,65536
69601,3448,0,15,2,3,7,65536
69601,3449,0,15,3,3,6,65536
69632,3450,0,26,0,0,1,24576
69632,3451,0,26,1,0,0,24576
69632,3452,0,26,2,0,1,24576
69632,3453,0,26,3,0,0,16384
69632,3454,0,28,0,3,7,65536
69632,3455,0,28,1,3,6,65536
69632,3456,0,28,2,3,7,65536
69632,3457,0,28,3,3,6,65536
69632,3458,0,28,0,3,6,65536
69632,3459,0,28,1,3,7,65536
69632,3460,0,28,2,3,6,65536
69632,3461,0,28,3,3,7,65536
69664,3462,0,18,0,3,6,65536
69664,3463,0,18,1,3,7,65536
69664,3464,0,18,2,3,6,65536
69664,3465,0,18,3,3,7,65536
69664,3466,0,29,0,3,7,65536
69664,3467,0,29,1,3,6,65536
69664,3468,0,29,2,3,7,65536
69664,3469,0,29,3,3,6,65536
69664,3470,0,12,0,3,7,90112
69664,3471,0,12,1,3,6,90112
69664,3472,0,12,2,3,7,81920
69664,3473,0,12,3,3,6,81920
69664,3474,0,20,0,3,7,65536
69664,3475,0,20,1,3,6,65536
69664,3476,0,20,2,3,7,65536
69664,3477,0,20,3,3,6,65536
69665,3478,0,21,0,0,0,65536
69665,3479,0,21,1,0,1,65536
69665,3480,0,21,2,0,0,65536
69665,3481,0,21,3,0,1,65536
69665,3482,0,26,0,3,7,65536
69665,3483,0,26,1,3,6,65536
69665,3484,0,26,2,3,7,65536
69665,3485,0,26,3,3,6,65536
69696,3486,0,20,0,3,6,65536
69696,3487,0,20,1,3,7,65536
69696,3488,0,20,2,3,6,65536
69696,3489,0,20,3,3,7,65536
69696,3490,0,3,0,0,0,90112
69696,3491,0,3,1,0,1,90112
69696,3492,0,3,2,0,0,81920
69696,3493,0,3,3,0,1,81920
69696,3494,0,5,0,3,7,65536
69696,3495,0,5,1,3,6,65536
69696,3496,0,5,2,3,7,65536
69696,3497,0,5,3,3,6,65536
69696,3498,0,17,0,0,0,24576
69696,3499,0,17,1,0,1,24576
69696,3500,0,17,2,0,0,24576
69696,3501,0,17,3,0,1,16384
69728,3502,0,16,0,0,1,49152
69728,3503,0,16,1,0,0,40960
69728,3504,0,16,2,0,1,40960
69728,3505,0,16,3,0,0,40960
69728,3506,0,10,0,3,6,90112
69728,3507,0,10,1,3,7,90112
69728,3508,0,10,2,3,6,81920
69728,3509,0,10,3,3,7,81920
69728,3510,0,31,0,3,6,65536
69728,3511,0,31,1,3,7,65536
69728,3512,0,31,2,3,6,65536
69728,3513,0,31,3,3,7,65536
69729,3514,0,11,0,0,1,49152
69729,3515,0,11,1,0,0,40960
69729,3516,0,11,2,0,1,40960
69729,3517,0,11,3,0,0,40960
69760,3518,0,25,0,3,6,65536
69760,3519,0,25,1,3,7,65536
69760,3520,0,25,2,3,6,65536
69760,3521,0,25,3,3,7,65536
69792,3522,0,13,0,3,6,65536
69792,3523,0,13,1,3,7,65536
69792,3524,0,13,2,3,6,65536
69792,3525,0,13,3,3,7,65536
69793,3526,0,31,0,0,1,65536
69793,3527,0,31,1,0,0,65536
69793,3528,0,31,2,0,1,65536
69793,3529,0,31,3,0,0,65536
69824,3530,0,15,0,3,6,40960
69824,3531,0,15,1,3,7,40960
69824,3532,0,15,2,3,6,40960
69824,3533,0,15,3,3,7,32768
69824,3534,0,4,0,0,1,90112
69824,3535,0,4,1,0,0,90112
69824,3536,0,4,2,0,1,81920
69824,3537,0,4,3,0,0,81920
69824,3538,0,4,0,3,6,65536
69824,3539,0,4,1,3,7,65536
69824,3540,0,4,2,3,6,65536
69824,3541,0,4,3,3,7,65536
69825,3542,0,9,0,0,0,24576
69825,3543,0,9,1,0,1,24576
69825,3544,0,9,2,0,0,24576
69825,3545,0,9,3,0,1,16384
69825,3546,0,9,0,0,1,49152
69825,3547,0,9,1,0,0,40960
69825,3548,0,9,2,0,1,40960
69825,3549,0,9,3,0,0,40960
69825,3550,0,17,0,1,3,49152
69825,3551,0,17,1,1,2,40960
69825,3552,0,17,2,1,3,40960
69825,3553,0,17,3,1,2,40960
69825,3554,0,30,0,3,7,90112
69825,3555,0,30,1,3,6,90112
69825,3556,0,30,2,3,7,81920
69825,3557,0,30,3,3,6,81920
69856,3558,0,30,0,0,0,16384
69856,3559,0,30,1,0,1,16384
69856,3560,0,30,2,0,0,16384
69856,3561,0,30,3,0,1,16384
69856,3562,0,3,0,3,6,90112
69856,3563,0,3,1,3,7,90112
69856,3564,0,3,2,3,6,81920
69856,3565,0,3,3,3,7,81920
69856,3566,0,6,0,0,1,131072
69856,3567,0,6,1,0,0,131072
69856,3568,0,6,2,0,1,131072
69856,3569,0,6,3,0,0,122880
69856,3570,0,25,0,3,7,65536
69856,3571,0,25,1,3,6,65536
69856,3572,0,25,2,3,7,65536
69856,3573,0,25,3,3,6,65536
69856,3574,0,3,0,0,0,114688
69856,3575,0,3,1,0,1,106496
69856,3576,0,3,2,0,0,106496
69856,3577,0,3,3,0,1,106496
69857,3578,0,16,0,3,6,49152
69857,3579,0,16,1,3,7,40960
69857,3580,0,16,2,3,6,40960
69857,3581,0,16,3,3,7,40960
69857,3582,0,13,0,3,6,65536
69857,3583,0,13,1,3,7,65536
69857,3584,0,13,2,3,6,65536
69857,3585,0,13,3,3,7,65536
69857,3586,0,31,0,3,6,65536
69857,3587,0,31,1,3,7,65536
69857,3588,0,31,2,3,6,65536
69857,3589,0,31,3,3,7,65536
69889,3590,0,11,0,3,7,65536
69889,3591,0,11,1,3,6,65536
69889,3592,0,11,2,3,7,65536
69889,3593,0,11,3,3,6,65536
69920,3594,0,4,0,3,6,65536
69920,3595,0,4,1,3,7,65536
69920,3596,0,4,2,3,6,65536
69920,3597,0,4,3,3,7,65536
69952,3598,0,10,0,3,7,90112
69952,3599,0,10,1,3,6,90112
69952,3600,0,10,2,3,7,81920
69952,3601,0,10,3,3,6,81920
69952,3602,0,19,0,1,2,49152
69952,3603,0,19,1,1,3,40960
69952,3604,0,19,2,1,2,40960
69952,3605,0,19,3,1,3,40960
69953,3606,0,31,0,3,7,65536
69953,3607,0,31,1,3,6,65536
69953,3608,0,31,2,3,7,65536
69953,3609,0,31,3,3,6,65536
69984,3610,0,6,0,0,0,65536
69984,3611,0,6,1,0,1,65536
69984,3612,0,6,2,0,0,65536
69984,3613,0,6,3,0,1,65536
69984,3614,0,5,0,3,6,90112
69984,3615,0,5,1,3,7,90112
69984,3616,0,5,2,3,6,81920
69984,3617,0,5,3,3,7,81920
69984,3618,0,6,0,3,6,65536
69984,3619,0,6,1,3,7,65536
69984,3620,0,6,2,3,6,65536
69984,3621,0,6,3,3,7,65536
69984,3622,0,6,0,3,7,65536
69984,3623,0,6,1,3,6,65536
69984,3624,0,6,2,3,7,65536
69984,3625,0,6,3,3,6,65536
69984,3626,0,3,0,3,6,90112
69984,3627,0,3,1,3,7,90112
69984,3628,0,3,2,3,6,90112
69984,3629,0,3,3,3,7,81920
69985,3630,0,12,0,0,0,65536
69985,3631,0,12,1,0,1,65536
69985,3632,0,12,2,0,0,65536
69985,3633,0,12,3,0,1,65536
70016,3634,0,8,0,3,6,90112
70016,3635,0,8,1,3,7,90112
70016,3636,0,8,2,3,6,90112
70016,3637,0,8,3,3,7,81920
70016,3638,0,7,0,3,6,65536
70016,3639,0,7,1,3,7,65536
70016,3640,0,7,2,3,6,65536
70016,3641,0,7,3,3,7,65536
70048,3642,0,30,0,3,6,40960
70048,3643,0,30,1,3,7,40960
70048,3644,0,30,2,3,6,40960
70048,3645,0,30,3,3,7,32768
70080,3646,0,11,0,3,6,65536
70080,3647,0,11,1,3,7,65536
70080,3648,0,11,2,3,6,65536
70080,3649,0,11,3,3,7,65536
70080,3650,0,14,0,3,7,90112
70080,3651,0,14,1,3,6,90112
70080,3652,0,14,2,3,7,81920
70080,3653,0,14,3,3,6,81920
70080,3654,0,29,0,0,1,24576
70080,3655,0,29,1,0,0,24576
70080,3656,0,29,2,0,1,24576
70080,3657,0,29,3,0,0,16384
70112,3658,0,7,0,3,6,65536
70112,3659,0,7,1,3,7,65536
70112,3660,0,7,2,3,6,65536
70112,3661,0,7,3,3,7,65536
70112,3662,0,30,0,3,6,90112
70112,3663,0,30,1,3,7,90112
70112,3664,0,30,2,3,6,81920
70112,3665,0,30,3,3,7,81920
70144,3666,0,13,0,3,6,65536
70144,3667,0,13,1,3,7,65536
70144,3668,0,13,2,3,6,65536
70144,3669,0,13,3,3,7,65536
70144,3670,0,1,0,3,7,65536
70144,3671,0,1,1,3,6,65536
70144,3672,0,1,2,3,7,65536
70144,3673,0,1,3,3,6,65536
70144,3674,0,13,0,3,7,65536
70144,3675,0,13,1,3,6,65536
70144,3676,0,13,2,3,7,65536
70144,3677,0,13,3,3,6,65536
70144,3678,0,5,0,3,6,65536
70144,3679,0,5,1,3,7,65536
70144,3680,0,5,2,3,6,65536
70144,3681,0,5,3,3,7,65536
70144,3682,0,2,0,3,6,65536
70144,3683,0,2,1,3,7,65536
70144,3684,0,2,2,3,6,65536
70144,3685,0,2,3,3,7,65536
70144,3686,0,14,0,3,7,90112
70144,3687,0,14,1,3,6,90112
70144,3688,0,14,2,3,7,81920
70144,3689,0,14,3,3,6,81920
70145,3690,0,5,0,3,6,65536
70145,3691,0,5,1,3,7,65536
70145,3692,0,5,2,3,6,65536
70145,3693,0,5,3,3,7,65536
70176,3694,0,31,0,0,0,90112
70176,3695,0,31,1,0,1,90112
70176,3696,0,31,2,0,0,81920
70176,3697,0,31,3,0,1,81920
70176,3698,0,19,0,3,7,65536
70176,3699,0,19,1,3,6,65536
70176,3700,0,19,2,3,7,65536
70176,3701,0,19,3,3,6,65536
70176,3702,0,3,0,0,1,65536
70176,3703,0,3,1,0,0,65536
70176,3704,0,3,2,0,1,65536
70176,3705,0,3,3,0,0,65536
70176,3706,0,11,0,3,6,65536
70176,3707,0,11,1,3,7,65536
70176,3708,0,11,2,3,6,65536
70176,3709,0,11,3,3,7,65536
70176,3710,0,19,0,0,0,24576
70176,3711,0,19,1,0,1,24576
70176,3712,0,19,2,0,0,24576
70176,3713,0,19,3,0,1,16384
70208,3714,0,6,0,0,1,24576
70208,3715,0,6,1,0,0,24576
70208,3716,0,6,2,0,1,24576
70208,3717,0,6,3,0,0,16384
70240,3718,0,9,0,3,6,40960
70240,3719,0,9,1,3,7,40960
70240,3720,0,9,2,3,6,40960
70240,3721,0,9,3,3,7,32768
70240,3722,0,14,0,3,6,24576
70240,3723,0,14,1,3,7,24576
70240,3724,0,14,2,3,6,24576
70240,3725,0,14,3,3,7,16384
70240,3726,0,4,0,3,7,65536
70240,3727,0,4,1,3,6,65536
70240,3728,0,4,2,3,7,65536
70240,3729,0,4,3,3,6,65536
70241,3730,0,21,0,0,1,49152
70241,3731,0,21,1,0,0,40960
70241,3732,0,21,2,0,1,40960
70241,3733,0,21,3,0,0,40960
70272,3734,0,26,0,3,6,65536
70272,3735,0,26,1,3,7,65536
70272,3736,0,26,2,3,6,65536
70272,3737,0,26,3,3,7,65536
70272,3738,0,3,0,3,6,90112
70272,3739,0,3,1,3,7,90112
70272,3740,0,3,2,3,6,81920
70272,3741,0,3,3,3,7,81920
70273,3742,0,9,0,3,6,40960
70273,3743,0,9,1,3,7,40960
70273,3744,0,9,2,3,6,40960
70273,3745,0,9,3,3,7,32768
70304,3746,0,18,0,3,7,65536
70304,3747,0,18,1,3,6,65536
70304,3748,0,18,2,3,7,65536
70304,3749,0,18,3,3,6,65536
70304,3750,0,3,0,3,7,90112
70304,3751,0,3,1,3,6,90112
70304,3752,0,3,2,3,7,81920
70304,3753,0,3,3,3,6,81920
70305,3754,0,21,0,3,6,114688
70305,3755,0,21,1,3,7,106496
70305,3756,0,21,2,3,6,106496
70305,3757,0,21,3,3,7,106496
70336,3758,0,9,0,3,7,65536
70336,3759,0,9,1,3,6,65536
70336,3760,0,9,2,3,7,65536
70336,3761,0,9,3,3,6,65536
70368,3762,0,18,0,3,7,65536
70368,3763,0,18,1,3,6,65536
70368,3764,0,18,2,3,7,65536
70368,3765,0,18,3,3,6,65536
70369,3766,0,10,0,0,0,49152
70369,3767,0,10,1,0,1,40960
70369,3768,0,10,2,0,0,40960
70369,3769,0,10,3,0,1,40960
70400,3770,0,3,0,3,6,90112
70400,3771,0,3,1,3,7,90112
70400,3772,0,3,2,3,6,81920
70400,3773,0,3,3,3,7,81920
70400,3774,0,18,0,3,6,65536
70400,3775,0,18,1,3,7,65536
70400,3776,0,18,2,3,6,65536
70400,3777,0,18,3,3,7,65536
70432,3778,0,13,0,0,0,24576
70432,3779,0,13,1,0,1,24576
70432,3780,0,13,2,0,0,24576
70432,3781,0,13,3,0,1,16384
70432,3782,0,7,0,3,7,65536
70432,3783,0,7,1,3,6,65536
70432,3784,0,7,2,3,7,65536
70432,3785,0,7,3,3,6,65536
70432,3786,0,2,0,3,7,65536
70432,3787,0,2,1,3,6,65536
70432,3788,0,2,2,3,7,65536
70432,3789,0,2,3,3,6,65536
70496,3790,0,1,0,3,6,65536
70496,3791,0,1,1,3,7,65536
70496,3792,0,1,2,3,6,65536
70496,3793,0,1,3,3,7,65536
70497,3794,0,17,0,0,1,49152
70497,3795,0,17,1,0,0,40960
70497,3796,0,17,2,0,1,40960
70497,3797,0,17,3,0,0,40960
70561,3798,0,20,0,0,0,24576
70561,3799,0,20,1,0,1,24576
70561,3800,0,20,2,0,0,24576
70561,3801,0,20,3,0,1,16384
70624,3802,0,8,0,3,6,90112
70624,3803,0,8,1,3,7,90112
70624,3804,0,8,2,3,6,81920
70624,3805,0,8,3,3,7,81920
70656,3806,0,11,0,3,7,65536
70656,3807,0,11,1,3,6,65536
70656,3808,0,11,2,3,7,65536
70656,3809,0,11,3,3,6,65536
70688,3810,0,6,0,3,7,65536
70688,3811,0,6,1,3,6,65536
70688,3812,0,6,2,3,7,65536
70688,3813,0,6,3,3,6,65536
70688,3814,0,25,0,3,6,155648
70688,3815,0,25,1,3,7,155648
70688,3816,0,25,2,3,6,147456
70688,3817,0,25,3,3,7,147456
70688,3818,0,2,0,3,7,65536
70688,3819,0,2,1,3,6,65536
70688,3820,0,2,2,3,7,65536
70688,3821,0,2,3,3,6,65536
70689,3822,0,14,0,3,7,65536
70689,3823,0,14,1,3,6,65536
70689,3824,0,14,2,3,7,65536
70689,3825,0,14,3,3,6,65536
70720,3826,0,25,0,0,1,24576
70720,3827,0,25,1,0,0,24576
70720,3828,0,25,2,0,1,24576
70720,3829,0,25,3,0,0,16384
70753,3830,0,27,0,3,7,65536
70753,3831,0,27,1,3,6,65536
70753,3832,0,27,2,3,7,65536
70753,3833,0,27,3,3,6,65536
70784,3834,0,23,0,3,7,65536
70784,3835,0,23,1,3,6,65536
70784,3836,0,23,2,3,7,65536
70784,3837,0,23,3,3,6,65536
70816,3838,0,13,0,3,7,65536
70816,3839,0,13,1,3,6,65536
70816,3840,0,13,2,3,7,65536
70816,3841,0,13,3,3,6,65536
70816,3842,0,20,0,3,6,65536
70816,3843,0,20,1,3,7,65536
70816,3844,0,20,2,3,6,65536
70816,3845,0,20,3,3,7,65536
70816,3846,0,16,0,3,7,65536
70816,3847,0,16,1,3,6,65536
70816,3848,0,16,2,3,7,65536
70816,3849,0,16,3,3,6,65536
70816,3850,0,9,0,3,7,65536
70816,3851,0,9,1,3,6,65536
70816,3852,0,9,2,3,7,65536
70816,3853,0,9,3,3,6,65536
70816,3854,0,2,0,3,7,65536
70816,3855,0,2,1,3,6,65536
70816,3856,0,2,2,3,7,65536
70816,3857,0,2,3,3,6,65536
70848,3858,0,31,0,3,7,65536
70848,3859,0,31,1,3,6,65536
70848,3860,0,31,2,3,7,65536
70848,3861,0,31,3,3,6,65536
70848,3862,0,15,0,3,6,65536
70848,3863,0,15,1,3,7,65536
70848,3864,0,15,2,3,6,65536
70848,3865,0,15,3,3,7,65536
70912,3866,0,15,0,3,6,40960
70912,3867,0,15,1,3,7,40960
70912,3868,0,15,2,3,6,40960
70912,3869,0,15,3,3,7,32768
70913,3870,0,2,0,0,1,114688
70913,3871,0,2,1,0,0,106496
70913,3872,0,2,2,0,1,106496
70913,3873,0,2,3,0,0,106496
70944,3874,0,5,0,0,1,65536
70944,3875,0,5,1,0,0,65536
70944,3876,0,5,2,0,1,65536
70944,3877,0,5,3,0,0,65536
70945,3878,0,7,0,3,7,65536
70945,3879,0,7,1,3,6,65536
70945,3880,0,7,2,3,7,65536
70945,3881,0,7,3,3,6,65536
70977,3882,0,17,0,3,7,90112
70977,3883,0,17,1,3,6,90112
70977,3884,0,17,2,3,7,81920
70977,3885,0,17,3,3,6,81920
71008,3886,0,2,0,3,7,65536
71008,3887,0,2,1,3,6,65536
71008,3888,0,2,2,3,7,65536
71008,3889,0,2,3,3,6,65536
71008,3890,0,12,0,3,6,90112
71008,3891,0,12,1,3,7,90112
71008,3892,0,12,2,3,6,90112
71008,3893,0,12,3,3,7,81920
71008,3894,0,21,0,3,7,65536
71008,3895,0,21,1,3,6,65536
71008,3896,0,21,2,3,7,65536
71008,3897,0,21,3,3,6,65536
71008,3898,0,9,0,3,7,65536
71008,3899,0,9,1,3,6,65536
71008,3900,0,9,2,3,7,65536
71008,3901,0,9,3,3,6,65536
71072,3902,0,3,0,3,6,90112
71072,3903,0,3,1,3,7,90112
71072,3904,0,3,2,3,6,81920
71072,3905,0,3,3,3,7,81920
71072,3906,0,22,0,3,6,65536
71072,3907,0,22,1,3,7,65536
71072,3908,0,22,2,3,6,65536
71072,3909,0,22,3,3,7,65536
71072,3910,0,25,0,3,6,65536
71072,3911,0,25,1,3,7,65536
71072,3912,0,25,2,3,6,65536
71072,3913,0,25,3,3,7,65536
71136,3914,0,1,0,3,6,65536
71136,3915,0,1,1,3,7,65536
71136,3916,0,1,2,3,6,65536
71136,3917,0,1,3,3,7,65536
71200,3918,0,1,0,3,7,65536
71200,3919,0,1,1,3,6,65536
71200,3920,0,1,2,3,7,65536
71200,3921,0,1,3,3,6,65536
71200,3922,0,8,0,3,7,90112
71200,3923,0,8,1,3,6,90112
71200,3924,0,8,2,3,7,81920
71200,3925,0,8,3,3,6,81920
71200,3926,0,30,0,3,7,90112
71200,3927,0,30,1,3,6,90112
71200,3928,0,30,2,3,7,81920
71200,3929,0,30,3,3,6,81920
71232,3930,0,12,0,3,7,90112
71232,3931,0,12,1,3,6,90112
71232,3932,0,12,2,3,7,90112
71232,3933,0,12,3,3,6,81920
71232,3934,0,11,0,3,6,65536
71232,3935,0,11,1,3,7,65536
71232,3936,0,11,2,3,6,65536
71232,3937,0,11,3,3,7,65536
71264,3938,0,31,0,3,6,65536
71264,3939,0,31,1,3,7,65536
71264,3940,0,31,2,3,6,65536
71264,3941,0,31,3,3,7,65536
71264,3942,0,24,0,3,6,65536
71264,3943,0,24,1,3,7,65536
71264,3944,0,24,2,3,6,65536
71264,3945,0,24,3,3,7,65536
71265,3946,0,4,0,3,7,65536
71265,3947,0,4,1,3,6,65536
71265,3948,0,4,2,3,7,65536
71265,3949,0,4,3,3,6,65536
71265,3950,0,20,0,3,7,65536
71265,3951,0,20,1,3,6,65536
71265,3952,0,20,2,3,7,65536
71265,3953,0,20,3,3,6,65536
71296,3954,0,6,0,3,6,65536
71296,3955,0,6,1,3,7,65536
71296,3956,0,6,2,3,6,65536
71296,3957,0,6,3,3,7,65536
71296,3958,0,24,0,3,7,65536
71296,3959,0,24,1,3,6,65536
71296,3960,0,24,2,3,7,65536
71296,3961,0,24,3,3,6,65536
71328,3962,0,8,0,0,1,24576
71328,3963,0,8,1,0,0,24576
71328,3964,0,8,2,0,1,24576
71328,3965,0,8,3,0,0,16384
71360,3966,0,21,0,3,6,65536
71360,3967,0,21,1,3,7,65536
71360,3968,0,21,2,3,6,65536
71360,3969,0,21,3,3,7,65536
71392,3970,0,23,0,0,0,65536
71392,3971,0,23,1,0,1,65536
71392,3972,0,23,2,0,0,65536
71392,3973,0,23,3,0,1,65536
71456,3974,0,23,0,3,6,65536
71456,3975,0,23,1,3,7,65536
71456,3976,0,23,2,3,6,65536
71456,3977,0,23,3,3,7,65536
71456,3978,0,29,0,3,6,65536
71456,3979,0,29,1,3,7,65536
71456,3980,0,29,2,3,6,65536
71456,3981,0,29,3,3,7,65536
71488,3982,0,7,0,3,6,65536
71488,3983,0,7,1,3,7,65536
71488,3984,0,7,2,3,6,65536
71488,3985,0,7,3,3,7,65536
71489,3986,0,15,0,0,0,49152
71489,3987,0,15,1,0,1,40960
71489,3988,0,15,2,0,0,40960
71489,3989,0,15,3,0,1,40960
71553,3990,0,6,0,3,6,65536
71553,3991,0,6,1,3,7,65536
71553,3992,0,6,2,3,6,65536
71553,3993,0,6,3,3,7,65536
71584,3994,0,4,0,3,7,65536
71584,3995,0,4,1,3,6,65536
71584,3996,0,4,2,3,7,65536
71584,3997,0,4,3,3,6,65536
71584,3998,0,2,0,3,6,65536
71584,3999,0,2,1,3,7,65536
71584,4000,0,2,2,3,6,65536
71584,4001,0,2,3,3,7,65536
71616,4002,0,26,0,3,6,65536
71616,4003,0,26,1,3,7,65536
71616,4004,0,26,2,3,6,65536
71616,4005,0,26,3,3,7,65536
71648,4006,0,9,0,0,1,65536
71648,4007,0,9,1,0,0,65536
71648,4008,0,9,2,0,1,65536
71648,4009,0,9,3,0,0,65536
71648,4010,0,7,0,3,6,65536
71648,4011,0,7,1,3,7,65536
71648,4012,0,7,2,3,6,65536
71648,4013,0,7,3,3,7,65536
71649,4014,0,9,0,0,1,24576
71649,4015,0,9,1,0,0,24576
71649,4016,0,9,2,0,1,24576
71649,4017,0,9,3,0,0,16384
71712,4018,0,29,0,3,6,65536
71712,4019,0,29,1,3,7,65536
71712,4020,0,29,2,3,6,65536
71712,4021,0,29,3,3,7,65536
71712,4022,0,9,0,3,6,40960
71712,4023,0,9,1,3,7,40960
71712,4024,0,9,2,3,6,40960
71712,4025,0,9,3,3,7,32768
71713,4026,0,4,0,3,6,65536
71713,4027,0,4,1,3,7,65536
71713,4028,0,4,2,3,6,65536
71713,4029,0,4,3,3,7,65536
71777,4030,0,15,0,3,6,65536
71777,4031,0,15,1,3,7,65536
71777,4032,0,15,2,3,6,65536
71777,4033,0,15,3,3,7,65536
71937,4034,0,19,0,3,6,65536
71937,4035,0,19,1,3,7,65536
71937,4036,0,19,2,3,6,65536
71937,4037,0,19,3,3,7,65536
71968,4038,0,20,0,0,0,49152
71968,4039,0,20,1,0,1,40960
71968,4040,0,20,2,0,0,40960
71968,4041,0,20,3,0,1,40960
72128,4042,0,6,0,0,1,24576
72128,4043,0,6,1,0,0,24576
72128,4044,0,6,2,0,1,24576
72128,4045,0,6,3,0,0,16384
72128,4046,0,5,0,3,6,65536
72128,4047,0,5,1,3,7,65536
72128,4048,0,5,2,3,6,65536
72128,4049,0,5,3,3,7,65536
72129,4050,0,3,0,3,6,90112
72129,4051,0,3,1,3,7,90112
72129,4052,0,3,2,3,6,81920
72129,4053,0,3,3,3,7,81920
72192,4054,0,20,0,3,6,65536
72192,4055,0,20,1,3,7,65536
72192,4056,0,20,2,3,6,65536
72192,4057,0,20,3,3,7,65536
72288,4058,0,4,0,1,3,49152
72288,4059,0,4,1,1,2,40960
72288,4060,0,4,2,1,3,40960
72288,4061,0,4,3,1,2,40960
72352,4062,0,27,0,0,0,24576
72352,4063,0,27,1,0,1,24576
72352,4064,0,27,2,0,0,24576
72352,4065,0,27,3,0,1,16384
72352,4066,0,8,0,3,7,90112
72352,4067,0,8,1,3,6,90112
72352,4068,0,8,2,3,7,81920
72352,4069,0,8,3,3,6,81920
72384,4070,0,2,0,3,6,65536
72384,4071,0,2,1,3,7,65536
72384,4072,0,2,2,3,6,65536
72384,4073,0,2,3,3,7,65536
72448,4074,0,29,0,0,0,65536
72448,4075,0,29,1,0,1,65536
72448,4076,0,29,2,0,0,65536
72448,4077,0,29,3,0,1,65536
72480,4078,0,3,0,3,6,90112
72480,4079,0,3,1,3,7,90112
72480,4080,0,3,2,3,6,90112
72480,4081,0,3,3,3,7,81920
72768,4082,0,27,0,3,6,65536
72768,4083,0,27,1,3,7,65536
72768,4084,0,27,2,3,6,65536
72768,4085,0,27,3,3,7,65536
72928,4086,0,7,0,3,6,65536
72928,4087,0,7,1,3,7,65536
72928,4088,0,7,2,3,6,65536
72928,4089,0,7,3,3,7,65536
72928,4090,0,15,0,0,1,65536
72928,4091,0,15,1,0,0,65536
72928,4092,0,15,2,0,1,65536
72928,4093,0,15,3,0,0,65536
73024,4094,0,19,0,3,6,49152
73024,4095,0,19,1,3,7,40960
73024,4096,0,19,2,3,6,40960
73024,4097,0,19,3,3,7,40960
73025,4098,0,0,0,3,7,65536
73025,4099,0,0,1,3,6,65536
73025,4100,0,0,2,3,7,65536
73025,4101,0,0,3,3,6,65536
73121,4102,0,29,0,3,6,65536
73121,4103,0,29,1,3,7,65536
73121,4104,0,29,2,3,6,65536
73121,4105,0,29,3,3,7,65536
73248,4106,0,24,0,0,0,24576
73248,4107,0,24,1,0,1,24576
73248,4108,0,24,2,0,0,24576
73248,4109,0,24,3,0,1,16384
73344,4110,0,15,0,3,7,65536
73344,4111,0,15,1,3,6,65536
73344,4112,0,15,2,3,7,65536
73344,4113,0,15,3,3,6,65536
73408,4114,0,10,0,3,6,90112
73408,4115,0,10,1,3,7,90112
73408,4116,0,10,2,3,6,81920
73408,4117,0,10,3,3,7,81920
74048,4118,0,4,0,3,7,65536
74048,4119,0,4,1,3,6,65536
74048,4120,0,4,2,3,7,65536
74048,4121,0,4,3,3,6,65536
74144,4122,0,15,0,3,7,65536
74144,4123,0,15,1,3,6,65536
74144,4124,0,15,2,3,7,65536
74144,4125,0,15,3,3,6,65536
74464,4126,0,18,0,3,7,65536
74464,4127,0,18,1,3,6,65536
74464,4128,0,18,2,3,7,65536
74464,4129,0,18,3,3,6,65536
74592,4130,0,24,0,3,6,65536
74592,4131,0,24,1,3,7,65536
74592,4132,0,24,2,3,6,65536
74592,4133,0,24,3,3,7,65536
74657,4134,0,18,0,0,1,65536
74657,4135,0,18,1,0,0,65536
74657,4136,0,18,2,0,1,65536
74657,4137,0,18,3,0,0,65536
75104,4138,0,20,0,0,1,24576
75104,4139,0,20,1,0,0,24576
75104,4140,0,20,2,0,1,24576
75104,4141,0,20,3,0,0,16384
75328,4142,0,6,0,3,7,65536
75328,4143,0,6,1,3,6,65536
75328,4144,0,6,2,3,7,65536
75328,4145,0,6,3,3,6,65536
76096,4146,0,11,0,3,7,65536
76096,4147,0,11,1,3,6,65536
76096,4148,0,11,2,3,7,65536
76096,4149,0,11,3,3,6,65536
76448,4150,0,8,0,3,7,90112
76448,4151,0,8,1,3,6,90112
76448,4152,0,8,2,3,7,81920
76448,4153,0,8,3,3,6,81920
79457,4154,0,21,0,0,0,24576
79457,4155,0,21,1,0,1,24576
79457,4156,0,21,2,0,0,24576
79457,4157,0,21,3,0,1,16384
89824,4158,0,22,0,0,1,24576
89824,4159,0,22,1,0,0,24576
89824,4160,0,22,2,0,1,24576
89824,4161,0,22,3,0,0,16384
91297,4162,0,0,0,0,0,49152
91297,4163,0,0,1,0,1,40960
91297,4164,0,0,2,0,0,40960
91297,4165,0,0,3,0,1,40960
93505,4166,0,0,0,0,1,24576
93505,4167,0,0,1,0,0,24576
93505,4168,0,0,2,0,1,24576
93505,4169,0,0,3,0,0,16384
95361,4170,0,0,0,0,1,65536
95361,4171,0,0,1,0,0,65536
95361,4172,0,0,2,0,1,65536
95361,4173,0,0,3,0,0,65536
95552,4174,0,0,0,0,1,49152
95552,4175,0,0,1,0,0,40960
95552,4176,0,0,2,0,1,40960
95552,4177,0,0,3,0,0,40960
95744,4178,0,0,0,0,0,49152
95744,4179,0,0,1,0,1,40960
95744,4180,0,0,2,0,0,40960
95744,4181,0,0,3,0,1,40960
95872,4182,0,0,0,0,0,65536
95872,4183,0,0,1,0,1,65536
95872,4184,0,0,2,0,0,65536
95872,4185,0,0,3,0,1,65536
96129,4186,0,0,0,0,1,114688
96129,4187,0,0,1,0,0,106496
96129,4188,0,0,2,0,1,106496
96129,4189,0,0,3,0,0,106496
96736,4190,0,0,0,1,3,49152
96736,4191,0,0,1,1,2,40960
96736,4192,0,0,2,1,3,40960
96736,4193,0,0,3,1,2,40960
96992,4194,0,0,0,0,0,24576
96992,4195,0,0,1,0,1,24576
96992,4196,0,0,2,0,0,24576
96992,4197,0,0,3,0,1,16384
96992,4198,0,0,0,0,0,24576
96992,4199,0,0,1,0,1,24576
96992,4200,0,0,2,0,0,24576
96992,4201,0,0,3,0,1,16384
97120,4202,0,0,0,0,1,24576
97120,4203,0,0,1,0,0,24576
97120,4204,0,0,2,0,1,24576
97120,4205,0,0,3,0,0,16384
98240,4206,0,0,0,0,1,24576
98240,4207,0,0,1,0,0,24576
98240,4208,0,0,2,0,1,24576
98240,4209,0,0,3,0,0,16384
100641,4210,0,0,0,0,0,65536
100641,4211,0,0,1,0,1,65536
100641,4212,0,0,2,0,0,65536
100641,4213,0,0,3,0,1,65536
102625,4214,0,0,0,0,1,65536
102625,4215,0,0,1,0,0,65536
102625,4216,0,0,2,0,1,65536
102625,4217,0,0,3,0,0,57344
104289,4218,0,0,0,0,0,49152
104289,4219,0,0,1,0,1,40960
104289,4220,0,0,2,0,0,40960
104289,4221,0,0,3,0,1,40960
128033,4222,0,16,0,2,5,204800
128033,4223,0,16,1,2,4,204800
128033,4224,0,16,2,2,5,196608
128033,4225,0,16,3,2,4,196608
128738,4226,0,8,0,1,2,90112
128738,4227,0,8,1,1,3,90112
128738,4228,0,8,2,1,2,81920
128738,4229,0,8,3,1,3,81920
129504,4230,0,18,0,1,3,114688
129504,4231,0,18,1,1,2,106496
129504,4232,0,18,2,1,3,106496
129504,4233,0,18,3,1,2,106496
129569,4234,0,25,0,1,2,139264
129569,4235,0,25,1,1,3,131072
129569,4236,0,25,2,1,2,131072
129569,4237,0,25,3,1,3,131072
129569,4238,0,22,0,1,2,90112
129569,4239,0,22,1,1,3,90112
129569,4240,0,22,2,1,2,81920
129569,4241,0,22,3,1,3,81920
129728,4242,0,26,0,1,2,114688
129728,4243,0,26,1,1,3,106496
129728,4244,0,26,2,1,2,106496
129728,4245,0,26,3,1,3,106496
129857,4246,0,27,0,1,2,90112
129857,4247,0,27,1,1,3,90112
129857,4248,0,27,2,1,2,81920
129857,4249,0,27,3,1,3,81920
129985,4250,0,29,0,1,3,90112
129985,4251,0,29,1,1,2,90112
129985,4252,0,29,2,1,3,81920
129985,4253,0,29,3,1,2,81920
130145,4254,0,12,0,2,4,106496
130145,4255,0,12,1,2,5,106496
130145,4256,0,12,2,2,4,106496
130145,4257,0,12,3,2,5,106496
130176,4258,0,16,0,2,4,180224
130176,4259,0,16,1,2,5,172032
130176,4260,0,16,2,2,4,172032
130176,4261,0,16,3,2,5,172032
130273,4262,0,25,0,1,2,90112
130273,4263,0,25,1,1,3,90112
130273,4264,0,25,2,1,2,81920
130273,4265,0,25,3,1,3,81920
130273,4266,0,25,0,1,3,8192
130305,4267,0,28,0,2,4,90112
130305,4268,0,28,1,2,5,90112
130305,4269,0,28,2,2,4,81920
130305,4270,0,28,3,2,5,81920
130400,4271,0,31,0,1,3,90112
130400,4272,0,31,1,1,2,90112
130400,4273,0,31,2,1,3,81920
130400,4274,0,31,3,1,2,81920
130401,4275,0,22,0,0,1,8192
130496,4276,0,19,0,2,4,139264
130496,4277,0,19,1,2,5,131072
130496,4278,0,19,2,2,4,131072
130496,4279,0,19,3,2,5,131072
130528,4280,0,6,0,1,2,106496
130528,4281,0,6,1,1,3,106496
130528,4282,0,6,2,1,2,106496
130528,4283,0,6,3,1,3,106496
130560,4284,0,17,0,1,3,90112
130560,4285,0,17,1,1,2,90112
130560,4286,0,17,2,1,3,81920
130560,4287,0,17,3,1,2,81920
130625,4288,0,23,0,1,3,90112
130625,4289,0,23,1,1,2,90112
130625,4290,0,23,2,1,3,81920
130625,4291,0,23,3,1,2,81920
130625,4292,0,22,0,1,3,8192
130689,4293,0,24,0,1,3,90112
130689,4294,0,24,1,1,2,90112
130689,4295,0,24,2,1,3,81920
130689,4296,0,24,3,1,2,81920
130754,4297,0,16,0,2,4,180224
130754,4298,0,16,1,2,5,172032
130754,4299,0,16,2,2,4,172032
130754,4300,0,16,3,2,5,172032
130816,4301,0,25,0,1,3,90112
130816,4302,0,25,1,1,2,90112
130816,4303,0,25,2,1,3,81920
130816,4304,0,25,3,1,2,81920
130880,4305,0,27,0,1,3,90112
130880,4306,0,27,1,1,2,90112
130880,4307,0,27,2,1,3,81920
130880,4308,0,27,3,1,2,81920
130944,4309,0,27,0,2,4,139264
130944,4310,0,27,1,2,5,131072
130944,4311,0,27,2,2,4,131072
130944,4312,0,27,3,2,5,131072
130945,4313,0,27,0,2,5,139264
130945,4314,0,27,1,2,4,131072
130945,4315,0,27,2,2,5,131072
130945,4316,0,27,3,2,4,131072
130976,4317,0,18,0,1,3,114688
130976,4318,0,18,1,1,2,106496
130976,4319,0,18,2,1,3,106496
130976,4320,0,18,3,1,2,106496
130977,4321,0,27,0,2,5,180224
130977,4322,0,27,1,2,4,180224
130977,4323,0,27,2,2,5,172032
130977,4324,0,27,3,2,4,172032
131041,4325,0,5,0,2,5,90112
131041,4326,0,5,1,2,4,90112
131041,4327,0,5,2,2,5,81920
131041,4328,0,5,3,2,4,81920
131105,4329,0,14,0,2,4,139264
131105,4330,0,14,1,2,5,131072
131105,4331,0,14,2,2,4,131072
131105,4332,0,14,3,2,5,131072
131201,4333,0,31,0,1,3,114688
131201,4334,0,31,1,1,2,106496
131201,4335,0,31,2,1,3,106496
131201,4336,0,31,3,1,2,106496
131201,4337,0,30,0,1,2,8192
131232,4338,0,13,0,1,2,65536
131232,4339,0,13,1,1,3,65536
131232,4340,0,13,2,1,2,65536
131232,4341,0,13,3,1,3,65536
131233,4342,0,9,0,1,3,131072
131233,4343,0,9,1,1,2,131072
131233,4344,0,9,2,1,3,131072
131233,4345,0,9,3,1,2,122880
131296,4346,0,30,0,1,3,90112
131296,4347,0,30,1,1,2,90112
131296,4348,0,30,2,1,3,81920
131296,4349,0,30,3,1,2,81920
131393,4350,0,24,0,1,3,90112
131393,4351,0,24,1,1,2,90112
131393,4352,0,24,2,1,3,81920
131393,4353,0,24,3,1,2,81920
131393,4354,0,27,0,2,4,139264
131393,4355,0,27,1,2,5,131072
131393,4356,0,27,2,2,4,131072
131393,4357,0,27,3,2,5,131072
131489,4358,0,30,0,2,5,106496
131489,4359,0,30,1,2,4,106496
131489,4360,0,30,2,2,5,106496
131489,4361,0,30,3,2,4,106496
131552,4362,0,30,0,1,2,90112
131552,4363,0,30,1,1,3,90112
131552,4364,0,30,2,1,2,81920
131552,4365,0,30,3,1,3,81920
131584,4366,0,5,0,1,3,90112
131584,4367,0,5,1,1,2,90112
131584,4368,0,5,2,1,3,81920
131584,4369,0,5,3,1,2,81920
131585,4370,0,28,0,2,4,90112
131585,4371,0,28,1,2,5,90112
131585,4372,0,28,2,2,4,81920
131585,4373,0,28,3,2,5,81920
131586,4374,0,9,0,1,3,131072
131586,4375,0,9,1,1,2,131072
131586,4376,0,9,2,1,3,131072
131586,4377,0,9,3,1,2,122880
131617,4378,0,26,0,2,4,8192
131648,4379,0,18,0,1,2,106496
131648,4380,0,18,1,1,3,106496
131648,4381,0,18,2,1,2,106496
131648,4382,0,18,3,1,3,106496
131648,4383,0,29,0,1,2,90112
131648,4384,0,29,1,1,3,90112
131648,4385,0,29,2,1,2,81920
131648,4386,0,29,3,1,3,81920
131648,4387,0,17,0,1,3,106496
131648,4388,0,17,1,1,2,106496
131648,4389,0,17,2,1,3,106496
131648,4390,0,17,3,1,2,106496
131649,4391,0,31,0,1,3,90112
131649,4392,0,31,1,1,2,90112
131649,4393,0,31,2,1,3,81920
131649,4394,0,31,3,1,2,81920
131712,4395,0,28,0,2,5,90112
131712,4396,0,28,1,2,4,90112
131712,4397,0,28,2,2,5,81920
131712,4398,0,28,3,2,4,81920
131713,4399,0,14,0,1,2,90112
131713,4400,0,14,1,1,3,90112
131713,4401,0,14,2,1,2,81920
131713,4402,0,14,3,1,3,81920
131713,4403,0,27,0,1,3,90112
131713,4404,0,27,1,1,2,90112
131713,4405,0,27,2,1,3,81920
131713,4406,0,27,3,1,2,81920
131713,4407,0,1,0,1,3,90112
131713,4408,0,1,1,1,2,90112
131713,4409,0,1,2,1,3,81920
131713,4410,0,1,3,1,2,81920
131776,4411,0,4,0,1,3,90112
131776,4412,0,4,1,1,2,90112
131776,4413,0,4,2,1,3,81920
131776,4414,0,4,3,1,2,81920
131776,4415,0,13,0,1,2,114688
131776,4416,0,13,1,1,3,106496
131776,4417,0,13,2,1,2,106496
131776,4418,0,13,3,1,3,106496
131808,4419,0,29,0,2,4,90112
131808,4420,0,29,1,2,5,90112
131808,4421,0,29,2,2,4,81920
131808,4422,0,29,3,2,5,81920
131809,4423,0,8,0,1,2,90112
131809,4424,0,8,1,1,3,90112
131809,4425,0,8,2,1,2,81920
131809,4426,0,8,3,1,3,81920
131872,4427,0,20,0,1,2,90112
131872,4428,0,20,1,1,3,90112
131872,4429,0,20,2,1,2,81920
131872,4430,0,20,3,1,3,81920
131872,4431,0,17,0,1,2,90112
131872,4432,0,17,1,1,3,90112
131872,4433,0,17,2,1,2,90112
131872,4434,0,17,3,1,3,81920
131873,4435,0,23,0,2,5,90112
131873,4436,0,23,1,2,4,90112
131873,4437,0,23,2,2,5,81920
131873,4438,0,23,3,2,4,81920
131904,4439,0,2,0,2,4,90112
131904,4440,0,2,1,2,5,90112
131904,4441,0,2,2,2,4,81920
131904,4442,0,2,3,2,5,81920
131905,4443,0,1,0,2,5,139264
131905,4444,0,1,1,2,4,131072
131905,4445,0,1,2,2,5,131072
131905,4446,0,1,3,2,4,131072
131936,4447,0,11,0,2,4,106496
131936,4448,0,11,1,2,5,106496
131936,4449,0,11,2,2,4,106496
131936,4450,0,11,3,2,5,106496
131968,4451,0,9,0,1,2,131072
131968,4452,0,9,1,1,3,131072
131968,4453,0,9,2,1,2,131072
131968,4454,0,9,3,1,3,122880
131969,4455,0,5,0,1,2,90112
131969,4456,0,5,1,1,3,90112
131969,4457,0,5,2,1,2,81920
131969,4458,0,5,3,1,3,81920
132001,4459,0,10,0,2,4,90112
132001,4460,0,10,1,2,5,90112
132001,4461,0,10,2,2,4,81920
132001,4462,0,10,3,2,5,81920
132002,4463,0,19,0,2,4,139264
132002,4464,0,19,1,2,5,131072
132002,4465,0,19,2,2,4,131072
132002,4466,0,19,3,2,5,131072
132033,4467,0,20,0,1,2,90112
132033,4468,0,20,1,1,3,90112
132033,4469,0,20,2,1,2,81920
132033,4470,0,20,3,1,3,81920
132064,4471,0,15,0,2,5,90112
132064,4472,0,15,1,2,4,90112
132064,4473,0,15,2,2,5,81920
132064,4474,0,15,3,2,4,81920
132064,4475,0,17,0,2,5,106496
132064,4476,0,17,1,2,4,106496
132064,4477,0,17,2,2,5,106496
132064,4478,0,17,3,2,4,106496
132064,4479,0,19,0,2,5,139264
132064,4480,0,19,1,2,4,131072
132064,4481,0,19,2,2,5,131072
132064,4482,0,19,3,2,4,131072
132066,4483,0,3,0,2,5,90112
132066,4484,0,3,1,2,4,90112
132066,4485,0,3,2,2,5,81920
132066,4486,0,3,3,2,4,81920
132097,4487,0,29,0,2,5,90112
132097,4488,0,29,1,2,4,90112
132097,4489,0,29,2,2,5,81920
132097,4490,0,29,3,2,4,81920
132161,4491,0,29,0,2,4,90112
132161,4492,0,29,1,2,5,90112
132161,4493,0,29,2,2,4,81920
132161,4494,0,29,3,2,5,81920
132161,4495,0,27,0,1,3,90112
132161,4496,0,27,1,1,2,90112
132161,4497,0,27,2,1,3,81920
132161,4498,0,27,3,1,2,81920
132161,4499,0,11,0,1,2,90112
132161,4500,0,11,1,1,3,90112
132161,4501,0,11,2,1,2,81920
132161,4502,0,11,3,1,3,81920
132192,4503,0,26,0,1,3,114688
132192,4504,0,26,1,1,2,106496
132192,4505,0,26,2,1,3,106496
132192,4506,0,26,3,1,2,106496
132192,4507,0,23,0,1,3,139264
132192,4508,0,23,1,1,2,131072
132192,4509,0,23,2,1,3,131072
132192,4510,0,23,3,1,2,131072
132194,4511,0,23,0,2,5,90112
132194,4512,0,23,1,2,4,90112
132194,4513,0,23,2,2,5,81920
132194,4514,0,23,3,2,4,81920
132288,4515,0,1,0,2,5,65536
132288,4516,0,1,1,2,4,65536
132288,4517,0,1,2,2,5,65536
132288,4518,0,1,3,2,4,65536
132289,4519,0,14,0,2,4,139264
132289,4520,0,14,1,2,5,131072
132289,4521,0,14,2,2,4,131072
132289,4522,0,14,3,2,5,131072
132320,4523,0,21,0,1,3,90112
132320,4524,0,21,1,1,2,90112
132320,4525,0,21,2,1,3,81920
132320,4526,0,21,3,1,2,81920
132352,4527,0,24,0,1,3,139264
132352,4528,0,24,1,1,2,131072
132352,4529,0,24,2,1,3,131072
132352,4530,0,24,3,1,2,131072
132352,4531,0,25,0,1,2,90112
132352,4532,0,25,1,1,3,90112
132352,4533,0,25,2,1,2,81920
132352,4534,0,25,3,1,3,81920
132353,4535,0,31,0,2,4,90112
132353,4536,0,31,1,2,5,90112
132353,4537,0,31,2,2,4,81920
132353,4538,0,31,3,2,5,81920
132353,4539,0,25,0,1,3,90112
132353,4540,0,25,1,1,2,90112
132353,4541,0,25,2,1,3,81920
132353,4542,0,25,3,1,2,81920
132354,4543,0,13,0,2,5,65536
132354,4544,0,13,1,2,4,65536
132354,4545,0,13,2,2,5,65536
132354,4546,0,13,3,2,4,65536
132384,4547,0,19,0,2,4,90112
132384,4548,0,19,1,2,5,90112
132384,4549,0,19,2,2,4,81920
132384,4550,0,19,3,2,5,81920
132416,4551,0,22,0,1,2,90112
132416,4552,0,22,1,1,3,90112
132416,4553,0,22,2,1,2,81920
132416,4554,0,22,3,1,3,81920
132417,4555,0,27,0,2,4,139264
132417,4556,0,27,1,2,5,131072
132417,4557,0,27,2,2,4,131072
132417,4558,0,27,3,2,5,131072
132448,4559,0,23,0,2,4,90112
132448,4560,0,23,1,2,5,90112
132448,4561,0,23,2,2,4,81920
132448,4562,0,23,3,2,5,81920
132480,4563,0,25,0,2,5,8192
132480,4564,0,31,0,1,2,90112
132480,4565,0,31,1,1,3,90112
132480,4566,0,31,2,1,2,90112
132480,4567,0,31,3,1,3,81920
132481,4568,0,30,0,1,3,8192
132513,4569,0,21,0,2,5,90112
132513,4570,0,21,1,2,4,90112
132513,4571,0,21,2,2,5,81920
132513,4572,0,21,3,2,4,81920
132544,4573,0,8,0,1,2,139264
132544,4574,0,8,1,1,3,131072
132544,4575,0,8,2,1,2,131072
132544,4576,0,8,3,1,3,131072
132544,4577,0,16,0,1,2,106496
132544,4578,0,16,1,1,3,106496
132544,4579,0,16,2,1,2,106496
132544,4580,0,16,3,1,3,106496
132608,4581,0,19,0,2,5,90112
132608,4582,0,19,1,2,4,90112
132608,4583,0,19,2,2,5,81920
132608,4584,0,19,3,2,4,81920
132609,4585,0,10,0,2,5,90112
132609,4586,0,10,1,2,4,90112
132609,4587,0,10,2,2,5,81920
132609,4588,0,10,3,2,4,81920
132609,4589,0,12,0,2,5,90112
132609,4590,0,12,1,2,4,90112
132609,4591,0,12,2,2,5,81920
132609,4592,0,12,3,2,4,81920
132640,4593,0,26,0,1,2,8192
132640,4594,0,19,0,2,4,180224
132640,4595,0,19,1,2,5,180224
132640,4596,0,19,2,2,4,172032
132640,4597,0,19,3,2,5,172032
132673,4598,0,17,0,1,2,90112
132673,4599,0,17,1,1,3,90112
132673,4600,0,17,2,1,2,90112
132673,4601,0,17,3,1,3,81920
132737,4602,0,11,0,1,3,114688
132737,4603,0,11,1,1,2,106496
132737,4604,0,11,2,1,3,106496
132737,4605,0,11,3,1,2,106496
132737,4606,0,20,0,0,1,8192
132800,4607,0,31,0,1,2,114688
132800,4608,0,31,1,1,3,106496
132800,4609,0,31,2,1,2,106496
132800,4610,0,31,3,1,3,106496
132800,4611,0,14,0,2,5,139264
132800,4612,0,14,1,2,4,131072
132800,4613,0,14,2,2,5,131072
132800,4614,0,14,3,2,4,131072
132833,4615,0,25,0,1,3,90112
132833,4616,0,25,1,1,2,90112
132833,4617,0,25,2,1,3,81920
132833,4618,0,25,3,1,2,81920
132833,4619,0,16,0,1,3,106496
132833,4620,0,16,1,1,2,106496
132833,4621,0,16,2,1,3,106496
132833,4622,0,16,3,1,2,106496
132833,4623,0,13,0,1,3,90112
132833,4624,0,13,1,1,2,90112
132833,4625,0,13,2,1,3,81920
132833,4626,0,13,3,1,2,81920
132865,4627,0,22,0,1,3,90112
132865,4628,0,22,1,1,2,90112
132865,4629,0,22,2,1,3,81920
132865,4630,0,22,3,1,2,81920
132896,4631,0,27,0,2,4,139264
132896,4632,0,27,1,2,5,131072
132896,4633,0,27,2,2,4,131072
132896,4634,0,27,3,2,5,131072
132960,4635,0,23,0,1,3,90112
132960,4636,0,23,1,1,2,90112
132960,4637,0,23,2,1,3,81920
132960,4638,0,23,3,1,2,81920
132960,4639,0,29,0,2,5,90112
132960,4640,0,29,1,2,4,90112
132960,4641,0,29,2,2,5,81920
132960,4642,0,29,3,2,4,81920
132960,4643,0,12,0,2,4,90112
132960,4644,0,12,1,2,5,90112
132960,4645,0,12,2,2,4,81920
132960,4646,0,12,3,2,5,81920
132992,4647,0,14,0,2,5,139264
132992,4648,0,14,1,2,4,131072
132992,4649,0,14,2,2,5,131072
132992,4650,0,14,3,2,4,131072
132993,4651,0,6,0,1,3,114688
132993,4652,0,6,1,1,2,106496
132993,4653,0,6,2,1,3,106496
132993,4654,0,6,3,1,2,106496
132994,4655,0,19,0,2,5,139264
132994,4656,0,19,1,2,4,131072
132994,4657,0,19,2,2,5,131072
132994,4658,0,19,3,2,4,131072
132994,4659,0,22,0,1,3,90112
132994,4660,0,22,1,1,2,90112
132994,4661,0,22,2,1,3,81920
132994,4662,0,22,3,1,2,81920
133024,4663,0,7,0,1,2,114688
133024,4664,0,7,1,1,3,106496
133024,4665,0,7,2,1,2,106496
133024,4666,0,7,3,1,3,106496
133057,4667,0,19,0,1,3,65536
133057,4668,0,19,1,1,2,65536
133057,4669,0,19,2,1,3,65536
133057,4670,0,19,3,1,2,65536
133089,4671,0,20,0,2,5,90112
133089,4672,0,20,1,2,4,90112
133089,4673,0,20,2,2,5,81920
133089,4674,0,20,3,2,4,81920
133089,4675,0,29,0,1,2,90112
133089,4676,0,29,1,1,3,90112
133089,4677,0,29,2,1,2,81920
133089,4678,0,29,3,1,3,81920
133120,4679,0,18,0,2,5,114688
133120,4680,0,18,1,2,4,106496
133120,4681,0,18,2,2,5,106496
133120,4682,0,18,3,2,4,106496
133153,4683,0,3,0,1,2,90112
133153,4684,0,3,1,1,3,90112
133153,4685,0,3,2,1,2,81920
133153,4686,0,3,3,1,3,81920
133153,4687,0,10,0,2,4,90112
133153,4688,0,10,1,2,5,90112
133153,4689,0,10,2,2,4,81920
133153,4690,0,10,3,2,5,81920
133154,4691,0,7,0,1,3,106496
133154,4692,0,7,1,1,2,106496
133154,4693,0,7,2,1,3,106496
133154,4694,0,7,3,1,2,106496
133184,4695,0,9,0,1,3,131072
133184,4696,0,9,1,1,2,131072
133184,4697,0,9,2,1,3,131072
133184,4698,0,9,3,1,2,122880
133216,4699,0,13,0,1,2,90112
133216,4700,0,13,1,1,3,90112
133216,4701,0,13,2,1,2,81920
133216,4702,0,13,3,1,3,81920
133217,4703,0,30,0,1,3,114688
133217,4704,0,30,1,1,2,106496
133217,4705,0,30,2,1,3,106496
133217,4706,0,30,3,1,2,106496
133248,4707,0,13,0,1,3,90112
133248,4708,0,13,1,1,2,90112
133248,4709,0,13,2,1,3,81920
133248,4710,0,13,3,1,2,81920
133280,4711,0,26,0,1,3,90112
133280,4712,0,26,1,1,2,90112
133280,4713,0,26,2,1,3,81920
133280,4714,0,26,3,1,2,81920
133281,4715,0,16,0,1,2,106496
133281,4716,0,16,1,1,3,106496
133281,4717,0,16,2,1,2,106496
133281,4718,0,16,3,1,3,106496
133281,4719,0,21,0,2,4,90112
133281,4720,0,21,1,2,5,90112
133281,4721,0,21,2,2,4,81920
133281,4722,0,21,3,2,5,81920
133312,4723,0,28,0,1,3,90112
133312,4724,0,28,1,1,2,90112
133312,4725,0,28,2,1,3,81920
133312,4726,0,28,3,1,2,81920
133344,4727,0,26,0,2,5,106496
133344,4728,0,26,1,2,4,106496
133344,4729,0,26,2,2,5,106496
133344,4730,0,26,3,2,4,106496
133345,4731,0,7,0,2,4,114688
133345,4732,0,7,1,2,5,106496
133345,4733,0,7,2,2,4,106496
133345,4734,0,7,3,2,5,106496
133377,4735,0,21,0,2,4,90112
133377,4736,0,21,1,2,5,90112
133377,4737,0,21,2,2,4,81920
133377,4738,0,21,3,2,5,81920
133409,4739,0,12,0,2,5,90112
133409,4740,0,12,1,2,4,90112
133409,4741,0,12,2,2,5,81920
133409,4742,0,12,3,2,4,81920
133409,4743,0,14,0,2,5,106496
133409,4744,0,14,1,2,4,106496
133409,4745,0,14,2,2,5,106496
133409,4746,0,14,3,2,4,106496
133410,4747,0,6,0,1,3,114688
133410,4748,0,6,1,1,2,106496
133410,4749,0,6,2,1,3,106496
133410,4750,0,6,3,1,2,106496
133442,4751,0,10,0,2,5,90112
133442,4752,0,10,1,2,4,90112
133442,4753,0,10,2,2,5,81920
133442,4754,0,10,3,2,4,81920
133473,4755,0,3,0,1,2,90112
133473,4756,0,3,1,1,3,90112
133473,4757,0,3,2,1,2,81920
133473,4758,0,3,3,1,3,81920
133473,4759,0,13,0,1,3,90112
133473,4760,0,13,1,1,2,90112
133473,4761,0,13,2,1,3,81920
133473,4762,0,13,3,1,2,81920
133474,4763,0,8,0,1,2,65536
133474,4764,0,8,1,1,3,65536
133474,4765,0,8,2,1,2,65536
133474,4766,0,8,3,1,3,65536
133504,4767,0,8,0,2,4,90112
133504,4768,0,8,1,2,5,90112
133504,4769,0,8,2,2,4,81920
133504,4770,0,8,3,2,5,81920
133536,4771,0,12,0,1,2,90112
133536,4772,0,12,1,1,3,90112
133536,4773,0,12,2,1,2,81920
133536,4774,0,12,3,1,3,81920
133537,4775,0,29,0,1,3,8192
133537,4776,0,10,0,2,4,90112
133537,4777,0,10,1,2,5,90112
133537,4778,0,10,2,2,4,81920
133537,4779,0,10,3,2,5,81920
133538,4780,0,13,0,1,2,90112
133538,4781,0,13,1,1,3,90112
133538,4782,0,13,2,1,2,81920
133538,4783,0,13,3,1,3,81920
133570,4784,0,16,0,2,4,114688
133570,4785,0,16,1,2,5,106496
133570,4786,0,16,2,2,4,106496
133570,4787,0,16,3,2,5,106496
133600,4788,0,12,0,1,2,90112
133600,4789,0,12,1,1,3,90112
133600,4790,0,12,2,1,2,81920
133600,4791,0,12,3,1,3,81920
133601,4792,0,21,0,1,2,90112
133601,4793,0,21,1,1,3,90112
133601,4794,0,21,2,1,2,81920
133601,4795,0,21,3,1,3,81920
133632,4796,0,28,0,2,4,90112
133632,4797,0,28,1,2,5,90112
133632,4798,0,28,2,2,4,81920
133632,4799,0,28,3,2,5,81920
133664,4800,0,15,0,1,2,90112
133664,4801,0,15,1,1,3,90112
133664,4802,0,15,2,1,2,81920
133664,4803,0,15,3,1,3,81920
133664,4804,0,16,0,2,4,180224
133664,4805,0,16,1,2,5,180224
133664,4806,0,16,2,2,4,172032
133664,4807,0,16,3,2,5,172032
133665,4808,0,4,0,2,4,90112
133665,4809,0,4,1,2,5,90112
133665,4810,0,4,2,2,4,81920
133665,4811,0,4,3,2,5,81920
133696,4812,0,22,0,1,2,139264
133696,4813,0,22,1,1,3,131072
133696,4814,0,22,2,1,2,131072
133696,4815,0,22,3,1,3,131072
133696,4816,0,30,0,1,2,114688
133696,4817,0,30,1,1,3,106496
133696,4818,0,30,2,1,2,106496
133696,4819,0,30,3,1,3,106496
133697,4820,0,24,0,2,5,90112
133697,4821,0,24,1,2,4,90112
133697,4822,0,24,2,2,5,81920
133697,4823,0,24,3,2,4,81920
133697,4824,0,13,0,1,2,90112
133697,4825,0,13,1,1,3,90112
133697,4826,0,13,2,1,2,81920
133697,4827,0,13,3,1,3,81920
133728,4828,0,17,0,2,4,90112
133728,4829,0,17,1,2,5,90112
133728,4830,0,17,2,2,4,90112
133728,4831,0,17,3,2,5,81920
133729,4832,0,10,0,1,3,90112
133729,4833,0,10,1,1,2,90112
133729,4834,0,10,2,1,3,81920
133729,4835,0,10,3,1,2,81920
133729,4836,0,18,0,1,3,114688
133729,4837,0,18,1,1,2,106496
133729,4838,0,18,2,1,3,106496
133729,4839,0,18,3,1,2,106496
133729,4840,0,6,0,2,5,114688
133729,4841,0,6,1,2,4,106496
133729,4842,0,6,2,2,5,106496
133729,4843,0,6,3,2,4,106496
133760,4844,0,9,0,1,3,131072
133760,4845,0,9,1,1,2,131072
133760,4846,0,9,2,1,3,131072
133760,4847,0,9,3,1,2,122880
133760,4848,0,4,0,3,7,65536
133760,4849,0,4,1,3,6,65536
133760,4850,0,4,2,3,7,65536
133760,4851,0,4,3,3,6,65536
133760,4852,0,7,0,2,5,114688
133760,4853,0,7,1,2,4,106496
133760,4854,0,7,2,2,5,106496
133760,4855,0,7,3,2,4,106496
133761,4856,0,22,0,1,2,90112
133761,4857,0,22,1,1,3,90112
133761,4858,0,22,2,1,2,81920
133761,4859,0,22,3,1,3,81920
133792,4860,0,30,0,2,5,90112
133792,4861,0,30,1,2,4,90112
133792,4862,0,30,2,2,5,81920
133792,4863,0,30,3,2,4,81920
133792,4864,0,15,0,1,3,90112
133792,4865,0,15,1,1,2,90112
133792,4866,0,15,2,1,3,81920
133792,4867,0,15,3,1,2,81920
133793,4868,0,6,0,1,2,180224
133793,4869,0,6,1,1,3,180224
133793,4870,0,6,2,1,2,172032
133793,4871,0,6,3,1,3,172032
133824,4872,0,1,0,2,5,90112
133824,4873,0,1,1,2,4,90112
133824,4874,0,1,2,2,5,81920
133824,4875,0,1,3,2,4,81920
133824,4876,0,15,0,2,4,90112
133824,4877,0,15,1,2,5,90112
133824,4878,0,15,2,2,4,90112
133824,4879,0,15,3,2,5,81920
133825,4880,0,16,0,2,5,180224
133825,4881,0,16,1,2,4,180224
133825,4882,0,16,2,2,5,172032
133825,4883,0,16,3,2,4,172032
133825,4884,0,17,0,1,2,90112
133825,4885,0,17,1,1,3,90112
133825,4886,0,17,2,1,2,90112
133825,4887,0,17,3,1,3,81920
133856,4888,0,10,0,1,3,90112
133856,4889,0,10,1,1,2,90112
133856,4890,0,10,2,1,3,81920
133856,4891,0,10,3,1,2,81920
133856,4892,0,27,0,2,5,139264
133856,4893,0,27,1,2,4,131072
133856,4894,0,27,2,2,5,131072
133856,4895,0,27,3,2,4,131072
133857,4896,0,26,0,2,5,114688
133857,4897,0,26,1,2,4,106496
133857,4898,0,26,2,2,5,106496
133857,4899,0,26,3,2,4,106496
133920,4900,0,10,0,1,2,90112
133920,4901,0,10,1,1,3,90112
133920,4902,0,10,2,1,2,81920
133920,4903,0,10,3,1,3,81920
133921,4904,0,1,0,0,1,24576
133921,4905,0,1,1,0,0,24576
133921,4906,0,1,2,0,1,24576
133921,4907,0,1,3,0,0,16384
133921,4908,0,21,0,1,3,90112
133921,4909,0,21,1,1,2,90112
133921,4910,0,21,2,1,3,81920
133921,4911,0,21,3,1,2,81920
133952,4912,0,2,0,1,2,90112
133952,4913,0,2,1,1,3,90112
133952,4914,0,2,2,1,2,81920
133952,4915,0,2,3,1,3,81920
133984,4916,0,30,0,2,5,114688
133984,4917,0,30,1,2,4,106496
133984,4918,0,30,2,2,5,106496
133984,4919,0,30,3,2,4,106496
133984,4920,0,7,0,1,3,114688
133984,4921,0,7,1,1,2,106496
133984,4922,0,7,2,1,3,106496
133984,4923,0,7,3,1,2,106496
133984,4924,0,12,0,1,3,90112
133984,4925,0,12,1,1,2,90112
133984,4926,0,12,2,1,3,81920
133984,4927,0,12,3,1,2,81920
133984,4928,0,28,0,2,4,90112
133984,4929,0,28,1,2,5,90112
133984,4930,0,28,2,2,4,81920
133984,4931,0,28,3,2,5,81920
134017,4932,0,2,0,0,0,24576
134017,4933,0,2,1,0,1,24576
134017,4934,0,2,2,0,0,24576
134017,4935,0,2,3,0,1,16384
134049,4936,0,17,0,1,2,90112
134049,4937,0,17,1,1,3,90112
134049,4938,0,17,2,1,2,90112
134049,4939,0,17,3,1,3,81920
134049,4940,0,9,0,1,3,131072
134049,4941,0,9,1,1,2,131072
134049,4942,0,9,2,1,3,131072
134049,4943,0,9,3,1,2,122880
134081,4944,0,29,0,2,4,8192
134081,4945,0,1,0,1,2,90112
134081,4946,0,1,1,1,3,90112
134081,4947,0,1,2,1,2,81920
134081,4948,0,1,3,1,3,81920
134081,4949,0,18,0,1,3,90112
134081,4950,0,18,1,1,2,90112
134081,4951,0,18,2,1,3,90112
134081,4952,0,18,3,1,2,81920
134112,4953,0,24,0,1,3,90112
134112,4954,0,24,1,1,2,90112
134112,4955,0,24,2,1,3,81920
134112,4956,0,24,3,1,2,81920
134112,4957,0,3,0,0,1,8192
134113,4958,0,5,0,1,2,90112
134113,4959,0,5,1,1,3,90112
134113,4960,0,5,2,1,2,81920
134113,4961,0,5,3,1,3,81920
134114,4962,0,4,0,1,2,90112
134114,4963,0,4,1,1,3,90112
134114,4964,0,4,2,1,2,81920
134114,4965,0,4,3,1,3,81920
134144,4966,0,7,0,3,6,65536
134144,4967,0,7,1,3,7,65536
134144,4968,0,7,2,3,6,65536
134144,4969,0,7,3,3,7,65536
134144,4970,0,26,0,1,3,106496
134144,4971,0,26,1,1,2,106496
134144,4972,0,26,2,1,3,106496
134144,4973,0,26,3,1,2,106496
134145,4974,0,15,0,1,3,114688
134145,4975,0,15,1,1,2,106496
134145,4976,0,15,2,1,3,106496
134145,4977,0,15,3,1,2,106496
134176,4978,0,13,0,1,2,65536
134176,4979,0,13,1,1,3,65536
134176,4980,0,13,2,1,2,65536
134176,4981,0,13,3,1,3,65536
134177,4982,0,17,0,1,3,90112
134177,4983,0,17,1,1,2,90112
134177,4984,0,17,2,1,3,90112
134177,4985,0,17,3,1,2,81920
134177,4986,0,21,0,2,5,90112
134177,4987,0,21,1,2,4,90112
134177,4988,0,21,2,2,5,81920
134177,4989,0,21,3,2,4,81920
134209,4990,0,1,0,1,2,90112
134209,4991,0,1,1,1,3,90112
134209,4992,0,1,2,1,2,90112
134209,4993,0,1,3,1,3,81920
134304,4994,0,1,0,2,5,90112
134304,4995,0,1,1,2,4,90112
134304,4996,0,1,2,2,5,81920
134304,4997,0,1,3,2,4,81920
134304,4998,0,10,0,2,5,90112
134304,4999,0,10,1,2,4,90112
134304,5000,0,10,2,2,5,81920
134304,5001,0,10,3,2,4,81920
134305,5002,0,8,0,3,7,90112
134305,5003,0,8,1,3,6,90112
134305,5004,0,8,2,3,7,90112
134305,5005,0,8,3,3,6,81920
134305,5006,0,25,0,1,2,8192
134306,5007,0,24,0,2,4,90112
134306,5008,0,24,1,2,5,90112
134306,5009,0,24,2,2,4,81920
134306,5010,0,24,3,2,5,81920
134336,5011,0,13,0,1,2,90112
134336,5012,0,13,1,1,3,90112
134336,5013,0,13,2,1,2,81920
134336,5014,0,13,3,1,3,81920
134368,5015,0,25,0,2,4,90112
134368,5016,0,25,1,2,5,90112
134368,5017,0,25,2,2,4,81920
134368,5018,0,25,3,2,5,81920
134368,5019,0,17,0,1,2,90112
134368,5020,0,17,1,1,3,90112
134368,5021,0,17,2,1,2,90112
134368,5022,0,17,3,1,3,81920
134368,5023,0,24,0,1,2,90112
134368,5024,0,24,1,1,3,90112
134368,5025,0,24,2,1,2,81920
134368,5026,0,24,3,1,3,81920
134369,5027,0,31,0,1,3,90112
134369,5028,0,31,1,1,2,90112
134369,5029,0,31,2,1,3,81920
134369,5030,0,31,3,1,2,81920
134369,5031,0,3,0,1,2,90112
134369,5032,0,3,1,1,3,90112
134369,5033,0,3,2,1,2,81920
134369,5034,0,3,3,1,3,81920
134400,5035,0,5,0,3,7,65536
134400,5036,0,5,1,3,6,65536
134400,5037,0,5,2,3,7,65536
134400,5038,0,5,3,3,6,65536
134432,5039,0,10,0,1,3,90112
134432,5040,0,10,1,1,2,90112
134432,5041,0,10,2,1,3,81920
134432,5042,0,10,3,1,2,81920
134432,5043,0,7,0,1,3,155648
134432,5044,0,7,1,1,2,155648
134432,5045,0,7,2,1,3,155648
134432,5046,0,7,3,1,2,155648
134433,5047,0,11,0,1,2,90112
134433,5048,0,11,1,1,3,90112
134433,5049,0,11,2,1,2,81920
134433,5050,0,11,3,1,3,81920
134433,5051,0,16,0,1,2,65536
134433,5052,0,16,1,1,3,65536
134433,5053,0,16,2,1,2,65536
134433,5054,0,16,3,1,3,65536
134433,5055,0,13,0,1,3,90112
134433,5056,0,13,1,1,2,90112
134433,5057,0,13,2,1,3,81920
134433,5058,0,13,3,1,2,81920
134465,5059,0,5,0,1,2,90112
134465,5060,0,5,1,1,3,90112
134465,5061,0,5,2,1,2,81920
134465,5062,0,5,3,1,3,81920
134496,5063,0,22,0,1,2,90112
134496,5064,0,22,1,1,3,90112
134496,5065,0,22,2,1,2,81920
134496,5066,0,22,3,1,3,81920
134497,5067,0,6,0,1,3,106496
134497,5068,0,6,1,1,2,106496
134497,5069,0,6,2,1,3,106496
134497,5070,0,6,3,1,2,106496
134528,5071,0,28,0,2,5,90112
134528,5072,0,28,1,2,4,90112
134528,5073,0,28,2,2,5,81920
134528,5074,0,28,3,2,4,81920
134529,5075,0,23,0,1,2,139264
134529,5076,0,23,1,1,3,131072
134529,5077,0,23,2,1,2,131072
134529,5078,0,23,3,1,3,131072
134560,5079,0,23,0,2,4,90112
134560,5080,0,23,1,2,5,90112
134560,5081,0,23,2,2,4,81920
134560,5082,0,23,3,2,5,81920
134561,5083,0,13,0,1,2,114688
134561,5084,0,13,1,1,3,106496
134561,5085,0,13,2,1,2,106496
134561,5086,0,13,3,1,3,106496
134562,5087,0,2,0,2,5,90112
134562,5088,0,2,1,2,4,90112
134562,5089,0,2,2,2,5,81920
134562,5090,0,2,3,2,4,81920
134592,5091,0,21,0,1,2,90112
134592,5092,0,21,1,1,3,90112
134592,5093,0,21,2,1,2,81920
134592,5094,0,21,3,1,3,81920
134593,5095,0,17,0,1,2,90112
134593,5096,0,17,1,1,3,90112
134593,5097,0,17,2,1,2,81920
134593,5098,0,17,3,1,3,81920
134624,5099,0,6,0,1,3,114688
134624,5100,0,6,1,1,2,106496
134624,5101,0,6,2,1,3,106496
134624,5102,0,6,3,1,2,106496
134657,5103,0,19,0,2,4,65536
134657,5104,0,19,1,2,5,65536
134657,5105,0,19,2,2,4,65536
134657,5106,0,19,3,2,5,65536
134657,5107,0,12,0,2,4,90112
134657,5108,0,12,1,2,5,90112
134657,5109,0,12,2,2,4,81920
134657,5110,0,12,3,2,5,81920
134657,5111,0,16,0,2,5,196608
134657,5112,0,16,1,2,4,188416
134657,5113,0,16,2,2,5,188416
134657,5114,0,16,3,2,4,188416
134689,5115,0,2,0,1,3,90112
134689,5116,0,2,1,1,2,90112
134689,5117,0,2,2,1,3,81920
134689,5118,0,2,3,1,2,81920
134689,5119,0,28,0,1,3,90112
134689,5120,0,28,1,1,2,90112
134689,5121,0,28,2,1,3,81920
134689,5122,0,28,3,1,2,81920
134721,5123,0,28,0,1,2,90112
134721,5124,0,28,1,1,3,90112
134721,5125,0,28,2,1,2,81920
134721,5126,0,28,3,1,3,81920
134754,5127,0,20,0,2,5,180224
134754,5128,0,20,1,2,4,180224
134754,5129,0,20,2,2,5,172032
134754,5130,0,20,3,2,4,172032
134816,5131,0,7,0,2,5,114688
134816,5132,0,7,1,2,4,106496
134816,5133,0,7,2,2,5,106496
134816,5134,0,7,3,2,4,106496
134816,5135,0,25,0,1,3,90112
134816,5136,0,25,1,1,2,90112
134816,5137,0,25,2,1,3,81920
134816,5138,0,25,3,1,2,81920
134913,5139,0,7,0,1,2,114688
134913,5140,0,7,1,1,3,106496
134913,5141,0,7,2,1,2,106496
134913,5142,0,7,3,1,3,106496
134944,5143,0,10,0,2,4,90112
134944,5144,0,10,1,2,5,90112
134944,5145,0,10,2,2,4,81920
134944,5146,0,10,3,2,5,81920
135008,5147,0,9,0,1,2,114688
135008,5148,0,9,1,1,3,106496
135008,5149,0,9,2,1,2,106496
135008,5150,0,9,3,1,3,106496
135009,5151,0,28,0,2,5,90112
135009,5152,0,28,1,2,4,90112
135009,5153,0,28,2,2,5,81920
135009,5154,0,28,3,2,4,81920
135009,5155,0,8,0,1,2,139264
135009,5156,0,8,1,1,3,131072
135009,5157,0,8,2,1,2,131072
135009,5158,0,8,3,1,3,131072
135009,5159,0,15,0,1,3,90112
135009,5160,0,15,1,1,2,90112
135009,5161,0,15,2,1,3,81920
135009,5162,0,15,3,1,2,81920
135040,5163,0,10,0,1,3,90112
135040,5164,0,10,1,1,2,90112
135040,5165,0,10,2,1,3,81920
135040,5166,0,10,3,1,2,81920
135040,5167,0,5,0,1,3,90112
135040,5168,0,5,1,1,2,90112
135040,5169,0,5,2,1,3,81920
135040,5170,0,5,3,1,2,81920
135040,5171,0,26,0,1,2,114688
135040,5172,0,26,1,1,3,106496
135040,5173,0,26,2,1,2,106496
135040,5174,0,26,3,1,3,106496
135040,5175,0,5,0,2,5,90112
135040,5176,0,5,1,2,4,90112
135040,5177,0,5,2,2,5,81920
135040,5178,0,5,3,2,4,81920
135041,5179,0,11,0,1,2,106496
135041,5180,0,11,1,1,3,106496
135041,5181,0,11,2,1,2,106496
135041,5182,0,11,3,1,3,106496
135041,5183,0,31,0,1,3,90112
135041,5184,0,31,1,1,2,90112
135041,5185,0,31,2,1,3,81920
135041,5186,0,31,3,1,2,81920
135104,5187,0,25,0,1,2,90112
135104,5188,0,25,1,1,3,90112
135104,5189,0,25,2,1,2,90112
135104,5190,0,25,3,1,3,81920
135105,5191,0,30,0,1,2,131072
135105,5192,0,30,1,1,3,131072
135105,5193,0,30,2,1,2,131072
135105,5194,0,30,3,1,3,122880
135137,5195,0,26,0,1,3,106496
135137,5196,0,26,1,1,2,106496
135137,5197,0,26,2,1,3,106496
135137,5198,0,26,3,1,2,106496
135200,5199,0,1,0,2,4,90112
135200,5200,0,1,1,2,5,90112
135200,5201,0,1,2,2,4,81920
135200,5202,0,1,3,2,5,81920
135200,5203,0,7,0,1,3,155648
135200,5204,0,7,1,1,2,155648
135200,5205,0,7,2,1,3,155648
135200,5206,0,7,3,1,2,155648
135201,5207,0,17,0,1,2,90112
135201,5208,0,17,1,1,3,90112
135201,5209,0,17,2,1,2,90112
135201,5210,0,17,3,1,3,81920
135201,5211,0,3,0,3,6,90112
135201,5212,0,3,1,3,7,90112
135201,5213,0,3,2,3,6,81920
135201,5214,0,3,3,3,7,81920
135232,5215,0,26,0,1,2,114688
135232,5216,0,26,1,1,3,106496
135232,5217,0,26,2,1,2,106496
135232,5218,0,26,3,1,3,106496
135234,5219,0,3,0,2,5,90112
135234,5220,0,3,1,2,4,90112
135234,5221,0,3,2,2,5,81920
135234,5222,0,3,3,2,4,81920
135264,5223,0,23,0,2,5,90112
135264,5224,0,23,1,2,4,90112
135264,5225,0,23,2,2,5,81920
135264,5226,0,23,3,2,4,81920
135265,5227,0,5,0,1,2,90112
135265,5228,0,5,1,1,3,90112
135265,5229,0,5,2,1,2,81920
135265,5230,0,5,3,1,3,81920
135265,5231,0,18,0,1,2,106496
135265,5232,0,18,1,1,3,106496
135265,5233,0,18,2,1,2,106496
135265,5234,0,18,3,1,3,106496
135296,5235,0,10,0,1,3,90112
135296,5236,0,10,1,1,2,90112
135296,5237,0,10,2,1,3,81920
135296,5238,0,10,3,1,2,81920
135329,5239,0,12,0,1,3,8192
135330,5240,0,14,0,1,3,90112
135330,5241,0,14,1,1,2,90112
135330,5242,0,14,2,1,3,81920
135330,5243,0,14,3,1,2,81920
135360,5244,0,23,0,2,4,8192
135361,5245,0,21,0,2,4,90112
135361,5246,0,21,1,2,5,90112
135361,5247,0,21,2,2,4,81920
135361,5248,0,21,3,2,5,81920
135361,5249,0,3,0,1,3,90112
135361,5250,0,3,1,1,2,90112
135361,5251,0,3,2,1,3,81920
135361,5252,0,3,3,1,2,81920
135361,5253,0,4,0,0,0,8192
135393,5254,0,15,0,1,2,114688
135393,5255,0,15,1,1,3,106496
135393,5256,0,15,2,1,2,106496
135393,5257,0,15,3,1,3,106496
135425,5258,0,5,0,1,2,90112
135425,5259,0,5,1,1,3,90112
135425,5260,0,5,2,1,2,81920
135425,5261,0,5,3,1,3,81920
135425,5262,0,19,0,1,2,90112
135425,5263,0,19,1,1,3,90112
135425,5264,0,19,2,1,2,81920
135425,5265,0,19,3,1,3,81920
135457,5266,0,8,0,2,5,90112
135457,5267,0,8,1,2,4,90112
135457,5268,0,8,2,2,5,81920
135457,5269,0,8,3,2,4,81920
135488,5270,0,18,0,2,4,114688
135488,5271,0,18,1,2,5,106496
135488,5272,0,18,2,2,4,106496
135488,5273,0,18,3,2,5,106496
135489,5274,0,14,0,1,2,90112
135489,5275,0,14,1,1,3,90112
135489,5276,0,14,2,1,2,81920
135489,5277,0,14,3,1,3,81920
135520,5278,0,27,0,2,4,90112
135520,5279,0,27,1,2,5,90112
135520,5280,0,27,2,2,4,81920
135520,5281,0,27,3,2,5,81920
135521,5282,0,3,0,1,2,139264
135521,5283,0,3,1,1,3,131072
135521,5284,0,3,2,1,2,131072
135521,5285,0,3,3,1,3,131072
135553,5286,0,31,0,1,2,106496
135553,5287,0,31,1,1,3,106496
135553,5288,0,31,2,1,2,106496
135553,5289,0,31,3,1,3,106496
135584,5290,0,7,0,2,4,8192
135584,5291,0,12,0,1,3,90112
135584,5292,0,12,1,1,2,90112
135584,5293,0,12,2,1,3,81920
135584,5294,0,12,3,1,2,81920
135648,5295,0,5,0,1,3,90112
135648,5296,0,5,1,1,2,90112
135648,5297,0,5,2,1,3,81920
135648,5298,0,5,3,1,2,81920
135648,5299,0,4,0,2,4,90112
135648,5300,0,4,1,2,5,90112
135648,5301,0,4,2,2,4,81920
135648,5302,0,4,3,2,5,81920
135649,5303,0,23,0,1,3,90112
135649,5304,0,23,1,1,2,90112
135649,5305,0,23,2,1,3,81920
135649,5306,0,23,3,1,2,81920
135713,5307,0,16,0,1,3,90112
135713,5308,0,16,1,1,2,90112
135713,5309,0,16,2,1,3,90112
135713,5310,0,16,3,1,2,81920
135714,5311,0,1,0,1,2,180224
135714,5312,0,1,1,1,3,180224
135714,5313,0,1,2,1,2,172032
135714,5314,0,1,3,1,3,172032
135777,5315,0,8,0,2,4,139264
135777,5316,0,8,1,2,5,131072
135777,5317,0,8,2,2,4,131072
135777,5318,0,8,3,2,5,131072
135808,5319,0,20,0,2,5,90112
135808,5320,0,20,1,2,4,90112
135808,5321,0,20,2,2,5,81920
135808,5322,0,20,3,2,4,81920
135809,5323,0,28,0,1,3,90112
135809,5324,0,28,1,1,2,90112
135809,5325,0,28,2,1,3,81920
135809,5326,0,28,3,1,2,81920
135840,5327,0,2,0,2,4,90112
135840,5328,0,2,1,2,5,90112
135840,5329,0,2,2,2,4,81920
135840,5330,0,2,3,2,5,81920
135840,5331,0,12,0,1,3,106496
135840,5332,0,12,1,1,2,106496
135840,5333,0,12,2,1,3,106496
135840,5334,0,12,3,1,2,106496
135841,5335,0,13,0,1,3,65536
135841,5336,0,13,1,1,2,65536
135841,5337,0,13,2,1,3,65536
135841,5338,0,13,3,1,2,65536
135872,5339,0,26,0,2,4,106496
135872,5340,0,26,1,2,5,106496
135872,5341,0,26,2,2,4,106496
135872,5342,0,26,3,2,5,106496
135872,5343,0,3,0,2,5,139264
135872,5344,0,3,1,2,4,131072
135872,5345,0,3,2,2,5,131072
135872,5346,0,3,3,2,4,131072
135904,5347,0,29,0,1,3,90112
135904,5348,0,29,1,1,2,90112
135904,5349,0,29,2,1,3,81920
135904,5350,0,29,3,1,2,81920
135905,5351,0,14,0,1,2,65536
135905,5352,0,14,1,1,3,65536
135905,5353,0,14,2,1,2,65536
135905,5354,0,14,3,1,3,65536
135906,5355,0,18,0,1,2,114688
135906,5356,0,18,1,1,3,106496
135906,5357,0,18,2,1,2,106496
135906,5358,0,18,3,1,3,106496
135936,5359,0,12,0,1,2,90112
135936,5360,0,12,1,1,3,90112
135936,5361,0,12,2,1,2,81920
135936,5362,0,12,3,1,3,81920
135937,5363,0,17,0,2,5,65536
135937,5364,0,17,1,2,4,65536
135937,5365,0,17,2,2,5,65536
135937,5366,0,17,3,2,4,65536
136000,5367,0,14,0,1,3,65536
136000,5368,0,14,1,1,2,65536
136000,5369,0,14,2,1,3,65536
136000,5370,0,14,3,1,2,65536
136001,5371,0,4,0,2,4,139264
136001,5372,0,4,1,2,5,131072
136001,5373,0,4,2,2,4,131072
136001,5374,0,4,3,2,5,131072
136002,5375,0,8,0,1,3,90112
136002,5376,0,8,1,1,2,90112
136002,5377,0,8,2,1,3,81920
136002,5378,0,8,3,1,2,81920
136002,5379,0,24,0,2,4,90112
136002,5380,0,24,1,2,5,90112
136002,5381,0,24,2,2,4,81920
136002,5382,0,24,3,2,5,81920
136032,5383,0,18,0,1,2,106496
136032,5384,0,18,1,1,3,106496
136032,5385,0,18,2,1,2,106496
136032,5386,0,18,3,1,3,106496
136032,5387,0,23,0,0,0,8192
136033,5388,0,4,0,1,3,90112
136033,5389,0,4,1,1,2,90112
136033,5390,0,4,2,1,3,81920
136033,5391,0,4,3,1,2,81920
136064,5392,0,7,0,1,2,114688
136064,5393,0,7,1,1,3,106496
136064,5394,0,7,2,1,2,106496
136064,5395,0,7,3,1,3,106496
136065,5396,0,12,0,1,3,114688
136065,5397,0,12,1,1,2,106496
136065,5398,0,12,2,1,3,106496
136065,5399,0,12,3,1,2,106496
136160,5400,0,12,0,1,3,90112
136160,5401,0,12,1,1,2,90112
136160,5402,0,12,2,1,3,81920
136160,5403,0,12,3,1,2,81920
136160,5404,0,8,0,2,5,90112
136160,5405,0,8,1,2,4,90112
136160,5406,0,8,2,2,5,90112
136160,5407,0,8,3,2,4,90112
136193,5408,0,13,0,1,3,90112
136193,5409,0,13,1,1,2,90112
136193,5410,0,13,2,1,3,81920
136193,5411,0,13,3,1,2,81920
136193,5412,0,9,0,1,2,131072
136193,5413,0,9,1,1,3,131072
136193,5414,0,9,2,1,2,131072
136193,5415,0,9,3,1,3,122880
136225,5416,0,15,0,1,2,106496
136225,5417,0,15,1,1,3,106496
136225,5418,0,15,2,1,2,106496
136225,5419,0,15,3,1,3,106496
136256,5420,0,7,0,1,2,114688
136256,5421,0,7,1,1,3,106496
136256,5422,0,7,2,1,2,106496
136256,5423,0,7,3,1,3,106496
136257,5424,0,27,0,2,5,139264
136257,5425,0,27,1,2,4,131072
136257,5426,0,27,2,2,5,131072
136257,5427,0,27,3,2,4,131072
136257,5428,0,6,0,2,4,106496
136257,5429,0,6,1,2,5,106496
136257,5430,0,6,2,2,4,106496
136257,5431,0,6,3,2,5,106496
136288,5432,0,20,0,1,2,90112
136288,5433,0,20,1,1,3,90112
136288,5434,0,20,2,1,2,81920
136288,5435,0,20,3,1,3,81920
136320,5436,0,16,0,1,3,114688
136320,5437,0,16,1,1,2,106496
136320,5438,0,16,2,1,3,106496
136320,5439,0,16,3,1,2,106496
136352,5440,0,6,0,2,4,114688
136352,5441,0,6,1,2,5,106496
136352,5442,0,6,2,2,4,106496
136352,5443,0,6,3,2,5,106496
136353,5444,0,20,0,2,5,90112
136353,5445,0,20,1,2,4,90112
136353,5446,0,20,2,2,5,90112
136353,5447,0,20,3,2,4,81920
136353,5448,0,6,0,2,4,114688
136353,5449,0,6,1,2,5,106496
136353,5450,0,6,2,2,4,106496
136353,5451,0,6,3,2,5,106496
136384,5452,0,14,0,2,5,139264
136384,5453,0,14,1,2,4,131072
136384,5454,0,14,2,2,5,131072
136384,5455,0,14,3,2,4,131072
136385,5456,0,7,0,1,2,106496
136385,5457,0,7,1,1,3,106496
136385,5458,0,7,2,1,2,106496
136385,5459,0,7,3,1,3,106496
136386,5460,0,16,0,2,5,114688
136386,5461,0,16,1,2,4,106496
136386,5462,0,16,2,2,5,106496
136386,5463,0,16,3,2,4,106496
136417,5464,0,9,0,1,2,131072
136417,5465,0,9,1,1,3,131072
136417,5466,0,9,2,1,2,131072
136417,5467,0,9,3,1,3,122880
136448,5468,0,17,0,1,3,90112
136448,5469,0,17,1,1,2,90112
136448,5470,0,17,2,1,3,81920
136448,5471,0,17,3,1,2,81920
136449,5472,0,4,0,1,3,90112
136449,5473,0,4,1,1,2,90112
136449,5474,0,4,2,1,3,81920
136449,5475,0,4,3,1,2,81920
136450,5476,0,4,0,3,6,114688
136450,5477,0,4,1,3,7,106496
136450,5478,0,4,2,3,6,106496
136450,5479,0,4,3,3,7,106496
136544,5480,0,22,0,2,5,114688
136544,5481,0,22,1,2,4,106496
136544,5482,0,22,2,2,5,106496
136544,5483,0,22,3,2,4,106496
136544,5484,0,2,0,1,2,90112
136544,5485,0,2,1,1,3,90112
136544,5486,0,2,2,1,2,81920
136544,5487,0,2,3,1,3,81920
136673,5488,0,11,0,1,2,106496
136673,5489,0,11,1,1,3,106496
136673,5490,0,11,2,1,2,106496
136673,5491,0,11,3,1,3,106496
136705,5492,0,28,0,1,2,90112
136705,5493,0,28,1,1,3,90112
136705,5494,0,28,2,1,2,81920
136705,5495,0,28,3,1,3,81920
136705,5496,0,29,0,1,2,90112
136705,5497,0,29,1,1,3,90112
136705,5498,0,29,2,1,2,81920
136705,5499,0,29,3,1,3,81920
136737,5500,0,7,0,1,3,114688
136737,5501,0,7,1,1,2,106496
136737,5502,0,7,2,1,3,106496
136737,5503,0,7,3,1,2,106496
136864,5504,0,5,0,1,2,90112
136864,5505,0,5,1,1,3,90112
136864,5506,0,5,2,1,2,81920
136864,5507,0,5,3,1,3,81920
136865,5508,0,3,0,3,7,131072
136865,5509,0,3,1,3,6,131072
136865,5510,0,3,2,3,7,131072
136865,5511,0,3,3,3,6,122880
136960,5512,0,2,0,2,4,139264
136960,5513,0,2,1,2,5,131072
136960,5514,0,2,2,2,4,131072
136960,5515,0,2,3,2,5,131072
136961,5516,0,1,0,1,3,90112
136961,5517,0,1,1,1,2,90112
136961,5518,0,1,2,1,3,81920
136961,5519,0,1,3,1,2,81920
136992,5520,0,11,0,2,5,106496
136992,5521,0,11,1,2,4,106496
136992,5522,0,11,2,2,5,106496
136992,5523,0,11,3,2,4,106496
136992,5524,0,21,0,0,0,8192
136992,5525,0,5,0,2,5,90112
136992,5526,0,5,1,2,4,90112
136992,5527,0,5,2,2,5,81920
136992,5528,0,5,3,2,4,81920
137025,5529,0,4,0,1,3,90112
137025,5530,0,4,1,1,2,90112
137025,5531,0,4,2,1,3,81920
137025,5532,0,4,3,1,2,81920
137025,5533,0,1,0,1,2,114688
137025,5534,0,1,1,1,3,106496
137025,5535,0,1,2,1,2,106496
137025,5536,0,1,3,1,3,106496
137056,5537,0,2,0,1,3,180224
137056,5538,0,2,1,1,2,180224
137056,5539,0,2,2,1,3,180224
137056,5540,0,2,3,1,2,172032
137121,5541,0,16,0,1,3,90112
137121,5542,0,16,1,1,2,90112
137121,5543,0,16,2,1,3,81920
137121,5544,0,16,3,1,2,81920
137216,5545,0,15,0,1,2,90112
137216,5546,0,15,1,1,3,90112
137216,5547,0,15,2,1,2,81920
137216,5548,0,15,3,1,3,81920
137217,5549,0,24,0,1,2,90112
137217,5550,0,24,1,1,3,90112
137217,5551,0,24,2,1,2,81920
137217,5552,0,24,3,1,3,81920
137249,5553,0,26,0,1,2,114688
137249,5554,0,26,1,1,3,106496
137249,5555,0,26,2,1,2,106496
137249,5556,0,26,3,1,3,106496
137280,5557,0,14,0,2,4,139264
137280,5558,0,14,1,2,5,131072
137280,5559,0,14,2,2,4,131072
137280,5560,0,14,3,2,5,131072
137281,5561,0,3,0,1,3,90112
137281,5562,0,3,1,1,2,90112
137281,5563,0,3,2,1,3,81920
137281,5564,0,3,3,1,2,81920
137313,5565,0,21,0,1,3,90112
137313,5566,0,21,1,1,2,90112
137313,5567,0,21,2,1,3,81920
137313,5568,0,21,3,1,2,81920
137408,5569,0,9,0,1,3,172032
137408,5570,0,9,1,1,2,172032
137408,5571,0,9,2,1,3,172032
137408,5572,0,9,3,1,2,163840
137408,5573,0,20,0,1,2,90112
137408,5574,0,20,1,1,3,90112
137408,5575,0,20,2,1,2,81920
137408,5576,0,20,3,1,3,81920
137440,5577,0,18,0,1,3,90112
137440,5578,0,18,1,1,2,90112
137440,5579,0,18,2,1,3,90112
137440,5580,0,18,3,1,2,81920
137472,5581,0,18,0,1,2,114688
137472,5582,0,18,1,1,3,106496
137472,5583,0,18,2,1,2,106496
137472,5584,0,18,3,1,3,106496
137472,5585,0,31,0,1,2,65536
137472,5586,0,31,1,1,3,65536
137472,5587,0,31,2,1,2,65536
137472,5588,0,31,3,1,3,65536
137473,5589,0,2,0,1,3,90112
137473,5590,0,2,1,1,2,90112
137473,5591,0,2,2,1,3,81920
137473,5592,0,2,3,1,2,81920
137505,5593,0,29,0,1,3,90112
137505,5594,0,29,1,1,2,90112
137505,5595,0,29,2,1,3,81920
137505,5596,0,29,3,1,2,81920
137568,5597,0,8,0,1,3,90112
137568,5598,0,8,1,1,2,90112
137568,5599,0,8,2,1,3,81920
137568,5600,0,8,3,1,2,81920
137570,5601,0,28,0,2,5,90112
137570,5602,0,28,1,2,4,90112
137570,5603,0,28,2,2,5,81920
137570,5604,0,28,3,2,4,81920
137601,5605,0,26,0,2,5,114688
137601,5606,0,26,1,2,4,106496
137601,5607,0,26,2,2,5,106496
137601,5608,0,26,3,2,4,106496
137728,5609,0,9,0,1,2,131072
137728,5610,0,9,1,1,3,131072
137728,5611,0,9,2,1,2,131072
137728,5612,0,9,3,1,3,122880
137729,5613,0,28,0,2,5,90112
137729,5614,0,28,1,2,4,90112
137729,5615,0,28,2,2,5,81920
137729,5616,0,28,3,2,4,81920
137729,5617,0,30,0,1,3,8192
137857,5618,0,14,0,1,3,90112
137857,5619,0,14,1,1,2,90112
137857,5620,0,14,2,1,3,81920
137857,5621,0,14,3,1,2,81920
137920,5622,0,4,0,1,3,90112
137920,5623,0,4,1,1,2,90112
137920,5624,0,4,2,1,3,81920
137920,5625,0,4,3,1,2,81920
137920,5626,0,2,0,2,4,90112
137920,5627,0,2,1,2,5,90112
137920,5628,0,2,2,2,4,81920
137920,5629,0,2,3,2,5,81920
138080,5630,0,19,0,2,5,139264
138080,5631,0,19,1,2,4,131072
138080,5632,0,19,2,2,5,131072
138080,5633,0,19,3,2,4,131072
138177,5634,0,3,0,2,4,24576
138177,5635,0,3,1,2,5,24576
138177,5636,0,3,2,2,4,24576
138177,5637,0,3,3,2,5,24576
138240,5638,0,2,0,1,3,90112
138240,5639,0,2,1,1,2,90112
138240,5640,0,2,2,1,3,81920
138240,5641,0,2,3,1,2,81920
138304,5642,0,1,0,2,4,90112
138304,5643,0,1,1,2,5,90112
138304,5644,0,1,2,2,4,81920
138304,5645,0,1,3,2,5,81920
138496,5646,0,3,0,1,3,90112
138496,5647,0,3,1,1,2,90112
138496,5648,0,3,2,1,3,81920
138496,5649,0,3,3,1,2,81920
138561,5650,0,2,0,2,5,90112
138561,5651,0,2,1,2,4,90112
138561,5652,0,2,2,2,5,81920
138561,5653,0,2,3,2,4,81920
138625,5654,0,6,0,1,2,90112
138625,5655,0,6,1,1,3,90112
138625,5656,0,6,2,1,2,90112
138625,5657,0,6,3,1,3,81920
138657,5658,0,3,0,1,2,90112
138657,5659,0,3,1,1,3,90112
138657,5660,0,3,2,1,2,81920
138657,5661,0,3,3,1,3,81920
138689,5662,0,4,0,1,2,90112
138689,5663,0,4,1,1,3,90112
138689,5664,0,4,2,1,2,81920
138689,5665,0,4,3,1,3,81920
138784,5666,0,14,0,2,4,90112
138784,5667,0,14,1,2,5,90112
138784,5668,0,14,2,2,4,81920
138784,5669,0,14,3,2,5,81920
139040,5670,0,4,0,1,2,90112
139040,5671,0,4,1,1,3,90112
139040,5672,0,4,2,1,2,81920
139040,5673,0,4,3,1,3,81920
139040,5674,0,10,0,2,4,90112
139040,5675,0,10,1,2,5,90112
139040,5676,0,10,2,2,4,81920
139040,5677,0,10,3,2,5,81920
139072,5678,0,6,0,1,2,114688
139072,5679,0,6,1,1,3,106496
139072,5680,0,6,2,1,2,106496
139072,5681,0,6,3,1,3,106496
139232,5682,0,22,0,1,2,90112
139232,5683,0,22,1,1,3,90112
139232,5684,0,22,2,1,2,81920
139232,5685,0,22,3,1,3,81920
139234,5686,0,8,0,1,3,90112
139234,5687,0,8,1,1,2,90112
139234,5688,0,8,2,1,3,81920
139234,5689,0,8,3,1,2,81920
139328,5690,0,3,0,2,4,90112
139328,5691,0,3,1,2,5,90112
139328,5692,0,3,2,2,4,81920
139328,5693,0,3,3,2,5,81920
139392,5694,0,20,0,1,3,8192
139424,5695,0,9,0,1,3,131072
139424,5696,0,9,1,1,2,131072
139424,5697,0,9,2,1,3,131072
139424,5698,0,9,3,1,2,122880
139488,5699,0,7,0,1,2,114688
139488,5700,0,7,1,1,3,106496
139488,5701,0,7,2,1,2,106496
139488,5702,0,7,3,1,3,106496
139552,5703,0,10,0,1,2,90112
139552,5704,0,10,1,1,3,90112
139552,5705,0,10,2,1,2,81920
139552,5706,0,10,3,1,3,81920
139553,5707,0,6,0,1,3,114688
139553,5708,0,6,1,1,2,106496
139553,5709,0,6,2,1,3,106496
139553,5710,0,6,3,1,2,106496
139904,5711,0,23,0,2,4,90112
139904,5712,0,23,1,2,5,90112
139904,5713,0,23,2,2,4,81920
139904,5714,0,23,3,2,5,81920
139969,5715,0,20,0,1,2,90112
139969,5716,0,20,1,1,3,90112
139969,5717,0,20,2,1,2,81920
139969,5718,0,20,3,1,3,81920
140033,5719,0,5,0,2,4,90112
140033,5720,0,5,1,2,5,90112
140033,5721,0,5,2,2,4,81920
140033,5722,0,5,3,2,5,81920
140768,5723,0,19,0,2,4,139264
140768,5724,0,19,1,2,5,139264
140768,5725,0,19,2,2,4,131072
140768,5726,0,19,3,2,5,131072
140960,5727,0,30,0,1,2,90112
140960,5728,0,30,1,1,3,90112
140960,5729,0,30,2,1,2,81920
140960,5730,0,30,3,1,3,81920
140992,5731,0,4,0,2,5,90112
140992,5732,0,4,1,2,4,90112
140992,5733,0,4,2,2,5,81920
140992,5734,0,4,3,2,4,81920
141025,5735,0,8,0,1,3,65536
141025,5736,0,8,1,1,2,65536
141025,5737,0,8,2,1,3,65536
141025,5738,0,8,3,1,2,65536
141440,5739,0,6,0,3,7,65536
141440,5740,0,6,1,3,6,65536
141440,5741,0,6,2,3,7,65536
141440,5742,0,6,3,3,6,65536
141857,5743,0,2,0,1,3,90112
141857,5744,0,2,1,1,2,90112
141857,5745,0,2,2,1,3,81920
141857,5746,0,2,3,1,2,81920
142016,5747,0,31,0,2,4,90112
142016,5748,0,31,1,2,5,90112
142016,5749,0,31,2,2,4,81920
142016,5750,0,31,3,2,5,81920
142369,5751,0,29,0,2,4,90112
142369,5752,0,29,1,2,5,90112
142369,5753,0,29,2,2,4,81920
142369,5754,0,29,3,2,5,81920
143329,5755,0,24,0,1,2,90112
143329,5756,0,24,1,1,3,90112
143329,5757,0,24,2,1,2,81920
143329,5758,0,24,3,1,3,81920
143362,5759,0,27,0,2,4,90112
143362,5760,0,27,1,2,5,90112
143362,5761,0,27,2,2,4,81920
143362,5762,0,27,3,2,5,81920
143456,5763,0,8,0,2,5,90112
143456,5764,0,8,1,2,4,90112
143456,5765,0,8,2,2,5,81920
143456,5766,0,8,3,2,4,81920
143616,5767,0,21,0,1,2,90112
143616,5768,0,21,1,1,3,90112
143616,5769,0,21,2,1,2,81920
143616,5770,0,21,3,1,3,81920
148128,5771,0,15,0,1,3,114688
148128,5772,0,15,1,1,2,106496
148128,5773,0,15,2,1,3,106496
148128,5774,0,15,3,1,2,106496
149473,5775,0,6,0,1,3,114688
149473,5776,0,6,1,1,2,106496
149473,5777,0,6,2,1,3,106496
149473,5778,0,6,3,1,2,106496
150274,5779,0,22,0,1,3,90112
150274,5780,0,22,1,1,2,90112
150274,5781,0,22,2,1,3,81920
150274,5782,0,22,3,1,2,81920
151105,5783,0,18,0,1,3,90112
151105,5784,0,18,1,1,2,90112
151105,5785,0,18,2,1,3,90112
151105,5786,0,18,3,1,2,81920
158176,5787,0,0,0,1,2,139264
158176,5788,0,0,1,1,3,139264
158176,5789,0,0,2,1,2,131072
158176,5790,0,0,3,1,3,131072
159649,5791,0,0,0,1,3,139264
159649,5792,0,0,1,1,2,139264
159649,5793,0,0,2,1,3,131072
159649,5794,0,0,3,1,2,131072
161664,5795,0,0,0,1,2,49152
161664,5796,0,0,1,1,3,40960
161664,5797,0,0,2,1,2,40960
161664,5798,0,0,3,1,3,40960
161696,5799,0,0,0,1,3,180224
161696,5800,0,0,1,1,2,180224
161696,5801,0,0,2,1,3,180224
161696,5802,0,0,3,1,2,172032
161761,5803,0,0,0,2,4,90112
161761,5804,0,0,1,2,5,90112
161761,5805,0,0,2,2,4,81920
161761,5806,0,0,3,2,5,81920
161762,5807,0,0,0,2,5,90112
161762,5808,0,0,1,2,4,90112
161762,5809,0,0,2,2,5,81920
161762,5810,0,0,3,2,4,81920
162144,5811,0,0,0,2,4,90112
162144,5812,0,0,1,2,5,90112
162144,5813,0,0,2,2,4,81920
162144,5814,0,0,3,2,5,81920
162400,5815,0,0,0,2,4,90112
162400,5816,0,0,1,2,5,90112
162400,5817,0,0,2,2,4,81920
162400,5818,0,0,3,2,5,81920
162657,5819,0,0,0,1,3,90112
162657,5820,0,0,1,1,2,90112
162657,5821,0,0,2,1,3,81920
162657,5822,0,0,3,1,2,81920
163330,5823,0,0,0,2,5,90112
163330,5824,0,0,1,2,4,90112
163330,5825,0,0,2,2,5,81920
163330,5826,0,0,3,2,4,81920
165889,5827,0,0,0,2,4,139264
165889,5828,0,0,1,2,5,139264
165889,5829,0,0,2,2,4,131072
165889,5830,0,0,3,2,5,131072
167424,5831,0,0,0,1,3,90112
167424,5832,0,0,1,1,2,90112
167424,5833,0,0,2,1,3,81920
167424,5834,0,0,3,1,2,81920
168512,5835,0,0,0,1,2,90112
168512,5836,0,0,1,1,3,90112
168512,5837,0,0,2,1,2,81920
168512,5838,0,0,3,1,3,81920
239810,5839,0,1,0,1,2,90112
239810,5840,0,1,1,1,3,90112
239810,5841,0,1,2,1,2,81920
239810,5842,0,1,3,1,3,81920
940133,5843,0,0,0,0,1,24576
940133,5844,0,0,1,0,0,24576
940133,5845,0,0,2,0,1,24576
940133,5846,0,0,3,0,0,16384
1165477,5847,0,0,0,2,5,8192
