token_id,dst_rank,arrival_cycle,enqueue_cycle,dispatch_cycle,completion_cycle,queue_delay,total_latency,queue_depth_at_enqueue,aggregation_size,credit_stalled,counter_stalled
0,1,0,1165477,10382576,10385412,10382576,10385412,1089,1,false,false
1,1,0,1165477,10389548,10392384,10389548,10392384,1090,1,false,false
2,1,0,1165477,10396520,10399100,10396520,10399100,1091,1,false,false
3,1,0,1165477,10404004,10406584,10404004,10406584,1092,1,false,false
4,2,0,139969,3149176,3152012,3149176,3152012,309,1,false,false
5,2,0,139969,3157704,3160540,3157704,3160540,310,1,false,false
6,2,0,139969,3165976,3168556,3165976,3168556,311,1,false,false
7,2,0,139969,3175272,3177852,3175272,3177852,312,1,false,false
8,2,0,139969,3184568,3186124,3184568,3186124,313,1,false,false
9,2,0,139969,3193096,3194396,3193096,3194396,314,1,false,false
10,2,0,139969,3201368,3202668,3201368,3202668,315,1,false,false
11,2,0,139969,3208104,3209404,3208104,3209404,316,1,false,false
12,2,0,143616,6437144,6438700,6437144,6438700,647,1,false,false
13,2,0,143616,6443368,6444668,6443368,6444668,648,1,false,false
14,2,0,143616,6450872,6452172,6450872,6452172,649,1,false,false
15,2,0,143616,6458376,6459676,6458376,6459676,650,1,false,false
16,2,0,150274,6985592,6987148,6985592,6987148,708,1,false,false
17,2,0,150274,6993864,6995164,6993864,6995164,709,1,false,false
18,2,0,150274,7001880,7003180,7001880,7003180,710,1,false,false
19,2,0,150274,7010152,7011452,7010152,7011452,711,1,false,false
20,2,0,139904,2798824,2800380,2798824,2800380,272,1,false,false
21,2,0,139904,2808120,2809420,2808120,2809420,273,1,false,false
22,2,0,139904,2816904,2818204,2816904,2818204,274,1,false,false
23,2,0,139904,2825688,2826988,2825688,2826988,275,1,false,false
24,2,0,142016,5080008,5083612,5080008,5083612,502,1,false,false
25,2,0,142016,5092632,5095980,5092632,5095980,503,1,false,false
26,2,0,142016,5101928,5105276,5101928,5105276,504,1,false,false
27,2,0,142016,5111480,5114828,5111480,5114828,505,1,false,false
28,1,0,136992,1934676,1938280,1934676,1938280,184,1,false,false
29,1,0,136992,1946020,1949368,1946020,1949368,185,1,false,false
30,1,0,136992,1957108,1960456,1957108,1960456,186,1,false,false
31,1,0,136992,1966916,1970264,1966916,1970264,187,1,false,false
32,1,0,148128,8867772,8870608,8867772,8870608,965,1,false,false
33,1,0,148128,8874232,8877068,8874232,8877068,966,1,false,false
34,1,0,148128,8880436,8883016,8880436,8883016,967,1,false,false
35,1,0,148128,8886384,8888964,8886384,8888964,968,1,false,false
36,1,0,135104,135892,138728,135892,138728,1,1,false,false
37,1,0,135104,144420,147256,144420,147256,2,1,false,false
38,1,0,135104,152948,155528,152948,155528,3,1,false,false
39,1,0,135104,160708,163288,160708,163288,4,1,false,false
40,1,0,136992,1976980,1980584,1976980,1980584,188,1,false,false
41,1,0,136992,1987556,1990904,1987556,1990904,189,1,false,false
42,1,0,136992,1997876,2001224,1997876,2001224,190,1,false,false
43,1,0,136992,2008708,2012056,2008708,2012056,191,1,false,false
44,2,0,150274,7018424,7021260,7018424,7021260,712,1,false,false
45,2,0,150274,7027976,7030812,7027976,7030812,713,1,false,false
46,2,0,150274,7037528,7040108,7037528,7040108,714,1,false,false
47,2,0,150274,7047080,7049660,7047080,7049660,715,1,false,false
48,2,0,143329,5542680,5545516,5542680,5545516,551,1,false,false
49,2,0,143329,5552488,5555324,5552488,5555324,552,1,false,false
50,2,0,143329,5562040,5564620,5562040,5564620,553,1,false,false
51,2,0,143329,5571336,5573916,5571336,5573916,554,1,false,false
52,1,0,135104,170004,172840,170004,172840,5,1,false,false
53,1,0,135104,179812,182648,179812,182648,6,1,false,false
54,1,0,135104,189620,192200,189620,192200,7,1,false,false
55,1,0,135104,198916,201496,198916,201496,8,1,false,false
56,1,0,142369,7865796,7868632,7865796,7868632,804,1,false,false
57,1,0,142369,7874304,7877140,7874304,7877140,805,1,false,false
58,1,0,142369,7882556,7885136,7882556,7885136,806,1,false,false
59,1,0,142369,7890552,7893132,7890552,7893132,807,1,false,false
60,1,0,139328,3488820,3490376,3488820,3490376,350,1,false,false
61,1,0,139328,3493764,3495064,3493764,3495064,351,1,false,false
62,1,0,139328,3500756,3502056,3500756,3502056,352,1,false,false
63,1,0,139328,3507236,3508536,3507236,3508536,353,1,false,false
64,1,0,149473,9219308,9222144,9219308,9222144,1017,1,false,false
65,1,0,149473,9225000,9227836,9225000,9227836,1018,1,false,false
66,1,0,149473,9230436,9233272,9230436,9233272,1019,1,false,false
67,1,0,149473,9235872,9238452,9235872,9238452,1020,1,false,false
68,0,0,139488,6508048,6512164,6508048,6512164,657,1,false,false
69,0,0,139488,6515040,6519156,6515040,6519156,658,1,false,false
70,0,0,139488,6524592,6528708,6524592,6528708,659,1,false,false
71,0,0,139488,6533888,6537748,6533888,6537748,660,1,false,false
72,1,0,139488,4553844,4555912,4553844,4555912,450,1,false,false
73,1,0,139488,4561348,4563416,4561348,4563416,451,1,false,false
74,1,0,139488,4569108,4571176,4569108,4571176,452,1,false,false
75,1,0,139488,4576612,4578424,4576612,4578424,453,1,false,false
76,1,0,139424,3925748,3929864,3925748,3929864,394,1,false,false
77,1,0,139424,3938628,3942744,3938628,3942744,395,1,false,false
78,1,0,139424,3951764,3955880,3951764,3955880,396,1,false,false
79,1,0,139424,3961316,3965176,3961316,3965176,397,1,false,false
80,1,0,136992,2020308,2023144,2020308,2023144,192,1,false,false
81,1,0,136992,2031396,2034232,2031396,2034232,193,1,false,false
82,1,0,136992,2042484,2045064,2042484,2045064,194,1,false,false
83,1,0,136992,2053316,2055896,2053316,2055896,195,1,false,false
84,2,0,143329,5578072,5580908,5578072,5580908,555,1,false,false
85,2,0,143329,5587112,5589948,5587112,5589948,556,1,false,false
86,2,0,143329,5596152,5598732,5596152,5598732,557,1,false,false
87,2,0,143329,5604936,5607516,5604936,5607516,558,1,false,false
88,1,0,135104,207700,210536,207700,210536,9,1,false,false
89,1,0,135104,215460,218296,215460,218296,10,1,false,false
90,1,0,135104,222964,225544,222964,225544,11,1,false,false
91,1,0,135104,230212,232792,230212,232792,12,1,false,false
92,2,0,137601,1173176,1176012,1173176,1176012,106,1,false,false
93,2,0,137601,1183496,1186332,1183496,1186332,107,1,false,false
94,2,0,137601,1193816,1196396,1193816,1196396,108,1,false,false
95,2,0,137601,1203368,1205948,1203368,1205948,109,1,false,false
96,2,0,140960,4247752,4251868,4247752,4251868,422,1,false,false
97,2,0,140960,4260120,4264236,4260120,4264236,423,1,false,false
98,2,0,140960,4272488,4276348,4272488,4276348,424,1,false,false
99,2,0,140960,4284344,4288204,4284344,4288204,425,1,false,false
100,1,0,142016,7512724,7516328,7512724,7516328,764,1,false,false
101,1,0,142016,7523300,7526648,7523300,7526648,765,1,false,false
102,1,0,142016,7533364,7536712,7533364,7536712,766,1,false,false
103,1,0,142016,7543428,7546776,7543428,7546776,767,1,false,false
104,1,0,136992,2064660,2066728,2064660,2066728,196,1,false,false
105,1,0,136992,2075748,2077816,2075748,2077816,197,1,false,false
106,1,0,136992,2086836,2088904,2086836,2088904,198,1,false,false
107,1,0,136992,2096388,2098456,2096388,2098456,199,1,false,false
108,2,0,138784,1749448,1755100,1749448,1755100,166,1,false,false
109,2,0,138784,1760280,1765932,1760280,1765932,167,1,false,false
110,2,0,138784,1771624,1777020,1771624,1777020,168,1,false,false
111,2,0,138784,1782712,1788108,1782712,1788108,169,1,false,false
112,1,0,148128,8892332,8895936,8892332,8895936,969,1,false,false
113,1,0,148128,8902376,8905724,8902376,8905724,970,1,false,false
114,1,0,148128,8911908,8915256,8911908,8915256,971,1,false,false
115,1,0,148128,8921440,8924788,8921440,8924788,972,1,false,false
116,2,0,139904,2833960,2836796,2833960,2836796,276,1,false,false
117,2,0,139904,2840440,2843276,2840440,2843276,277,1,false,false
118,2,0,139904,2849480,2852060,2849480,2852060,278,1,false,false
119,2,0,139904,2858264,2860844,2858264,2860844,279,1,false,false
120,2,0,135104,138728,141564,138728,141564,1,1,false,false
121,2,0,135104,147256,150092,147256,150092,2,1,false,false
122,2,0,135104,155528,158108,155528,158108,3,1,false,false
123,2,0,135104,163288,165868,163288,165868,4,1,false,false
124,1,0,136992,2105940,2108776,2105940,2108776,200,1,false,false
125,1,0,136992,2116260,2119096,2116260,2119096,201,1,false,false
126,1,0,136992,2126580,2129160,2126580,2129160,202,1,false,false
127,1,0,136992,2134340,2136920,2134340,2136920,203,1,false,false
128,2,0,136160,287288,290124,287288,290124,18,1,false,false
129,2,0,136160,295816,298652,295816,298652,19,1,false,false
130,2,0,136160,303832,306412,303832,306412,20,1,false,false
131,2,0,136160,311848,314428,311848,314428,21,1,false,false
132,1,0,143329,8070784,8073620,8070784,8073620,837,1,false,false
133,1,0,143329,8077756,8080592,8077756,8080592,838,1,false,false
134,1,0,143329,8084728,8087308,8084728,8087308,839,1,false,false
135,1,0,143329,8091444,8094024,8091444,8094024,840,1,false,false
136,1,0,137601,2724436,2727784,2724436,2727784,264,1,false,false
137,1,0,137601,2733988,2737336,2733988,2737336,265,1,false,false
138,1,0,137601,2743540,2746888,2743540,2746888,266,1,false,false
139,1,0,137601,2752836,2756184,2752836,2756184,267,1,false,false
140,2,0,142369,5278216,5281052,5278216,5281052,522,1,false,false
141,2,0,142369,5288536,5291372,5288536,5291372,523,1,false,false
142,2,0,142369,5297320,5299900,5297320,5299900,524,1,false,false
143,2,0,142369,5306104,5308684,5306104,5308684,525,1,false,false
144,1,0,139328,3513204,3516808,3513204,3516808,354,1,false,false
145,1,0,139328,3523524,3526872,3523524,3526872,355,1,false,false
146,1,0,139328,3532564,3535912,3532564,3535912,356,1,false,false
147,1,0,139328,3541860,3545208,3541860,3545208,357,1,false,false
148,1,0,140992,6750868,6754472,6750868,6754472,684,1,false,false
149,1,0,140992,6760164,6763512,6760164,6763512,685,1,false,false
150,1,0,140992,6769204,6772552,6769204,6772552,686,1,false,false
151,1,0,140992,6777988,6781336,6777988,6781336,687,1,false,false
152,1,0,140033,5937956,5941560,5937956,5941560,593,1,false,false
153,1,0,140033,5951860,5955208,5951860,5955208,594,1,false,false
154,1,0,140033,5965252,5968600,5965252,5968600,595,1,false,false
155,1,0,140033,5975828,5979176,5975828,5979176,596,1,false,false
156,1,0,136992,2144404,2147240,2144404,2147240,204,1,false,false
157,1,0,136992,2154980,2157816,2154980,2157816,205,1,false,false
158,1,0,136992,2165300,2167880,2165300,2167880,206,1,false,false
159,1,0,136992,2175108,2177688,2175108,2177688,207,1,false,false
160,2,0,136160,317560,320396,317560,320396,22,1,false,false
161,2,0,136160,326088,328924,326088,328924,23,1,false,false
162,2,0,136160,334360,336940,334360,336940,24,1,false,false
163,2,0,136160,342376,344956,342376,344956,25,1,false,false
164,1,0,148128,8930972,8933808,8930972,8933808,973,1,false,false
165,1,0,148128,8937944,8940780,8937944,8940780,974,1,false,false
166,1,0,148128,8944916,8947496,8944916,8947496,975,1,false,false
167,1,0,148128,8949840,8952420,8949840,8952420,976,1,false,false
168,2,0,140960,4295944,4298780,4295944,4298780,426,1,false,false
169,2,0,140960,4306264,4309100,4306264,4309100,427,1,false,false
170,2,0,140960,4316072,4318652,4316072,4318652,428,1,false,false
171,2,0,140960,4325368,4327948,4325368,4327948,429,1,false,false
172,2,0,142016,5121288,5124892,5121288,5124892,506,1,false,false
173,2,0,142016,5131096,5134444,5131096,5134444,507,1,false,false
174,2,0,142016,5142440,5145788,5142440,5145788,508,1,false,false
175,2,0,142016,5154040,5157388,5154040,5157388,509,1,false,false
176,1,0,139424,3970612,3974728,3970612,3974728,398,1,false,false
177,1,0,139424,3980164,3984280,3980164,3984280,399,1,false,false
178,1,0,139424,3992020,3996136,3992020,3996136,400,1,false,false
179,1,0,139424,4003620,4007480,4003620,4007480,401,1,false,false
180,1,0,136992,2185172,2188520,2185172,2188520,208,1,false,false
181,1,0,136992,2196260,2199608,2196260,2199608,209,1,false,false
182,1,0,136992,2207092,2210440,2207092,2210440,210,1,false,false
183,1,0,136992,2217668,2221016,2217668,2221016,211,1,false,false
184,1,0,148128,8956556,8959904,8956556,8959904,977,1,false,false
185,1,0,148128,8963528,8966876,8963528,8966876,978,1,false,false
186,1,0,148128,8970244,8973592,8970244,8973592,979,1,false,false
187,1,0,148128,8976960,8980308,8976960,8980308,980,1,false,false
188,2,0,143616,6465880,6466156,6465880,6466156,651,1,false,false
189,2,0,135104,172840,175676,172840,175676,5,1,false,false
190,2,0,135104,182648,185484,182648,185484,6,1,false,false
191,2,0,135104,192200,194780,192200,194780,7,1,false,false
192,2,0,135104,201496,204076,201496,204076,8,1,false,false
193,2,0,140960,4335432,4339804,4335432,4339804,430,1,false,false
194,2,0,140960,4347288,4351660,4347288,4351660,431,1,false,false
195,2,0,140960,4359400,4363772,4359400,4363772,432,1,false,false
196,2,0,140960,4371000,4375372,4371000,4375372,433,1,false,false
197,2,0,142016,5165896,5168732,5165896,5168732,510,1,false,false
198,2,0,142016,5176728,5179564,5176728,5179564,511,1,false,false
199,2,0,142016,5185512,5188092,5185512,5188092,512,1,false,false
200,2,0,142016,5194296,5196876,5194296,5196876,513,1,false,false
201,1,0,148128,8983676,8987280,8983676,8987280,981,1,false,false
202,1,0,148128,8990136,8993484,8990136,8993484,982,1,false,false
203,1,0,148128,8996340,8999688,8996340,8999688,983,1,false,false
204,1,0,148128,9002544,9005892,9002544,9005892,984,1,false,false
205,1,0,139969,5577796,5578072,5577796,5578072,555,1,false,false
206,2,0,150274,7056632,7059468,7056632,7059468,716,1,false,false
207,2,0,150274,7066184,7069020,7066184,7069020,717,1,false,false
208,2,0,150274,7075736,7078316,7075736,7078316,718,1,false,false
209,2,0,150274,7085288,7087868,7085288,7087868,719,1,false,false
210,1,0,139328,3551156,3554760,3551156,3554760,358,1,false,false
211,1,0,139328,3560964,3564312,3560964,3564312,359,1,false,false
212,1,0,139328,3570004,3573352,3570004,3573352,360,1,false,false
213,1,0,139328,3578788,3582136,3578788,3582136,361,1,false,false
214,2,0,140960,4382856,4386460,4382856,4386460,434,1,false,false
215,2,0,140960,4393944,4397292,4393944,4397292,435,1,false,false
216,2,0,140960,4404264,4407612,4404264,4407612,436,1,false,false
217,2,0,140960,4414328,4417676,4414328,4417676,437,1,false,false
218,1,0,140992,6786516,6790120,6786516,6790120,688,1,false,false
219,1,0,140992,6795812,6799160,6795812,6799160,689,1,false,false
220,1,0,140992,6804852,6808200,6804852,6808200,690,1,false,false
221,1,0,140992,6813892,6817240,6813892,6817240,691,1,false,false
222,2,0,139424,2331032,2335148,2331032,2335148,223,1,false,false
223,2,0,139424,2342120,2346236,2342120,2346236,224,1,false,false
224,2,0,139424,2353208,2357324,2353208,2357324,225,1,false,false
225,2,0,139424,2364040,2367900,2364040,2367900,226,1,false,false
226,1,0,136992,2229524,2231592,2229524,2231592,212,1,false,false
227,1,0,136992,2239844,2241912,2239844,2241912,213,1,false,false
228,1,0,136992,2250164,2252232,2250164,2252232,214,1,false,false
229,1,0,136992,2260484,2262552,2260484,2262552,215,1,false,false
230,2,0,143616,6472360,6475196,6472360,6475196,652,1,false,false
231,2,0,143616,6480888,6483724,6480888,6483724,653,1,false,false
232,2,0,143616,6489416,6491996,6489416,6491996,654,1,false,false
233,2,0,143616,6497432,6500012,6497432,6500012,655,1,false,false
234,1,0,137729,3082548,3085384,3082548,3085384,302,1,false,false
235,1,0,137729,3092612,3095448,3092612,3095448,303,1,false,false
236,1,0,137729,3103444,3106024,3103444,3106024,304,1,false,false
237,1,0,137729,3110948,3113528,3110948,3113528,305,1,false,false
238,2,0,142369,5315144,5317980,5315144,5317980,526,1,false,false
239,2,0,142369,5323928,5326764,5323928,5326764,527,1,false,false
240,2,0,142369,5332712,5335292,5332712,5335292,528,1,false,false
241,2,0,142369,5341496,5344076,5341496,5344076,529,1,false,false
242,2,0,140960,4425928,4430300,4425928,4430300,438,1,false,false
243,2,0,140960,4438296,4442412,4438296,4442412,439,1,false,false
244,2,0,140960,4451432,4455548,4451432,4455548,440,1,false,false
245,2,0,140960,4464056,4468172,4464056,4468172,441,1,false,false
246,2,0,139969,3213560,3216396,3213560,3216396,317,1,false,false
247,2,0,139969,3220808,3223644,3220808,3223644,318,1,false,false
248,2,0,139969,3227800,3230380,3227800,3230380,319,1,false,false
249,2,0,139969,3234280,3236860,3234280,3236860,320,1,false,false
250,1,0,139904,5312308,5315144,5312308,5315144,526,1,false,false
251,1,0,139904,5321092,5323928,5321092,5323928,527,1,false,false
252,1,0,139904,5330132,5332712,5330132,5332712,528,1,false,false
253,1,0,139904,5338916,5341496,5338916,5341496,529,1,false,false
254,2,0,143329,5613464,5616300,5613464,5616300,559,1,false,false
255,2,0,143329,5621224,5624060,5621224,5624060,560,1,false,false
256,2,0,143329,5628984,5631564,5628984,5631564,561,1,false,false
257,2,0,143329,5636488,5639068,5636488,5639068,562,1,false,false
258,1,0,142369,7898548,7901384,7898548,7901384,808,1,false,false
259,1,0,142369,7904240,7907076,7904240,7907076,809,1,false,false
260,1,0,142369,7909932,7912512,7909932,7912512,810,1,false,false
261,1,0,142369,7915368,7917948,7915368,7917948,811,1,false,false
262,2,0,140960,4475656,4478492,4475656,4478492,442,1,false,false
263,2,0,140960,4485976,4488812,4485976,4488812,443,1,false,false
264,2,0,140960,4496552,4499132,4496552,4499132,444,1,false,false
265,2,0,140960,4506360,4508940,4506360,4508940,445,1,false,false
266,1,2176,143456,8389100,8389888,8386924,8387712,890,1,false,false
267,1,2176,143456,8393512,8394300,8391336,8392124,891,1,false,false
268,1,2176,143456,8397668,8398456,8395492,8396280,892,1,false,false
269,1,2176,143456,8401824,8402356,8399648,8400180,893,1,false,false
270,3,59360,239810,12684832,12686900,12625472,12627540,1785,1,false,false
271,3,59360,239810,12687688,12689756,12628328,12630396,1786,1,false,false
272,3,59360,239810,12690544,12692612,12631184,12633252,1787,1,false,false
273,3,59360,239810,12693400,12695468,12634040,12636108,1788,1,false,false
274,3,60160,1165477,12897408,12901524,12837248,12841364,1753,1,false,false
275,3,60160,1165477,12903080,12907196,12842920,12847036,1754,1,false,false
276,3,60160,1165477,12908496,12912612,12848336,12852452,1755,1,false,false
277,3,60160,1165477,12913912,12917772,12853752,12857612,1756,1,false,false
278,2,62816,140768,3669896,3673500,3607080,3610684,370,1,false,false
279,2,62816,140768,3680984,3684332,3618168,3621516,371,1,false,false
280,2,62816,140768,3691816,3695164,3629000,3632348,372,1,false,false
281,2,62816,140768,3702648,3705996,3639832,3643180,373,1,false,false
282,0,63392,139552,7051728,7053796,6988336,6990404,717,1,false,false
283,0,63392,139552,7061536,7063604,6998144,7000212,718,1,false,false
284,0,63392,139552,7071088,7073156,7007696,7009764,719,1,false,false
285,0,63392,139552,7080384,7082452,7016992,7019060,720,1,false,false
286,0,63456,140960,9180212,9181000,9116756,9117544,1011,1,false,false
287,0,63456,140960,9185904,9186692,9122448,9123236,1012,1,false,false
288,0,63456,140960,9191340,9192128,9127884,9128672,1013,1,false,false
289,0,63456,140960,9196264,9196796,9132808,9133340,1014,1,false,false
290,0,63520,239810,12623540,12625608,12560020,12562088,1770,1,false,false
291,0,63520,239810,12627676,12629744,12564156,12566224,1771,1,false,false
292,0,63520,239810,12631812,12633880,12568292,12570360,1772,1,false,false
293,0,63520,239810,12635948,12638016,12572428,12574496,1773,1,false,false
294,2,63617,151105,7208696,7211532,7145079,7147915,732,1,false,false
295,2,63617,151105,7219016,7221852,7155399,7158235,733,1,false,false
296,2,63617,151105,7229336,7231916,7165719,7168299,734,1,false,false
297,2,63617,151105,7240680,7243260,7177063,7179643,735,1,false,false
298,0,63680,140960,9201700,9202488,9138020,9138808,1015,1,false,false
299,0,63680,140960,9207136,9207924,9143456,9144244,1016,1,false,false
300,0,63680,140960,9212572,9213360,9148892,9149680,1017,1,false,false
301,0,63680,140960,9218776,9219308,9155096,9155628,1018,1,false,false
302,0,63872,151105,12421716,12423272,12357844,12359400,1721,1,false,false
303,0,63872,151105,12425340,12426640,12361468,12362768,1722,1,false,false
304,0,63872,151105,12428708,12430008,12364836,12366136,1723,1,false,false
305,0,63872,151105,12432076,12433376,12368204,12369504,1724,1,false,false
306,0,63873,143329,10900388,10901176,10836515,10837303,1308,1,false,false
307,0,63873,143329,10903244,10904032,10839371,10840159,1309,1,false,false
308,0,63873,143329,10906100,10906888,10842227,10843015,1310,1,false,false
309,0,63873,143329,10908956,10909488,10845083,10845615,1311,1,false,false
310,0,64065,150274,12231276,12232832,12167211,12168767,1664,1,false,false
311,0,64065,150274,12234900,12236200,12170835,12172135,1665,1,false,false
312,0,64065,150274,12238268,12239568,12174203,12175503,1666,1,false,false
313,0,64065,150274,12241636,12242936,12177571,12178871,1667,1,false,false
314,2,64096,139969,3242296,3243852,3178200,3179756,321,1,false,false
315,2,64096,139969,3249544,3250844,3185448,3186748,322,1,false,false
316,2,64096,139969,3256280,3257580,3192184,3193484,323,1,false,false
317,2,64096,139969,3265064,3266364,3200968,3202268,324,1,false,false
318,0,64128,142369,10693188,10693976,10629060,10629848,1248,1,false,false
319,0,64128,142369,10696044,10696832,10631916,10632704,1249,1,false,false
320,0,64128,142369,10698900,10699688,10634772,10635560,1250,1,false,false
321,0,64128,142369,10701756,10702288,10637628,10638160,1251,1,false,false
322,0,64192,139488,6543952,6545508,6479760,6481316,661,1,false,false
323,0,64192,139488,6551456,6552756,6487264,6488564,662,1,false,false
324,0,64192,139488,6558960,6560260,6494768,6496068,663,1,false,false
325,0,64192,139488,6566464,6567764,6502272,6503572,664,1,false,false
326,0,64224,140960,9224212,9225000,9159988,9160776,1019,1,false,false
327,0,64224,140960,9229648,9230436,9165424,9166212,1020,1,false,false
328,0,64224,140960,9235084,9235872,9170860,9171648,1021,1,false,false
329,0,64224,140960,9240520,9241052,9176296,9176828,1022,1,false,false
330,0,64288,140768,8779300,8780088,8715012,8715800,951,1,false,false
331,0,64288,140768,8784992,8785780,8720704,8721492,952,1,false,false
332,0,64288,140768,8790428,8791216,8726140,8726928,953,1,false,false
333,0,64288,140768,8795864,8796396,8731576,8732108,954,1,false,false
334,2,64352,136448,560952,563020,496600,498668,50,1,false,false
335,2,64352,136448,569736,571804,505384,507452,51,1,false,false
336,2,64352,136448,578776,580844,514424,516492,52,1,false,false
337,2,64352,136448,587304,589372,522952,525020,53,1,false,false
338,0,64384,143329,10911556,10913624,10847172,10849240,1312,1,false,false
339,0,64384,143329,10915692,10917760,10851308,10853376,1313,1,false,false
340,0,64384,143329,10919828,10921896,10855444,10857512,1314,1,false,false
341,0,64384,143329,10923964,10926032,10859580,10861648,1315,1,false,false
342,2,64385,1165477,7615432,7615708,7551047,7551323,670,1,false,false
343,0,64480,143329,10928100,10928888,10863620,10864408,1316,1,false,false
344,0,64480,143329,10930956,10931744,10866476,10867264,1317,1,false,false
345,0,64480,143329,10933812,10934600,10869332,10870120,1318,1,false,false
346,0,64480,143329,10936668,10937200,10872188,10872720,1319,1,false,false
347,3,64480,139969,8094024,8096092,8029544,8031612,841,1,false,false
348,3,64480,139969,8098436,8100504,8033956,8036024,842,1,false,false
349,3,64480,139969,8104896,8106964,8040416,8042484,843,1,false,false
350,3,64480,139969,8111100,8113168,8046620,8048688,844,1,false,false
351,2,64512,143456,6250648,6252204,6186136,6187692,623,1,false,false
352,2,64512,143456,6258152,6259452,6193640,6194940,624,1,false,false
353,2,64512,143456,6265656,6266956,6201144,6202444,625,1,false,false
354,2,64512,143456,6273160,6274460,6208648,6209948,626,1,false,false
355,3,64544,136160,667836,670672,603292,606128,61,1,false,false
356,3,64544,136160,676364,679200,611820,614656,62,1,false,false
357,3,64544,136160,684636,687216,620092,622672,63,1,false,false
358,3,64544,136160,692396,694976,627852,630432,64,1,false,false
359,0,64544,151105,12435444,12436232,12370900,12371688,1725,1,false,false
360,0,64544,151105,12438300,12439088,12373756,12374544,1726,1,false,false
361,0,64544,151105,12441156,12441944,12376612,12377400,1727,1,false,false
362,0,64544,151105,12444012,12444544,12379468,12380000,1728,1,false,false
363,0,64545,143616,11595204,11596760,11530659,11532215,1488,1,false,false
364,0,64545,143616,11599340,11600640,11534795,11536095,1489,1,false,false
365,0,64545,143616,11603476,11604776,11538931,11540231,1490,1,false,false
366,0,64545,143616,11607612,11608912,11543067,11544367,1491,1,false,false
367,0,64577,136193,1309760,1312596,1245183,1248019,120,1,false,false
368,0,64577,136193,1320848,1323684,1256271,1259107,121,1,false,false
369,0,64577,136193,1331936,1334516,1267359,1269939,122,1,false,false
370,0,64577,136193,1342512,1345092,1277935,1280515,123,1,false,false
371,0,64608,136992,2501568,2502356,2436960,2437748,240,1,false,false
372,0,64608,136992,2510608,2511396,2446000,2446788,241,1,false,false
373,0,64608,136992,2519648,2520436,2455040,2455828,242,1,false,false
374,0,64608,136992,2528432,2528964,2463824,2464356,243,1,false,false
375,0,64608,136992,2536960,2539028,2472352,2474420,244,1,false,false
376,0,64608,136992,2547280,2549348,2482672,2484740,245,1,false,false
377,0,64608,136992,2557600,2559668,2492992,2495060,246,1,false,false
378,0,64608,136992,2567664,2569732,2503056,2505124,247,1,false,false
379,3,64609,140960,9216708,9218776,9152099,9154167,1018,1,false,false
380,3,64609,140960,9222144,9224212,9157535,9159603,1019,1,false,false
381,3,64609,140960,9227836,9229648,9163227,9165039,1020,1,false,false
382,3,64609,140960,9233272,9235084,9168663,9170475,1021,1,false,false
383,0,64672,135104,135104,135892,70432,71220,1,1,false,false
384,0,64672,135104,143632,144420,78960,79748,2,1,false,false
385,0,64672,135104,152160,152948,87488,88276,3,1,false,false
386,0,64672,135104,160176,160708,95504,96036,4,1,false,false
387,0,64704,137729,4217088,4219156,4152384,4154452,420,1,false,false
388,0,64704,137729,4229456,4231524,4164752,4166820,421,1,false,false
389,0,64704,137729,4241568,4243636,4176864,4178932,422,1,false,false
390,0,64704,137729,4253936,4256004,4189232,4191300,423,1,false,false
391,1,64736,150274,9523260,9523536,9458524,9458800,1061,1,false,false
392,0,64736,139488,6575248,6576804,6510512,6512068,665,1,false,false
393,0,64736,139488,6584288,6585588,6519552,6520852,666,1,false,false
394,0,64736,139488,6590512,6591812,6525776,6527076,667,1,false,false
395,0,64736,139488,6600064,6601364,6535328,6536628,668,1,false,false
396,0,64737,139552,7090704,7092260,7025967,7027523,721,1,false,false
397,0,64737,139552,7099488,7100788,7034751,7036051,722,1,false,false
398,0,64737,139552,7107248,7108548,7042511,7043811,723,1,false,false
399,0,64737,139552,7115008,7116308,7050271,7051571,724,1,false,false
400,0,64768,141857,9931680,9933236,9866912,9868468,1128,1,false,false
401,0,64768,141857,9938908,9940208,9874140,9875440,1129,1,false,false
402,0,64768,141857,9945624,9946924,9880856,9882156,1130,1,false,false
403,0,64768,141857,9952340,9953640,9887572,9888872,1131,1,false,false
404,0,64768,151105,12446612,12448168,12381844,12383400,1729,1,false,false
405,0,64768,151105,12450236,12451536,12385468,12386768,1730,1,false,false
406,0,64768,151105,12453604,12454904,12388836,12390136,1731,1,false,false
407,0,64768,151105,12456972,12458272,12392204,12393504,1732,1,false,false
408,0,64800,135104,167936,170004,103136,105204,5,1,false,false
409,0,64800,135104,177744,179812,112944,115012,6,1,false,false
410,0,64800,135104,187552,189620,122752,124820,7,1,false,false
411,0,64800,135104,196848,198916,132048,134116,8,1,false,false
412,0,64800,143456,11335780,11338616,11270980,11273816,1428,1,false,false
413,0,64800,143456,11340684,11343520,11275884,11278720,1429,1,false,false
414,0,64800,143456,11345588,11348168,11280788,11283368,1430,1,false,false
415,0,64800,143456,11350236,11352816,11285436,11288016,1431,1,false,false
416,0,64800,139488,6609616,6610404,6544816,6545604,669,1,false,false
417,0,64800,139488,6618656,6619444,6553856,6554644,670,1,false,false
418,0,64800,139488,6627440,6628228,6562640,6563428,671,1,false,false
419,0,64800,139488,6636480,6637012,6571680,6572212,672,1,false,false
420,0,64800,138784,4838848,4840916,4774048,4776116,480,1,false,false
421,0,64800,138784,4847632,4849700,4782832,4784900,481,1,false,false
422,0,64800,138784,4856416,4858484,4791616,4793684,482,1,false,false
423,0,64800,138784,4865712,4867780,4800912,4802980,483,1,false,false
424,2,64801,135104,210536,212092,145735,147291,9,1,false,false
425,2,64801,135104,218296,219596,153495,154795,10,1,false,false
426,2,64801,135104,225544,226844,160743,162043,11,1,false,false
427,2,64801,135104,232792,234092,167991,169291,12,1,false,false
428,0,64832,135104,206144,207700,141312,142868,9,1,false,false
429,0,64832,135104,214160,215460,149328,150628,10,1,false,false
430,0,64832,135104,221664,222964,156832,158132,11,1,false,false
431,0,64832,135104,228912,230212,164080,165380,12,1,false,false
432,0,64832,139488,6645264,6647332,6580432,6582500,673,1,false,false
433,0,64832,139488,6655584,6657652,6590752,6592820,674,1,false,false
434,0,64832,139488,6665648,6667716,6600816,6602884,675,1,false,false
435,0,64832,139488,6676480,6678548,6611648,6613716,676,1,false,false
436,3,64833,143362,11160960,11163028,11096127,11098195,1377,1,false,false
437,3,64833,143362,11164328,11166396,11099495,11101563,1378,1,false,false
438,3,64833,143362,11167696,11169764,11102863,11104931,1379,1,false,false
439,3,64833,143362,11171832,11173900,11106999,11109067,1380,1,false,false
440,0,64864,139969,8051128,8052684,7986264,7987820,834,1,false,false
441,0,64864,139969,8057588,8058888,7992724,7994024,835,1,false,false
442,0,64864,139969,8063536,8064836,7998672,7999972,836,1,false,false
443,0,64864,139969,8069484,8070784,8004620,8005920,837,1,false,false
444,0,64896,139552,7123280,7125348,7058384,7060452,725,1,false,false
445,0,64896,139552,7134624,7136692,7069728,7071796,726,1,false,false
446,0,64896,139552,7145200,7147268,7080304,7082372,727,1,false,false
447,0,64896,139552,7155776,7157844,7090880,7092948,728,1,false,false
448,0,64896,150274,12245004,12245792,12180108,12180896,1668,1,false,false
449,0,64896,150274,12247860,12248648,12182964,12183752,1669,1,false,false
450,0,64896,150274,12250716,12251504,12185820,12186608,1670,1,false,false
451,0,64896,150274,12253572,12254104,12188676,12189208,1671,1,false,false
452,0,64928,138784,4874496,4876052,4809568,4811124,484,1,false,false
453,0,64928,138784,4884816,4886116,4819888,4821188,485,1,false,false
454,0,64928,138784,4894880,4896180,4829952,4831252,486,1,false,false
455,0,64928,138784,4904944,4906244,4840016,4841316,487,1,false,false
456,0,64928,143329,10939268,10940824,10874340,10875896,1320,1,false,false
457,0,64928,143329,10942892,10944192,10877964,10879264,1321,1,false,false
458,0,64928,143329,10946260,10947560,10881332,10882632,1322,1,false,false
459,0,64928,143329,10949628,10950928,10884700,10886000,1323,1,false,false
460,0,64928,137601,3569216,3570004,3504288,3505076,360,1,false,false
461,0,64928,137601,3578000,3578788,3513072,3513860,361,1,false,false
462,0,64928,137601,3586784,3587572,3521856,3522644,362,1,false,false
463,0,64928,137601,3595312,3595844,3530384,3530916,363,1,false,false
464,0,64929,138784,4915008,4917076,4850079,4852147,488,1,false,false
465,0,64929,138784,4925840,4927908,4860911,4862979,489,1,false,false
466,0,64929,138784,4936672,4938740,4871743,4873811,490,1,false,false
467,0,64929,138784,4949552,4951620,4884623,4886691,491,1,false,false
468,0,64960,151105,12460340,12461128,12395380,12396168,1733,1,false,false
469,0,64960,151105,12463196,12463984,12398236,12399024,1734,1,false,false
470,0,64960,151105,12466052,12466840,12401092,12401880,1735,1,false,false
471,0,64960,151105,12468908,12469440,12403948,12404480,1736,1,false,false
472,3,64960,142016,10413044,10415112,10348084,10350152,1197,1,false,false
473,3,64960,142016,10418992,10421060,10354032,10356100,1198,1,false,false
474,3,64960,142016,10424940,10427008,10359980,10362048,1199,1,false,false
475,3,64960,142016,10429096,10431164,10364136,10366204,1200,1,false,false
476,0,64960,137729,4266304,4268372,4201344,4203412,424,1,false,false
477,0,64960,137729,4278416,4280484,4213456,4215524,425,1,false,false
478,0,64960,137729,4290272,4292340,4225312,4227380,426,1,false,false
479,0,64960,137729,4300848,4302916,4235888,4237956,427,1,false,false
480,0,64960,136160,661632,662420,596672,597460,60,1,false,false
481,0,64960,136160,670672,671460,605712,606500,61,1,false,false
482,0,64960,136160,679200,679988,614240,615028,62,1,false,false
483,0,64960,136160,687216,687748,622256,622788,63,1,false,false
484,2,64992,143329,5643480,5645036,5578488,5580044,563,1,false,false
485,2,64992,143329,5651240,5652540,5586248,5587548,564,1,false,false
486,2,64992,143329,5658744,5660044,5593752,5595052,565,1,false,false
487,2,64992,143329,5666248,5667548,5601256,5602556,566,1,false,false
488,0,65024,138784,4961664,4962452,4896640,4897428,492,1,false,false
489,0,65024,138784,4972752,4973540,4907728,4908516,493,1,false,false
490,0,65024,138784,4983840,4984628,4918816,4919604,494,1,false,false
491,0,65024,138784,4993904,4994436,4928880,4929412,495,1,false,false
492,3,65024,143616,11636288,11638356,11571264,11573332,1497,1,false,false
493,3,65024,143616,11639656,11641724,11574632,11576700,1498,1,false,false
494,3,65024,143616,11643024,11645092,11578000,11580068,1499,1,false,false
495,3,65024,143616,11645880,11647948,11580856,11582924,1500,1,false,false
496,0,65057,143362,11128580,11130136,11063523,11065079,1368,1,false,false
497,0,65057,143362,11132204,11133504,11067147,11068447,1369,1,false,false
498,0,65057,143362,11135572,11136872,11070515,11071815,1370,1,false,false
499,0,65057,143362,11138940,11140240,11073883,11075183,1371,1,false,false
500,0,65088,137729,4311168,4312724,4246080,4247636,428,1,false,false
501,0,65088,137729,4320720,4322020,4255632,4256932,429,1,false,false
502,0,65088,137729,4330016,4331316,4264928,4266228,430,1,false,false
503,0,65088,137729,4341872,4343172,4276784,4278084,431,1,false,false
504,3,65088,140992,9606356,9608424,9541268,9543336,1078,1,false,false
505,3,65088,140992,9611536,9613604,9546448,9548516,1079,1,false,false
506,3,65088,140992,9617740,9619808,9552652,9554720,1080,1,false,false
507,3,65088,140992,9623944,9626012,9558856,9560924,1081,1,false,false
508,2,65088,143616,6505192,6506748,6440104,6441660,656,1,false,false
509,2,65088,143616,6512440,6513740,6447352,6448652,657,1,false,false
510,2,65088,143616,6521992,6523292,6456904,6458204,658,1,false,false
511,2,65088,143616,6531544,6532844,6466456,6467756,659,1,false,false
512,0,65120,139328,5426048,5427604,5360928,5362484,540,1,false,false
513,0,65120,139328,5437136,5438436,5372016,5373316,541,1,false,false
514,0,65120,139328,5447968,5449268,5382848,5384148,542,1,false,false
515,0,65120,139328,5459056,5460356,5393936,5395236,543,1,false,false
516,0,65152,142369,10704356,10705912,10639204,10640760,1252,1,false,false
517,0,65152,142369,10707980,10709280,10642828,10644128,1253,1,false,false
518,0,65152,142369,10711348,10712648,10646196,10647496,1254,1,false,false
519,0,65152,142369,10714716,10716016,10649564,10650864,1255,1,false,false
520,0,65153,140768,8801300,8803368,8736147,8738215,955,1,false,false
521,0,65153,140768,8808272,8810340,8743119,8745187,956,1,false,false
522,0,65153,140768,8814988,8817056,8749835,8751903,957,1,false,false
523,0,65153,140768,8821704,8823772,8756551,8758619,958,1,false,false
524,3,65184,1165477,12919072,12921140,12853888,12855956,1757,1,false,false
525,3,65184,1165477,12923208,12925276,12858024,12860092,1758,1,false,false
526,3,65184,1165477,12927344,12929412,12862160,12864228,1759,1,false,false
527,3,65184,1165477,12931480,12933548,12866296,12868364,1760,1,false,false
528,0,65184,141857,9959056,9963172,9893872,9897988,1132,1,false,false
529,0,65184,141857,9968076,9972192,9902892,9907008,1133,1,false,false
530,0,65184,141857,9978632,9982748,9913448,9917564,1134,1,false,false
531,0,65184,141857,9988932,9992792,9923748,9927608,1135,1,false,false
532,1,65185,140768,6367716,6369272,6302531,6304087,637,1,false,false
533,1,65185,140768,6375476,6376776,6310291,6311591,638,1,false,false
534,1,65185,140768,6382980,6384280,6317795,6319095,639,1,false,false
535,1,65185,140768,6388692,6389992,6323507,6324807,640,1,false,false
536,2,65185,143616,6540328,6541884,6475143,6476699,660,1,false,false
537,2,65185,143616,6548088,6549388,6482903,6484203,661,1,false,false
538,2,65185,143616,6555592,6556892,6490407,6491707,662,1,false,false
539,2,65185,143616,6563096,6564396,6497911,6499211,663,1,false,false
540,1,65185,139969,5585556,5587112,5520371,5521927,556,1,false,false
541,1,65185,139969,5594852,5596152,5529667,5530967,557,1,false,false
542,1,65185,139969,5603636,5604936,5538451,5539751,558,1,false,false
543,1,65185,139969,5612164,5613464,5546979,5548279,559,1,false,false
544,0,65216,139424,5987408,5988196,5922192,5922980,597,1,false,false
545,0,65216,139424,5997984,5998772,5932768,5933556,598,1,false,false
546,0,65216,139424,6008304,6009092,5943088,5943876,599,1,false,false
547,0,65216,139424,6018624,6019156,5953408,5953940,600,1,false,false
548,0,65216,140960,9246468,9248024,9181252,9182808,1023,1,false,false
549,0,65216,140960,9253184,9254484,9187968,9189268,1024,1,false,false
550,0,65216,140960,9259644,9260944,9194428,9195728,1025,1,false,false
551,0,65216,140960,9267128,9268428,9201912,9203212,1026,1,false,false
552,2,65216,139328,2129160,2129436,2063944,2064220,202,1,false,false
553,0,65248,137121,3057792,3060628,2992544,2995380,300,1,false,false
554,0,65248,137121,3068880,3071716,3003632,3006468,301,1,false,false
555,0,65248,137121,3079968,3082548,3014720,3017300,302,1,false,false
556,0,65248,137121,3090032,3092612,3024784,3027364,303,1,false,false
557,0,65248,137121,3100096,3103444,3034848,3038196,304,1,false,false
558,0,65248,137121,3107600,3110948,3042352,3045700,305,1,false,false
559,0,65248,137121,3117664,3121012,3052416,3055764,306,1,false,false
560,0,65248,137121,3127984,3131332,3062736,3066084,307,1,false,false
561,0,65248,136160,694976,696532,629728,631284,64,1,false,false
562,0,65248,136160,704784,706084,639536,640836,65,1,false,false
563,0,65248,136160,715616,716916,650368,651668,66,1,false,false
564,0,65248,136160,726192,727492,660944,662244,67,1,false,false
565,3,65248,1165477,12935616,12937684,12870368,12872436,1761,1,false,false
566,3,65248,1165477,12941288,12943356,12876040,12878108,1762,1,false,false
567,3,65248,1165477,12946704,12948772,12881456,12883524,1763,1,false,false
568,3,65248,1165477,12952120,12954188,12886872,12888940,1764,1,false,false
569,3,65248,143329,10931744,10933812,10866496,10868564,1317,1,false,false
570,3,65248,143329,10934600,10936668,10869352,10871420,1318,1,false,false
571,3,65248,143329,10937200,10939268,10871952,10874020,1319,1,false,false
572,3,65248,143329,10940824,10942892,10875576,10877644,1320,1,false,false
573,0,65280,149473,11991308,11992096,11926028,11926816,1604,1,false,false
574,0,65280,149473,11994164,11994952,11928884,11929672,1605,1,false,false
575,0,65280,149473,11997020,11997808,11931740,11932528,1606,1,false,false
576,0,65280,149473,11999876,12000408,11934596,11935128,1607,1,false,false
577,0,65280,140768,8828676,8830744,8763396,8765464,959,1,false,false
578,0,65280,140768,8835648,8837716,8770368,8772436,960,1,false,false
579,0,65280,140768,8841084,8843152,8775804,8777872,961,1,false,false
580,0,65280,140768,8846520,8848588,8781240,8783308,962,1,false,false
581,0,65281,139904,7638160,7639716,7572879,7574435,777,1,false,false
582,0,65281,139904,7647968,7649268,7582687,7583987,778,1,false,false
583,0,65281,139904,7657008,7658308,7591727,7593027,779,1,false,false
584,0,65281,139904,7666304,7667604,7601023,7602323,780,1,false,false
585,0,65312,140033,8391956,8393512,8326644,8328200,891,1,false,false
586,0,65312,140033,8396368,8397668,8331056,8332356,892,1,false,false
587,0,65312,140033,8400524,8401824,8335212,8336512,893,1,false,false
588,0,65312,140033,8404424,8405724,8339112,8340412,894,1,false,false
589,0,65344,140960,9274868,9276168,9209524,9210824,1027,1,false,false
590,0,65344,140960,9282096,9283396,9216752,9218052,1028,1,false,false
591,0,65344,140960,9289324,9290624,9223980,9225280,1029,1,false,false
592,0,65344,140960,9296808,9297852,9231464,9232508,1030,1,false,false
593,0,65345,141857,9998720,9999508,9933375,9934163,1136,1,false,false
594,0,65345,141857,10006204,10006992,9940859,9941647,1137,1,false,false
595,0,65345,141857,10012408,10013196,9947063,9947851,1138,1,false,false
596,0,65345,141857,10018612,10019144,9953267,9953799,1139,1,false,false
597,0,65376,239810,12640084,12643688,12574708,12578312,1774,1,false,false
598,0,65376,239810,12645756,12649104,12580380,12583728,1775,1,false,false
599,0,65376,239810,12651172,12654520,12585796,12589144,1776,1,false,false
600,0,65376,239810,12656588,12659936,12591212,12594560,1777,1,false,false
601,0,65377,151105,12471508,12473064,12406131,12407687,1737,1,false,false
602,0,65377,151105,12475132,12476432,12409755,12411055,1738,1,false,false
603,0,65377,151105,12478500,12479800,12413123,12414423,1739,1,false,false
604,0,65377,151105,12481868,12483168,12416491,12417791,1740,1,false,false
605,3,65377,136160,701948,704784,636571,639407,65,1,false,false
606,3,65377,136160,712780,715616,647403,650239,66,1,false,false
607,3,65377,136160,723612,726192,658235,660815,67,1,false,false
608,3,65377,136160,734188,736768,668811,671391,68,1,false,false
609,3,65377,239810,12696000,12698068,12630623,12632691,1789,1,false,false
610,3,65377,239810,12700136,12702204,12634759,12636827,1790,1,false,false
611,3,65377,239810,12704272,12706340,12638895,12640963,1791,1,false,false
612,3,65377,239810,12708408,12710476,12643031,12645099,1792,1,false,false
613,3,65408,239810,12712544,12714612,12647136,12649204,1793,1,false,false
614,3,65408,239810,12718216,12720284,12652808,12654876,1794,1,false,false
615,3,65408,239810,12723632,12725700,12658224,12660292,1795,1,false,false
616,3,65408,239810,12729048,12731116,12663640,12665708,1796,1,false,false
617,0,65408,142016,10343088,10345924,10277680,10280516,1188,1,false,false
618,0,65408,142016,10351340,10354176,10285932,10288768,1189,1,false,false
619,0,65408,142016,10359080,10361660,10293672,10296252,1190,1,false,false
620,0,65408,142016,10366564,10369144,10301156,10303736,1191,1,false,false
621,3,65440,137729,4227388,4229456,4161948,4164016,421,1,false,false
622,3,65440,137729,4239500,4241568,4174060,4176128,422,1,false,false
623,3,65440,137729,4251868,4253936,4186428,4188496,423,1,false,false
624,3,65440,137729,4264236,4266304,4198796,4200864,424,1,false,false
625,3,65440,139969,8117048,8119116,8051608,8053676,845,1,false,false
626,3,65440,139969,8122996,8125064,8057556,8059624,846,1,false,false
627,3,65440,139969,8128688,8130756,8063248,8065316,847,1,false,false
628,3,65440,139969,8134380,8136448,8068940,8071008,848,1,false,false
629,3,65440,150274,12270688,12272756,12205248,12207316,1676,1,false,false
630,3,65440,150274,12273544,12275612,12208104,12210172,1677,1,false,false
631,3,65440,150274,12276400,12278468,12210960,12213028,1678,1,false,false
632,3,65440,150274,12279000,12281068,12213560,12215628,1679,1,false,false
633,0,65441,143329,10952996,10953784,10887555,10888343,1324,1,false,false
634,0,65441,143329,10955852,10956640,10890411,10891199,1325,1,false,false
635,0,65441,143329,10958708,10959496,10893267,10894055,1326,1,false,false
636,0,65441,143329,10961564,10962096,10896123,10896655,1327,1,false,false
637,0,65472,139969,8075688,8077756,8010216,8012284,838,1,false,false
638,0,65472,139969,8082660,8084728,8017188,8019256,839,1,false,false
639,0,65472,139969,8089376,8091444,8023904,8025972,840,1,false,false
640,0,65472,139969,8096092,8098160,8030620,8032688,841,1,false,false
641,0,65472,138784,5003200,5006804,4937728,4941332,496,1,false,false
642,0,65472,138784,5015568,5018916,4950096,4953444,497,1,false,false
643,0,65472,138784,5027680,5031028,4962208,4965556,498,1,false,false
644,0,65472,138784,5039280,5042628,4973808,4977156,499,1,false,false
645,3,65472,136992,2508540,2510608,2443068,2445136,241,1,false,false
646,3,65472,136992,2517580,2519648,2452108,2454176,242,1,false,false
647,3,65472,136992,2526364,2528432,2460892,2462960,243,1,false,false
648,3,65472,136992,2534892,2536960,2469420,2471488,244,1,false,false
649,3,65504,137601,3575932,3578000,3510428,3512496,361,1,false,false
650,3,65504,137601,3584716,3586784,3519212,3521280,362,1,false,false
651,3,65504,137601,3593244,3595312,3527740,3529808,363,1,false,false
652,3,65504,137601,3601516,3603584,3536012,3538080,364,1,false,false
653,0,65504,138784,5050880,5054484,4985376,4988980,500,1,false,false
654,0,65504,138784,5062480,5065828,4996976,5000324,501,1,false,false
655,0,65504,138784,5073824,5077172,5008320,5011668,502,1,false,false
656,0,65504,138784,5086448,5089796,5020944,5024292,503,1,false,false
657,0,65504,139424,6025872,6029476,5960368,5963972,601,1,false,false
658,0,65504,139424,6037728,6041332,5972224,5975828,602,1,false,false
659,0,65504,139424,6049584,6052932,5984080,5987428,603,1,false,false
660,0,65504,139424,6060928,6064276,5995424,5998772,604,1,false,false
661,0,65536,143329,10964164,10966232,10898628,10900696,1328,1,false,false
662,0,65536,143329,10968300,10970368,10902764,10904832,1329,1,false,false
663,0,65536,143329,10975764,10977832,10910228,10912296,1330,1,false,false
664,0,65536,143329,10983228,10985296,10917692,10919760,1331,1,false,false
665,0,65536,139904,7675344,7676132,7609808,7610596,781,1,false,false
666,0,65536,139904,7683616,7684404,7618080,7618868,782,1,false,false
667,0,65536,139904,7691888,7692676,7626352,7627140,783,1,false,false
668,0,65536,139904,7700160,7700692,7634624,7635156,784,1,false,false
669,1,65536,151105,9795332,9796888,9729796,9731352,1107,1,false,false
670,1,65536,151105,9801024,9802324,9735488,9736788,1108,1,false,false
671,1,65536,151105,9806460,9807760,9740924,9742224,1109,1,false,false
672,1,65536,151105,9811896,9813196,9746360,9747660,1110,1,false,false
673,3,65537,140768,8840296,8841084,8774759,8775547,961,1,false,false
674,3,65537,140768,8845732,8846520,8780195,8780983,962,1,false,false
675,3,65537,140768,8851424,8852212,8785887,8786675,963,1,false,false
676,3,65537,140768,8855836,8856368,8790299,8790831,964,1,false,false
677,0,65537,139904,7709200,7711268,7643663,7645731,785,1,false,false
678,0,65537,139904,7719264,7721332,7653727,7655795,786,1,false,false
679,0,65537,139904,7729328,7731396,7663791,7665859,787,1,false,false
680,0,65537,139904,7739648,7741716,7674111,7676179,788,1,false,false
681,0,65568,143616,11611492,11613560,11545924,11547992,1492,1,false,false
682,0,65568,143616,11616140,11618208,11550572,11552640,1493,1,false,false
683,0,65568,143616,11621044,11623112,11555476,11557544,1494,1,false,false
684,0,65568,143616,11625948,11628016,11560380,11562448,1495,1,false,false
685,0,65568,151105,12485236,12486024,12419668,12420456,1741,1,false,false
686,0,65568,151105,12488092,12488880,12422524,12423312,1742,1,false,false
687,0,65568,151105,12490948,12491736,12425380,12426168,1743,1,false,false
688,0,65568,151105,12493804,12494336,12428236,12428768,1744,1,false,false
689,0,65600,140768,8852212,8853000,8786612,8787400,963,1,false,false
690,0,65600,140768,8856368,8857156,8790768,8791556,964,1,false,false
691,0,65600,140768,8861804,8862592,8796204,8796992,965,1,false,false
692,0,65600,140768,8867240,8867772,8801640,8802172,966,1,false,false
693,0,65600,140992,9562948,9565016,9497348,9499416,1071,1,false,false
694,0,65600,140992,9570432,9572500,9504832,9506900,1072,1,false,false
695,0,65600,140992,9577916,9579984,9512316,9514384,1073,1,false,false
696,0,65600,140992,9585400,9587468,9519800,9521868,1074,1,false,false
697,3,65600,136160,745020,747856,679420,682256,69,1,false,false
698,3,65600,136160,756108,758944,690508,693344,70,1,false,false
699,3,65600,136160,766940,769520,701340,703920,71,1,false,false
700,3,65600,136160,777516,780096,711916,714496,72,1,false,false
701,0,65600,140960,9304292,9304824,9238692,9239224,1031,1,false,false
702,0,65600,140960,9310752,9311284,9245152,9245684,1032,1,false,false
703,0,65600,140960,9317212,9317744,9251612,9252144,1033,1,false,false
704,0,65600,140960,9323928,9324460,9258328,9258860,1034,1,false,false
705,3,65600,143456,11374304,11377140,11308704,11311540,1437,1,false,false
706,3,65600,143456,11377928,11380764,11312328,11315164,1438,1,false,false
707,3,65600,143456,11381296,11383876,11315696,11318276,1439,1,false,false
708,3,65600,143456,11386712,11389292,11321112,11323692,1440,1,false,false
709,0,65601,143329,10990692,10992248,10925091,10926647,1332,1,false,false
710,0,65601,143329,10997644,10998944,10932043,10933343,1333,1,false,false
711,0,65601,143329,11001780,11003080,10936179,10937479,1334,1,false,false
712,0,65601,143329,11005916,11007216,10940315,10941615,1335,1,false,false
713,0,65632,137121,3137792,3138580,3072160,3072948,308,1,false,false
714,0,65632,137121,3145808,3146596,3080176,3080964,309,1,false,false
715,0,65632,137121,3154080,3154868,3088448,3089236,310,1,false,false
716,0,65632,137121,3162608,3163140,3096976,3097508,311,1,false,false
717,3,65632,151105,12469440,12471508,12403808,12405876,1736,1,false,false
718,3,65632,151105,12473064,12475132,12407432,12409500,1737,1,false,false
719,3,65632,151105,12476432,12478500,12410800,12412868,1738,1,false,false
720,3,65632,151105,12479800,12481868,12414168,12416236,1739,1,false,false
721,3,65664,139904,7673276,7675344,7607612,7609680,781,1,false,false
722,3,65664,139904,7681548,7683616,7615884,7617952,782,1,false,false
723,3,65664,139904,7689820,7691888,7624156,7626224,783,1,false,false
724,3,65664,139904,7698092,7700160,7632428,7634496,784,1,false,false
725,0,65664,137729,4353728,4355284,4288064,4289620,432,1,false,false
726,0,65664,137729,4365840,4367140,4300176,4301476,433,1,false,false
727,0,65664,137729,4377440,4378740,4311776,4313076,434,1,false,false
728,0,65664,137729,4388528,4389828,4322864,4324164,435,1,false,false
729,0,65664,143362,11142308,11143864,11076644,11078200,1372,1,false,false
730,0,65664,143362,11145932,11147232,11080268,11081568,1373,1,false,false
731,0,65664,143362,11149300,11150600,11083636,11084936,1374,1,false,false
732,0,65664,143362,11152668,11153968,11087004,11088304,1375,1,false,false
733,0,65665,138784,5098560,5099348,5032895,5033683,504,1,false,false
734,0,65665,138784,5108112,5108900,5042447,5043235,505,1,false,false
735,0,65665,138784,5117664,5118452,5051999,5052787,506,1,false,false
736,0,65665,138784,5127728,5128260,5062063,5062595,507,1,false,false
737,0,65665,140960,9332948,9333480,9267283,9267815,1035,1,false,false
738,0,65665,140960,9341712,9342244,9276047,9276579,1036,1,false,false
739,0,65665,140960,9350220,9350752,9284555,9285087,1037,1,false,false
740,0,65665,140960,9358984,9359516,9293319,9293851,1038,1,false,false
741,0,65665,137729,4399360,4400148,4333695,4334483,436,1,false,false
742,0,65665,137729,4409680,4410468,4344015,4344803,437,1,false,false
743,0,65665,137729,4419744,4420532,4354079,4354867,438,1,false,false
744,0,65665,137729,4432368,4432900,4366703,4367235,439,1,false,false
745,3,65696,139424,6024572,6025872,5958876,5960176,601,1,false,false
746,3,65696,139424,6036428,6037728,5970732,5972032,602,1,false,false
747,3,65696,139424,6048284,6049584,5982588,5983888,603,1,false,false
748,3,65696,139424,6059884,6060928,5994188,5995232,604,1,false,false
749,0,65696,137601,3603584,3606420,3537888,3540724,364,1,false,false
750,0,65696,137601,3613648,3616484,3547952,3550788,365,1,false,false
751,0,65696,137601,3623712,3626292,3558016,3560596,366,1,false,false
752,0,65696,137601,3634032,3636612,3568336,3570916,367,1,false,false
753,0,65696,136160,736768,738836,671072,673140,68,1,false,false
754,0,65696,136160,747856,749924,682160,684228,69,1,false,false
755,0,65696,136160,758944,761012,693248,695316,70,1,false,false
756,0,65696,136160,769520,771588,703824,705892,71,1,false,false
757,3,65696,151105,12483168,12485236,12417472,12419540,1740,1,false,false
758,3,65696,151105,12486024,12488092,12420328,12422396,1741,1,false,false
759,3,65696,151105,12488880,12490948,12423184,12425252,1742,1,false,false
760,3,65696,151105,12491736,12493804,12426040,12428108,1743,1,false,false
761,3,65696,150274,12283136,12285204,12217440,12219508,1680,1,false,false
762,3,65696,150274,12287272,12289340,12221576,12223644,1681,1,false,false
763,3,65696,150274,12291408,12293476,12225712,12227780,1682,1,false,false
764,3,65696,150274,12295544,12297612,12229848,12231916,1683,1,false,false
765,0,65697,140992,9592884,9593672,9527187,9527975,1075,1,false,false
766,0,65697,140992,9596528,9597316,9530831,9531619,1076,1,false,false
767,0,65697,140992,9602732,9603520,9537035,9537823,1077,1,false,false
768,0,65697,140992,9608424,9608956,9542727,9543259,1078,1,false,false
769,0,65728,137601,3644352,3647188,3578624,3581460,368,1,false,false
770,0,65728,137601,3654416,3657252,3588688,3591524,369,1,false,false
771,0,65728,137601,3664480,3667060,3598752,3601332,370,1,false,false
772,0,65728,137601,3675568,3678148,3609840,3612420,371,1,false,false
773,0,65728,140960,9365700,9367000,9299972,9301272,1039,1,false,false
774,0,65728,140960,9372928,9374228,9307200,9308500,1040,1,false,false
775,0,65728,140960,9380156,9381456,9314428,9315728,1041,1,false,false
776,0,65728,140960,9387640,9388684,9321912,9322956,1042,1,false,false
777,0,65728,141857,10024560,10025348,9958832,9959620,1140,1,false,false
778,0,65728,141857,10031020,10031808,9965292,9966080,1141,1,false,false
779,0,65728,141857,10037224,10038012,9971496,9972284,1142,1,false,false
780,0,65728,141857,10043428,10043960,9977700,9978232,1143,1,false,false
781,3,65760,136193,1318780,1320848,1253020,1255088,121,1,false,false
782,3,65760,136193,1329868,1331936,1264108,1266176,122,1,false,false
783,3,65760,136193,1340444,1342512,1274684,1276752,123,1,false,false
784,3,65760,136193,1351020,1353088,1285260,1287328,124,1,false,false
785,0,65760,136193,1353088,1353876,1287328,1288116,124,1,false,false
786,0,65760,136193,1362896,1363684,1297136,1297924,125,1,false,false
787,0,65760,136193,1372448,1373236,1306688,1307476,126,1,false,false
788,0,65760,136193,1382256,1382788,1316496,1317028,127,1,false,false
789,3,65760,143362,11175968,11178036,11110208,11112276,1381,1,false,false
790,3,65760,143362,11180104,11182172,11114344,11116412,1382,1,false,false
791,3,65760,143362,11184240,11186308,11118480,11120548,1383,1,false,false
792,3,65760,143362,11187096,11189164,11121336,11123404,1384,1,false,false
793,0,65761,143362,11156036,11157592,11090275,11091831,1376,1,false,false
794,0,65761,143362,11159660,11160960,11093899,11095199,1377,1,false,false
795,0,65761,143362,11163028,11164328,11097267,11098567,1378,1,false,false
796,0,65761,143362,11166396,11167696,11100635,11101935,1379,1,false,false
797,0,65761,139904,7749456,7750244,7683695,7684483,789,1,false,false
798,0,65761,139904,7757728,7758516,7691967,7692755,790,1,false,false
799,0,65761,139904,7765744,7766532,7699983,7700771,791,1,false,false
800,0,65761,139904,7774016,7774548,7708255,7708787,792,1,false,false
801,0,65761,239810,12662004,12663560,12596243,12597799,1778,1,false,false
802,0,65761,239810,12665628,12666928,12599867,12601167,1779,1,false,false
803,0,65761,239810,12668996,12670296,12603235,12604535,1780,1,false,false
804,0,65761,239810,12672364,12673664,12606603,12607903,1781,1,false,false
805,3,65761,136992,2545212,2547280,2479451,2481519,245,1,false,false
806,3,65761,136992,2555532,2557600,2489771,2491839,246,1,false,false
807,3,65761,136992,2565596,2567664,2499835,2501903,247,1,false,false
808,3,65761,136992,2575660,2577728,2509899,2511967,248,1,false,false
809,0,65761,149473,12002476,12005312,11936715,11939551,1608,1,false,false
810,0,65761,149473,12007380,12010216,11941619,11944455,1609,1,false,false
811,0,65761,149473,12012284,12014864,11946523,11949103,1610,1,false,false
812,0,65761,149473,12016932,12019512,11951171,11953751,1611,1,false,false
813,3,65792,139904,7707132,7709200,7641340,7643408,785,1,false,false
814,3,65792,139904,7717196,7719264,7651404,7653472,786,1,false,false
815,3,65792,139904,7727260,7729328,7661468,7663536,787,1,false,false
816,3,65792,139904,7737580,7739648,7671788,7673856,788,1,false,false
817,0,65792,142369,10718084,10719640,10652292,10653848,1256,1,false,false
818,0,65792,142369,10721708,10723008,10655916,10657216,1257,1,false,false
819,0,65792,142369,10725076,10726376,10659284,10660584,1258,1,false,false
820,0,65792,142369,10728444,10729744,10662652,10663952,1259,1,false,false
821,3,65793,135104,141564,143632,75771,77839,1,1,false,false
822,3,65793,135104,150092,152160,84299,86367,2,1,false,false
823,3,65793,135104,158108,160176,92315,94383,3,1,false,false
824,3,65793,135104,165868,167936,100075,102143,4,1,false,false
825,0,65824,140033,8410628,8412696,8344804,8346872,895,1,false,false
826,0,65824,140033,8417600,8419668,8351776,8353844,896,1,false,false
827,0,65824,140033,8424316,8426384,8358492,8360560,897,1,false,false
828,0,65824,140033,8431032,8432844,8365208,8367020,898,1,false,false
829,0,65824,138784,5137024,5139860,5071200,5074036,508,1,false,false
830,0,65824,138784,5148624,5151460,5082800,5085636,509,1,false,false
831,0,65824,138784,5160224,5163060,5094400,5097236,510,1,false,false
832,0,65824,138784,5171312,5173892,5105488,5108068,511,1,false,false
833,3,65824,139488,6541884,6543952,6476060,6478128,661,1,false,false
834,3,65824,139488,6549388,6551456,6483564,6485632,662,1,false,false
835,3,65824,139488,6556892,6558960,6491068,6493136,663,1,false,false
836,3,65824,139488,6564396,6566464,6498572,6500640,664,1,false,false
837,3,65856,138784,4846844,4847632,4780988,4781776,481,1,false,false
838,3,65856,138784,4855628,4856416,4789772,4790560,482,1,false,false
839,3,65856,138784,4864924,4865712,4799068,4799856,483,1,false,false
840,3,65856,138784,4873964,4874496,4808108,4808640,484,1,false,false
841,0,65857,136992,2577728,2579796,2511871,2513939,248,1,false,false
842,0,65857,136992,2586768,2588836,2520911,2522979,249,1,false,false
843,0,65857,136992,2595808,2597876,2529951,2532019,250,1,false,false
844,0,65857,136992,2604592,2606660,2538735,2540803,251,1,false,false
845,0,65857,142369,10731812,10732600,10665955,10666743,1260,1,false,false
846,0,65857,142369,10734668,10735456,10668811,10669599,1261,1,false,false
847,0,65857,142369,10737524,10738312,10671667,10672455,1262,1,false,false
848,0,65857,142369,10740380,10740912,10674523,10675055,1263,1,false,false
849,3,65857,137121,3066812,3068880,3000955,3003023,301,1,false,false
850,3,65857,137121,3077900,3079968,3012043,3014111,302,1,false,false
851,3,65857,137121,3087964,3090032,3022107,3024175,303,1,false,false
852,3,65857,137121,3098028,3100096,3032171,3034239,304,1,false,false
853,3,65888,1165477,12957536,12959604,12891648,12893716,1765,1,false,false
854,3,65888,1165477,12960392,12962460,12894504,12896572,1766,1,false,false
855,3,65888,1165477,12963248,12965316,12897360,12899428,1767,1,false,false
856,3,65888,1165477,12966104,12968172,12900216,12902284,1768,1,false,false
857,2,65888,140992,4625672,4625948,4559784,4560060,458,1,false,false
858,1,65920,139904,5347700,5347976,5281780,5282056,530,1,false,false
859,3,65920,137601,3611580,3613648,3545660,3547728,365,1,false,false
860,3,65920,137601,3621644,3623712,3555724,3557792,366,1,false,false
861,3,65920,137601,3631964,3634032,3566044,3568112,367,1,false,false
862,3,65920,137601,3642284,3644352,3576364,3578432,368,1,false,false
863,1,65952,143616,8636492,8638560,8570540,8572608,930,1,false,false
864,1,65952,143616,8643208,8645276,8577256,8579324,931,1,false,false
865,1,65952,143616,8649924,8651992,8583972,8586040,932,1,false,false
866,1,65952,143616,8656128,8658196,8590176,8592244,933,1,false,false
867,3,65952,136160,787836,790672,721884,724720,73,1,false,false
868,3,65952,136160,801228,804064,735276,738112,74,1,false,false
869,3,65952,136160,814620,817200,748668,751248,75,1,false,false
870,3,65952,136160,827244,829824,761292,763872,76,1,false,false
871,0,65952,136193,1391552,1393620,1325600,1327668,128,1,false,false
872,0,65952,136193,1401104,1403172,1335152,1337220,129,1,false,false
873,0,65952,136193,1410656,1412724,1344704,1346772,130,1,false,false
874,0,65952,136193,1419696,1421508,1353744,1355556,131,1,false,false
875,3,65952,140768,8859736,8861804,8793784,8795852,965,1,false,false
876,3,65952,140768,8865172,8867240,8799220,8801288,966,1,false,false
877,3,65952,140768,8870608,8872676,8804656,8806724,967,1,false,false
878,3,65952,140768,8877068,8879136,8811116,8813184,968,1,false,false
879,0,65952,139424,6073040,6075108,6007088,6009156,605,1,false,false
880,0,65952,139424,6084128,6086196,6018176,6020244,606,1,false,false
881,0,65952,139424,6095216,6097284,6029264,6031332,607,1,false,false
882,0,65952,139424,6106304,6108372,6040352,6042420,608,1,false,false
883,3,65984,139969,8139816,8141884,8073832,8075900,849,1,false,false
884,3,65984,139969,8144996,8147064,8079012,8081080,850,1,false,false
885,3,65984,139969,8153504,8155572,8087520,8089588,851,1,false,false
886,3,65984,139969,8161756,8163824,8095772,8097840,852,1,false,false
887,0,65984,140992,9613604,9615160,9547620,9549176,1079,1,false,false
888,0,65984,140992,9619808,9621108,9553824,9555124,1080,1,false,false
889,0,65984,140992,9626012,9627312,9560028,9561328,1081,1,false,false
890,0,65984,140992,9632216,9633516,9566232,9567532,1082,1,false,false
891,0,65984,143616,11630852,11632408,11564868,11566424,1496,1,false,false
892,0,65984,143616,11634988,11636288,11569004,11570304,1497,1,false,false
893,0,65984,143616,11638356,11639656,11572372,11573672,1498,1,false,false
894,0,65984,143616,11641724,11643024,11575740,11577040,1499,1,false,false
895,0,65984,137121,3170624,3172692,3104640,3106708,312,1,false,false
896,0,65984,137121,3179920,3181988,3113936,3116004,313,1,false,false
897,0,65984,137121,3188192,3190260,3122208,3124276,314,1,false,false
898,0,65984,137121,3196464,3198532,3130480,3132548,315,1,false,false
899,0,65984,143456,11354884,11356952,11288900,11290968,1432,1,false,false
900,0,65984,143456,11359020,11360832,11293036,11294848,1433,1,false,false
901,0,65984,143456,11362900,11364712,11296916,11298728,1434,1,false,false
902,0,65984,143456,11366780,11368592,11300796,11302608,1435,1,false,false
903,2,65985,140033,3485688,3485964,3419703,3419979,349,1,false,false
904,0,65985,151105,12496404,12498472,12430419,12432487,1745,1,false,false
905,0,65985,151105,12500540,12502608,12434555,12436623,1746,1,false,false
906,0,65985,151105,12504676,12506744,12438691,12440759,1747,1,false,false
907,0,65985,151105,12508812,12510880,12442827,12444895,1748,1,false,false
908,0,66016,140992,9638164,9638952,9572148,9572936,1083,1,false,false
909,0,66016,140992,9643600,9644388,9577584,9578372,1084,1,false,false
910,0,66016,140992,9649292,9650080,9583276,9584064,1085,1,false,false
911,0,66016,140992,9654984,9655516,9588968,9589500,1086,1,false,false
912,3,66016,148128,11838880,11840948,11772864,11774932,1557,1,false,false
913,3,66016,148128,11841736,11843804,11775720,11777788,1558,1,false,false
914,3,66016,148128,11844592,11846660,11778576,11780644,1559,1,false,false
915,3,66016,148128,11847192,11849260,11781176,11783244,1560,1,false,false
916,3,66016,143616,11648736,11650804,11582720,11584788,1501,1,false,false
917,3,66016,143616,11651592,11653660,11585576,11587644,1502,1,false,false
918,3,66016,143616,11654192,11656260,11588176,11590244,1503,1,false,false
919,3,66016,143616,11658328,11660396,11592312,11594380,1504,1,false,false
920,3,66016,139969,8170008,8172076,8103992,8106060,853,1,false,false
921,3,66016,139969,8178260,8180328,8112244,8114312,854,1,false,false
922,3,66016,139969,8185232,8187300,8119216,8121284,855,1,false,false
923,3,66016,139969,8192204,8194272,8126188,8128256,856,1,false,false
924,3,66016,140033,8446808,8448876,8380792,8382860,901,1,false,false
925,3,66016,140033,8452244,8454312,8386228,8388296,902,1,false,false
926,3,66016,140033,8459216,8461284,8393200,8395268,903,1,false,false
927,3,66016,140033,8467468,8469536,8401452,8403520,904,1,false,false
928,0,66016,149473,12021580,12025696,11955564,11959680,1612,1,false,false
929,0,66016,149473,12027764,12031880,11961748,11965864,1613,1,false,false
930,0,66016,149473,12033948,12038064,11967932,11972048,1614,1,false,false
931,0,66016,149473,12040132,12043992,11974116,11977976,1615,1,false,false
932,0,66017,137601,3686400,3689236,3620383,3623219,372,1,false,false
933,0,66017,137601,3697232,3700068,3631215,3634051,373,1,false,false
934,0,66017,137601,3708064,3710644,3642047,3644627,374,1,false,false
935,0,66017,137601,3719152,3721732,3653135,3655715,375,1,false,false
936,3,66048,136992,2584700,2586768,2518652,2520720,249,1,false,false
937,3,66048,136992,2593740,2595808,2527692,2529760,250,1,false,false
938,3,66048,136992,2602524,2604592,2536476,2538544,251,1,false,false
939,3,66048,136992,2611308,2613376,2545260,2547328,252,1,false,false
940,3,66048,140768,8883016,8885084,8816968,8819036,969,1,false,false
941,3,66048,140768,8888964,8891032,8822916,8824984,970,1,false,false
942,3,66048,140768,8895936,8898004,8829888,8831956,971,1,false,false
943,3,66048,140768,8905724,8907792,8839676,8841744,972,1,false,false
944,0,66048,149473,12046060,12048896,11980012,11982848,1616,1,false,false
945,0,66048,149473,12050964,12053800,11984916,11987752,1617,1,false,false
946,0,66048,149473,12055868,12058448,11989820,11992400,1618,1,false,false
947,0,66048,149473,12060516,12063096,11994468,11997048,1619,1,false,false
948,0,66048,143616,11645092,11645880,11579044,11579832,1500,1,false,false
949,0,66048,143616,11647948,11648736,11581900,11582688,1501,1,false,false
950,0,66048,143616,11650804,11651592,11584756,11585544,1502,1,false,false
951,0,66048,143616,11653660,11654192,11587612,11588144,1503,1,false,false
952,0,66048,142369,10742980,10745048,10676932,10679000,1264,1,false,false
953,0,66048,142369,10747116,10749184,10681068,10683136,1265,1,false,false
954,0,66048,142369,10751252,10753320,10685204,10687272,1266,1,false,false
955,0,66048,142369,10755388,10757456,10689340,10691408,1267,1,false,false
956,0,66080,139969,8100504,8102060,8034424,8035980,842,1,false,false
957,0,66080,139969,8106964,8108264,8040884,8042184,843,1,false,false
958,0,66080,139969,8113168,8114468,8047088,8048388,844,1,false,false
959,0,66080,139969,8119116,8120416,8053036,8054336,845,1,false,false
960,3,66080,150274,12298400,12300468,12232320,12234388,1684,1,false,false
961,3,66080,150274,12301256,12303324,12235176,12237244,1685,1,false,false
962,3,66080,150274,12304112,12306180,12238032,12240100,1686,1,false,false
963,3,66080,150274,12306712,12308780,12240632,12242700,1687,1,false,false
964,3,66080,140960,9238452,9240520,9172372,9174440,1022,1,false,false
965,3,66080,140960,9244400,9246468,9178320,9180388,1023,1,false,false
966,3,66080,140960,9251372,9253184,9185292,9187104,1024,1,false,false
967,3,66080,140960,9257832,9259644,9191752,9193564,1025,1,false,false
968,0,66080,150274,12256172,12257728,12190092,12191648,1672,1,false,false
969,0,66080,150274,12259796,12261096,12193716,12195016,1673,1,false,false
970,0,66080,150274,12263164,12264464,12197084,12198384,1674,1,false,false
971,0,66080,150274,12266532,12267832,12200452,12201752,1675,1,false,false
972,0,66112,137121,3204736,3205524,3138624,3139412,316,1,false,false
973,0,66112,137121,3210192,3210980,3144080,3144868,317,1,false,false
974,0,66112,137121,3217184,3217972,3151072,3151860,318,1,false,false
975,0,66112,137121,3224432,3224964,3158320,3158852,319,1,false,false
976,3,66113,1165477,12968704,12970772,12902591,12904659,1769,1,false,false
977,3,66113,1165477,12971560,12973628,12905447,12907515,1770,1,false,false
978,3,66113,1165477,12974416,12976484,12908303,12910371,1771,1,false,false
979,3,66113,1165477,12977272,12979340,12911159,12913227,1772,1,false,false
980,0,66144,143329,11009796,11011352,10943652,10945208,1336,1,false,false
981,0,66144,143329,11013932,11015232,10947788,10949088,1337,1,false,false
982,0,66144,143329,11017300,11018600,10951156,10952456,1338,1,false,false
983,0,66144,143329,11020668,11021968,10954524,10955824,1339,1,false,false
984,0,66144,139552,7166096,7167652,7099952,7101508,729,1,false,false
985,0,66144,139552,7176160,7177460,7110016,7111316,730,1,false,false
986,0,66144,139552,7185456,7186756,7119312,7120612,731,1,false,false
987,0,66144,139552,7194752,7196052,7128608,7129908,732,1,false,false
988,3,66144,143329,10944192,10946260,10878048,10880116,1321,1,false,false
989,3,66144,143329,10947560,10949628,10881416,10883484,1322,1,false,false
990,3,66144,143329,10950928,10952996,10884784,10886852,1323,1,false,false
991,3,66144,143329,10953784,10955852,10887640,10889708,1324,1,false,false
992,0,66144,140992,9660164,9662232,9594020,9596088,1087,1,false,false
993,0,66144,140992,9666880,9668948,9600736,9602804,1088,1,false,false
994,0,66144,140992,9675388,9677456,9609244,9611312,1089,1,false,false
995,0,66144,140992,9683640,9685708,9617496,9619564,1090,1,false,false
996,3,66144,149473,12048896,12050964,11982752,11984820,1617,1,false,false
997,3,66144,149473,12053800,12055868,11987656,11989724,1618,1,false,false
998,3,66144,149473,12058448,12060516,11992304,11994372,1619,1,false,false
999,3,66144,149473,12063096,12065164,11996952,11999020,1620,1,false,false
1000,3,66144,139904,7747388,7749456,7681244,7683312,789,1,false,false
1001,3,66144,139904,7755660,7757728,7689516,7691584,790,1,false,false
1002,3,66144,139904,7763676,7765744,7697532,7699600,791,1,false,false
1003,3,66144,139904,7771948,7774016,7705804,7707872,792,1,false,false
1004,0,66145,143456,11370660,11371448,11304515,11305303,1436,1,false,false
1005,0,66145,143456,11373516,11374304,11307371,11308159,1437,1,false,false
1006,0,66145,143456,11377140,11377928,11310995,11311783,1438,1,false,false
1007,0,66145,143456,11380764,11381296,11314619,11315151,1439,1,false,false
1008,3,66145,136992,2619836,2621904,2553691,2555759,253,1,false,false
1009,3,66145,136992,2628364,2630432,2562219,2564287,254,1,false,false
1010,3,66145,136992,2636636,2638704,2570491,2572559,255,1,false,false
1011,3,66145,136992,2644396,2646464,2578251,2580319,256,1,false,false
1012,0,66176,139328,5468608,5469396,5402432,5403220,544,1,false,false
1013,0,66176,139328,5477648,5478436,5411472,5412260,545,1,false,false
1014,0,66176,139328,5486432,5487220,5420256,5421044,546,1,false,false
1015,0,66176,139328,5492656,5493188,5426480,5427012,547,1,false,false
1016,3,66176,140033,8475720,8477788,8409544,8411612,905,1,false,false
1017,3,66176,140033,8483972,8486040,8417796,8419864,906,1,false,false
1018,3,66176,140033,8490176,8492244,8424000,8426068,907,1,false,false
1019,3,66176,140033,8496380,8498448,8430204,8432272,908,1,false,false
1020,1,66176,239810,10159924,10160200,10093748,10094024,1148,1,false,false
1021,3,66177,142369,10723008,10725076,10656831,10658899,1257,1,false,false
1022,3,66177,142369,10726376,10728444,10660199,10662267,1258,1,false,false
1023,3,66177,142369,10729744,10731812,10663567,10665635,1259,1,false,false
1024,3,66177,142369,10732600,10734668,10666423,10668491,1260,1,false,false
1025,0,66177,141857,10049376,10050932,9983199,9984755,1144,1,false,false
1026,0,66177,141857,10056348,10057648,9990171,9991471,1145,1,false,false
1027,0,66177,141857,10063064,10064364,9996887,9998187,1146,1,false,false
1028,0,66177,141857,10069780,10071080,10003603,10004903,1147,1,false,false
1029,3,66177,142016,10436324,10438392,10370147,10372215,1201,1,false,false
1030,3,66177,142016,10443552,10445620,10377375,10379443,1202,1,false,false
1031,3,66177,142016,10450268,10452336,10384091,10386159,1203,1,false,false
1032,3,66177,142016,10457240,10459308,10391063,10393131,1204,1,false,false
1033,3,66208,141857,10010340,10012408,9944132,9946200,1137,1,false,false
1034,3,66208,141857,10016544,10018612,9950336,9952404,1138,1,false,false
1035,3,66208,141857,10022492,10024560,9956284,9958352,1139,1,false,false
1036,3,66208,141857,10028952,10031020,9962744,9964812,1140,1,false,false
1037,1,66208,143616,8662332,8664400,8596124,8598192,934,1,false,false
1038,1,66208,143616,8669304,8671372,8603096,8605164,935,1,false,false
1039,1,66208,143616,8676276,8678344,8610068,8612136,936,1,false,false
1040,1,66208,143616,8682992,8685060,8616784,8618852,937,1,false,false
1041,0,66208,139488,6687568,6689124,6621360,6622916,677,1,false,false
1042,0,66208,139488,6698144,6699444,6631936,6633236,678,1,false,false
1043,0,66208,139488,6707952,6709252,6641744,6643044,679,1,false,false
1044,0,66208,139488,6714176,6715476,6647968,6649268,680,1,false,false
1045,0,66208,140960,9395124,9395656,9328916,9329448,1043,1,false,false
1046,0,66208,140960,9401584,9402116,9335376,9335908,1044,1,false,false
1047,0,66208,140960,9408044,9408576,9341836,9342368,1045,1,false,false
1048,0,66208,140960,9414760,9415292,9348552,9349084,1046,1,false,false
1049,0,66209,143329,11024036,11025592,10957827,10959383,1340,1,false,false
1050,0,66209,143329,11027660,11028960,10961451,10962751,1341,1,false,false
1051,0,66209,143329,11031028,11032328,10964819,10966119,1342,1,false,false
1052,0,66209,143329,11034396,11035696,10968187,10969487,1343,1,false,false
1053,0,66209,135104,236160,238228,169951,172019,13,1,false,false
1054,0,66209,135104,240848,242916,174639,176707,14,1,false,false
1055,0,66209,135104,252192,254260,185983,188051,15,1,false,false
1056,0,66209,135104,263280,265348,197071,199139,16,1,false,false
1057,3,66240,1165477,12979872,12981940,12913632,12915700,1773,1,false,false
1058,3,66240,1165477,12982728,12984796,12916488,12918556,1774,1,false,false
1059,3,66240,1165477,12985584,12987652,12919344,12921412,1775,1,false,false
1060,3,66240,1165477,12988440,12990508,12922200,12924268,1776,1,false,false
1061,3,66240,143362,11189952,11192020,11123712,11125780,1385,1,false,false
1062,3,66240,143362,11192808,11194876,11126568,11128636,1386,1,false,false
1063,3,66240,143362,11195408,11197476,11129168,11131236,1387,1,false,false
1064,3,66240,143362,11199032,11201100,11132792,11134860,1388,1,false,false
1065,3,66241,140960,9264292,9267128,9198051,9200887,1026,1,false,false
1066,3,66241,140960,9272032,9274868,9205791,9208627,1027,1,false,false
1067,3,66241,140960,9279516,9282096,9213275,9215855,1028,1,false,false
1068,3,66241,140960,9286744,9289324,9220503,9223083,1029,1,false,false
1069,0,66272,151105,12512948,12513736,12446676,12447464,1749,1,false,false
1070,0,66272,151105,12515804,12516592,12449532,12450320,1750,1,false,false
1071,0,66272,151105,12518660,12519448,12452388,12453176,1751,1,false,false
1072,0,66272,151105,12521516,12522048,12455244,12455776,1752,1,false,false
1073,3,66272,139969,8198920,8200988,8132648,8134716,857,1,false,false
1074,3,66272,139969,8205636,8207704,8139364,8141432,858,1,false,false
1075,3,66272,139969,8211328,8213396,8145056,8147124,859,1,false,false
1076,3,66272,139969,8217020,8219088,8150748,8152816,860,1,false,false
1077,0,66272,149473,12065164,12067488,11998892,12001216,1620,1,false,false
1078,0,66272,149473,12069556,12071880,12003284,12005608,1621,1,false,false
1079,0,66272,149473,12073948,12076272,12007676,12010000,1622,1,false,false
1080,0,66272,149473,12078340,12080408,12012068,12014136,1623,1,false,false
1081,0,66272,136992,2613376,2614164,2547104,2547892,252,1,false,false
1082,0,66272,136992,2621904,2622692,2555632,2556420,253,1,false,false
1083,0,66272,136992,2630432,2631220,2564160,2564948,254,1,false,false
1084,0,66272,136992,2638704,2639236,2572432,2572964,255,1,false,false
1085,3,66272,1165477,12991040,12993108,12924768,12926836,1777,1,false,false
1086,3,66272,1165477,12993896,12995964,12927624,12929692,1778,1,false,false
1087,3,66272,1165477,12996752,12998820,12930480,12932548,1779,1,false,false
1088,3,66272,1165477,12999608,13001676,12933336,12935404,1780,1,false,false
1089,0,66273,138784,5182144,5182932,5115871,5116659,512,1,false,false
1090,0,66273,138784,5190928,5191716,5124655,5125443,513,1,false,false
1091,0,66273,138784,5199712,5200500,5133439,5134227,514,1,false,false
1092,0,66273,138784,5209008,5209540,5142735,5143267,515,1,false,false
1093,0,66304,143362,11169764,11171832,11103460,11105528,1380,1,false,false
1094,0,66304,143362,11173900,11175968,11107596,11109664,1381,1,false,false
1095,0,66304,143362,11178036,11180104,11111732,11113800,1382,1,false,false
1096,0,66304,143362,11182172,11184240,11115868,11117936,1383,1,false,false
1097,0,66304,138784,5217792,5218580,5151488,5152276,516,1,false,false
1098,0,66304,138784,5226576,5227364,5160272,5161060,517,1,false,false
1099,0,66304,138784,5235360,5236148,5169056,5169844,518,1,false,false
1100,0,66304,138784,5244400,5244932,5178096,5178628,519,1,false,false
1101,3,66304,136448,1900348,1903184,1834044,1836880,181,1,false,false
1102,3,66304,136448,1910924,1913760,1844620,1847456,182,1,false,false
1103,3,66304,136448,1921500,1924080,1855196,1857776,183,1,false,false
1104,3,66304,136448,1931308,1933888,1865004,1867584,184,1,false,false
1105,0,66304,136160,780096,780884,713792,714580,72,1,false,false
1106,0,66304,136160,790672,791460,724368,725156,73,1,false,false
1107,0,66304,136160,804064,804852,737760,738548,74,1,false,false
1108,0,66304,136160,817200,817732,750896,751428,75,1,false,false
1109,2,66304,141857,4815608,4815884,4749304,4749580,477,1,false,false
1110,3,66305,1165477,13002208,13004276,12935903,12937971,1781,1,false,false
1111,3,66305,1165477,13006344,13008412,12940039,12942107,1782,1,false,false
1112,3,66305,1165477,13010480,13012548,12944175,12946243,1783,1,false,false
1113,3,66305,1165477,13014616,13016684,12948311,12950379,1784,1,false,false
1114,3,66305,139904,7780220,7782288,7713915,7715983,793,1,false,false
1115,3,66305,139904,7788492,7790560,7722187,7724255,794,1,false,false
1116,3,66305,139904,7796508,7798576,7730203,7732271,795,1,false,false
1117,3,66305,139904,7806316,7808384,7740011,7742079,796,1,false,false
1118,0,66336,136448,1892608,1893396,1826272,1827060,180,1,false,false
1119,0,66336,136448,1903184,1903972,1836848,1837636,181,1,false,false
1120,0,66336,136448,1913760,1914548,1847424,1848212,182,1,false,false
1121,0,66336,136448,1924080,1924612,1857744,1858276,183,1,false,false
1122,0,66336,149473,12082476,12083264,12016140,12016928,1624,1,false,false
1123,0,66336,149473,12085332,12086120,12018996,12019784,1625,1,false,false
1124,0,66336,149473,12088188,12088976,12021852,12022640,1626,1,false,false
1125,0,66336,149473,12091044,12091576,12024708,12025240,1627,1,false,false
1126,3,66336,150274,12310336,12313940,12244000,12247604,1688,1,false,false
1127,3,66336,150274,12315240,12318588,12248904,12252252,1689,1,false,false
1128,3,66336,150274,12319888,12323236,12253552,12256900,1690,1,false,false
1129,3,66336,150274,12324536,12327884,12258200,12261548,1691,1,false,false
1130,1,66336,139969,5619668,5621224,5553332,5554888,560,1,false,false
1131,1,66336,139969,5627684,5628984,5561348,5562648,561,1,false,false
1132,1,66336,139969,5635188,5636488,5568852,5570152,562,1,false,false
1133,1,66336,139969,5642180,5643480,5575844,5577144,563,1,false,false
1134,3,66368,151105,12494336,12496404,12427968,12430036,1744,1,false,false
1135,3,66368,151105,12498472,12500540,12432104,12434172,1745,1,false,false
1136,3,66368,151105,12502608,12504676,12436240,12438308,1746,1,false,false
1137,3,66368,151105,12506744,12508812,12440376,12442444,1747,1,false,false
1138,2,66368,140768,3713480,3717084,3647112,3650716,374,1,false,false
1139,2,66368,140768,3724568,3727916,3658200,3661548,375,1,false,false
1140,2,66368,140768,3734632,3737980,3668264,3671612,376,1,false,false
1141,2,66368,140768,3744696,3748044,3678328,3681676,377,1,false,false
1142,0,66368,142369,10759524,10761080,10693156,10694712,1268,1,false,false
1143,0,66368,142369,10763148,10764448,10696780,10698080,1269,1,false,false
1144,0,66368,142369,10766516,10767816,10700148,10701448,1270,1,false,false
1145,0,66368,142369,10769884,10771184,10703516,10704816,1271,1,false,false
1146,0,66368,143616,11656260,11658328,11589892,11591960,1504,1,false,false
1147,0,66368,143616,11660396,11662464,11594028,11596096,1505,1,false,false
1148,0,66368,143616,11664532,11666600,11598164,11600232,1506,1,false,false
1149,0,66368,143616,11668668,11670736,11602300,11604368,1507,1,false,false
1150,3,66368,137729,4276348,4278416,4209980,4212048,425,1,false,false
1151,3,66368,137729,4288204,4290272,4221836,4223904,426,1,false,false
1152,3,66368,137729,4298780,4300848,4232412,4234480,427,1,false,false
1153,3,66368,137729,4309100,4311168,4242732,4244800,428,1,false,false
1154,1,66368,140768,6394916,6396472,6328548,6330104,641,1,false,false
1155,1,66368,140768,6401396,6402696,6335028,6336328,642,1,false,false
1156,1,66368,140768,6407620,6408920,6341252,6342552,643,1,false,false
1157,1,66368,140768,6413332,6414632,6346964,6348264,644,1,false,false
1158,0,66369,140033,8437748,8438536,8371379,8372167,899,1,false,false
1159,0,66369,140033,8443440,8444228,8377071,8377859,900,1,false,false
1160,0,66369,140033,8448876,8449664,8382507,8383295,901,1,false,false
1161,0,66369,140033,8454312,8454844,8387943,8388475,902,1,false,false
1162,0,66369,139969,8125064,8125852,8058695,8059483,846,1,false,false
1163,0,66369,139969,8130756,8131544,8064387,8065175,847,1,false,false
1164,0,66369,139969,8136448,8137236,8070079,8070867,848,1,false,false
1165,0,66369,139969,8141884,8142416,8075515,8076047,849,1,false,false
1166,0,66369,140960,9420964,9422520,9354595,9356151,1047,1,false,false
1167,0,66369,140960,9427936,9429236,9361567,9362867,1048,1,false,false
1168,0,66369,140960,9434652,9435952,9368283,9369583,1049,1,false,false
1169,0,66369,140960,9440600,9441900,9374231,9375531,1050,1,false,false
1170,3,66369,150274,12329440,12331508,12263071,12265139,1692,1,false,false
1171,3,66369,150274,12332808,12334876,12266439,12268507,1693,1,false,false
1172,3,66369,150274,12336176,12338244,12269807,12271875,1694,1,false,false
1173,3,66369,150274,12339544,12341612,12273175,12275243,1695,1,false,false
1174,3,66400,137601,3652348,3654416,3585948,3588016,369,1,false,false
1175,3,66400,137601,3662412,3664480,3596012,3598080,370,1,false,false
1176,3,66400,137601,3673500,3675568,3607100,3609168,371,1,false,false
1177,3,66400,137601,3684332,3686400,3617932,3620000,372,1,false,false
1178,3,66400,136992,2654972,2657040,2588572,2590640,257,1,false,false
1179,3,66400,136992,2665292,2667360,2598892,2600960,258,1,false,false
1180,3,66400,136992,2675356,2677424,2608956,2611024,259,1,false,false
1181,3,66400,136992,2685420,2687488,2619020,2621088,260,1,false,false
1182,0,66400,143456,11383876,11386712,11317476,11320312,1440,1,false,false
1183,0,66400,143456,11389292,11392128,11322892,11325728,1441,1,false,false
1184,0,66400,143456,11394964,11397544,11328564,11331144,1442,1,false,false
1185,0,66400,143456,11400380,11402960,11333980,11336560,1443,1,false,false
1186,3,66400,142369,10735456,10737524,10669056,10671124,1261,1,false,false
1187,3,66400,142369,10738312,10740380,10671912,10673980,1262,1,false,false
1188,3,66400,142369,10740912,10742980,10674512,10676580,1263,1,false,false
1189,3,66400,142369,10745048,10747116,10678648,10680716,1264,1,false,false
1190,3,66400,140768,8915256,8917324,8848856,8850924,973,1,false,false
1191,3,66400,140768,8924788,8926856,8858388,8860456,974,1,false,false
1192,3,66400,140768,8933808,8935876,8867408,8869476,975,1,false,false
1193,3,66400,140768,8940780,8942848,8874380,8876448,976,1,false,false
1194,0,66400,139904,7782288,7783076,7715888,7716676,793,1,false,false
1195,0,66400,139904,7790560,7791348,7724160,7724948,794,1,false,false
1196,0,66400,139904,7798576,7799364,7732176,7732964,795,1,false,false
1197,0,66400,139904,7808384,7808916,7741984,7742516,796,1,false,false
1198,0,66401,139488,6723216,6724772,6656815,6658371,681,1,false,false
1199,0,66401,139488,6732512,6733812,6666111,6667411,682,1,false,false
1200,0,66401,139488,6741040,6742340,6674639,6675939,683,1,false,false
1201,0,66401,139488,6749568,6750868,6683167,6684467,684,1,false,false
1202,3,66432,148128,11850816,11852884,11784384,11786452,1561,1,false,false
1203,3,66432,148128,11854184,11856252,11787752,11789820,1562,1,false,false
1204,3,66432,148128,11857552,11859620,11791120,11793188,1563,1,false,false
1205,3,66432,148128,11860920,11862988,11794488,11796556,1564,1,false,false
1206,0,66432,136448,1933888,1934676,1867456,1868244,184,1,false,false
1207,0,66432,136448,1945232,1946020,1878800,1879588,185,1,false,false
1208,0,66432,136448,1956320,1957108,1889888,1890676,186,1,false,false
1209,0,66432,136448,1966384,1966916,1899952,1900484,187,1,false,false
1210,0,66432,150274,12269900,12270688,12203468,12204256,1676,1,false,false
1211,0,66432,150274,12272756,12273544,12206324,12207112,1677,1,false,false
1212,0,66432,150274,12275612,12276400,12209180,12209968,1678,1,false,false
1213,0,66432,150274,12278468,12279000,12212036,12212568,1679,1,false,false
1214,3,66432,136160,840380,843216,773948,776784,77,1,false,false
1215,3,66432,136160,853004,855840,786572,789408,78,1,false,false
1216,3,66432,136160,865116,867696,798684,801264,79,1,false,false
1217,3,66432,136160,876972,879552,810540,813120,80,1,false,false
1218,3,66432,143329,10956640,10958708,10890208,10892276,1325,1,false,false
1219,3,66432,143329,10959496,10961564,10893064,10895132,1326,1,false,false
1220,3,66432,143329,10962096,10964164,10895664,10897732,1327,1,false,false
1221,3,66432,143329,10966232,10968300,10899800,10901868,1328,1,false,false
1222,0,66432,143329,11037764,11038552,10971332,10972120,1344,1,false,false
1223,0,66432,143329,11040620,11041408,10974188,10974976,1345,1,false,false
1224,0,66432,143329,11044244,11045032,10977812,10978600,1346,1,false,false
1225,0,66432,143329,11047868,11048400,10981436,10981968,1347,1,false,false
1226,0,66432,140768,8872676,8874232,8806244,8807800,967,1,false,false
1227,0,66432,140768,8879136,8880436,8812704,8814004,968,1,false,false
1228,0,66432,140768,8885084,8886384,8818652,8819952,969,1,false,false
1229,0,66432,140768,8891032,8892332,8824600,8825900,970,1,false,false
1230,3,66432,149473,12067488,12069556,12001056,12003124,1621,1,false,false
1231,3,66432,149473,12071880,12073948,12005448,12007516,1622,1,false,false
1232,3,66432,149473,12076272,12078340,12009840,12011908,1623,1,false,false
1233,3,66432,149473,12080408,12082476,12013976,12016044,1624,1,false,false
1234,3,66432,137121,3106300,3107600,3039868,3041168,305,1,false,false
1235,3,66432,137121,3116364,3117664,3049932,3051232,306,1,false,false
1236,3,66432,137121,3126684,3127984,3060252,3061552,307,1,false,false
1237,3,66432,137121,3136748,3137792,3070316,3071360,308,1,false,false
1238,0,66432,137121,3230912,3231700,3164480,3165268,320,1,false,false
1239,0,66432,137121,3238928,3239716,3172496,3173284,321,1,false,false
1240,0,66432,137121,3245920,3246708,3179488,3180276,322,1,false,false
1241,0,66432,137121,3252912,3253444,3186480,3187012,323,1,false,false
1242,0,66433,139904,7818704,7819492,7752271,7753059,797,1,false,false
1243,0,66433,139904,7829024,7829812,7762591,7763379,798,1,false,false
1244,0,66433,139904,7839344,7840132,7772911,7773699,799,1,false,false
1245,0,66433,139904,7845824,7846356,7779391,7779923,800,1,false,false
1246,0,66433,139969,8147064,8149132,8080631,8082699,850,1,false,false
1247,0,66433,139969,8155572,8157640,8089139,8091207,851,1,false,false
1248,0,66433,139969,8163824,8165892,8097391,8099459,852,1,false,false
1249,0,66433,139969,8172076,8174144,8105643,8107711,853,1,false,false
1250,0,66433,142369,10773252,10776088,10706819,10709655,1272,1,false,false
1251,0,66433,142369,10778156,10780992,10711723,10714559,1273,1,false,false
1252,0,66433,142369,10783060,10785640,10716627,10719207,1274,1,false,false
1253,0,66433,142369,10787708,10790288,10721275,10723855,1275,1,false,false
1254,0,66433,136992,2646464,2648532,2580031,2582099,256,1,false,false
1255,0,66433,136992,2657040,2659108,2590607,2592675,257,1,false,false
1256,0,66433,136992,2667360,2669428,2600927,2602995,258,1,false,false
1257,0,66433,136992,2677424,2679492,2610991,2613059,259,1,false,false
1258,2,66464,150274,7095096,7096652,7028632,7030188,720,1,false,false
1259,2,66464,150274,7103368,7104668,7036904,7038204,721,1,false,false
1260,2,66464,150274,7111128,7112428,7044664,7045964,722,1,false,false
1261,2,66464,150274,7119144,7120444,7052680,7053980,723,1,false,false
1262,0,66464,143456,11405796,11409912,11339332,11343448,1444,1,false,false
1263,0,66464,143456,11412492,11416608,11346028,11350144,1445,1,false,false
1264,0,66464,143456,11419444,11423560,11352980,11357096,1446,1,false,false
1265,0,66464,143456,11426396,11430256,11359932,11363792,1447,1,false,false
1266,3,66465,140033,8502584,8504652,8436119,8438187,909,1,false,false
1267,3,66465,140033,8508788,8510856,8442323,8444391,910,1,false,false
1268,3,66465,140033,8517296,8519364,8450831,8452899,911,1,false,false
1269,3,66465,140033,8525036,8527104,8458571,8460639,912,1,false,false
1270,1,66465,150274,9526904,9528972,9460439,9462507,1062,1,false,false
1271,1,66465,150274,9532084,9534152,9465619,9467687,1063,1,false,false
1272,1,66465,150274,9537264,9539332,9470799,9472867,1064,1,false,false
1273,1,66465,150274,9541164,9543232,9474699,9476767,1065,1,false,false
1274,0,66465,142369,10792356,10793144,10725891,10726679,1276,1,false,false
1275,0,66465,142369,10795212,10796000,10728747,10729535,1277,1,false,false
1276,0,66465,142369,10798068,10798856,10731603,10732391,1278,1,false,false
1277,0,66465,142369,10800924,10801456,10734459,10734991,1279,1,false,false
1278,3,66496,139552,7087868,7090704,7021372,7024208,721,1,false,false
1279,3,66496,139552,7096652,7099488,7030156,7032992,722,1,false,false
1280,3,66496,139552,7104668,7107248,7038172,7040752,723,1,false,false
1281,3,66496,139552,7112428,7115008,7045932,7048512,724,1,false,false
1282,0,66496,138784,5253184,5255252,5186688,5188756,520,1,false,false
1283,0,66496,138784,5263248,5265316,5196752,5198820,521,1,false,false
1284,0,66496,138784,5273312,5275380,5206816,5208884,522,1,false,false
1285,0,66496,138784,5283632,5285700,5217136,5219204,523,1,false,false
1286,3,66496,139969,8222456,8224524,8155960,8158028,861,1,false,false
1287,3,66496,139969,8227636,8229704,8161140,8163208,862,1,false,false
1288,3,66496,139969,8233328,8235396,8166832,8168900,863,1,false,false
1289,3,66496,139969,8239020,8241088,8172524,8174592,864,1,false,false
1290,3,66496,136160,889084,891920,822588,825424,81,1,false,false
1291,3,66496,136160,901708,904544,835212,838048,82,1,false,false
1292,3,66496,136160,914076,916656,847580,850160,83,1,false,false
1293,3,66496,136160,926188,928768,859692,862272,84,1,false,false
1294,0,66496,135104,274112,274900,207616,208404,17,1,false,false
1295,0,66496,135104,283664,284452,217168,217956,18,1,false,false
1296,0,66496,135104,292192,292980,225696,226484,19,1,false,false
1297,0,66496,135104,300720,301252,234224,234756,20,1,false,false
1298,0,66496,136193,1428480,1429268,1361984,1362772,132,1,false,false
1299,0,66496,136193,1436752,1437540,1370256,1371044,133,1,false,false
1300,0,66496,136193,1445024,1445812,1378528,1379316,134,1,false,false
1301,0,66496,136193,1453296,1453828,1386800,1387332,135,1,false,false
1302,0,66497,142016,10373792,10375860,10307295,10309363,1192,1,false,false
1303,0,66497,142016,10380508,10382576,10314011,10316079,1193,1,false,false
1304,0,66497,142016,10387480,10389548,10320983,10323051,1194,1,false,false
1305,0,66497,142016,10394452,10396520,10327955,10330023,1195,1,false,false
1306,3,66497,139904,7816636,7818704,7750139,7752207,797,1,false,false
1307,3,66497,139904,7826956,7829024,7760459,7762527,798,1,false,false
1308,3,66497,139904,7837276,7839344,7770779,7772847,799,1,false,false
1309,3,66497,139904,7843756,7845824,7777259,7779327,800,1,false,false
1310,3,66528,150274,12342400,12344468,12275872,12277940,1696,1,false,false
1311,3,66528,150274,12345256,12347324,12278728,12280796,1697,1,false,false
1312,3,66528,150274,12348112,12350180,12281584,12283652,1698,1,false,false
1313,3,66528,150274,12350712,12352780,12284184,12286252,1699,1,false,false
1314,0,66528,137121,3259648,3262484,3193120,3195956,324,1,false,false
1315,0,66528,137121,3268432,3271268,3201904,3204740,325,1,false,false
1316,0,66528,137121,3277472,3280052,3210944,3213524,326,1,false,false
1317,0,66528,137121,3286256,3288836,3219728,3222308,327,1,false,false
1318,0,66528,137601,3729984,3732052,3663456,3665524,376,1,false,false
1319,0,66528,137601,3740048,3742116,3673520,3675588,377,1,false,false
1320,0,66528,137601,3750112,3752180,3683584,3685652,378,1,false,false
1321,0,66528,137601,3761456,3763268,3694928,3696740,379,1,false,false
1322,3,66528,136448,1942396,1945232,1875868,1878704,185,1,false,false
1323,3,66528,136448,1953484,1956320,1886956,1889792,186,1,false,false
1324,3,66528,136448,1963804,1966384,1897276,1899856,187,1,false,false
1325,3,66528,136448,1973612,1976192,1907084,1909664,188,1,false,false
1326,3,66560,137729,4318652,4320720,4252092,4254160,429,1,false,false
1327,3,66560,137729,4327948,4330016,4261388,4263456,430,1,false,false
1328,3,66560,137729,4339804,4341872,4273244,4275312,431,1,false,false
1329,3,66560,137729,4351660,4353728,4285100,4287168,432,1,false,false
1330,0,66560,136193,1461312,1462100,1394752,1395540,136,1,false,false
1331,0,66560,136193,1468304,1469092,1401744,1402532,137,1,false,false
1332,0,66560,136193,1475040,1475828,1408480,1409268,138,1,false,false
1333,0,66560,136193,1482032,1482564,1415472,1416004,139,1,false,false
1334,3,66592,140768,8947496,8947772,8880904,8881180,977,1,false,false
1335,0,66592,140960,9447572,9448872,9380980,9382280,1051,1,false,false
1336,0,66592,140960,9454032,9455332,9387440,9388740,1052,1,false,false
1337,0,66592,140960,9460492,9461792,9393900,9395200,1053,1,false,false
1338,0,66592,140960,9467208,9468252,9400616,9401660,1054,1,false,false
1339,0,66593,136448,1976192,1976980,1909599,1910387,188,1,false,false
1340,0,66593,136448,1986768,1987556,1920175,1920963,189,1,false,false
1341,0,66593,136448,1997088,1997876,1930495,1931283,190,1,false,false
1342,0,66593,136448,2008176,2008708,1941583,1942115,191,1,false,false
1343,3,66624,142369,10749184,10751252,10682560,10684628,1265,1,false,false
1344,3,66624,142369,10753320,10755388,10686696,10688764,1266,1,false,false
1345,3,66624,142369,10757456,10759524,10690832,10692900,1267,1,false,false
1346,3,66624,142369,10761080,10763148,10694456,10696524,1268,1,false,false
1347,0,66624,140768,8898004,8902376,8831380,8835752,971,1,false,false
1348,0,66624,140768,8907792,8911908,8841168,8845284,972,1,false,false
1349,0,66624,140768,8917324,8921440,8850700,8854816,973,1,false,false
1350,0,66624,140768,8926856,8930972,8860232,8864348,974,1,false,false
1351,0,66624,149473,12093644,12095712,12027020,12029088,1628,1,false,false
1352,0,66624,149473,12097780,12099848,12031156,12033224,1629,1,false,false
1353,0,66624,149473,12101916,12103984,12035292,12037360,1630,1,false,false
1354,0,66624,149473,12106052,12107864,12039428,12041240,1631,1,false,false
1355,3,66624,136448,1983932,1986768,1917308,1920144,189,1,false,false
1356,3,66624,136448,1994252,1997088,1927628,1930464,190,1,false,false
1357,3,66624,136448,2005596,2008176,1938972,1941552,191,1,false,false
1358,3,66624,136448,2016172,2018752,1949548,1952128,192,1,false,false
1359,3,66624,135104,175676,177744,109052,111120,5,1,false,false
1360,3,66624,135104,185484,187552,118860,120928,6,1,false,false
1361,3,66624,135104,194780,196848,128156,130224,7,1,false,false
1362,3,66624,135104,204076,206144,137452,139520,8,1,false,false
1363,0,66625,137121,3295040,3297108,3228415,3230483,328,1,false,false
1364,0,66625,137121,3303056,3305124,3236431,3238499,329,1,false,false
1365,0,66625,137121,3311840,3313908,3245215,3247283,330,1,false,false
1366,0,66625,137121,3320880,3322948,3254255,3256323,331,1,false,false
1367,0,66625,148128,11794092,11794880,11727467,11728255,1544,1,false,false
1368,0,66625,148128,11798484,11799272,11731859,11732647,1545,1,false,false
1369,0,66625,148128,11802620,11803408,11735995,11736783,1546,1,false,false
1370,0,66625,148128,11806756,11807288,11740131,11740663,1547,1,false,false
1371,0,66656,140992,9691892,9692680,9625236,9626024,1091,1,false,false
1372,0,66656,140992,9698864,9699652,9632208,9632996,1092,1,false,false
1373,0,66656,140992,9704556,9705344,9637900,9638688,1093,1,false,false
1374,0,66656,140992,9710248,9710780,9643592,9644124,1094,1,false,false
1375,0,66656,151105,12524116,12526184,12457460,12459528,1753,1,false,false
1376,0,66656,151105,12528252,12530320,12461596,12463664,1754,1,false,false
1377,0,66656,151105,12532388,12534456,12465732,12467800,1755,1,false,false
1378,0,66656,151105,12536524,12538592,12469868,12471936,1756,1,false,false
1379,0,66688,136193,1488768,1490836,1422080,1424148,140,1,false,false
1380,0,66688,136193,1498320,1500388,1431632,1433700,141,1,false,false
1381,0,66688,136193,1507872,1509940,1441184,1443252,142,1,false,false
1382,0,66688,136193,1517424,1519492,1450736,1452804,143,1,false,false
1383,0,66688,139328,5502976,5505044,5436288,5438356,548,1,false,false
1384,0,66688,139328,5514832,5516900,5448144,5450212,549,1,false,false
1385,0,66688,139328,5526432,5528500,5459744,5461812,550,1,false,false
1386,0,66688,139328,5537776,5539844,5471088,5473156,551,1,false,false
1387,2,66689,140033,3490376,3491164,3423687,3424475,350,1,false,false
1388,2,66689,140033,3495064,3495852,3428375,3429163,351,1,false,false
1389,2,66689,140033,3502056,3502844,3435367,3436155,352,1,false,false
1390,2,66689,140033,3508536,3509324,3441847,3442635,353,1,false,false
1391,0,66689,136193,1526976,1529812,1460287,1463123,144,1,false,false
1392,0,66689,136193,1537808,1540644,1471119,1473955,145,1,false,false
1393,0,66689,136193,1548640,1551220,1481951,1484531,146,1,false,false
1394,0,66689,136193,1559472,1562052,1492783,1495363,147,1,false,false
1395,0,66689,135104,308480,309268,241791,242579,21,1,false,false
1396,0,66689,135104,316496,317284,249807,250595,22,1,false,false
1397,0,66689,135104,322464,323252,255775,256563,23,1,false,false
1398,0,66689,135104,330992,331524,264303,264835,24,1,false,false
1399,1,66720,143362,8279868,8280656,8213148,8213936,870,1,false,false
1400,1,66720,143362,8284792,8285580,8218072,8218860,871,1,false,false
1401,1,66720,143362,8289716,8290504,8222996,8223784,872,1,false,false
1402,1,66720,143362,8293104,8293636,8226384,8226916,873,1,false,false
1403,0,66720,140960,9473924,9475224,9407204,9408504,1055,1,false,false
1404,0,66720,140960,9480640,9481940,9413920,9415220,1056,1,false,false
1405,0,66720,140960,9487356,9488656,9420636,9421936,1057,1,false,false
1406,0,66720,140960,9494072,9495116,9427352,9428396,1058,1,false,false
1407,0,66721,139969,8180328,8182396,8113607,8115675,854,1,false,false
1408,0,66721,139969,8187300,8189368,8120579,8122647,855,1,false,false
1409,0,66721,139969,8194272,8196340,8127551,8129619,856,1,false,false
1410,0,66721,139969,8200988,8203056,8134267,8136335,857,1,false,false
1411,0,66721,140033,8461284,8463352,8394563,8396631,903,1,false,false
1412,0,66721,140033,8469536,8471604,8402815,8404883,904,1,false,false
1413,0,66721,140033,8477788,8479856,8411067,8413135,905,1,false,false
1414,0,66721,140033,8486040,8488108,8419319,8421387,906,1,false,false
1415,3,66721,138784,4881980,4884816,4815259,4818095,485,1,false,false
1416,3,66721,138784,4892044,4894880,4825323,4828159,486,1,false,false
1417,3,66721,138784,4902364,4904944,4835643,4838223,487,1,false,false
1418,3,66721,138784,4912428,4915008,4845707,4848287,488,1,false,false
1419,3,66721,139904,7848424,7850492,7781703,7783771,801,1,false,false
1420,3,66721,139904,7853348,7855416,7786627,7788695,802,1,false,false
1421,3,66721,139904,7858272,7860340,7791551,7793619,803,1,false,false
1422,3,66721,139904,7863196,7865264,7796475,7798543,804,1,false,false
1423,3,66752,239810,12734464,12736532,12667712,12669780,1797,1,false,false
1424,3,66752,239810,12738088,12740156,12671336,12673404,1798,1,false,false
1425,3,66752,239810,12741456,12743524,12674704,12676772,1799,1,false,false
1426,3,66752,239810,12744824,12746892,12678072,12680140,1800,1,false,false
1427,0,66752,142016,10401168,10404004,10334416,10337252,1196,1,false,false
1428,0,66752,142016,10408652,10411488,10341900,10344736,1197,1,false,false
1429,0,66752,142016,10415112,10417692,10348360,10350940,1198,1,false,false
1430,0,66752,142016,10421060,10423640,10354308,10356888,1199,1,false,false
1431,3,66752,142369,10764448,10766516,10697696,10699764,1269,1,false,false
1432,3,66752,142369,10767816,10769884,10701064,10703132,1270,1,false,false
1433,3,66752,142369,10771184,10773252,10704432,10706500,1271,1,false,false
1434,3,66752,142369,10776088,10778156,10709336,10711404,1272,1,false,false
1435,0,66752,137601,3772288,3774356,3705536,3707604,380,1,false,false
1436,0,66752,137601,3783376,3785444,3716624,3718692,381,1,false,false
1437,0,66752,137601,3794464,3796532,3727712,3729780,382,1,false,false
1438,0,66752,137601,3805808,3807620,3739056,3740868,383,1,false,false
1439,0,66752,137729,4444480,4446036,4377728,4379284,440,1,false,false
1440,0,66752,137729,4457616,4458916,4390864,4392164,441,1,false,false
1441,0,66752,137729,4470240,4471540,4403488,4404788,442,1,false,false
1442,0,66752,137729,4480560,4481860,4413808,4415108,443,1,false,false
1443,0,66753,139328,5548096,5549652,5481343,5482899,552,1,false,false
1444,0,66753,139328,5558160,5559460,5491407,5492707,553,1,false,false
1445,0,66753,139328,5567456,5568756,5500703,5502003,554,1,false,false
1446,0,66753,139328,5576496,5577796,5509743,5511043,555,1,false,false
1447,0,66753,141857,10076496,10078564,10009743,10011811,1148,1,false,false
1448,0,66753,141857,10083468,10085536,10016715,10018783,1149,1,false,false
1449,0,66753,141857,10090440,10092508,10023687,10025755,1150,1,false,false
1450,0,66753,141857,10097412,10099480,10030659,10032727,1151,1,false,false
1451,3,66753,142369,10780992,10783060,10714239,10716307,1273,1,false,false
1452,3,66753,142369,10785640,10787708,10718887,10720955,1274,1,false,false
1453,3,66753,142369,10790288,10792356,10723535,10725603,1275,1,false,false
1454,3,66753,142369,10793144,10795212,10726391,10728459,1276,1,false,false
1455,0,66784,140768,8935876,8937944,8869092,8871160,975,1,false,false
1456,0,66784,140768,8942848,8944916,8876064,8878132,976,1,false,false
1457,0,66784,140768,8947772,8949840,8880988,8883056,977,1,false,false
1458,0,66784,140768,8954488,8956556,8887704,8889772,978,1,false,false
1459,3,66784,136193,1360828,1362896,1294044,1296112,125,1,false,false
1460,3,66784,136193,1370380,1372448,1303596,1305664,126,1,false,false
1461,3,66784,136193,1380188,1382256,1313404,1315472,127,1,false,false
1462,3,66784,136193,1389484,1391552,1322700,1324768,128,1,false,false
1463,2,66784,139904,2869096,2872700,2802312,2805916,280,1,false,false
1464,2,66784,139904,2880696,2884044,2813912,2817260,281,1,false,false
1465,2,66784,139904,2892808,2896156,2826024,2829372,282,1,false,false
1466,2,66784,139904,2904920,2908268,2838136,2841484,283,1,false,false
1467,3,66784,135104,212092,214160,145308,147376,9,1,false,false
1468,3,66784,135104,219596,221664,152812,154880,10,1,false,false
1469,3,66784,135104,226844,228912,160060,162128,11,1,false,false
1470,3,66784,135104,234092,236160,167308,169376,12,1,false,false
1471,3,66784,142016,10464468,10466536,10397684,10399752,1205,1,false,false
1472,3,66784,142016,10471696,10473764,10404912,10406980,1206,1,false,false
1473,3,66784,142016,10478412,10480480,10411628,10413696,1207,1,false,false
1474,3,66784,142016,10485384,10487452,10418600,10420668,1208,1,false,false
1475,0,66784,139904,7850492,7851280,7783708,7784496,801,1,false,false
1476,0,66784,139904,7855416,7856204,7788632,7789420,802,1,false,false
1477,0,66784,139904,7860340,7861128,7793556,7794344,803,1,false,false
1478,0,66784,139904,7865264,7865796,7798480,7799012,804,1,false,false
1479,0,66785,140768,8961972,8963528,8895187,8896743,979,1,false,false
1480,0,66785,140768,8968944,8970244,8902159,8903459,980,1,false,false
1481,0,66785,140768,8975660,8976960,8908875,8910175,981,1,false,false
1482,0,66785,140768,8982376,8983676,8915591,8916891,982,1,false,false
1483,3,66816,135104,238780,240848,171964,174032,13,1,false,false
1484,3,66816,135104,250124,252192,183308,185376,14,1,false,false
1485,3,66816,135104,261212,263280,194396,196464,15,1,false,false
1486,3,66816,135104,272044,274112,205228,207296,16,1,false,false
1487,0,66816,139488,6759376,6760164,6692560,6693348,685,1,false,false
1488,0,66816,139488,6768416,6769204,6701600,6702388,686,1,false,false
1489,0,66816,139488,6777200,6777988,6710384,6711172,687,1,false,false
1490,0,66816,139488,6785984,6786516,6719168,6719700,688,1,false,false
1491,0,66816,139552,7203792,7207396,7136976,7140580,733,1,false,false
1492,0,66816,139552,7214368,7217716,7147552,7150900,734,1,false,false
1493,0,66816,139552,7224688,7228036,7157872,7161220,735,1,false,false
1494,0,66816,139552,7234496,7237844,7167680,7171028,736,1,false,false
1495,3,66816,139424,6070972,6073040,6004156,6006224,605,1,false,false
1496,3,66816,139424,6082060,6084128,6015244,6017312,606,1,false,false
1497,3,66816,139424,6093148,6095216,6026332,6028400,607,1,false,false
1498,3,66816,139424,6104236,6106304,6037420,6039488,608,1,false,false
1499,0,66817,142369,10803524,10805080,10736707,10738263,1280,1,false,false
1500,0,66817,142369,10807148,10808448,10740331,10741631,1281,1,false,false
1501,0,66817,142369,10810516,10811816,10743699,10744999,1282,1,false,false
1502,0,66817,142369,10813884,10815184,10747067,10748367,1283,1,false,false
1503,0,66848,137729,4490880,4492436,4424032,4425588,444,1,false,false
1504,0,66848,137729,4501200,4502500,4434352,4435652,445,1,false,false
1505,0,66848,137729,4511008,4512308,4444160,4445460,446,1,false,false
1506,0,66848,137729,4521840,4523140,4454992,4456292,447,1,false,false
1507,0,66848,136992,2687488,2689044,2620640,2622196,260,1,false,false
1508,0,66848,136992,2696784,2698084,2629936,2631236,261,1,false,false
1509,0,66848,136992,2705824,2707124,2638976,2640276,262,1,false,false
1510,0,66848,136992,2714352,2715652,2647504,2648804,263,1,false,false
1511,3,66848,142369,10796000,10798068,10729152,10731220,1277,1,false,false
1512,3,66848,142369,10798856,10800924,10732008,10734076,1278,1,false,false
1513,3,66848,142369,10801456,10803524,10734608,10736676,1279,1,false,false
1514,3,66848,142369,10805080,10807148,10738232,10740300,1280,1,false,false
1515,0,66848,137121,3329920,3331988,3263072,3265140,332,1,false,false
1516,0,66848,137121,3337936,3340004,3271088,3273156,333,1,false,false
1517,0,66848,137121,3346720,3348788,3279872,3281940,334,1,false,false
1518,0,66848,137121,3355760,3357828,3288912,3290980,335,1,false,false
1519,0,66880,143616,11672804,11673592,11605924,11606712,1508,1,false,false
1520,0,66880,143616,11675660,11676448,11608780,11609568,1509,1,false,false
1521,0,66880,143616,11678516,11679304,11611636,11612424,1510,1,false,false
1522,0,66880,143616,11681372,11681904,11614492,11615024,1511,1,false,false
1523,0,66880,239810,12675732,12676520,12608852,12609640,1782,1,false,false
1524,0,66880,239810,12678588,12679376,12611708,12612496,1783,1,false,false
1525,0,66880,239810,12681444,12682232,12614564,12615352,1784,1,false,false
1526,0,66880,239810,12684300,12684832,12617420,12617952,1785,1,false,false
1527,3,66880,143616,11662464,11664532,11595584,11597652,1505,1,false,false
1528,3,66880,143616,11666600,11668668,11599720,11601788,1506,1,false,false
1529,3,66880,143616,11670736,11672804,11603856,11605924,1507,1,false,false
1530,3,66880,143616,11673592,11675660,11606712,11608780,1508,1,false,false
1531,0,66880,139328,5583488,5585556,5516608,5518676,556,1,false,false
1532,0,66880,139328,5592784,5594852,5525904,5527972,557,1,false,false
1533,0,66880,139328,5601568,5603636,5534688,5536756,558,1,false,false
1534,0,66880,139328,5610096,5612164,5543216,5545284,559,1,false,false
1535,3,66912,140033,8532520,8534588,8465608,8467676,913,1,false,false
1536,3,66912,140033,8540004,8542072,8473092,8475160,914,1,false,false
1537,3,66912,140033,8546208,8548276,8479296,8481364,915,1,false,false
1538,3,66912,140033,8553436,8555504,8486524,8488592,916,1,false,false
1539,3,66912,139552,7120444,7123280,7053532,7056368,725,1,false,false
1540,3,66912,139552,7131788,7134624,7064876,7067712,726,1,false,false
1541,3,66912,139552,7142620,7145200,7075708,7078288,727,1,false,false
1542,3,66912,139552,7153196,7155776,7086284,7088864,728,1,false,false
1543,0,66912,239810,12686900,12687688,12619988,12620776,1786,1,false,false
1544,0,66912,239810,12689756,12690544,12622844,12623632,1787,1,false,false
1545,0,66912,239810,12692612,12693400,12625700,12626488,1788,1,false,false
1546,0,66912,239810,12695468,12696000,12628556,12629088,1789,1,false,false
1547,3,66912,137601,3695164,3697232,3628252,3630320,373,1,false,false
1548,3,66912,137601,3705996,3708064,3639084,3641152,374,1,false,false
1549,3,66912,137601,3717084,3719152,3650172,3652240,375,1,false,false
1550,3,66912,137601,3727916,3729984,3661004,3663072,376,1,false,false
1551,0,66912,143362,11186308,11187096,11119396,11120184,1384,1,false,false
1552,0,66912,143362,11189164,11189952,11122252,11123040,1385,1,false,false
1553,0,66912,143362,11192020,11192808,11125108,11125896,1386,1,false,false
1554,0,66912,143362,11194876,11195408,11127964,11128496,1387,1,false,false
1555,3,66912,136193,1399036,1401104,1332124,1334192,129,1,false,false
1556,3,66912,136193,1408588,1410656,1341676,1343744,130,1,false,false
1557,3,66912,136193,1417628,1419696,1350716,1352784,131,1,false,false
1558,3,66912,136193,1426412,1428480,1359500,1361568,132,1,false,false
1559,0,66913,136160,829824,831380,762911,764467,76,1,false,false
1560,0,66913,136160,843216,844516,776303,777603,77,1,false,false
1561,0,66913,136160,855840,857140,788927,790227,78,1,false,false
1562,0,66913,136160,867696,868996,800783,802083,79,1,false,false
1563,0,66913,142016,10427008,10427796,10360095,10360883,1200,1,false,false
1564,0,66913,142016,10431164,10431952,10364251,10365039,1201,1,false,false
1565,0,66913,142016,10438392,10439180,10371479,10372267,1202,1,false,false
1566,0,66913,142016,10445620,10446152,10378707,10379239,1203,1,false,false
1567,0,66944,142016,10452336,10453124,10385392,10386180,1204,1,false,false
1568,0,66944,142016,10459308,10460096,10392364,10393152,1205,1,false,false
1569,0,66944,142016,10466536,10467324,10399592,10400380,1206,1,false,false
1570,0,66944,142016,10473764,10474296,10406820,10407352,1207,1,false,false
1571,0,66944,139488,6795024,6795812,6728080,6728868,689,1,false,false
1572,0,66944,139488,6804064,6804852,6737120,6737908,690,1,false,false
1573,0,66944,139488,6813104,6813892,6746160,6746948,691,1,false,false
1574,0,66944,139488,6821888,6822420,6754944,6755476,692,1,false,false
1575,0,66944,151105,12540660,12542728,12473716,12475784,1757,1,false,false
1576,0,66944,151105,12544796,12546864,12477852,12479920,1758,1,false,false
1577,0,66944,151105,12548932,12551000,12481988,12484056,1759,1,false,false
1578,0,66944,151105,12553068,12555136,12486124,12488192,1760,1,false,false
1579,0,66944,142016,10480480,10481268,10413536,10414324,1208,1,false,false
1580,0,66944,142016,10487452,10488240,10420508,10421296,1209,1,false,false
1581,0,66944,142016,10491864,10492652,10424920,10425708,1210,1,false,false
1582,0,66944,142016,10496020,10496552,10429076,10429608,1211,1,false,false
1583,0,66944,150274,12281068,12283136,12214124,12216192,1680,1,false,false
1584,0,66944,150274,12285204,12287272,12218260,12220328,1681,1,false,false
1585,0,66944,150274,12289340,12291408,12222396,12224464,1682,1,false,false
1586,0,66944,150274,12293476,12295544,12226532,12228600,1683,1,false,false
1587,1,66944,151105,9817332,9818888,9750388,9751944,1111,1,false,false
1588,1,66944,151105,9823024,9824324,9756080,9757380,1112,1,false,false
1589,1,66944,151105,9828460,9829760,9761516,9762816,1113,1,false,false
1590,1,66944,151105,9833384,9834684,9766440,9767740,1114,1,false,false
1591,3,66944,139488,6573180,6575248,6506236,6508304,665,1,false,false
1592,3,66944,139488,6582220,6584288,6515276,6517344,666,1,false,false
1593,3,66944,139488,6588444,6590512,6521500,6523568,667,1,false,false
1594,3,66944,139488,6597996,6600064,6531052,6533120,668,1,false,false
1595,3,66945,139488,6607548,6609616,6540603,6542671,669,1,false,false
1596,3,66945,139488,6616588,6618656,6549643,6551711,670,1,false,false
1597,3,66945,139488,6625372,6627440,6558427,6560495,671,1,false,false
1598,3,66945,139488,6634412,6636480,6567467,6569535,672,1,false,false
1599,0,66945,143456,11432836,11433624,11365891,11366679,1448,1,false,false
1600,0,66945,143456,11436204,11436992,11369259,11370047,1449,1,false,false
1601,0,66945,143456,11439828,11440616,11372883,11373671,1450,1,false,false
1602,0,66945,143456,11443452,11443984,11376507,11377039,1451,1,false,false
1603,0,66976,143616,11683972,11684760,11616996,11617784,1512,1,false,false
1604,0,66976,143616,11686828,11687616,11619852,11620640,1513,1,false,false
1605,0,66976,143616,11689684,11690472,11622708,11623496,1514,1,false,false
1606,0,66976,143616,11692540,11693072,11625564,11626096,1515,1,false,false
1607,0,66976,150274,12297612,12298400,12230636,12231424,1684,1,false,false
1608,0,66976,150274,12300468,12301256,12233492,12234280,1685,1,false,false
1609,0,66976,150274,12303324,12304112,12236348,12237136,1686,1,false,false
1610,0,66976,150274,12306180,12306712,12239204,12239736,1687,1,false,false
1611,0,66976,137729,4532672,4533460,4465696,4466484,448,1,false,false
1612,0,66976,137729,4542992,4543780,4476016,4476804,449,1,false,false
1613,0,66976,137729,4553056,4553844,4486080,4486868,450,1,false,false
1614,0,66976,137729,4560816,4561348,4493840,4494372,451,1,false,false
1615,3,66976,136448,2027260,2030096,1960284,1963120,193,1,false,false
1616,3,66976,136448,2038348,2041184,1971372,1974208,194,1,false,false
1617,3,66976,136448,2049436,2052016,1982460,1985040,195,1,false,false
1618,3,66976,136448,2060012,2062592,1993036,1995616,196,1,false,false
1619,3,67008,150274,12353568,12355636,12286560,12288628,1700,1,false,false
1620,3,67008,150274,12356424,12358492,12289416,12291484,1701,1,false,false
1621,3,67008,150274,12359280,12361348,12292272,12294340,1702,1,false,false
1622,3,67008,150274,12361880,12363948,12294872,12296940,1703,1,false,false
1623,2,67009,151105,7251000,7253836,7183991,7186827,736,1,false,false
1624,2,67009,151105,7261320,7264156,7194311,7197147,737,1,false,false
1625,2,67009,151105,7271384,7274220,7204375,7207211,738,1,false,false
1626,2,67009,151105,7281704,7284284,7214695,7217275,739,1,false,false
1627,0,67009,136160,879552,881620,812543,814611,80,1,false,false
1628,0,67009,136160,891920,893988,824911,826979,81,1,false,false
1629,0,67009,136160,904544,906612,837535,839603,82,1,false,false
1630,0,67009,136160,916656,918724,849647,851715,83,1,false,false
1631,3,67040,141857,10035156,10037224,9968116,9970184,1141,1,false,false
1632,3,67040,141857,10041360,10043428,9974320,9976388,1142,1,false,false
1633,3,67040,141857,10047308,10049376,9980268,9982336,1143,1,false,false
1634,3,67040,141857,10054280,10056348,9987240,9989308,1144,1,false,false
1635,3,67040,137121,3143740,3145808,3076700,3078768,309,1,false,false
1636,3,67040,137121,3152012,3154080,3084972,3087040,310,1,false,false
1637,3,67040,137121,3160540,3162608,3093500,3095568,311,1,false,false
1638,3,67040,137121,3168556,3170624,3101516,3103584,312,1,false,false
1639,0,67040,140768,8989348,8990136,8922308,8923096,983,1,false,false
1640,0,67040,140768,8995552,8996340,8928512,8929300,984,1,false,false
1641,0,67040,140768,9001756,9002544,8934716,8935504,985,1,false,false
1642,0,67040,140768,9007960,9008492,8940920,8941452,986,1,false,false
1643,0,67040,135104,339008,339796,271968,272756,25,1,false,false
1644,0,67040,135104,347024,347812,279984,280772,26,1,false,false
1645,0,67040,135104,355808,356596,288768,289556,27,1,false,false
1646,0,67040,135104,364848,365380,297808,298340,28,1,false,false
1647,0,67040,150274,12308780,12310336,12241740,12243296,1688,1,false,false
1648,0,67040,150274,12313940,12315240,12246900,12248200,1689,1,false,false
1649,0,67040,150274,12318588,12319888,12251548,12252848,1690,1,false,false
1650,0,67040,150274,12323236,12324536,12256196,12257496,1691,1,false,false
1651,0,67040,142016,10499920,10501988,10432880,10434948,1212,1,false,false
1652,0,67040,142016,10505356,10507424,10438316,10440384,1213,1,false,false
1653,0,67040,142016,10515144,10517212,10448104,10450172,1214,1,false,false
1654,0,67040,142016,10524932,10526744,10457892,10459704,1215,1,false,false
1655,3,67041,136448,2070844,2073680,2003803,2006639,197,1,false,false
1656,3,67041,136448,2081932,2084768,2014891,2017727,198,1,false,false
1657,3,67041,136448,2091740,2094320,2024699,2027279,199,1,false,false
1658,3,67041,136448,2101292,2103872,2034251,2036831,200,1,false,false
1659,3,67072,139552,7163260,7166096,7096188,7099024,729,1,false,false
1660,3,67072,139552,7173324,7176160,7106252,7109088,730,1,false,false
1661,3,67072,139552,7182876,7185456,7115804,7118384,731,1,false,false
1662,3,67072,139552,7192172,7194752,7125100,7127680,732,1,false,false
1663,3,67072,148128,11865056,11867124,11797984,11800052,1565,1,false,false
1664,3,67072,148128,11869192,11871260,11802120,11804188,1566,1,false,false
1665,3,67072,148128,11873328,11875396,11806256,11808324,1567,1,false,false
1666,3,67072,148128,11877464,11879532,11810392,11812460,1568,1,false,false
1667,3,67072,137121,3177852,3179920,3110780,3112848,313,1,false,false
1668,3,67072,137121,3186124,3188192,3119052,3121120,314,1,false,false
1669,3,67072,137121,3194396,3196464,3127324,3129392,315,1,false,false
1670,3,67072,137121,3202668,3204736,3135596,3137664,316,1,false,false
1671,3,67072,239810,12748192,12750260,12681120,12683188,1801,1,false,false
1672,3,67072,239810,12751816,12753884,12684744,12686812,1802,1,false,false
1673,3,67072,239810,12755184,12757252,12688112,12690180,1803,1,false,false
1674,3,67072,239810,12758552,12760620,12691480,12693548,1804,1,false,false
1675,0,67072,142016,10534464,10536532,10467392,10469460,1216,1,false,false
1676,0,67072,142016,10543996,10546064,10476924,10478992,1217,1,false,false
1677,0,67072,142016,10550968,10553036,10483896,10485964,1218,1,false,false
1678,0,67072,142016,10557940,10559752,10490868,10492680,1219,1,false,false
1679,3,67072,136193,1434684,1436752,1367612,1369680,133,1,false,false
1680,3,67072,136193,1442956,1445024,1375884,1377952,134,1,false,false
1681,3,67072,136193,1451228,1453296,1384156,1386224,135,1,false,false
1682,3,67072,136193,1459244,1461312,1392172,1394240,136,1,false,false
1683,0,67072,148128,11810636,11812192,11743564,11745120,1548,1,false,false
1684,0,67072,148128,11814260,11815560,11747188,11748488,1549,1,false,false
1685,0,67072,148128,11817628,11818928,11750556,11751856,1550,1,false,false
1686,0,67072,148128,11820996,11822296,11753924,11755224,1551,1,false,false
1687,0,67072,139552,7246096,7248164,7179024,7181092,737,1,false,false
1688,0,67072,139552,7256672,7258740,7189600,7191668,738,1,false,false
1689,0,67072,139552,7266736,7268804,7199664,7201732,739,1,false,false
1690,0,67072,139552,7276800,7278868,7209728,7211796,740,1,false,false
1691,0,67072,139488,6826320,6829924,6759248,6762852,693,1,false,false
1692,0,67072,139488,6836896,6840244,6769824,6773172,694,1,false,false
1693,0,67072,139488,6846960,6850308,6779888,6783236,695,1,false,false
1694,0,67072,139488,6857024,6860372,6789952,6793300,696,1,false,false
1695,0,67073,136448,2018752,2020308,1951679,1953235,192,1,false,false
1696,0,67073,136448,2030096,2031396,1963023,1964323,193,1,false,false
1697,0,67073,136448,2041184,2042484,1974111,1975411,194,1,false,false
1698,0,67073,136448,2052016,2053316,1984943,1986243,195,1,false,false
1699,0,67104,149473,12109932,12112000,12042828,12044896,1632,1,false,false
1700,0,67104,149473,12114068,12116136,12046964,12049032,1633,1,false,false
1701,0,67104,149473,12118204,12120272,12051100,12053168,1634,1,false,false
1702,0,67104,149473,12122340,12124408,12055236,12057304,1635,1,false,false
1703,3,67104,143329,10970368,10975764,10903264,10908660,1329,1,false,false
1704,3,67104,143329,10977832,10983228,10910728,10916124,1330,1,false,false
1705,3,67104,143329,10985296,10990692,10918192,10923588,1331,1,false,false
1706,3,67104,143329,10992248,10997644,10925144,10930540,1332,1,false,false
1707,0,67104,136160,928768,930324,861664,863220,84,1,false,false
1708,0,67104,136160,942160,943460,875056,876356,85,1,false,false
1709,0,67104,136160,953248,954548,886144,887444,86,1,false,false
1710,0,67104,136160,963824,965124,896720,898020,87,1,false,false
1711,3,67104,143362,11202400,11203188,11135296,11136084,1389,1,false,false
1712,3,67104,143362,11204488,11205276,11137384,11138172,1390,1,false,false
1713,3,67104,143362,11206576,11207364,11139472,11140260,1391,1,false,false
1714,3,67104,143362,11209432,11209964,11142328,11142860,1392,1,false,false
1715,3,67104,150274,12366016,12368084,12298912,12300980,1704,1,false,false
1716,3,67104,150274,12370152,12372220,12303048,12305116,1705,1,false,false
1717,3,67104,150274,12374288,12376356,12307184,12309252,1706,1,false,false
1718,3,67104,150274,12378424,12380492,12311320,12313388,1707,1,false,false
1719,3,67105,139424,6115068,6116368,6047963,6049263,609,1,false,false
1720,3,67105,139424,6124876,6126176,6057771,6059071,610,1,false,false
1721,3,67105,139424,6134428,6135728,6067323,6068623,611,1,false,false
1722,3,67105,139424,6142444,6143488,6075339,6076383,612,1,false,false
1723,0,67105,137601,3816640,3817428,3749535,3750323,384,1,false,false
1724,0,67105,137601,3826192,3826980,3759087,3759875,385,1,false,false
1725,0,67105,137601,3835744,3836532,3768639,3769427,386,1,false,false
1726,0,67105,137601,3845808,3846340,3778703,3779235,387,1,false,false
1727,3,67136,142369,10808448,10810516,10741312,10743380,1281,1,false,false
1728,3,67136,142369,10811816,10813884,10744680,10746748,1282,1,false,false
1729,3,67136,142369,10815184,10817252,10748048,10750116,1283,1,false,false
1730,3,67136,142369,10818040,10820108,10750904,10752972,1284,1,false,false
1731,2,67136,137601,1212920,1214988,1145784,1147852,110,1,false,false
1732,2,67136,137601,1221704,1223772,1154568,1156636,111,1,false,false
1733,2,67136,137601,1230232,1232300,1163096,1165164,112,1,false,false
1734,2,67136,137601,1237736,1239548,1170600,1172412,113,1,false,false
1735,3,67136,142016,10489796,10491864,10422660,10424728,1209,1,false,false
1736,3,67136,142016,10493952,10496020,10426816,10428884,1210,1,false,false
1737,3,67136,142016,10497852,10499920,10430716,10432784,1211,1,false,false
1738,3,67136,142016,10503288,10505356,10436152,10438220,1212,1,false,false
1739,3,67136,1165477,13018752,13020820,12951616,12953684,1785,1,false,false
1740,3,67136,1165477,13022888,13024956,12955752,12957820,1786,1,false,false
1741,3,67136,1165477,13027024,13029092,12959888,12961956,1787,1,false,false
1742,3,67136,1165477,13031160,13033228,12964024,12966092,1788,1,false,false
1743,0,67136,150274,12327884,12329440,12260748,12262304,1692,1,false,false
1744,0,67136,150274,12331508,12332808,12264372,12265672,1693,1,false,false
1745,0,67136,150274,12334876,12336176,12267740,12269040,1694,1,false,false
1746,0,67136,150274,12338244,12339544,12271108,12272408,1695,1,false,false
1747,3,67136,136160,939324,942160,872188,875024,85,1,false,false
1748,3,67136,136160,950412,953248,883276,886112,86,1,false,false
1749,3,67136,136160,961244,963824,894108,896688,87,1,false,false
1750,3,67136,136160,971820,974400,904684,907264,88,1,false,false
1751,3,67136,135104,281596,283664,214460,216528,17,1,false,false
1752,3,67136,135104,290124,292192,222988,225056,18,1,false,false
1753,3,67136,135104,298652,300720,231516,233584,19,1,false,false
1754,3,67136,135104,306412,308480,239276,241344,20,1,false,false
1755,0,67136,136992,2722880,2724436,2655744,2657300,264,1,false,false
1756,0,67136,136992,2732688,2733988,2665552,2666852,265,1,false,false
1757,0,67136,136992,2742240,2743540,2675104,2676404,266,1,false,false
1758,0,67136,136992,2751536,2752836,2684400,2685700,267,1,false,false
1759,3,67137,143456,11392128,11394964,11324991,11327827,1441,1,false,false
1760,3,67137,143456,11397544,11400380,11330407,11333243,1442,1,false,false
1761,3,67137,143456,11402960,11405796,11335823,11338659,1443,1,false,false
1762,3,67137,143456,11409912,11412492,11342775,11345355,1444,1,false,false
1763,3,67137,140768,8952420,8954488,8885283,8887351,978,1,false,false
1764,3,67137,140768,8959904,8961972,8892767,8894835,979,1,false,false
1765,3,67137,140768,8966876,8968944,8899739,8901807,980,1,false,false
1766,3,67137,140768,8973592,8975660,8906455,8908523,981,1,false,false
1767,0,67137,140992,9715428,9716984,9648291,9649847,1095,1,false,false
1768,0,67137,140992,9721632,9722932,9654495,9655795,1096,1,false,false
1769,0,67137,140992,9727836,9729136,9660699,9661999,1097,1,false,false
1770,0,67137,140992,9734040,9735340,9666903,9668203,1098,1,false,false
1771,3,67168,136448,2111356,2114192,2044188,2047024,201,1,false,false
1772,3,67168,136448,2121676,2124512,2054508,2057344,202,1,false,false
1773,3,67168,136448,2129436,2132272,2062268,2065104,203,1,false,false
1774,3,67168,136448,2139756,2142336,2072588,2075168,204,1,false,false
1775,3,67168,143362,11212032,11214100,11144864,11146932,1393,1,false,false
1776,3,67168,143362,11216168,11218236,11149000,11151068,1394,1,false,false
1777,3,67168,143362,11220304,11222372,11153136,11155204,1395,1,false,false
1778,3,67168,143362,11224440,11226508,11157272,11159340,1396,1,false,false
1779,0,67169,139969,8207704,8208492,8140535,8141323,858,1,false,false
1780,0,67169,139969,8213396,8214184,8146227,8147015,859,1,false,false
1781,0,67169,139969,8219088,8219876,8151919,8152707,860,1,false,false
1782,0,67169,139969,8224524,8225056,8157355,8157887,861,1,false,false
1783,0,67200,139552,7287120,7287908,7219920,7220708,741,1,false,false
1784,0,67200,139552,7297184,7297972,7229984,7230772,742,1,false,false
1785,0,67200,139552,7306736,7307524,7239536,7240324,743,1,false,false
1786,0,67200,139552,7316032,7316564,7248832,7249364,744,1,false,false
1787,0,67200,136160,974400,975188,907200,907988,88,1,false,false
1788,0,67200,136160,984208,984996,917008,917796,89,1,false,false
1789,0,67200,136160,996320,997108,929120,929908,90,1,false,false
1790,0,67200,136160,1007920,1008452,940720,941252,91,1,false,false
1791,0,67200,139328,5618880,5619668,5551680,5552468,560,1,false,false
1792,0,67200,139328,5626896,5627684,5559696,5560484,561,1,false,false
1793,0,67200,139328,5634400,5635188,5567200,5567988,562,1,false,false
1794,0,67200,139328,5641648,5642180,5574448,5574980,563,1,false,false
1795,3,67200,136160,981372,984208,914172,917008,89,1,false,false
1796,3,67200,136160,993484,996320,926284,929120,90,1,false,false
1797,3,67200,136160,1005340,1007920,938140,940720,91,1,false,false
1798,3,67200,136160,1016428,1019008,949228,951808,92,1,false,false
1799,0,67232,135104,373632,375188,306400,307956,29,1,false,false
1800,0,67232,135104,383184,384484,315952,317252,30,1,false,false
1801,0,67232,135104,391968,393268,324736,326036,31,1,false,false
1802,0,67232,135104,401008,402308,333776,335076,32,1,false,false
1803,3,67232,139328,5434300,5437136,5367068,5369904,541,1,false,false
1804,3,67232,139328,5445132,5447968,5377900,5380736,542,1,false,false
1805,3,67232,139328,5456220,5459056,5388988,5391824,543,1,false,false
1806,3,67232,139328,5466028,5468608,5398796,5401376,544,1,false,false
1807,0,67232,151105,12557204,12558760,12489972,12491528,1761,1,false,false
1808,0,67232,151105,12560828,12562128,12493596,12494896,1762,1,false,false
1809,0,67232,151105,12564196,12565496,12496964,12498264,1763,1,false,false
1810,0,67232,151105,12567564,12568864,12500332,12501632,1764,1,false,false
1811,3,67232,143362,11228576,11230644,11161344,11163412,1397,1,false,false
1812,3,67232,143362,11232712,11234780,11165480,11167548,1398,1,false,false
1813,3,67232,143362,11236848,11238916,11169616,11171684,1399,1,false,false
1814,3,67232,143362,11239704,11241772,11172472,11174540,1400,1,false,false
1815,0,67233,135104,409792,411348,342559,344115,33,1,false,false
1816,0,67233,135104,418576,419876,351343,352643,34,1,false,false
1817,0,67233,135104,427360,428660,360127,361427,35,1,false,false
1818,0,67233,135104,436400,437700,369167,370467,36,1,false,false
1819,3,67264,135104,314428,316496,247164,249232,21,1,false,false
1820,3,67264,135104,320396,322464,253132,255200,22,1,false,false
1821,3,67264,135104,328924,330992,261660,263728,23,1,false,false
1822,3,67264,135104,336940,339008,269676,271744,24,1,false,false
1823,3,67264,136193,1466236,1468304,1398972,1401040,137,1,false,false
1824,3,67264,136193,1472972,1475040,1405708,1407776,138,1,false,false
1825,3,67264,136193,1479964,1482032,1412700,1414768,139,1,false,false
1826,3,67264,136193,1486700,1488768,1419436,1421504,140,1,false,false
1827,0,67264,137121,3364288,3365844,3297024,3298580,336,1,false,false
1828,0,67264,137121,3373072,3374372,3305808,3307108,337,1,false,false
1829,0,67264,137121,3384672,3385972,3317408,3318708,338,1,false,false
1830,0,67264,137121,3395760,3397060,3328496,3329796,339,1,false,false
1831,2,67264,139969,3273848,3275404,3206584,3208140,325,1,false,false
1832,2,67264,139969,3282888,3284188,3215624,3216924,326,1,false,false
1833,2,67264,139969,3291672,3292972,3224408,3225708,327,1,false,false
1834,2,67264,139969,3299688,3300988,3232424,3233724,328,1,false,false
1835,3,67264,137601,3737980,3740048,3670716,3672784,377,1,false,false
1836,3,67264,137601,3748044,3750112,3680780,3682848,378,1,false,false
1837,3,67264,137601,3759388,3761456,3692124,3694192,379,1,false,false
1838,3,67264,137601,3770220,3772288,3702956,3705024,380,1,false,false
1839,0,67265,143362,11197476,11199032,11130211,11131767,1388,1,false,false
1840,0,67265,143362,11201100,11202400,11133835,11135135,1389,1,false,false
1841,0,67265,143362,11203188,11204488,11135923,11137223,1390,1,false,false
1842,0,67265,143362,11205276,11206576,11138011,11139311,1391,1,false,false
1843,0,67265,135104,445184,445972,377919,378707,37,1,false,false
1844,0,67265,135104,453200,453988,385935,386723,38,1,false,false
1845,0,67265,135104,461472,462260,394207,394995,39,1,false,false
1846,0,67265,135104,467440,467972,400175,400707,40,1,false,false
1847,3,67296,137729,4363772,4365840,4296476,4298544,433,1,false,false
1848,3,67296,137729,4375372,4377440,4308076,4310144,434,1,false,false
1849,3,67296,137729,4386460,4388528,4319164,4321232,435,1,false,false
1850,3,67296,137729,4397292,4399360,4329996,4332064,436,1,false,false
1851,0,67296,143362,11207364,11209432,11140068,11142136,1392,1,false,false
1852,0,67296,143362,11209964,11212032,11142668,11144736,1393,1,false,false
1853,0,67296,143362,11214100,11216168,11146804,11148872,1394,1,false,false
1854,0,67296,143362,11218236,11220304,11150940,11153008,1395,1,false,false
1855,0,67296,140768,9013396,9016232,8946100,8948936,987,1,false,false
1856,0,67296,140768,9021136,9023972,8953840,8956676,988,1,false,false
1857,0,67296,140768,9028620,9031456,8961324,8964160,989,1,false,false
1858,0,67296,140768,9036104,9038684,8968808,8971388,990,1,false,false
1859,3,67296,139969,8244456,8246524,8177160,8179228,865,1,false,false
1860,3,67296,139969,8249636,8251704,8182340,8184408,866,1,false,false
1861,3,67296,139969,8256096,8258164,8188800,8190868,867,1,false,false
1862,3,67296,139969,8262300,8264368,8195004,8197072,868,1,false,false
1863,0,67296,136193,1570304,1572372,1503008,1505076,148,1,false,false
1864,0,67296,136193,1579856,1581924,1512560,1514628,149,1,false,false
1865,0,67296,136193,1589408,1591476,1522112,1524180,150,1,false,false
1866,0,67296,136193,1599216,1601284,1531920,1533988,151,1,false,false
1867,0,67296,239810,12698068,12700136,12630772,12632840,1790,1,false,false
1868,0,67296,239810,12702204,12704272,12634908,12636976,1791,1,false,false
1869,0,67296,239810,12706340,12708408,12639044,12641112,1792,1,false,false
1870,0,67296,239810,12710476,12712544,12643180,12645248,1793,1,false,false
1871,1,67297,143329,8098160,8098436,8030863,8031139,841,1,false,false
1872,0,67297,140960,9500788,9502344,9433491,9435047,1059,1,false,false
1873,0,67297,140960,9507760,9509060,9440463,9441763,1060,1,false,false
1874,0,67297,140960,9514476,9515776,9447179,9448479,1061,1,false,false
1875,0,67297,140960,9521960,9523260,9454663,9455963,1062,1,false,false
1876,0,67297,136992,2760832,2761620,2693535,2694323,268,1,false,false
1877,0,67297,136992,2766800,2767588,2699503,2700291,269,1,false,false
1878,0,67297,136992,2776096,2776884,2708799,2709587,270,1,false,false
1879,0,67297,136992,2784880,2785412,2717583,2718115,271,1,false,false
1880,0,67297,143456,11446820,11448888,11379523,11381591,1452,1,false,false
1881,0,67297,143456,11451468,11453536,11384171,11386239,1453,1,false,false
1882,0,67297,143456,11454324,11456392,11387027,11389095,1454,1,false,false
1883,0,67297,143456,11457180,11458992,11389883,11391695,1455,1,false,false
1884,3,67328,150274,12381280,12383348,12313952,12316020,1708,1,false,false
1885,3,67328,150274,12384136,12386204,12316808,12318876,1709,1,false,false
1886,3,67328,150274,12386992,12389060,12319664,12321732,1710,1,false,false
1887,3,67328,150274,12389592,12391660,12322264,12324332,1711,1,false,false
1888,0,67328,143362,11222372,11224440,11155044,11157112,1396,1,false,false
1889,0,67328,143362,11226508,11228576,11159180,11161248,1397,1,false,false
1890,0,67328,143362,11230644,11232712,11163316,11165384,1398,1,false,false
1891,0,67328,143362,11234780,11236848,11167452,11169520,1399,1,false,false
1892,3,67328,1165477,13035040,13037108,12967712,12969780,1789,1,false,false
1893,3,67328,1165477,13038664,13040732,12971336,12973404,1790,1,false,false
1894,3,67328,1165477,13042032,13044100,12974704,12976772,1791,1,false,false
1895,3,67328,1165477,13045400,13047468,12978072,12980140,1792,1,false,false
1896,0,67328,239810,12714612,12718216,12647284,12650888,1794,1,false,false
1897,0,67328,239810,12720284,12723632,12652956,12656304,1795,1,false,false
1898,0,67328,239810,12725700,12729048,12658372,12661720,1796,1,false,false
1899,0,67328,239810,12731116,12734464,12663788,12667136,1797,1,false,false
1900,0,67328,140960,9526372,9526904,9459044,9459576,1063,1,false,false
1901,0,67328,140960,9531552,9532084,9464224,9464756,1064,1,false,false
1902,0,67328,140960,9536732,9537264,9469404,9469936,1065,1,false,false
1903,0,67328,140960,9540632,9541164,9473304,9473836,1066,1,false,false
1904,0,67329,140768,9043588,9045144,8976259,8977815,991,1,false,false
1905,0,67329,140768,9050048,9051348,8982719,8984019,992,1,false,false
1906,0,67329,140768,9055996,9057296,8988667,8989967,993,1,false,false
1907,0,67329,140768,9061944,9063244,8994615,8995915,994,1,false,false
1908,0,67360,143456,11459780,11460568,11392420,11393208,1456,1,false,false
1909,0,67360,143456,11461100,11461888,11393740,11394528,1457,1,false,false
1910,0,67360,143456,11464724,11465512,11397364,11398152,1458,1,false,false
1911,0,67360,143456,11468348,11468880,11400988,11401520,1459,1,false,false
1912,0,67360,139904,7872236,7874304,7804876,7806944,805,1,false,false
1913,0,67360,139904,7880488,7882556,7813128,7815196,806,1,false,false
1914,0,67360,139904,7888484,7890552,7821124,7823192,807,1,false,false
1915,0,67360,139904,7896480,7898548,7829120,7831188,808,1,false,false
1916,0,67360,137601,3855360,3857428,3788000,3790068,388,1,false,false
1917,0,67360,137601,3866192,3868260,3798832,3800900,389,1,false,false
1918,0,67360,137601,3877024,3879092,3809664,3811732,390,1,false,false
1919,0,67360,137601,3888368,3890180,3821008,3822820,391,1,false,false
1920,0,67361,139488,6868624,6869412,6801263,6802051,697,1,false,false
1921,0,67361,139488,6877664,6878452,6810303,6811091,698,1,false,false
1922,0,67361,139488,6886448,6887236,6819087,6819875,699,1,false,false
1923,0,67361,139488,6895232,6895764,6827871,6828403,700,1,false,false
1924,0,67361,137601,3899200,3899988,3831839,3832627,392,1,false,false
1925,0,67361,137601,3912080,3912868,3844719,3845507,393,1,false,false
1926,0,67361,137601,3924960,3925748,3857599,3858387,394,1,false,false
1927,0,67361,137601,3938096,3938628,3870735,3871267,395,1,false,false
1928,3,67392,139904,7868632,7872236,7801240,7804844,805,1,false,false
1929,3,67392,139904,7877140,7880488,7809748,7813096,806,1,false,false
1930,3,67392,139904,7885136,7888484,7817744,7821092,807,1,false,false
1931,3,67392,139904,7893132,7896480,7825740,7829088,808,1,false,false
1932,3,67392,136448,2150076,2152912,2082684,2085520,205,1,false,false
1933,3,67392,136448,2160396,2163232,2093004,2095840,206,1,false,false
1934,3,67392,136448,2170460,2173040,2103068,2105648,207,1,false,false
1935,3,67392,136448,2180524,2183104,2113132,2115712,208,1,false,false
1936,3,67392,137729,4407612,4409680,4340220,4342288,437,1,false,false
1937,3,67392,137729,4417676,4419744,4350284,4352352,438,1,false,false
1938,3,67392,137729,4430300,4432368,4362908,4364976,439,1,false,false
1939,3,67392,137729,4442412,4444480,4375020,4377088,440,1,false,false
1940,3,67392,139552,7200956,7203792,7133564,7136400,733,1,false,false
1941,3,67392,139552,7211532,7214368,7144140,7146976,734,1,false,false
1942,3,67392,139552,7221852,7224688,7154460,7157296,735,1,false,false
1943,3,67392,139552,7231916,7234496,7164524,7167104,736,1,false,false
1944,0,67392,139904,7903452,7904240,7836060,7836848,809,1,false,false
1945,0,67392,139904,7909144,7909932,7841752,7842540,810,1,false,false
1946,0,67392,139904,7914580,7915368,7847188,7847976,811,1,false,false
1947,0,67392,139904,7920016,7920548,7852624,7853156,812,1,false,false
1948,0,67392,151105,12570932,12571720,12503540,12504328,1765,1,false,false
1949,0,67392,151105,12573788,12574576,12506396,12507184,1766,1,false,false
1950,0,67392,151105,12576644,12577432,12509252,12510040,1767,1,false,false
1951,0,67392,151105,12579500,12580032,12512108,12512640,1768,1,false,false
1952,0,67392,137121,3406592,3407380,3339200,3339988,340,1,false,false
1953,0,67392,137121,3416912,3417700,3349520,3350308,341,1,false,false
1954,0,67392,137121,3424672,3425460,3357280,3358068,342,1,false,false
1955,0,67392,137121,3432432,3432964,3365040,3365572,343,1,false,false
1956,0,67392,148128,11824364,11825920,11756972,11758528,1552,1,false,false
1957,0,67392,148128,11827988,11829288,11760596,11761896,1553,1,false,false
1958,0,67392,148128,11831356,11832656,11763964,11765264,1554,1,false,false
1959,0,67392,148128,11834724,11836024,11767332,11768632,1555,1,false,false
1960,0,67392,140033,8492244,8494312,8424852,8426920,907,1,false,false
1961,0,67392,140033,8498448,8500516,8431056,8433124,908,1,false,false
1962,0,67392,140033,8504652,8506720,8437260,8439328,909,1,false,false
1963,0,67392,140033,8510856,8512924,8443464,8445532,910,1,false,false
1964,3,67392,136193,1496252,1498320,1428860,1430928,141,1,false,false
1965,3,67392,136193,1505804,1507872,1438412,1440480,142,1,false,false
1966,3,67392,136193,1515356,1517424,1447964,1450032,143,1,false,false
1967,3,67392,136193,1524908,1526976,1457516,1459584,144,1,false,false
1968,3,67392,136160,1028796,1031632,961404,964240,93,1,false,false
1969,3,67392,136160,1041420,1044256,974028,976864,94,1,false,false
1970,3,67392,136160,1053788,1056368,986396,988976,95,1,false,false
1971,3,67392,136160,1065644,1068224,998252,1000832,96,1,false,false
1972,3,67392,137601,3781308,3783376,3713916,3715984,381,1,false,false
1973,3,67392,137601,3792396,3794464,3725004,3727072,382,1,false,false
1974,3,67392,137601,3803740,3805808,3736348,3738416,383,1,false,false
1975,3,67392,137601,3814572,3816640,3747180,3749248,384,1,false,false
1976,3,67424,139424,6150204,6152272,6082780,6084848,613,1,false,false
1977,3,67424,139424,6159244,6161312,6091820,6093888,614,1,false,false
1978,3,67424,139424,6168028,6170096,6100604,6102672,615,1,false,false
1979,3,67424,139424,6178348,6180416,6110924,6112992,616,1,false,false
1980,3,67424,138784,4923004,4925840,4855580,4858416,489,1,false,false
1981,3,67424,138784,4933836,4936672,4866412,4869248,490,1,false,false
1982,3,67424,138784,4946716,4949552,4879292,4882128,491,1,false,false
1983,3,67424,138784,4959084,4961664,4891660,4894240,492,1,false,false
1984,3,67424,137601,3824124,3826192,3756700,3758768,385,1,false,false
1985,3,67424,137601,3833676,3835744,3766252,3768320,386,1,false,false
1986,3,67424,137601,3843740,3845808,3776316,3778384,387,1,false,false
1987,3,67424,137601,3853292,3855360,3785868,3787936,388,1,false,false
1988,0,67424,143362,11238916,11239704,11171492,11172280,1400,1,false,false
1989,0,67424,143362,11241772,11242560,11174348,11175136,1401,1,false,false
1990,0,67424,143362,11244628,11245416,11177204,11177992,1402,1,false,false
1991,0,67424,143362,11247484,11248016,11180060,11180592,1403,1,false,false
1992,3,67424,149473,12083264,12085332,12015840,12017908,1625,1,false,false
1993,3,67424,149473,12086120,12088188,12018696,12020764,1626,1,false,false
1994,3,67424,149473,12088976,12091044,12021552,12023620,1627,1,false,false
1995,3,67424,149473,12091576,12093644,12024152,12026220,1628,1,false,false
1996,3,67425,143616,11676448,11678516,11609023,11611091,1509,1,false,false
1997,3,67425,143616,11679304,11681372,11611879,11613947,1510,1,false,false
1998,3,67425,143616,11681904,11683972,11614479,11616547,1511,1,false,false
1999,3,67425,143616,11684760,11686828,11617335,11619403,1512,1,false,false
2000,0,67425,139424,6116368,6117924,6048943,6050499,609,1,false,false
2001,0,67425,139424,6126176,6127476,6058751,6060051,610,1,false,false
2002,0,67425,139424,6135728,6137028,6068303,6069603,611,1,false,false
2003,0,67425,139424,6143488,6144788,6076063,6077363,612,1,false,false
2004,3,67456,139424,6188412,6190480,6120956,6123024,617,1,false,false
2005,3,67456,139424,6198988,6201056,6131532,6133600,618,1,false,false
2006,3,67456,139424,6209308,6211376,6141852,6143920,619,1,false,false
2007,3,67456,139424,6218092,6220160,6150636,6152704,620,1,false,false
2008,0,67456,140992,9739988,9741544,9672532,9674088,1099,1,false,false
2009,0,67456,140992,9746192,9747492,9678736,9680036,1100,1,false,false
2010,0,67456,140992,9752396,9753696,9684940,9686240,1101,1,false,false
2011,0,67456,140992,9758600,9759900,9691144,9692444,1102,1,false,false
2012,3,67456,136992,2694716,2696784,2627260,2629328,261,1,false,false
2013,3,67456,136992,2703756,2705824,2636300,2638368,262,1,false,false
2014,3,67456,136992,2712284,2714352,2644828,2646896,263,1,false,false
2015,3,67456,136992,2720812,2722880,2653356,2655424,264,1,false,false
2016,3,67456,137121,3209404,3210192,3141948,3142736,317,1,false,false
2017,3,67456,137121,3216396,3217184,3148940,3149728,318,1,false,false
2018,3,67456,137121,3223644,3224432,3156188,3156976,319,1,false,false
2019,3,67456,137121,3230380,3230912,3162924,3163456,320,1,false,false
2020,0,67456,143329,11050980,11053048,10983524,10985592,1348,1,false,false
2021,0,67456,143329,11055628,11057696,10988172,10990240,1349,1,false,false
2022,0,67456,143329,11060532,11062600,10993076,10995144,1350,1,false,false
2023,0,67456,143329,11065436,11067504,10997980,11000048,1351,1,false,false
2024,3,67456,149473,12095712,12097780,12028256,12030324,1629,1,false,false
2025,3,67456,149473,12099848,12101916,12032392,12034460,1630,1,false,false
2026,3,67456,149473,12103984,12106052,12036528,12038596,1631,1,false,false
2027,3,67456,149473,12107864,12109932,12040408,12042476,1632,1,false,false
2028,0,67457,139969,8229704,8230492,8162247,8163035,862,1,false,false
2029,0,67457,139969,8235396,8236184,8167939,8168727,863,1,false,false
2030,0,67457,139969,8241088,8241876,8173631,8174419,864,1,false,false
2031,0,67457,139969,8246524,8247056,8179067,8179599,865,1,false,false
2032,0,67457,140033,8519364,8520920,8451907,8453463,911,1,false,false
2033,0,67457,140033,8527104,8528404,8459647,8460947,912,1,false,false
2034,0,67457,140033,8534588,8535888,8467131,8468431,913,1,false,false
2035,0,67457,140033,8542072,8543372,8474615,8475915,914,1,false,false
2036,0,67457,150274,12341612,12342400,12274155,12274943,1696,1,false,false
2037,0,67457,150274,12344468,12345256,12277011,12277799,1697,1,false,false
2038,0,67457,150274,12347324,12348112,12279867,12280655,1698,1,false,false
2039,0,67457,150274,12350180,12350712,12282723,12283255,1699,1,false,false
2040,3,67488,140960,9293972,9296808,9226484,9229320,1030,1,false,false
2041,3,67488,140960,9301456,9304292,9233968,9236804,1031,1,false,false
2042,3,67488,140960,9308172,9310752,9240684,9243264,1032,1,false,false
2043,3,67488,140960,9314632,9317212,9247144,9249724,1033,1,false,false
2044,0,67488,150274,12352780,12353568,12285292,12286080,1700,1,false,false
2045,0,67488,150274,12355636,12356424,12288148,12288936,1701,1,false,false
2046,0,67488,150274,12358492,12359280,12291004,12291792,1702,1,false,false
2047,0,67488,150274,12361348,12361880,12293860,12294392,1703,1,false,false
2048,3,67489,139552,7243260,7246096,7175771,7178607,737,1,false,false
2049,3,67489,139552,7253836,7256672,7186347,7189183,738,1,false,false
2050,3,67489,139552,7264156,7266736,7196667,7199247,739,1,false,false
2051,3,67489,139552,7274220,7276800,7206731,7209311,740,1,false,false
2052,0,67489,136160,1019008,1020564,951519,953075,92,1,false,false
2053,0,67489,136160,1031632,1032932,964143,965443,93,1,false,false
2054,0,67489,136160,1044256,1045556,976767,978067,94,1,false,false
2055,0,67489,136160,1056368,1057668,988879,990179,95,1,false,false
2056,0,67489,140033,8548276,8550600,8480787,8483111,915,1,false,false
2057,0,67489,140033,8555504,8557828,8488015,8490339,916,1,false,false
2058,0,67489,140033,8562476,8564800,8494987,8497311,917,1,false,false
2059,0,67489,140033,8569448,8571516,8501959,8504027,918,1,false,false
2060,0,67489,149473,12126476,12128544,12058987,12061055,1636,1,false,false
2061,0,67489,149473,12130612,12132680,12063123,12065191,1637,1,false,false
2062,0,67489,149473,12134748,12136816,12067259,12069327,1638,1,false,false
2063,0,67489,149473,12138884,12140952,12071395,12073463,1639,1,false,false
2064,0,67489,141857,10104128,10106196,10036639,10038707,1152,1,false,false
2065,0,67489,141857,10111868,10113936,10044379,10046447,1153,1,false,false
2066,0,67489,141857,10119352,10121420,10051863,10053931,1154,1,false,false
2067,0,67489,141857,10126836,10128904,10059347,10061415,1155,1,false,false
2068,0,67520,137729,4568320,4569108,4500800,4501588,452,1,false,false
2069,0,67520,137729,4575824,4576612,4508304,4509092,453,1,false,false
2070,0,67520,137729,4583072,4583860,4515552,4516340,454,1,false,false
2071,0,67520,137729,4593136,4593668,4525616,4526148,455,1,false,false
2072,3,67520,136448,2191356,2194192,2123836,2126672,209,1,false,false
2073,3,67520,136448,2202188,2205024,2134668,2137504,210,1,false,false
2074,3,67520,136448,2213020,2215600,2145500,2148080,211,1,false,false
2075,3,67520,136448,2225388,2227968,2157868,2160448,212,1,false,false
2076,3,67520,142016,10513076,10515144,10445556,10447624,1213,1,false,false
2077,3,67520,142016,10522864,10524932,10455344,10457412,1214,1,false,false
2078,3,67520,142016,10532396,10534464,10464876,10466944,1215,1,false,false
2079,3,67520,142016,10541928,10543996,10474408,10476476,1216,1,false,false
2080,3,67520,137121,3236860,3238928,3169340,3171408,321,1,false,false
2081,3,67520,137121,3243852,3245920,3176332,3178400,322,1,false,false
2082,3,67520,137121,3250844,3252912,3183324,3185392,323,1,false,false
2083,3,67520,137121,3257580,3259648,3190060,3192128,324,1,false,false
2084,1,67520,139904,5353924,5355992,5286404,5288472,531,1,false,false
2085,1,67520,139904,5362964,5365032,5295444,5297512,532,1,false,false
2086,1,67520,139904,5369700,5371768,5302180,5304248,533,1,false,false
2087,1,67520,139904,5376436,5378504,5308916,5310984,534,1,false,false
2088,0,67520,140768,9068916,9070984,9001396,9003464,995,1,false,false
2089,0,67520,140768,9076400,9078468,9008880,9010948,996,1,false,false
2090,0,67520,140768,9083884,9085952,9016364,9018432,997,1,false,false
2091,0,67520,140768,9090856,9092924,9023336,9025404,998,1,false,false
2092,3,67520,143329,10998944,11001780,10931424,10934260,1333,1,false,false
2093,3,67520,143329,11003080,11005916,10935560,10938396,1334,1,false,false
2094,3,67520,143329,11007216,11009796,10939696,10942276,1335,1,false,false
2095,3,67520,143329,11011352,11013932,10943832,10946412,1336,1,false,false
2096,3,67520,140033,8560408,8562476,8492888,8494956,917,1,false,false
2097,3,67520,140033,8567380,8569448,8499860,8501928,918,1,false,false
2098,3,67520,140033,8574352,8576420,8506832,8508900,919,1,false,false
2099,3,67520,140033,8580044,8582112,8512524,8514592,920,1,false,false
2100,0,67521,138784,5293952,5294740,5226431,5227219,524,1,false,false
2101,0,67521,138784,5302736,5303524,5235215,5236003,525,1,false,false
2102,0,67521,138784,5311520,5312308,5243999,5244787,526,1,false,false
2103,0,67521,138784,5320560,5321092,5253039,5253571,527,1,false,false
2104,0,67521,141857,10134320,10135876,10066799,10068355,1156,1,false,false
2105,0,67521,141857,10140780,10142080,10073259,10074559,1157,1,false,false
2106,0,67521,141857,10146984,10148284,10079463,10080763,1158,1,false,false
2107,0,67521,141857,10153188,10154488,10085667,10086967,1159,1,false,false
2108,1,67521,150274,9545064,9547132,9477543,9479611,1066,1,false,false
2109,1,67521,150274,9548964,9551032,9481443,9483511,1067,1,false,false
2110,1,67521,150274,9552608,9554676,9485087,9487155,1068,1,false,false
2111,1,67521,150274,9558044,9560112,9490523,9492591,1069,1,false,false
2112,3,67552,138784,4969916,4972752,4902364,4905200,493,1,false,false
2113,3,67552,138784,4981004,4983840,4913452,4916288,494,1,false,false
2114,3,67552,138784,4991068,4993904,4923516,4926352,495,1,false,false
2115,3,67552,138784,5000620,5003200,4933068,4935648,496,1,false,false
2116,3,67552,148128,11880320,11882388,11812768,11814836,1569,1,false,false
2117,3,67552,148128,11883176,11885244,11815624,11817692,1570,1,false,false
2118,3,67552,148128,11886032,11888100,11818480,11820548,1571,1,false,false
2119,3,67552,148128,11888632,11890700,11821080,11823148,1572,1,false,false
2120,3,67552,140768,8980308,8982376,8912756,8914824,982,1,false,false
2121,3,67552,140768,8987280,8989348,8919728,8921796,983,1,false,false
2122,3,67552,140768,8993484,8995552,8925932,8928000,984,1,false,false
2123,3,67552,140768,8999688,9001756,8932136,8934204,985,1,false,false
2124,0,67552,142016,10564400,10566468,10496848,10498916,1220,1,false,false
2125,0,67552,142016,10571116,10573184,10503564,10505632,1221,1,false,false
2126,0,67552,142016,10578088,10580156,10510536,10512604,1222,1,false,false
2127,0,67552,142016,10585060,10586872,10517508,10519320,1223,1,false,false
2128,3,67552,139969,8268248,8271852,8200696,8204300,869,1,false,false
2129,3,67552,139969,8275732,8279080,8208180,8211528,870,1,false,false
2130,3,67552,139969,8280656,8284004,8213104,8216452,871,1,false,false
2131,3,67552,139969,8285580,8288928,8218028,8221376,872,1,false,false
2132,3,67552,1165477,13048768,13050836,12981216,12983284,1793,1,false,false
2133,3,67552,1165477,13051624,13053692,12984072,12986140,1794,1,false,false
2134,3,67552,1165477,13054480,13056548,12986928,12988996,1795,1,false,false
2135,3,67552,1165477,13057336,13059404,12989784,12991852,1796,1,false,false
2136,3,67552,140768,9005892,9007960,8938340,8940408,986,1,false,false
2137,3,67552,140768,9011328,9013396,8943776,8945844,987,1,false,false
2138,3,67552,140768,9019068,9021136,8951516,8953584,988,1,false,false
2139,3,67552,140768,9026552,9028620,8959000,8961068,989,1,false,false
2140,1,67552,141857,7157844,7159912,7090292,7092360,728,1,false,false
2141,1,67552,141857,7167652,7169720,7100100,7102168,729,1,false,false
2142,1,67552,141857,7177460,7179528,7109908,7111976,730,1,false,false
2143,1,67552,141857,7186756,7188824,7119204,7121272,731,1,false,false
2144,0,67553,139904,7925452,7926240,7857899,7858687,813,1,false,false
2145,0,67553,139904,7931144,7931932,7863591,7864379,814,1,false,false
2146,0,67553,139904,7936580,7937368,7869027,7869815,815,1,false,false
2147,0,67553,139904,7942016,7942548,7874463,7874995,816,1,false,false
2148,3,67553,136160,1077244,1080080,1009691,1012527,97,1,false,false
2149,3,67553,136160,1089868,1092704,1022315,1025151,98,1,false,false
2150,3,67553,136160,1101980,1104816,1034427,1037263,99,1,false,false
2151,3,67553,136160,1113836,1116416,1046283,1048863,100,1,false,false
2152,3,67584,137121,3266364,3268432,3198780,3200848,325,1,false,false
2153,3,67584,137121,3275404,3277472,3207820,3209888,326,1,false,false
2154,3,67584,137121,3284188,3286256,3216604,3218672,327,1,false,false
2155,3,67584,137121,3292972,3295040,3225388,3227456,328,1,false,false
2156,3,67584,151105,12510880,12512948,12443296,12445364,1748,1,false,false
2157,3,67584,151105,12513736,12515804,12446152,12448220,1749,1,false,false
2158,3,67584,151105,12516592,12518660,12449008,12451076,1750,1,false,false
2159,3,67584,151105,12519448,12521516,12451864,12453932,1751,1,false,false
2160,3,67584,138784,5012732,5015568,4945148,4947984,497,1,false,false
2161,3,67584,138784,5024844,5027680,4957260,4960096,498,1,false,false
2162,3,67584,138784,5036700,5039280,4969116,4971696,499,1,false,false
2163,3,67584,138784,5048300,5050880,4980716,4983296,500,1,false,false
2164,0,67584,137729,4602432,4603220,4534848,4535636,456,1,false,false
2165,0,67584,137729,4611984,4612772,4544400,4545188,457,1,false,false
2166,0,67584,137729,4621536,4622324,4553952,4554740,458,1,false,false
2167,0,67584,137729,4628016,4628548,4560432,4560964,459,1,false,false
2168,3,67585,136992,2730620,2732688,2663035,2665103,265,1,false,false
2169,3,67585,136992,2740172,2742240,2672587,2674655,266,1,false,false
2170,3,67585,136992,2749468,2751536,2681883,2683951,267,1,false,false
2171,3,67585,136992,2758764,2760832,2691179,2693247,268,1,false,false
2172,3,67616,138784,5059644,5062480,4992028,4994864,501,1,false,false
2173,3,67616,138784,5070988,5073824,5003372,5006208,502,1,false,false
2174,3,67616,138784,5083612,5086448,5015996,5018832,503,1,false,false
2175,3,67616,138784,5095980,5098560,5028364,5030944,504,1,false,false
2176,1,67616,139969,5649172,5651240,5581556,5583624,564,1,false,false
2177,1,67616,139969,5656676,5658744,5589060,5591128,565,1,false,false
2178,1,67616,139969,5664180,5666248,5596564,5598632,566,1,false,false
2179,1,67616,139969,5671684,5673752,5604068,5606136,567,1,false,false
2180,0,67617,143456,11471716,11473784,11404099,11406167,1460,1,false,false
2181,0,67617,143456,11476364,11478176,11408747,11410559,1461,1,false,false
2182,0,67617,143456,11481012,11482824,11413395,11415207,1462,1,false,false
2183,0,67617,143456,11485660,11487472,11418043,11419855,1463,1,false,false
2184,0,67617,142369,10817252,10818040,10749635,10750423,1284,1,false,false
2185,0,67617,142369,10820108,10820896,10752491,10753279,1285,1,false,false
2186,0,67617,142369,10822964,10823752,10755347,10756135,1286,1,false,false
2187,0,67617,142369,10825820,10826352,10758203,10758735,1287,1,false,false
2188,3,67617,151105,12522048,12524116,12454431,12456499,1752,1,false,false
2189,3,67617,151105,12526184,12528252,12458567,12460635,1753,1,false,false
2190,3,67617,151105,12530320,12532388,12462703,12464771,1754,1,false,false
2191,3,67617,151105,12534456,12536524,12466839,12468907,1755,1,false,false
2192,3,67648,142369,10820896,10822964,10753248,10755316,1285,1,false,false
2193,3,67648,142369,10823752,10825820,10756104,10758172,1286,1,false,false
2194,3,67648,142369,10826352,10828420,10758704,10760772,1287,1,false,false
2195,3,67648,142369,10829208,10831276,10761560,10763628,1288,1,false,false
2196,3,67648,135104,344956,347024,277308,279376,25,1,false,false
2197,3,67648,135104,353740,355808,286092,288160,26,1,false,false
2198,3,67648,135104,362780,364848,295132,297200,27,1,false,false
2199,3,67648,135104,371564,373632,303916,305984,28,1,false,false
2200,0,67648,148128,11838092,11838880,11770444,11771232,1556,1,false,false
2201,0,67648,148128,11840948,11841736,11773300,11774088,1557,1,false,false
2202,0,67648,148128,11843804,11844592,11776156,11776944,1558,1,false,false
2203,0,67648,148128,11846660,11847192,11779012,11779544,1559,1,false,false
2204,3,67648,140768,9034036,9036104,8966388,8968456,990,1,false,false
2205,3,67648,140768,9041520,9043588,8973872,8975940,991,1,false,false
2206,3,67648,140768,9047980,9050048,8980332,8982400,992,1,false,false
2207,3,67648,140768,9053928,9055996,8986280,8988348,993,1,false,false
2208,0,67648,138784,5329344,5330132,5261696,5262484,528,1,false,false
2209,0,67648,138784,5338128,5338916,5270480,5271268,529,1,false,false
2210,0,67648,138784,5346912,5347700,5279264,5280052,530,1,false,false
2211,0,67648,138784,5353392,5353924,5285744,5286276,531,1,false,false
2212,0,67648,136193,1608768,1611604,1541120,1543956,152,1,false,false
2213,0,67648,136193,1619088,1621924,1551440,1554276,153,1,false,false
2214,0,67648,136193,1629408,1631988,1561760,1564340,154,1,false,false
2215,0,67648,136193,1639728,1642308,1572080,1574660,155,1,false,false
2216,0,67649,137121,3439680,3441236,3372031,3373587,344,1,false,false
2217,0,67649,137121,3447952,3449252,3380303,3381603,345,1,false,false
2218,0,67649,137121,3456224,3457524,3388575,3389875,346,1,false,false
2219,0,67649,137121,3465264,3466564,3397615,3398915,347,1,false,false
2220,3,67680,137121,3300988,3303056,3233308,3235376,329,1,false,false
2221,3,67680,137121,3309772,3311840,3242092,3244160,330,1,false,false
2222,3,67680,137121,3318812,3320880,3251132,3253200,331,1,false,false
2223,3,67680,137121,3327852,3329920,3260172,3262240,332,1,false,false
2224,0,67680,136193,1649792,1651860,1582112,1584180,156,1,false,false
2225,0,67680,136193,1659344,1661412,1591664,1593732,157,1,false,false
2226,0,67680,136193,1668896,1670964,1601216,1603284,158,1,false,false
2227,0,67680,136193,1678704,1680772,1611024,1613092,159,1,false,false
2228,0,67680,139424,6152272,6153828,6084592,6086148,613,1,false,false
2229,0,67680,139424,6161312,6162612,6093632,6094932,614,1,false,false
2230,0,67680,139424,6170096,6171396,6102416,6103716,615,1,false,false
2231,0,67680,139424,6180416,6181716,6112736,6114036,616,1,false,false
2232,3,67680,143362,11242560,11244628,11174880,11176948,1401,1,false,false
2233,3,67680,143362,11245416,11247484,11177736,11179804,1402,1,false,false
2234,3,67680,143362,11248016,11250084,11180336,11182404,1403,1,false,false
2235,3,67680,143362,11250872,11252940,11183192,11185260,1404,1,false,false
2236,3,67680,143329,11015232,11017300,10947552,10949620,1337,1,false,false
2237,3,67680,143329,11018600,11020668,10950920,10952988,1338,1,false,false
2238,3,67680,143329,11021968,11024036,10954288,10956356,1339,1,false,false
2239,3,67680,143329,11025592,11027660,10957912,10959980,1340,1,false,false
2240,0,67680,140033,8576420,8577208,8508740,8509528,919,1,false,false
2241,0,67680,140033,8582112,8582900,8514432,8515220,920,1,false,false
2242,0,67680,140033,8587548,8588336,8519868,8520656,921,1,false,false
2243,0,67680,140033,8592984,8593516,8525304,8525836,922,1,false,false
2244,3,67680,138784,5105276,5108112,5037596,5040432,505,1,false,false
2245,3,67680,138784,5114828,5117664,5047148,5049984,506,1,false,false
2246,3,67680,138784,5124892,5127728,5057212,5060048,507,1,false,false
2247,3,67680,138784,5134444,5137024,5066764,5069344,508,1,false,false
2248,2,67681,150274,7128184,7131788,7060503,7064107,724,1,false,false
2249,2,67681,150274,7139272,7142620,7071591,7074939,725,1,false,false
2250,2,67681,150274,7149848,7153196,7082167,7085515,726,1,false,false
2251,2,67681,150274,7159912,7163260,7092231,7095579,727,1,false,false
2252,3,67712,137121,3336636,3337936,3268924,3270224,333,1,false,false
2253,3,67712,137121,3345420,3346720,3277708,3279008,334,1,false,false
2254,3,67712,137121,3354460,3355760,3286748,3288048,335,1,false,false
2255,3,67712,137121,3363244,3364288,3295532,3296576,336,1,false,false
2256,0,67712,139328,5647616,5649172,5579904,5581460,564,1,false,false
2257,0,67712,139328,5655376,5656676,5587664,5588964,565,1,false,false
2258,0,67712,139328,5662880,5664180,5595168,5596468,566,1,false,false
2259,0,67712,139328,5670384,5671684,5602672,5603972,567,1,false,false
2260,3,67712,142016,10548900,10550968,10481188,10483256,1217,1,false,false
2261,3,67712,142016,10555872,10557940,10488160,10490228,1218,1,false,false
2262,3,67712,142016,10562332,10564400,10494620,10496688,1219,1,false,false
2263,3,67712,142016,10569048,10571116,10501336,10503404,1220,1,false,false
2264,0,67712,140992,9764548,9765336,9696836,9697624,1103,1,false,false
2265,0,67712,140992,9769984,9770772,9702272,9703060,1104,1,false,false
2266,0,67712,140992,9775676,9776464,9707964,9708752,1105,1,false,false
2267,0,67712,140992,9781368,9781900,9713656,9714188,1106,1,false,false
2268,0,67712,142016,10591520,10592308,10523808,10524596,1224,1,false,false
2269,0,67712,142016,10596956,10597744,10529244,10530032,1225,1,false,false
2270,0,67712,142016,10602648,10603436,10534936,10535724,1226,1,false,false
2271,0,67712,142016,10608340,10608872,10540628,10541160,1227,1,false,false
2272,0,67713,139552,7325584,7327652,7257871,7259939,745,1,false,false
2273,0,67713,139552,7336928,7338996,7269215,7271283,746,1,false,false
2274,0,67713,139552,7347504,7349572,7279791,7281859,747,1,false,false
2275,0,67713,139552,7358080,7360148,7290367,7292435,748,1,false,false
2276,0,67713,139969,8251704,8253260,8183991,8185547,866,1,false,false
2277,0,67713,139969,8258164,8259464,8190451,8191751,867,1,false,false
2278,0,67713,139969,8264368,8265668,8196655,8197955,868,1,false,false
2279,0,67713,139969,8271852,8273152,8204139,8205439,869,1,false,false
2280,3,67713,139552,7284284,7287120,7216571,7219407,741,1,false,false
2281,3,67713,139552,7294348,7297184,7226635,7229471,742,1,false,false
2282,3,67713,139552,7303900,7306736,7236187,7239023,743,1,false,false
2283,3,67713,139552,7313452,7316032,7245739,7248319,744,1,false,false
2284,3,67744,143329,11028960,11031028,10961216,10963284,1341,1,false,false
2285,3,67744,143329,11032328,11034396,10964584,10966652,1342,1,false,false
2286,3,67744,143329,11035696,11037764,10967952,10970020,1343,1,false,false
2287,3,67744,143329,11038552,11040620,10970808,10972876,1344,1,false,false
2288,3,67744,140992,9630148,9632216,9562404,9564472,1082,1,false,false
2289,3,67744,140992,9636096,9638164,9568352,9570420,1083,1,false,false
2290,3,67744,140992,9641532,9643600,9573788,9575856,1084,1,false,false
2291,3,67744,140992,9647224,9649292,9579480,9581548,1085,1,false,false
2292,0,67744,137729,4634240,4635028,4566496,4567284,460,1,false,false
2293,0,67744,137729,4640720,4641508,4572976,4573764,461,1,false,false
2294,0,67744,137729,4649760,4650548,4582016,4582804,462,1,false,false
2295,0,67744,137729,4659056,4659588,4591312,4591844,463,1,false,false
2296,0,67745,137729,4667584,4669652,4599839,4601907,464,1,false,false
2297,0,67745,137729,4677648,4679716,4609903,4611971,465,1,false,false
2298,0,67745,137729,4687968,4690036,4620223,4622291,466,1,false,false
2299,0,67745,137729,4699824,4701892,4632079,4634147,467,1,false,false
2300,0,67776,141857,10159136,10159924,10091360,10092148,1160,1,false,false
2301,0,67776,141857,10162268,10163056,10094492,10095280,1161,1,false,false
2302,0,67776,141857,10166680,10167468,10098904,10099692,1162,1,false,false
2303,0,67776,141857,10170836,10171368,10103060,10103592,1163,1,false,false
2304,0,67776,137121,3474304,3475092,3406528,3407316,348,1,false,false
2305,0,67776,137121,3482320,3483108,3414544,3415332,349,1,false,false
2306,0,67776,137121,3488032,3488820,3420256,3421044,350,1,false,false
2307,0,67776,137121,3493232,3493764,3425456,3425988,351,1,false,false
2308,0,67776,239810,12736532,12738088,12668756,12670312,1798,1,false,false
2309,0,67776,239810,12740156,12741456,12672380,12673680,1799,1,false,false
2310,0,67776,239810,12743524,12744824,12675748,12677048,1800,1,false,false
2311,0,67776,239810,12746892,12748192,12679116,12680416,1801,1,false,false
2312,3,67776,142369,10832064,10834132,10764288,10766356,1289,1,false,false
2313,3,67776,142369,10834920,10836988,10767144,10769212,1290,1,false,false
2314,3,67776,142369,10837520,10839588,10769744,10771812,1291,1,false,false
2315,3,67776,142369,10841656,10843724,10773880,10775948,1292,1,false,false
2316,0,67776,139424,6190480,6192036,6122704,6124260,617,1,false,false
2317,0,67776,139424,6201056,6202356,6133280,6134580,618,1,false,false
2318,0,67776,139424,6211376,6212676,6143600,6144900,619,1,false,false
2319,0,67776,139424,6220160,6221460,6152384,6153684,620,1,false,false
2320,0,67776,139424,6228944,6230500,6161168,6162724,621,1,false,false
2321,0,67776,139424,6237984,6239284,6170208,6171508,622,1,false,false
2322,0,67776,139424,6246768,6248068,6178992,6180292,623,1,false,false
2323,0,67776,139424,6254272,6255572,6186496,6187796,624,1,false,false
2324,0,67776,143616,11695140,11695928,11627364,11628152,1516,1,false,false
2325,0,67776,143616,11697996,11698784,11630220,11631008,1517,1,false,false
2326,0,67776,143616,11700852,11701640,11633076,11633864,1518,1,false,false
2327,0,67776,143616,11703708,11704240,11635932,11636464,1519,1,false,false
2328,0,67776,136160,1068224,1069012,1000448,1001236,96,1,false,false
2329,0,67776,136160,1080080,1080868,1012304,1013092,97,1,false,false
2330,0,67776,136160,1092704,1093492,1024928,1025716,98,1,false,false
2331,0,67776,136160,1104816,1105348,1037040,1037572,99,1,false,false
2332,1,67777,140033,5988196,5989752,5920419,5921975,597,1,false,false
2333,1,67777,140033,5998772,6000072,5930995,5932295,598,1,false,false
2334,1,67777,140033,6009092,6010392,5941315,5942615,599,1,false,false
2335,1,67777,140033,6019156,6020456,5951379,5952679,600,1,false,false
2336,3,67808,143362,11253728,11255796,11185920,11187988,1405,1,false,false
2337,3,67808,143362,11256584,11258652,11188776,11190844,1406,1,false,false
2338,3,67808,143362,11259184,11261252,11191376,11193444,1407,1,false,false
2339,3,67808,143362,11262040,11264108,11194232,11196300,1408,1,false,false
2340,2,67808,143362,5785304,5786860,5717496,5719052,579,1,false,false
2341,2,67808,143362,5793064,5794364,5725256,5726556,580,1,false,false
2342,2,67808,143362,5800824,5802124,5733016,5734316,581,1,false,false
2343,2,67808,143362,5808328,5809628,5740520,5741820,582,1,false,false
2344,0,67808,148128,11849260,11850816,11781452,11783008,1560,1,false,false
2345,0,67808,148128,11852884,11854184,11785076,11786376,1561,1,false,false
2346,0,67808,148128,11856252,11857552,11788444,11789744,1562,1,false,false
2347,0,67808,148128,11859620,11860920,11791812,11793112,1563,1,false,false
2348,3,67808,143362,11264896,11266964,11197088,11199156,1409,1,false,false
2349,3,67808,143362,11267752,11269820,11199944,11202012,1410,1,false,false
2350,3,67808,143362,11270352,11272420,11202544,11204612,1411,1,false,false
2351,3,67808,143362,11273208,11275276,11205400,11207468,1412,1,false,false
2352,3,67808,139969,8290504,8292572,8222696,8224764,873,1,false,false
2353,3,67808,139969,8293636,8295704,8225828,8227896,874,1,false,false
2354,3,67808,139969,8300096,8302164,8232288,8234356,875,1,false,false
2355,3,67808,139969,8306300,8308368,8238492,8240560,876,1,false,false
2356,0,67809,136160,1116416,1117204,1048607,1049395,100,1,false,false
2357,0,67809,136160,1128784,1129572,1060975,1061763,101,1,false,false
2358,0,67809,136160,1138848,1139636,1071039,1071827,102,1,false,false
2359,0,67809,136160,1148144,1148676,1080335,1080867,103,1,false,false
2360,3,67840,141857,10060996,10063064,9993156,9995224,1145,1,false,false
2361,3,67840,141857,10067712,10069780,9999872,10001940,1146,1,false,false
2362,3,67840,141857,10074428,10076496,10006588,10008656,1147,1,false,false
2363,3,67840,141857,10081400,10083468,10013560,10015628,1148,1,false,false
2364,3,67840,149473,12112000,12114068,12044160,12046228,1633,1,false,false
2365,3,67840,149473,12116136,12118204,12048296,12050364,1634,1,false,false
2366,3,67840,149473,12120272,12122340,12052432,12054500,1635,1,false,false
2367,3,67840,149473,12124408,12126476,12056568,12058636,1636,1,false,false
2368,3,67840,142016,10576020,10578088,10508180,10510248,1221,1,false,false
2369,3,67840,142016,10582992,10585060,10515152,10517220,1222,1,false,false
2370,3,67840,142016,10589452,10591520,10521612,10523680,1223,1,false,false
2371,3,67840,142016,10594888,10596956,10527048,10529116,1224,1,false,false
2372,0,67840,140992,9786548,9788616,9718708,9720776,1107,1,false,false
2373,0,67840,140992,9793264,9795332,9725424,9727492,1108,1,false,false
2374,0,67840,140992,9798956,9801024,9731116,9733184,1109,1,false,false
2375,0,67840,140992,9804392,9806460,9736552,9738620,1110,1,false,false
2376,0,67841,139552,7371216,7372004,7303375,7304163,749,1,false,false
2377,0,67841,139552,7380000,7380788,7312159,7312947,750,1,false,false
2378,0,67841,139552,7392880,7393668,7325039,7325827,751,1,false,false
2379,0,67841,139552,7405248,7405780,7337407,7337939,752,1,false,false
2380,0,67872,140033,8598420,8599208,8530548,8531336,923,1,false,false
2381,0,67872,140033,8604112,8604900,8536240,8537028,924,1,false,false
2382,0,67872,140033,8609548,8610336,8541676,8542464,925,1,false,false
2383,0,67872,140033,8614984,8615516,8547112,8547644,926,1,false,false
2384,3,67872,139328,5474812,5477648,5406940,5409776,545,1,false,false
2385,3,67872,139328,5483596,5486432,5415724,5418560,546,1,false,false
2386,3,67872,139328,5490076,5492656,5422204,5424784,547,1,false,false
2387,3,67872,139328,5500396,5502976,5432524,5435104,548,1,false,false
2388,0,67872,143616,11706308,11707864,11638436,11639992,1520,1,false,false
2389,0,67872,143616,11709932,11711232,11642060,11643360,1521,1,false,false
2390,0,67872,143616,11713300,11714600,11645428,11646728,1522,1,false,false
2391,0,67872,143616,11716668,11717968,11648796,11650096,1523,1,false,false
2392,0,67872,136992,2793408,2795476,2725536,2727604,272,1,false,false
2393,0,67872,136992,2802448,2804516,2734576,2736644,273,1,false,false
2394,0,67872,136992,2811488,2813556,2743616,2745684,274,1,false,false
2395,0,67872,136992,2820272,2822340,2752400,2754468,275,1,false,false
2396,3,67872,136193,1535740,1537808,1467868,1469936,145,1,false,false
2397,3,67872,136193,1546572,1548640,1478700,1480768,146,1,false,false
2398,3,67872,136193,1557404,1559472,1489532,1491600,147,1,false,false
2399,3,67872,136193,1568236,1570304,1500364,1502432,148,1,false,false
2400,0,67872,136448,2062592,2064660,1994720,1996788,196,1,false,false
2401,0,67872,136448,2073680,2075748,2005808,2007876,197,1,false,false
2402,0,67872,136448,2084768,2086836,2016896,2018964,198,1,false,false
2403,0,67872,136448,2094320,2096388,2026448,2028516,199,1,false,false
2404,0,67904,136193,1688256,1691092,1620352,1623188,160,1,false,false
2405,0,67904,136193,1698576,1701412,1630672,1633508,161,1,false,false
2406,0,67904,136193,1708896,1711476,1640992,1643572,162,1,false,false
2407,0,67904,136193,1719216,1721796,1651312,1653892,163,1,false,false
2408,0,67904,143329,11070084,11071640,11002180,11003736,1352,1,false,false
2409,0,67904,143329,11074220,11075520,11006316,11007616,1353,1,false,false
2410,0,67904,143329,11077588,11078888,11009684,11010984,1354,1,false,false
2411,0,67904,143329,11080956,11082256,11013052,11014352,1355,1,false,false
2412,0,67905,148128,11862988,11865056,11795083,11797151,1564,1,false,false
2413,0,67905,148128,11867124,11869192,11799219,11801287,1565,1,false,false
2414,0,67905,148128,11871260,11873328,11803355,11805423,1566,1,false,false
2415,0,67905,148128,11875396,11877464,11807491,11809559,1567,1,false,false
2416,0,67936,137729,4711424,4712980,4643488,4645044,468,1,false,false
2417,0,67936,137729,4722512,4723812,4654576,4655876,469,1,false,false
2418,0,67936,137729,4735136,4736436,4667200,4668500,470,1,false,false
2419,0,67936,137729,4746224,4747524,4678288,4679588,471,1,false,false
2420,3,67936,139552,7322748,7325584,7254812,7257648,745,1,false,false
2421,3,67936,139552,7334092,7336928,7266156,7268992,746,1,false,false
2422,3,67936,139552,7344924,7347504,7276988,7279568,747,1,false,false
2423,3,67936,139552,7355500,7358080,7287564,7290144,748,1,false,false
2424,3,67936,150274,12393728,12395796,12325792,12327860,1712,1,false,false
2425,3,67936,150274,12397864,12399932,12329928,12331996,1713,1,false,false
2426,3,67936,150274,12402000,12404068,12334064,12336132,1714,1,false,false
2427,3,67936,150274,12406136,12408204,12338200,12340268,1715,1,false,false
2428,3,67936,137121,3371004,3373072,3303068,3305136,337,1,false,false
2429,3,67936,137121,3382604,3384672,3314668,3316736,338,1,false,false
2430,3,67936,137121,3393692,3395760,3325756,3327824,339,1,false,false
2431,3,67936,137121,3404524,3406592,3336588,3338656,340,1,false,false
2432,3,67936,143329,11041408,11044244,10973472,10976308,1345,1,false,false
2433,3,67936,143329,11045032,11047868,10977096,10979932,1346,1,false,false
2434,3,67936,143329,11048400,11050980,10980464,10983044,1347,1,false,false
2435,3,67936,143329,11053048,11055628,10985112,10987692,1348,1,false,false
2436,0,67937,137601,3950976,3951764,3883039,3883827,396,1,false,false
2437,0,67937,137601,3960528,3961316,3892591,3893379,397,1,false,false
2438,0,67937,137601,3969824,3970612,3901887,3902675,398,1,false,false
2439,0,67937,137601,3979632,3980164,3911695,3912227,399,1,false,false
2440,0,67937,150274,12363948,12366016,12296011,12298079,1704,1,false,false
2441,0,67937,150274,12368084,12370152,12300147,12302215,1705,1,false,false
2442,0,67937,150274,12372220,12374288,12304283,12306351,1706,1,false,false
2443,0,67937,150274,12376356,12378424,12308419,12310487,1707,1,false,false
2444,0,67968,136992,2829056,2830612,2761088,2762644,276,1,false,false
2445,0,67968,136992,2838864,2840164,2770896,2772196,277,1,false,false
2446,0,67968,136992,2845344,2846644,2777376,2778676,278,1,false,false
2447,0,67968,136992,2854128,2855428,2786160,2787460,279,1,false,false
2448,3,67968,141857,10088372,10090440,10020404,10022472,1149,1,false,false
2449,3,67968,141857,10095344,10097412,10027376,10029444,1150,1,false,false
2450,3,67968,141857,10102060,10104128,10034092,10036160,1151,1,false,false
2451,3,67968,141857,10109800,10111868,10041832,10043900,1152,1,false,false
2452,3,67968,143616,11687616,11689684,11619648,11621716,1513,1,false,false
2453,3,67968,143616,11690472,11692540,11622504,11624572,1514,1,false,false
2454,3,67968,143616,11693072,11695140,11625104,11627172,1515,1,false,false
2455,3,67968,143616,11695928,11697996,11627960,11630028,1516,1,false,false
2456,0,67968,138784,5361408,5362964,5293440,5294996,532,1,false,false
2457,0,67968,138784,5368400,5369700,5300432,5301732,533,1,false,false
2458,0,67968,138784,5375136,5376436,5307168,5308468,534,1,false,false
2459,0,67968,138784,5382128,5383428,5314160,5315460,535,1,false,false
2460,3,67968,140992,9652916,9654984,9584948,9587016,1086,1,false,false
2461,3,67968,140992,9658096,9660164,9590128,9592196,1087,1,false,false
2462,3,67968,140992,9664812,9666880,9596844,9598912,1088,1,false,false
2463,3,67968,140992,9673320,9675388,9605352,9607420,1089,1,false,false
2464,0,67968,142369,10828420,10829208,10760452,10761240,1288,1,false,false
2465,0,67968,142369,10831276,10832064,10763308,10764096,1289,1,false,false
2466,0,67968,142369,10834132,10834920,10766164,10766952,1290,1,false,false
2467,0,67968,142369,10836988,10837520,10769020,10769552,1291,1,false,false
2468,0,68000,139552,7415568,7416356,7347568,7348356,753,1,false,false
2469,0,68000,139552,7426144,7426932,7358144,7358932,754,1,false,false
2470,0,68000,139552,7434160,7434948,7366160,7366948,755,1,false,false
2471,0,68000,139552,7442176,7442708,7374176,7374708,756,1,false,false
2472,0,68000,137601,3989184,3992020,3921184,3924020,400,1,false,false
2473,0,68000,137601,4000784,4003620,3932784,3935620,401,1,false,false
2474,0,68000,137601,4012128,4014708,3944128,3946708,402,1,false,false
2475,0,68000,137601,4026544,4029124,3958544,3961124,403,1,false,false
2476,3,68000,139904,7901384,7903452,7833384,7835452,809,1,false,false
2477,3,68000,139904,7907076,7909144,7839076,7841144,810,1,false,false
2478,3,68000,139904,7912512,7914580,7844512,7846580,811,1,false,false
2479,3,68000,139904,7917948,7920016,7849948,7852016,812,1,false,false
2480,3,68000,143456,11416608,11419444,11348608,11351444,1445,1,false,false
2481,3,68000,143456,11423560,11426396,11355560,11358396,1446,1,false,false
2482,3,68000,143456,11430256,11432836,11362256,11364836,1447,1,false,false
2483,3,68000,143456,11433624,11436204,11365624,11368204,1448,1,false,false
2484,2,68000,239810,7377656,7377932,7309656,7309932,737,1,false,false
2485,0,68000,136448,2103872,2105940,2035872,2037940,200,1,false,false
2486,0,68000,136448,2114192,2116260,2046192,2048260,201,1,false,false
2487,0,68000,136448,2124512,2126580,2056512,2058580,202,1,false,false
2488,0,68000,136448,2132272,2134340,2064272,2066340,203,1,false,false
2489,0,68000,139969,8279080,8279868,8211080,8211868,870,1,false,false
2490,0,68000,139969,8284004,8284792,8216004,8216792,871,1,false,false
2491,0,68000,139969,8288928,8289716,8220928,8221716,872,1,false,false
2492,0,68000,139969,8292572,8293104,8224572,8225104,873,1,false,false
2493,0,68001,136193,1729280,1730068,1661279,1662067,164,1,false,false
2494,0,68001,136193,1737552,1738340,1669551,1670339,165,1,false,false
2495,0,68001,136193,1745824,1746612,1677823,1678611,166,1,false,false
2496,0,68001,136193,1757168,1757700,1689167,1689699,167,1,false,false
2497,0,68001,142369,10839588,10841656,10771587,10773655,1292,1,false,false
2498,0,68001,142369,10843724,10845792,10775723,10777791,1293,1,false,false
2499,0,68001,142369,10847860,10849928,10779859,10781927,1294,1,false,false
2500,0,68001,142369,10851996,10854064,10783995,10786063,1295,1,false,false
2501,3,68032,143362,11276064,11278132,11208032,11210100,1413,1,false,false
2502,3,68032,143362,11278920,11280988,11210888,11212956,1414,1,false,false
2503,3,68032,143362,11281520,11283588,11213488,11215556,1415,1,false,false
2504,3,68032,143362,11286424,11288492,11218392,11220460,1416,1,false,false
2505,3,68032,137729,4455548,4457616,4387516,4389584,441,1,false,false
2506,3,68032,137729,4468172,4470240,4400140,4402208,442,1,false,false
2507,3,68032,137729,4478492,4480560,4410460,4412528,443,1,false,false
2508,3,68032,137729,4488812,4490880,4420780,4422848,444,1,false,false
2509,3,68032,137121,3414844,3416912,3346812,3348880,341,1,false,false
2510,3,68032,137121,3422604,3424672,3354572,3356640,342,1,false,false
2511,3,68032,137121,3430364,3432432,3362332,3364400,343,1,false,false
2512,3,68032,137121,3437612,3439680,3369580,3371648,344,1,false,false
2513,3,68032,137729,4499132,4501200,4431100,4433168,445,1,false,false
2514,3,68032,137729,4508940,4511008,4440908,4442976,446,1,false,false
2515,3,68032,137729,4519772,4521840,4451740,4453808,447,1,false,false
2516,3,68032,137729,4530604,4532672,4462572,4464640,448,1,false,false
2517,0,68033,139488,6904016,6906084,6835983,6838051,701,1,false,false
2518,0,68033,139488,6914592,6916660,6846559,6848627,702,1,false,false
2519,0,68033,139488,6924656,6926724,6856623,6858691,703,1,false,false
2520,0,68033,139488,6934720,6936788,6866687,6868755,704,1,false,false
2521,3,68033,137601,3864124,3866192,3796091,3798159,389,1,false,false
2522,3,68033,137601,3874956,3877024,3806923,3808991,390,1,false,false
2523,3,68033,137601,3886300,3888368,3818267,3820335,391,1,false,false
2524,3,68033,137601,3897132,3899200,3829099,3831167,392,1,false,false
2525,3,68033,139969,8312248,8314316,8244215,8246283,877,1,false,false
2526,3,68033,139969,8318196,8320264,8250163,8252231,878,1,false,false
2527,3,68033,139969,8323888,8325956,8255855,8257923,879,1,false,false
2528,3,68033,139969,8329580,8331648,8261547,8263615,880,1,false,false
2529,0,68033,140768,9097060,9099128,9029027,9031095,999,1,false,false
2530,0,68033,140768,9103264,9105332,9035231,9037299,1000,1,false,false
2531,0,68033,140768,9109212,9111280,9041179,9043247,1001,1,false,false
2532,0,68033,140768,9115928,9117996,9047895,9049963,1002,1,false,false
2533,3,68033,239810,12761920,12763988,12693887,12695955,1805,1,false,false
2534,3,68033,239810,12764776,12766844,12696743,12698811,1806,1,false,false
2535,3,68033,239810,12767632,12769700,12699599,12701667,1807,1,false,false
2536,3,68033,239810,12770488,12772556,12702455,12704523,1808,1,false,false
2537,0,68064,143329,11084324,11086392,11016260,11018328,1356,1,false,false
2538,0,68064,143329,11088460,11090528,11020396,11022464,1357,1,false,false
2539,0,68064,143329,11093364,11095432,11025300,11027368,1358,1,false,false
2540,0,68064,143329,11098268,11100336,11030204,11032272,1359,1,false,false
2541,3,68064,150274,12408992,12411060,12340928,12342996,1716,1,false,false
2542,3,68064,150274,12411848,12413916,12343784,12345852,1717,1,false,false
2543,3,68064,150274,12414704,12416772,12346640,12348708,1718,1,false,false
2544,3,68064,150274,12417304,12419372,12349240,12351308,1719,1,false,false
2545,0,68096,148128,11879532,11880320,11811436,11812224,1568,1,false,false
2546,0,68096,148128,11882388,11883176,11814292,11815080,1569,1,false,false
2547,0,68096,148128,11885244,11886032,11817148,11817936,1570,1,false,false
2548,0,68096,148128,11888100,11888632,11820004,11820536,1571,1,false,false
2549,3,68096,143362,11291328,11293396,11223232,11225300,1417,1,false,false
2550,3,68096,143362,11295976,11298044,11227880,11229948,1418,1,false,false
2551,3,68096,143362,11300624,11302692,11232528,11234596,1419,1,false,false
2552,3,68096,143362,11304760,11306828,11236664,11238732,1420,1,false,false
2553,3,68096,135104,381116,383184,313020,315088,29,1,false,false
2554,3,68096,135104,389900,391968,321804,323872,30,1,false,false
2555,3,68096,135104,398940,401008,330844,332912,31,1,false,false
2556,3,68096,135104,407724,409792,339628,341696,32,1,false,false
2557,0,68097,143362,11250084,11250872,11181987,11182775,1404,1,false,false
2558,0,68097,143362,11252940,11253728,11184843,11185631,1405,1,false,false
2559,0,68097,143362,11255796,11256584,11187699,11188487,1406,1,false,false
2560,0,68097,143362,11258652,11259184,11190555,11191087,1407,1,false,false
2561,3,68097,239810,12773088,12775156,12704991,12707059,1809,1,false,false
2562,3,68097,239810,12777224,12779292,12709127,12711195,1810,1,false,false
2563,3,68097,239810,12781360,12783428,12713263,12715331,1811,1,false,false
2564,3,68097,239810,12785496,12787564,12717399,12719467,1812,1,false,false
2565,0,68097,143456,11490052,11492120,11421955,11424023,1464,1,false,false
2566,0,68097,143456,11494700,11496768,11426603,11428671,1465,1,false,false
2567,0,68097,143456,11499604,11501672,11431507,11433575,1466,1,false,false
2568,0,68097,143456,11504508,11506576,11436411,11438479,1467,1,false,false
2569,0,68128,135104,475456,477012,407328,408884,41,1,false,false
2570,0,68128,135104,484496,485796,416368,417668,42,1,false,false
2571,0,68128,135104,493280,494580,425152,426452,43,1,false,false
2572,0,68128,135104,502064,503364,433936,435236,44,1,false,false
2573,1,68128,135104,238228,238504,170100,170376,13,1,false,false
2574,0,68128,140033,8619652,8620440,8551524,8552312,927,1,false,false
2575,0,68128,140033,8624576,8625364,8556448,8557236,928,1,false,false
2576,0,68128,140033,8630268,8631056,8562140,8562928,929,1,false,false
2577,0,68128,140033,8635960,8636492,8567832,8568364,930,1,false,false
2578,3,68128,139552,7369148,7371216,7301020,7303088,749,1,false,false
2579,3,68128,139552,7377932,7380000,7309804,7311872,750,1,false,false
2580,3,68128,139552,7390812,7392880,7322684,7324752,751,1,false,false
2581,3,68128,139552,7403180,7405248,7335052,7337120,752,1,false,false
2582,3,68128,139904,7923384,7925452,7855256,7857324,813,1,false,false
2583,3,68128,139904,7929076,7931144,7860948,7863016,814,1,false,false
2584,3,68128,139904,7934512,7936580,7866384,7868452,815,1,false,false
2585,3,68128,139904,7939948,7942016,7871820,7873888,816,1,false,false
2586,3,68129,137729,4540924,4542992,4472795,4474863,449,1,false,false
2587,3,68129,137729,4550988,4553056,4482859,4484927,450,1,false,false
2588,3,68129,137729,4558748,4560816,4490619,4492687,451,1,false,false
2589,3,68129,137729,4566252,4568320,4498123,4500191,452,1,false,false
2590,0,68160,141857,10174736,10176804,10106576,10108644,1164,1,false,false
2591,0,68160,141857,10180172,10182240,10112012,10114080,1165,1,false,false
2592,0,68160,141857,10187144,10189212,10118984,10121052,1166,1,false,false
2593,0,68160,141857,10194116,10196184,10125956,10128024,1167,1,false,false
2594,3,68160,143616,11698784,11700852,11630624,11632692,1517,1,false,false
2595,3,68160,143616,11701640,11703708,11633480,11635548,1518,1,false,false
2596,3,68160,143616,11704240,11706308,11636080,11638148,1519,1,false,false
2597,3,68160,143616,11707864,11709932,11639704,11641772,1520,1,false,false
2598,0,68160,143362,11261252,11262040,11193092,11193880,1408,1,false,false
2599,0,68160,143362,11264108,11264896,11195948,11196736,1409,1,false,false
2600,0,68160,143362,11266964,11267752,11198804,11199592,1410,1,false,false
2601,0,68160,143362,11269820,11270352,11201660,11202192,1411,1,false,false
2602,0,68160,139424,6260752,6262820,6192592,6194660,625,1,false,false
2603,0,68160,139424,6268256,6270324,6200096,6202164,626,1,false,false
2604,0,68160,139424,6275760,6277828,6207600,6209668,627,1,false,false
2605,0,68160,139424,6284288,6286356,6216128,6218196,628,1,false,false
2606,0,68161,140992,9809828,9811896,9741667,9743735,1111,1,false,false
2607,0,68161,140992,9815264,9817332,9747103,9749171,1112,1,false,false
2608,0,68161,140992,9820956,9823024,9752795,9754863,1113,1,false,false
2609,0,68161,140992,9826392,9828460,9758231,9760299,1114,1,false,false
2610,3,68161,136193,1577788,1579856,1509627,1511695,149,1,false,false
2611,3,68161,136193,1587340,1589408,1519179,1521247,150,1,false,false
2612,3,68161,136193,1597148,1599216,1528987,1531055,151,1,false,false
2613,3,68161,136193,1606700,1608768,1538539,1540607,152,1,false,false
2614,0,68161,135104,510848,512916,442687,444755,45,1,false,false
2615,0,68161,135104,520400,522468,452239,454307,46,1,false,false
2616,0,68161,135104,529440,531508,461279,463347,47,1,false,false
2617,0,68161,135104,538224,540292,470063,472131,48,1,false,false
2618,3,68192,136160,1125948,1128784,1057756,1060592,101,1,false,false
2619,3,68192,136160,1136012,1138848,1067820,1070656,102,1,false,false
2620,3,68192,136160,1145564,1148144,1077372,1079952,103,1,false,false
2621,3,68192,136160,1154604,1157184,1086412,1088992,104,1,false,false
2622,3,68192,139552,7412732,7415568,7344540,7347376,753,1,false,false
2623,3,68192,139552,7423308,7426144,7355116,7357952,754,1,false,false
2624,3,68192,139552,7431580,7434160,7363388,7365968,755,1,false,false
2625,3,68192,139552,7439596,7442176,7371404,7373984,756,1,false,false
2626,0,68224,139904,7947452,7949008,7879228,7880784,817,1,false,false
2627,0,68224,139904,7953912,7955212,7885688,7886988,818,1,false,false
2628,0,68224,139904,7959860,7961160,7891636,7892936,819,1,false,false
2629,0,68224,139904,7965808,7967108,7897584,7898884,820,1,false,false
2630,3,68224,139488,6643196,6645264,6574972,6577040,673,1,false,false
2631,3,68224,139488,6653516,6655584,6585292,6587360,674,1,false,false
2632,3,68224,139488,6663580,6665648,6595356,6597424,675,1,false,false
2633,3,68224,139488,6674412,6676480,6606188,6608256,676,1,false,false
2634,3,68224,137729,4573756,4575824,4505532,4507600,453,1,false,false
2635,3,68224,137729,4581004,4583072,4512780,4514848,454,1,false,false
2636,3,68224,137729,4591068,4593136,4522844,4524912,455,1,false,false
2637,3,68224,137729,4600364,4602432,4532140,4534208,456,1,false,false
2638,0,68225,239810,12750260,12751816,12682035,12683591,1802,1,false,false
2639,0,68225,239810,12753884,12755184,12685659,12686959,1803,1,false,false
2640,0,68225,239810,12757252,12758552,12689027,12690327,1804,1,false,false
2641,0,68225,239810,12760620,12761920,12692395,12693695,1805,1,false,false
2642,0,68225,148128,11890700,11892768,11822475,11824543,1572,1,false,false
2643,0,68225,148128,11894836,11896904,11826611,11828679,1573,1,false,false
2644,0,68225,148128,11898972,11901040,11830747,11832815,1574,1,false,false
2645,0,68225,148128,11903108,11905176,11834883,11836951,1575,1,false,false
2646,0,68225,143616,11720036,11720824,11651811,11652599,1524,1,false,false
2647,0,68225,143616,11722892,11723680,11654667,11655455,1525,1,false,false
2648,0,68225,143616,11725748,11726536,11657523,11658311,1526,1,false,false
2649,0,68225,143616,11728604,11729136,11660379,11660911,1527,1,false,false
2650,0,68225,137601,4040960,4041748,3972735,3973523,404,1,false,false
2651,0,68225,137601,4053328,4054116,3985103,3985891,405,1,false,false
2652,0,68225,137601,4065440,4066228,3997215,3998003,406,1,false,false
2653,0,68225,137601,4076784,4077316,4008559,4009091,407,1,false,false
2654,0,68256,150274,12380492,12381280,12312236,12313024,1708,1,false,false
2655,0,68256,150274,12383348,12384136,12315092,12315880,1709,1,false,false
2656,0,68256,150274,12386204,12386992,12317948,12318736,1710,1,false,false
2657,0,68256,150274,12389060,12389592,12320804,12321336,1711,1,false,false
2658,3,68256,141857,10117284,10119352,10049028,10051096,1153,1,false,false
2659,3,68256,141857,10124768,10126836,10056512,10058580,1154,1,false,false
2660,3,68256,141857,10132252,10134320,10063996,10066064,1155,1,false,false
2661,3,68256,141857,10138712,10140780,10070456,10072524,1156,1,false,false
2662,3,68256,143616,11711232,11713300,11642976,11645044,1521,1,false,false
2663,3,68256,143616,11714600,11716668,11646344,11648412,1522,1,false,false
2664,3,68256,143616,11717968,11720036,11649712,11651780,1523,1,false,false
2665,3,68256,143616,11720824,11722892,11652568,11654636,1524,1,false,false
2666,0,68256,142369,10856132,10858200,10787876,10789944,1296,1,false,false
2667,0,68256,142369,10860268,10862336,10792012,10794080,1297,1,false,false
2668,0,68256,142369,10864404,10866472,10796148,10798216,1298,1,false,false
2669,0,68256,142369,10868540,10870608,10800284,10802352,1299,1,false,false
2670,3,68256,136193,1617020,1619088,1548764,1550832,153,1,false,false
2671,3,68256,136193,1627340,1629408,1559084,1561152,154,1,false,false
2672,3,68256,136193,1637660,1639728,1569404,1571472,155,1,false,false
2673,3,68256,136193,1647724,1649792,1579468,1581536,156,1,false,false
2674,3,68256,137729,4609916,4611984,4541660,4543728,457,1,false,false
2675,3,68256,137729,4619468,4621536,4551212,4553280,458,1,false,false
2676,3,68256,137729,4625948,4628016,4557692,4559760,459,1,false,false
2677,3,68256,137729,4632172,4634240,4563916,4565984,460,1,false,false
2678,3,68256,137729,4638652,4640720,4570396,4572464,461,1,false,false
2679,3,68256,137729,4647692,4649760,4579436,4581504,462,1,false,false
2680,3,68256,137729,4656988,4659056,4588732,4590800,463,1,false,false
2681,3,68256,137729,4665516,4667584,4597260,4599328,464,1,false,false
2682,0,68256,139904,7972012,7973568,7903756,7905312,821,1,false,false
2683,0,68256,139904,7978472,7979772,7910216,7911516,822,1,false,false
2684,0,68256,139904,7984420,7985720,7916164,7917464,823,1,false,false
2685,0,68256,139904,7990368,7991668,7922112,7923412,824,1,false,false
2686,3,68288,136992,2764732,2766800,2696444,2698512,269,1,false,false
2687,3,68288,136992,2774028,2776096,2705740,2707808,270,1,false,false
2688,3,68288,136992,2782812,2784880,2714524,2716592,271,1,false,false
2689,3,68288,136992,2791340,2793408,2723052,2725120,272,1,false,false
2690,3,68288,140960,9321092,9323928,9252804,9255640,1034,1,false,false
2691,3,68288,140960,9330112,9332948,9261824,9264660,1035,1,false,false
2692,3,68288,140960,9339132,9341712,9270844,9273424,1036,1,false,false
2693,3,68288,140960,9347640,9350220,9279352,9281932,1037,1,false,false
2694,3,68288,1165477,13059936,13062004,12991648,12993716,1797,1,false,false
2695,3,68288,1165477,13062004,13064072,12993716,12995784,1798,1,false,false
2696,3,68288,1165477,13064072,13066140,12995784,12997852,1799,1,false,false
2697,3,68288,1165477,13066140,13068208,12997852,12999920,1800,1,false,false
2698,3,68289,151105,12538592,12540660,12470303,12472371,1756,1,false,false
2699,3,68289,151105,12542728,12544796,12474439,12476507,1757,1,false,false
2700,3,68289,151105,12546864,12548932,12478575,12480643,1758,1,false,false
2701,3,68289,151105,12551000,12553068,12482711,12484779,1759,1,false,false
2702,0,68289,143362,11272420,11273208,11204131,11204919,1412,1,false,false
2703,0,68289,143362,11275276,11276064,11206987,11207775,1413,1,false,false
2704,0,68289,143362,11278132,11278920,11209843,11210631,1414,1,false,false
2705,0,68289,143362,11280988,11281520,11212699,11213231,1415,1,false,false
2706,0,68320,140033,8641140,8643208,8572820,8574888,931,1,false,false
2707,0,68320,140033,8647856,8649924,8579536,8581604,932,1,false,false
2708,0,68320,140033,8654060,8656128,8585740,8587808,933,1,false,false
2709,0,68320,140033,8660264,8662332,8591944,8594012,934,1,false,false
2710,3,68320,143456,11436992,11439828,11368672,11371508,1449,1,false,false
2711,3,68320,143456,11440616,11443452,11372296,11375132,1450,1,false,false
2712,3,68320,143456,11443984,11446820,11375664,11378500,1451,1,false,false
2713,3,68320,143456,11448888,11451468,11380568,11383148,1452,1,false,false
2714,0,68321,136448,2142336,2144404,2074015,2076083,204,1,false,false
2715,0,68321,136448,2152912,2154980,2084591,2086659,205,1,false,false
2716,0,68321,136448,2163232,2165300,2094911,2096979,206,1,false,false
2717,0,68321,136448,2173040,2175108,2104719,2106787,207,1,false,false
2718,0,68321,135104,547264,549332,478943,481011,49,1,false,false
2719,0,68321,135104,556304,558372,487983,490051,50,1,false,false
2720,0,68321,135104,565088,567156,496767,498835,51,1,false,false
2721,0,68321,135104,573872,575940,505551,507619,52,1,false,false
2722,3,68321,139328,5511996,5514832,5443675,5446511,549,1,false,false
2723,3,68321,139328,5523596,5526432,5455275,5458111,550,1,false,false
2724,3,68321,139328,5535196,5537776,5466875,5469455,551,1,false,false
2725,3,68321,139328,5545516,5548096,5477195,5479775,552,1,false,false
2726,3,68352,138784,5145788,5148624,5077436,5080272,509,1,false,false
2727,3,68352,138784,5157388,5160224,5089036,5091872,510,1,false,false
2728,3,68352,138784,5168732,5171312,5100380,5102960,511,1,false,false
2729,3,68352,138784,5179564,5182144,5111212,5113792,512,1,false,false
2730,0,68353,143456,11509156,11509944,11440803,11441591,1468,1,false,false
2731,0,68353,143456,11512524,11513312,11444171,11444959,1469,1,false,false
2732,0,68353,143456,11516148,11516936,11447795,11448583,1470,1,false,false
2733,0,68353,143456,11519772,11520304,11451419,11451951,1471,1,false,false
2734,3,68384,140960,9356148,9358984,9287764,9290600,1038,1,false,false
2735,3,68384,140960,9362864,9365700,9294480,9297316,1039,1,false,false
2736,3,68384,140960,9370348,9372928,9301964,9304544,1040,1,false,false
2737,3,68384,140960,9377576,9380156,9309192,9311772,1041,1,false,false
2738,3,68384,143456,11453536,11454324,11385152,11385940,1453,1,false,false
2739,3,68384,143456,11456392,11457180,11388008,11388796,1454,1,false,false
2740,3,68384,143456,11458992,11459780,11390608,11391396,1455,1,false,false
2741,3,68384,143456,11460568,11461100,11392184,11392716,1456,1,false,false
2742,0,68384,136992,2862912,2866516,2794528,2798132,280,1,false,false
2743,0,68384,136992,2874768,2878116,2806384,2809732,281,1,false,false
2744,0,68384,136992,2886112,2889460,2817728,2821076,282,1,false,false
2745,0,68384,136992,2898224,2901572,2829840,2833188,283,1,false,false
2746,0,68385,141857,10200832,10201620,10132447,10133235,1168,1,false,false
2747,0,68385,141857,10206268,10207056,10137883,10138671,1169,1,false,false
2748,0,68385,141857,10211960,10212748,10143575,10144363,1170,1,false,false
2749,0,68385,141857,10217652,10218184,10149267,10149799,1171,1,false,false
2750,0,68385,151105,12582100,12583656,12513715,12515271,1769,1,false,false
2751,0,68385,151105,12585724,12587024,12517339,12518639,1770,1,false,false
2752,0,68385,151105,12589092,12590392,12520707,12522007,1771,1,false,false
2753,0,68385,151105,12592460,12593760,12524075,12525375,1772,1,false,false
2754,3,68416,141857,10144916,10146984,10076500,10078568,1157,1,false,false
2755,3,68416,141857,10151120,10153188,10082704,10084772,1158,1,false,false
2756,3,68416,141857,10157068,10159136,10088652,10090720,1159,1,false,false
2757,3,68416,141857,10160200,10162268,10091784,10093852,1160,1,false,false
2758,3,68416,140992,9681572,9683640,9613156,9615224,1090,1,false,false
2759,3,68416,140992,9689824,9691892,9621408,9623476,1091,1,false,false
2760,3,68416,140992,9696796,9698864,9628380,9630448,1092,1,false,false
2761,3,68416,140992,9702488,9704556,9634072,9636140,1093,1,false,false
2762,3,68416,143616,11723680,11725748,11655264,11657332,1525,1,false,false
2763,3,68416,143616,11726536,11728604,11658120,11660188,1526,1,false,false
2764,3,68416,143616,11729136,11731204,11660720,11662788,1527,1,false,false
2765,3,68416,143616,11732760,11734828,11664344,11666412,1528,1,false,false
2766,0,68416,143362,11283588,11286424,11215172,11218008,1416,1,false,false
2767,0,68416,143362,11288492,11291328,11220076,11222912,1417,1,false,false
2768,0,68416,143362,11293396,11295976,11224980,11227560,1418,1,false,false
2769,0,68416,143362,11298044,11300624,11229628,11232208,1419,1,false,false
2770,0,68417,151105,12595828,12596616,12527411,12528199,1773,1,false,false
2771,0,68417,151105,12598684,12599472,12530267,12531055,1774,1,false,false
2772,0,68417,151105,12601540,12602328,12533123,12533911,1775,1,false,false
2773,0,68417,151105,12604396,12604928,12535979,12536511,1776,1,false,false
2774,3,68448,140033,8585480,8587548,8517032,8519100,921,1,false,false
2775,3,68448,140033,8590916,8592984,8522468,8524536,922,1,false,false
2776,3,68448,140033,8596352,8598420,8527904,8529972,923,1,false,false
2777,3,68448,140033,8602044,8604112,8533596,8535664,924,1,false,false
2778,3,68448,143329,11057696,11060532,10989248,10992084,1349,1,false,false
2779,3,68448,143329,11062600,11065436,10994152,10996988,1350,1,false,false
2780,3,68448,143329,11067504,11070084,10999056,11001636,1351,1,false,false
2781,3,68448,143329,11071640,11074220,11003192,11005772,1352,1,false,false
2782,0,68448,139488,6945040,6945828,6876592,6877380,705,1,false,false
2783,0,68448,139488,6954336,6955124,6885888,6886676,706,1,false,false
2784,0,68448,139488,6963120,6963908,6894672,6895460,707,1,false,false
2785,0,68448,139488,6971904,6972436,6903456,6903988,708,1,false,false
2786,0,68448,139488,6980688,6982756,6912240,6914308,709,1,false,false
2787,0,68448,139488,6989216,6991284,6920768,6922836,710,1,false,false
2788,0,68448,139488,6997232,6999300,6928784,6930852,711,1,false,false
2789,0,68448,139488,7005248,7007316,6936800,6938868,712,1,false,false
2790,3,68448,137121,3445884,3447952,3377436,3379504,345,1,false,false
2791,3,68448,137121,3454156,3456224,3385708,3387776,346,1,false,false
2792,3,68448,137121,3463196,3465264,3394748,3396816,347,1,false,false
2793,3,68448,137121,3472236,3474304,3403788,3405856,348,1,false,false
2794,0,68449,137121,3497920,3500756,3429471,3432307,352,1,false,false
2795,0,68449,137121,3504400,3507236,3435951,3438787,353,1,false,false
2796,0,68449,137121,3510624,3513204,3442175,3444755,354,1,false,false
2797,0,68449,137121,3520944,3523524,3452495,3455075,355,1,false,false
2798,0,68449,137729,4757056,4757844,4688607,4689395,472,1,false,false
2799,0,68449,137729,4767376,4768164,4698927,4699715,473,1,false,false
2800,0,68449,137729,4776416,4777204,4707967,4708755,474,1,false,false
2801,0,68449,137729,4786992,4787524,4718543,4719075,475,1,false,false
2802,3,68449,142016,10600580,10602648,10532131,10534199,1225,1,false,false
2803,3,68449,142016,10606272,10608340,10537823,10539891,1226,1,false,false
2804,3,68449,142016,10611452,10613520,10543003,10545071,1227,1,false,false
2805,3,68449,142016,10618936,10621004,10550487,10552555,1228,1,false,false
2806,3,68480,139328,5555324,5558160,5486844,5489680,553,1,false,false
2807,3,68480,139328,5564620,5567456,5496140,5498976,554,1,false,false
2808,3,68480,139328,5573916,5576496,5505436,5508016,555,1,false,false
2809,3,68480,139328,5580908,5583488,5512428,5515008,556,1,false,false
2810,0,68480,143456,11522884,11524440,11454404,11455960,1472,1,false,false
2811,0,68480,143456,11527020,11528320,11458540,11459840,1473,1,false,false
2812,0,68480,143456,11531156,11532456,11462676,11463976,1474,1,false,false
2813,0,68480,143456,11535292,11536592,11466812,11468112,1475,1,false,false
2814,3,68480,139328,5589948,5592784,5521468,5524304,557,1,false,false
2815,3,68480,139328,5598732,5601568,5530252,5533088,558,1,false,false
2816,3,68480,139328,5607516,5610096,5539036,5541616,559,1,false,false
2817,3,68480,139328,5616300,5618880,5547820,5550400,560,1,false,false
2818,3,68481,142016,10623840,10625908,10555359,10557427,1229,1,false,false
2819,3,68481,142016,10628488,10630556,10560007,10562075,1230,1,false,false
2820,3,68481,142016,10633136,10635204,10564655,10566723,1231,1,false,false
2821,3,68481,142016,10635992,10638060,10567511,10569579,1232,1,false,false
2822,0,68512,148128,11907244,11909312,11838732,11840800,1576,1,false,false
2823,0,68512,148128,11910612,11912680,11842100,11844168,1577,1,false,false
2824,0,68512,148128,11913980,11916048,11845468,11847536,1578,1,false,false
2825,0,68512,148128,11917348,11919416,11848836,11850904,1579,1,false,false
2826,0,68512,149473,12143020,12143808,12074508,12075296,1640,1,false,false
2827,0,68512,149473,12145876,12146664,12077364,12078152,1641,1,false,false
2828,0,68512,149473,12148732,12149520,12080220,12081008,1642,1,false,false
2829,0,68512,149473,12151588,12152120,12083076,12083608,1643,1,false,false
2830,0,68512,148128,11920460,11922016,11851948,11853504,1580,1,false,false
2831,0,68512,148128,11924084,11925384,11855572,11856872,1581,1,false,false
2832,0,68512,148128,11927452,11928752,11858940,11860240,1582,1,false,false
2833,0,68512,148128,11930820,11932120,11862308,11863608,1583,1,false,false
2834,3,68512,136448,2235708,2238544,2167196,2170032,213,1,false,false
2835,3,68512,136448,2246028,2248864,2177516,2180352,214,1,false,false
2836,3,68512,136448,2256348,2259184,2187836,2190672,215,1,false,false
2837,3,68512,136448,2263340,2265920,2194828,2197408,216,1,false,false
2838,0,68512,136448,2183104,2185172,2114592,2116660,208,1,false,false
2839,0,68512,136448,2194192,2196260,2125680,2127748,209,1,false,false
2840,0,68512,136448,2205024,2207092,2136512,2138580,210,1,false,false
2841,0,68512,136448,2215600,2217668,2147088,2149156,211,1,false,false
2842,3,68512,140033,8607480,8609548,8538968,8541036,925,1,false,false
2843,3,68512,140033,8612916,8614984,8544404,8546472,926,1,false,false
2844,3,68512,140033,8617584,8619652,8549072,8551140,927,1,false,false
2845,3,68512,140033,8622508,8624576,8553996,8556064,928,1,false,false
2846,0,68512,136448,2227968,2229524,2159456,2161012,212,1,false,false
2847,0,68512,136448,2238544,2239844,2170032,2171332,213,1,false,false
2848,0,68512,136448,2248864,2250164,2180352,2181652,214,1,false,false
2849,0,68512,136448,2259184,2260484,2190672,2191972,215,1,false,false
2850,0,68512,136448,2265920,2266708,2197408,2198196,216,1,false,false
2851,0,68512,136448,2273168,2273956,2204656,2205444,217,1,false,false
2852,0,68512,136448,2280416,2281204,2211904,2212692,218,1,false,false
2853,0,68512,136448,2287152,2287684,2218640,2219172,219,1,false,false
2854,3,68513,140960,9384804,9387640,9316291,9319127,1042,1,false,false
2855,3,68513,140960,9392288,9395124,9323775,9326611,1043,1,false,false
2856,3,68513,140960,9399004,9401584,9330491,9333071,1044,1,false,false
2857,3,68513,140960,9405464,9408044,9336951,9339531,1045,1,false,false
2858,3,68513,148128,11892768,11894836,11824255,11826323,1573,1,false,false
2859,3,68513,148128,11896904,11898972,11828391,11830459,1574,1,false,false
2860,3,68513,148128,11901040,11903108,11832527,11834595,1575,1,false,false
2861,3,68513,148128,11905176,11907244,11836663,11838731,1576,1,false,false
2862,3,68544,139904,7945384,7947452,7876840,7878908,817,1,false,false
2863,3,68544,139904,7951844,7953912,7883300,7885368,818,1,false,false
2864,3,68544,139904,7957792,7959860,7889248,7891316,819,1,false,false
2865,3,68544,139904,7963740,7965808,7895196,7897264,820,1,false,false
2866,3,68544,142369,10845792,10847860,10777248,10779316,1293,1,false,false
2867,3,68544,142369,10849928,10851996,10781384,10783452,1294,1,false,false
2868,3,68544,142369,10854064,10856132,10785520,10787588,1295,1,false,false
2869,3,68544,142369,10858200,10860268,10789656,10791724,1296,1,false,false
2870,1,68544,143616,8689708,8691776,8621164,8623232,938,1,false,false
2871,1,68544,143616,8697960,8700028,8629416,8631484,939,1,false,false
2872,1,68544,143616,8706212,8708280,8637668,8639736,940,1,false,false
2873,1,68544,143616,8715232,8717300,8646688,8648756,941,1,false,false
2874,3,68544,139424,6226876,6228944,6158332,6160400,621,1,false,false
2875,3,68544,139424,6235916,6237984,6167372,6169440,622,1,false,false
2876,3,68544,139424,6244700,6246768,6176156,6178224,623,1,false,false
2877,3,68544,139424,6252204,6254272,6183660,6185728,624,1,false,false
2878,0,68544,143456,11539428,11542776,11470884,11474232,1476,1,false,false
2879,0,68544,143456,11545356,11548704,11476812,11480160,1477,1,false,false
2880,0,68544,143456,11551540,11554632,11482996,11486088,1478,1,false,false
2881,0,68544,143456,11557468,11560560,11488924,11492016,1479,1,false,false
2882,0,68545,142016,10613520,10616356,10544975,10547811,1228,1,false,false
2883,0,68545,142016,10621004,10623840,10552459,10555295,1229,1,false,false
2884,0,68545,142016,10625908,10628488,10557363,10559943,1230,1,false,false
2885,0,68545,142016,10630556,10633136,10562011,10564591,1231,1,false,false
2886,0,68545,140768,9123668,9126504,9055123,9057959,1003,1,false,false
2887,0,68545,140768,9131920,9134756,9063375,9066211,1004,1,false,false
2888,0,68545,140768,9140172,9142752,9071627,9074207,1005,1,false,false
2889,0,68545,140768,9148168,9150748,9079623,9082203,1006,1,false,false
2890,3,68545,1165477,13068208,13070276,12999663,13001731,1801,1,false,false
2891,3,68545,1165477,13070276,13072344,13001731,13003799,1802,1,false,false
2892,3,68545,1165477,13072344,13074412,13003799,13005867,1803,1,false,false
2893,3,68545,1165477,13074412,13076480,13005867,13007935,1804,1,false,false
2894,3,68576,140033,8627432,8630268,8558856,8561692,929,1,false,false
2895,3,68576,140033,8633124,8635960,8564548,8567384,930,1,false,false
2896,3,68576,140033,8638560,8641140,8569984,8572564,931,1,false,false
2897,3,68576,140033,8645276,8647856,8576700,8579280,932,1,false,false
2898,3,68576,139552,7447612,7450448,7379036,7381872,757,1,false,false
2899,3,68576,139552,7456140,7458976,7387564,7390400,758,1,false,false
2900,3,68576,139552,7465180,7468016,7396604,7399440,759,1,false,false
2901,3,68576,139552,7474220,7476800,7405644,7408224,760,1,false,false
2902,0,68576,135104,582912,584468,514336,515892,53,1,false,false
2903,0,68576,135104,594256,595556,525680,526980,54,1,false,false
2904,0,68576,135104,606368,607668,537792,539092,55,1,false,false
2905,0,68576,135104,618224,619524,549648,550948,56,1,false,false
2906,3,68608,138784,5188092,5190928,5119484,5122320,513,1,false,false
2907,3,68608,138784,5196876,5199712,5128268,5131104,514,1,false,false
2908,3,68608,138784,5206172,5209008,5137564,5140400,515,1,false,false
2909,3,68608,138784,5215212,5217792,5146604,5149184,516,1,false,false
2910,3,68608,143329,11075520,11077588,11006912,11008980,1353,1,false,false
2911,3,68608,143329,11078888,11080956,11010280,11012348,1354,1,false,false
2912,3,68608,143329,11082256,11084324,11013648,11015716,1355,1,false,false
2913,3,68608,143329,11086392,11088460,11017784,11019852,1356,1,false,false
2914,3,68608,140960,9411924,9414760,9343316,9346152,1046,1,false,false
2915,3,68608,140960,9418128,9420964,9349520,9352356,1047,1,false,false
2916,3,68608,140960,9425356,9427936,9356748,9359328,1048,1,false,false
2917,3,68608,140960,9432072,9434652,9363464,9366044,1049,1,false,false
2918,3,68608,143362,11308896,11312500,11240288,11243892,1421,1,false,false
2919,3,68608,143362,11314568,11317916,11245960,11249308,1422,1,false,false
2920,3,68608,143362,11319984,11323332,11251376,11254724,1423,1,false,false
2921,3,68608,143362,11324120,11327468,11255512,11258860,1424,1,false,false
2922,0,68608,139488,7013520,7015588,6944912,6946980,713,1,false,false
2923,0,68608,139488,7023328,7025396,6954720,6956788,714,1,false,false
2924,0,68608,139488,7032880,7034948,6964272,6966340,715,1,false,false
2925,0,68608,139488,7042176,7044244,6973568,6975636,716,1,false,false
2926,0,68609,239810,12763988,12764776,12695379,12696167,1806,1,false,false
2927,0,68609,239810,12766844,12767632,12698235,12699023,1807,1,false,false
2928,0,68609,239810,12769700,12770488,12701091,12701879,1808,1,false,false
2929,0,68609,239810,12772556,12773088,12703947,12704479,1809,1,false,false
2930,3,68609,142369,10862336,10864404,10793727,10795795,1297,1,false,false
2931,3,68609,142369,10866472,10868540,10797863,10799931,1298,1,false,false
2932,3,68609,142369,10870608,10872676,10801999,10804067,1299,1,false,false
2933,3,68609,142369,10873464,10875532,10804855,10806923,1300,1,false,false
2934,3,68640,239810,12789632,12791700,12720992,12723060,1813,1,false,false
2935,3,68640,239810,12793256,12795324,12724616,12726684,1814,1,false,false
2936,3,68640,239810,12796624,12798692,12727984,12730052,1815,1,false,false
2937,3,68640,239810,12799992,12802060,12731352,12733420,1816,1,false,false
2938,0,68640,136992,2910336,2911124,2841696,2842484,284,1,false,false
2939,0,68640,136992,2919376,2920164,2850736,2851524,285,1,false,false
2940,0,68640,136992,2928416,2929204,2859776,2860564,286,1,false,false
2941,0,68640,136992,2937456,2937988,2868816,2869348,287,1,false,false
2942,3,68640,149473,12128544,12130612,12059904,12061972,1637,1,false,false
2943,3,68640,149473,12132680,12134748,12064040,12066108,1638,1,false,false
2944,3,68640,149473,12136816,12138884,12068176,12070244,1639,1,false,false
2945,3,68640,149473,12140952,12143020,12072312,12074380,1640,1,false,false
2946,3,68640,151105,12555136,12557204,12486496,12488564,1760,1,false,false
2947,3,68640,151105,12558760,12560828,12490120,12492188,1761,1,false,false
2948,3,68640,151105,12562128,12564196,12493488,12495556,1762,1,false,false
2949,3,68640,151105,12565496,12567564,12496856,12498924,1763,1,false,false
2950,0,68640,142016,10635204,10635992,10566564,10567352,1232,1,false,false
2951,0,68640,142016,10638060,10638848,10569420,10570208,1233,1,false,false
2952,0,68640,142016,10640916,10641704,10572276,10573064,1234,1,false,false
2953,0,68640,142016,10643772,10644304,10575132,10575664,1235,1,false,false
2954,0,68640,143456,11563140,11565208,11494500,11496568,1480,1,false,false
2955,0,68640,143456,11567788,11569600,11499148,11500960,1481,1,false,false
2956,0,68640,143456,11572436,11574248,11503796,11505608,1482,1,false,false
2957,0,68640,143456,11577084,11578896,11508444,11510256,1483,1,false,false
2958,3,68672,140768,9059876,9061944,8991204,8993272,994,1,false,false
2959,3,68672,140768,9066848,9068916,8998176,9000244,995,1,false,false
2960,3,68672,140768,9074332,9076400,9005660,9007728,996,1,false,false
2961,3,68672,140768,9081816,9083884,9013144,9015212,997,1,false,false
2962,0,68672,137601,4087616,4089172,4018944,4020500,408,1,false,false
2963,0,68672,137601,4099472,4100772,4030800,4032100,409,1,false,false
2964,0,68672,137601,4110816,4112116,4042144,4043444,410,1,false,false
2965,0,68672,137601,4120368,4121668,4051696,4052996,411,1,false,false
2966,0,68672,149473,12154188,12155744,12085516,12087072,1644,1,false,false
2967,0,68672,149473,12157812,12159112,12089140,12090440,1645,1,false,false
2968,0,68672,149473,12161180,12162480,12092508,12093808,1646,1,false,false
2969,0,68672,149473,12164548,12165848,12095876,12097176,1647,1,false,false
2970,3,68672,139904,7969944,7972012,7901272,7903340,821,1,false,false
2971,3,68672,139904,7976404,7978472,7907732,7909800,822,1,false,false
2972,3,68672,139904,7982352,7984420,7913680,7915748,823,1,false,false
2973,3,68672,139904,7988300,7990368,7919628,7921696,824,1,false,false
2974,3,68672,136160,1165436,1168272,1096764,1099600,105,1,false,false
2975,3,68672,136160,1176012,1178848,1107340,1110176,106,1,false,false
2976,3,68672,136160,1186332,1189168,1117660,1120496,107,1,false,false
2977,3,68672,136160,1196396,1198976,1127724,1130304,108,1,false,false
2978,3,68672,148128,11909312,11910612,11840640,11841940,1577,1,false,false
2979,3,68672,148128,11912680,11913980,11844008,11845308,1578,1,false,false
2980,3,68672,148128,11916048,11917348,11847376,11848676,1579,1,false,false
2981,3,68672,148128,11919416,11920460,11850744,11851788,1580,1,false,false
2982,3,68672,136448,2270332,2273168,2201660,2204496,217,1,false,false
2983,3,68672,136448,2277580,2280416,2208908,2211744,218,1,false,false
2984,3,68672,136448,2284572,2287152,2215900,2218480,219,1,false,false
2985,3,68672,136448,2293100,2295680,2224428,2227008,220,1,false,false
2986,0,68672,139424,6293840,6294628,6225168,6225956,629,1,false,false
2987,0,68672,139424,6302112,6302900,6233440,6234228,630,1,false,false
2988,0,68672,139424,6310384,6311172,6241712,6242500,631,1,false,false
2989,0,68672,139424,6318656,6319188,6249984,6250516,632,1,false,false
2990,0,68673,139424,6326672,6328740,6257999,6260067,633,1,false,false
2991,0,68673,139424,6336224,6338292,6267551,6269619,634,1,false,false
2992,0,68673,139424,6345776,6347844,6277103,6279171,635,1,false,false
2993,0,68673,139424,6356864,6358932,6288191,6290259,636,1,false,false
2994,0,68673,142016,10646372,10647160,10577699,10578487,1236,1,false,false
2995,0,68673,142016,10649228,10650016,10580555,10581343,1237,1,false,false
2996,0,68673,142016,10652084,10652872,10583411,10584199,1238,1,false,false
2997,0,68673,142016,10654940,10655472,10586267,10586799,1239,1,false,false
2998,3,68704,151105,12568864,12570932,12500160,12502228,1764,1,false,false
2999,3,68704,151105,12571720,12573788,12503016,12505084,1765,1,false,false
3000,3,68704,151105,12574576,12576644,12505872,12507940,1766,1,false,false
3001,3,68704,151105,12577432,12579500,12508728,12510796,1767,1,false,false
3002,3,68704,137601,3906684,3912080,3837980,3843376,393,1,false,false
3003,3,68704,137601,3919564,3924960,3850860,3856256,394,1,false,false
3004,3,68704,137601,3932700,3938096,3863996,3869392,395,1,false,false
3005,3,68704,137601,3945580,3950976,3876876,3882272,396,1,false,false
3006,3,68704,140992,9708180,9710248,9639476,9641544,1094,1,false,false
3007,3,68704,140992,9713360,9715428,9644656,9646724,1095,1,false,false
3008,3,68704,140992,9719564,9721632,9650860,9652928,1096,1,false,false
3009,3,68704,140992,9725768,9727836,9657064,9659132,1097,1,false,false
3010,0,68705,139424,6366928,6367716,6298223,6299011,637,1,false,false
3011,0,68705,139424,6374688,6375476,6305983,6306771,638,1,false,false
3012,0,68705,139424,6382192,6382980,6313487,6314275,639,1,false,false
3013,0,68705,139424,6388160,6388692,6319455,6319987,640,1,false,false
3014,3,68736,143456,11461888,11464724,11393152,11395988,1457,1,false,false
3015,3,68736,143456,11465512,11468348,11396776,11399612,1458,1,false,false
3016,3,68736,143456,11468880,11471716,11400144,11402980,1459,1,false,false
3017,3,68736,143456,11473784,11476364,11405048,11407628,1460,1,false,false
3018,3,68736,151105,12580032,12582100,12511296,12513364,1768,1,false,false
3019,3,68736,151105,12583656,12585724,12514920,12516988,1769,1,false,false
3020,3,68736,151105,12587024,12589092,12518288,12520356,1770,1,false,false
3021,3,68736,151105,12590392,12592460,12521656,12523724,1771,1,false,false
3022,3,68736,143616,11736128,11738196,11667392,11669460,1529,1,false,false
3023,3,68736,143616,11739496,11741564,11670760,11672828,1530,1,false,false
3024,3,68736,143616,11742864,11744932,11674128,11676196,1531,1,false,false
3025,3,68736,143616,11747000,11749068,11678264,11680332,1532,1,false,false
3026,3,68736,143456,11478176,11481012,11409440,11412276,1461,1,false,false
3027,3,68736,143456,11482824,11485660,11414088,11416924,1462,1,false,false
3028,3,68736,143456,11487472,11490052,11418736,11421316,1463,1,false,false
3029,3,68736,143456,11492120,11494700,11423384,11425964,1464,1,false,false
3030,3,68736,139552,7482748,7485584,7414012,7416848,761,1,false,false
3031,3,68736,139552,7491788,7494624,7423052,7425888,762,1,false,false
3032,3,68736,139552,7500828,7503408,7432092,7434672,763,1,false,false
3033,3,68736,139552,7509612,7512192,7440876,7443456,764,1,false,false
3034,0,68736,143329,11102916,11103704,11034180,11034968,1360,1,false,false
3035,0,68736,143329,11106284,11107072,11037548,11038336,1361,1,false,false
3036,0,68736,143329,11109908,11110696,11041172,11041960,1362,1,false,false
3037,0,68736,143329,11113532,11114064,11044796,11045328,1363,1,false,false
3038,3,68737,148128,11922016,11924084,11853279,11855347,1581,1,false,false
3039,3,68737,148128,11925384,11927452,11856647,11858715,1582,1,false,false
3040,3,68737,148128,11928752,11930820,11860015,11862083,1583,1,false,false
3041,3,68737,148128,11932120,11934188,11863383,11865451,1584,1,false,false
3042,0,68768,150274,12391660,12393728,12322892,12324960,1712,1,false,false
3043,0,68768,150274,12395796,12397864,12327028,12329096,1713,1,false,false
3044,0,68768,150274,12399932,12402000,12331164,12333232,1714,1,false,false
3045,0,68768,150274,12404068,12406136,12335300,12337368,1715,1,false,false
3046,3,68768,150274,12419648,12421716,12350880,12352948,1720,1,false,false
3047,3,68768,150274,12423272,12425340,12354504,12356572,1721,1,false,false
3048,3,68768,150274,12426640,12428708,12357872,12359940,1722,1,false,false
3049,3,68768,150274,12430008,12432076,12361240,12363308,1723,1,false,false
3050,3,68768,140960,9438532,9440600,9369764,9371832,1050,1,false,false
3051,3,68768,140960,9445504,9447572,9376736,9378804,1051,1,false,false
3052,3,68768,140960,9452220,9454032,9383452,9385264,1052,1,false,false
3053,3,68768,140960,9458680,9460492,9389912,9391724,1053,1,false,false
3054,2,68768,149473,6823976,6824252,6755208,6755484,691,1,false,false
3055,0,68769,139328,5679168,5680724,5610399,5611955,568,1,false,false
3056,0,68769,139328,5688464,5689764,5619695,5620995,569,1,false,false
3057,0,68769,139328,5697248,5698548,5628479,5629779,570,1,false,false
3058,0,68769,139328,5705776,5707076,5637007,5638307,571,1,false,false
3059,3,68800,143362,11328256,11330324,11259456,11261524,1425,1,false,false
3060,3,68800,143362,11331112,11333180,11262312,11264380,1426,1,false,false
3061,3,68800,143362,11333712,11335780,11264912,11266980,1427,1,false,false
3062,3,68800,143362,11338616,11340684,11269816,11271884,1428,1,false,false
3063,0,68800,140033,8666468,8669304,8597668,8600504,935,1,false,false
3064,0,68800,140033,8673440,8676276,8604640,8607476,936,1,false,false
3065,0,68800,140033,8680412,8682992,8611612,8614192,937,1,false,false
3066,0,68800,140033,8687128,8689708,8618328,8620908,938,1,false,false
3067,3,68800,139552,7518908,7521744,7450108,7452944,765,1,false,false
3068,3,68800,139552,7529228,7532064,7460428,7463264,766,1,false,false
3069,3,68800,139552,7539548,7542128,7470748,7473328,767,1,false,false
3070,3,68800,139552,7549612,7552192,7480812,7483392,768,1,false,false
3071,3,68832,139488,6685500,6687568,6616668,6618736,677,1,false,false
3072,3,68832,139488,6696076,6698144,6627244,6629312,678,1,false,false
3073,3,68832,139488,6705884,6707952,6637052,6639120,679,1,false,false
3074,3,68832,139488,6712108,6714176,6643276,6645344,680,1,false,false
3075,3,68832,239810,12803360,12805428,12734528,12736596,1817,1,false,false
3076,3,68832,239810,12806216,12808284,12737384,12739452,1818,1,false,false
3077,3,68832,239810,12809072,12811140,12740240,12742308,1819,1,false,false
3078,3,68832,239810,12811928,12813996,12743096,12745164,1820,1,false,false
3079,0,68832,136193,1768000,1768788,1699168,1699956,168,1,false,false
3080,0,68832,136193,1779088,1779876,1710256,1711044,169,1,false,false
3081,0,68832,136193,1790176,1790964,1721344,1722132,170,1,false,false
3082,0,68832,136193,1800240,1800772,1731408,1731940,171,1,false,false
3083,0,68832,141857,10222832,10224388,10154000,10155556,1172,1,false,false
3084,0,68832,141857,10229036,10230336,10160204,10161504,1173,1,false,false
3085,0,68832,141857,10235240,10236540,10166408,10167708,1174,1,false,false
3086,0,68832,141857,10241444,10242744,10172612,10173912,1175,1,false,false
3087,0,68833,148128,11934188,11934976,11865355,11866143,1584,1,false,false
3088,0,68833,148128,11937044,11937832,11868211,11868999,1585,1,false,false
3089,0,68833,148128,11939900,11940688,11871067,11871855,1586,1,false,false
3090,0,68833,148128,11942756,11943288,11873923,11874455,1587,1,false,false
3091,0,68833,136193,1809536,1811604,1740703,1742771,172,1,false,false
3092,0,68833,136193,1820624,1822692,1751791,1753859,173,1,false,false
3093,0,68833,136193,1831712,1833780,1762879,1764947,174,1,false,false
3094,0,68833,136193,1842800,1844868,1773967,1776035,175,1,false,false
3095,0,68864,136448,2295680,2297236,2226816,2228372,220,1,false,false
3096,0,68864,136448,2306512,2307812,2237648,2238948,221,1,false,false
3097,0,68864,136448,2316576,2317876,2247712,2249012,222,1,false,false
3098,0,68864,136448,2326384,2327684,2257520,2258820,223,1,false,false
3099,2,68864,139969,3307704,3309772,3238840,3240908,329,1,false,false
3100,2,68864,139969,3316744,3318812,3247880,3249948,330,1,false,false
3101,2,68864,139969,3325784,3327852,3256920,3258988,331,1,false,false
3102,2,68864,139969,3334568,3336636,3265704,3267772,332,1,false,false
3103,3,68864,140960,9465140,9467208,9396276,9398344,1054,1,false,false
3104,3,68864,140960,9471856,9473924,9402992,9405060,1055,1,false,false
3105,3,68864,140960,9478572,9480640,9409708,9411776,1056,1,false,false
3106,3,68864,140960,9485288,9487356,9416424,9418492,1057,1,false,false
3107,0,68896,139904,7994012,7995568,7925116,7926672,825,1,false,false
3108,0,68896,139904,8000472,8001772,7931576,7932876,826,1,false,false
3109,0,68896,139904,8006676,8007976,7937780,7939080,827,1,false,false
3110,0,68896,139904,8012624,8013924,7943728,7945028,828,1,false,false
3111,2,68896,140992,4631896,4632172,4563000,4563276,459,1,false,false
3112,2,68896,140992,4638376,4638652,4569480,4569756,460,1,false,false
3113,3,68896,140768,9089300,9090856,9020404,9021960,998,1,false,false
3114,3,68896,140768,9095760,9097060,9026864,9028164,999,1,false,false
3115,3,68896,140768,9101964,9103264,9033068,9034368,1000,1,false,false
3116,3,68896,140768,9107912,9109212,9039016,9040316,1001,1,false,false
3117,3,68928,136448,2303676,2306512,2234748,2237584,221,1,false,false
3118,3,68928,136448,2313740,2316576,2244812,2247648,222,1,false,false
3119,3,68928,136448,2323804,2326384,2254876,2257456,223,1,false,false
3120,3,68928,136448,2335148,2337728,2266220,2268800,224,1,false,false
3121,0,68928,141857,10247648,10249716,10178720,10180788,1176,1,false,false
3122,0,68928,141857,10254364,10256432,10185436,10187504,1177,1,false,false
3123,0,68928,141857,10264152,10266220,10195224,10197292,1178,1,false,false
3124,0,68928,141857,10273940,10276008,10205012,10207080,1179,1,false,false
3125,3,68928,150274,12433376,12435444,12364448,12366516,1724,1,false,false
3126,3,68928,150274,12436232,12438300,12367304,12369372,1725,1,false,false
3127,3,68928,150274,12439088,12441156,12370160,12372228,1726,1,false,false
3128,3,68928,150274,12441944,12444012,12373016,12375084,1727,1,false,false
3129,3,68928,139424,6259452,6260752,6190524,6191824,625,1,false,false
3130,3,68928,139424,6266956,6268256,6198028,6199328,626,1,false,false
3131,3,68928,139424,6274460,6275760,6205532,6206832,627,1,false,false
3132,3,68928,139424,6283244,6284288,6214316,6215360,628,1,false,false
3133,3,68928,140768,9113860,9115928,9044932,9047000,1002,1,false,false
3134,3,68928,140768,9121600,9123668,9052672,9054740,1003,1,false,false
3135,3,68928,140768,9129852,9131920,9060924,9062992,1004,1,false,false
3136,3,68928,140768,9138104,9140172,9069176,9071244,1005,1,false,false
3137,3,68960,137121,3480252,3482320,3411292,3413360,349,1,false,false
3138,3,68960,137121,3485964,3488032,3417004,3419072,350,1,false,false
3139,3,68960,137121,3491164,3493232,3422204,3424272,351,1,false,false
3140,3,68960,137121,3495852,3497920,3426892,3428960,352,1,false,false
3141,3,68960,139904,7991944,7994012,7922984,7925052,825,1,false,false
3142,3,68960,139904,7998404,8000472,7929444,7931512,826,1,false,false
3143,3,68960,139904,8004608,8006676,7935648,7937716,827,1,false,false
3144,3,68960,139904,8010556,8012624,7941596,7943664,828,1,false,false
3145,0,68960,139969,8295704,8297260,8226744,8228300,874,1,false,false
3146,0,68960,139969,8302164,8303464,8233204,8234504,875,1,false,false
3147,0,68960,139969,8308368,8309668,8239408,8240708,876,1,false,false
3148,0,68960,139969,8314316,8315616,8245356,8246656,877,1,false,false
3149,3,68960,1165477,13076480,13078548,13007520,13009588,1805,1,false,false
3150,3,68960,1165477,13078548,13080616,13009588,13011656,1806,1,false,false
3151,3,68960,1165477,13080616,13082684,13011656,13013724,1807,1,false,false
3152,3,68960,1165477,13082684,13084752,13013724,13015792,1808,1,false,false
3153,3,68961,136448,2346236,2349072,2277275,2280111,225,1,false,false
3154,3,68961,136448,2357324,2360160,2288363,2291199,226,1,false,false
3155,3,68961,136448,2367900,2370736,2298939,2301775,227,1,false,false
3156,3,68961,136448,2378220,2380800,2309259,2311839,228,1,false,false
3157,3,68961,143329,11090528,11093364,11021567,11024403,1357,1,false,false
3158,3,68961,143329,11095432,11098268,11026471,11029307,1358,1,false,false
3159,3,68961,143329,11100336,11102916,11031375,11033955,1359,1,false,false
3160,3,68961,143329,11103704,11106284,11034743,11037323,1360,1,false,false
3161,3,68992,140960,9492004,9494072,9423012,9425080,1058,1,false,false
3162,3,68992,140960,9498720,9500788,9429728,9431796,1059,1,false,false
3163,3,68992,140960,9505692,9507760,9436700,9438768,1060,1,false,false
3164,3,68992,140960,9512408,9514476,9443416,9445484,1061,1,false,false
3165,3,68992,136992,2800380,2802448,2731388,2733456,273,1,false,false
3166,3,68992,136992,2809420,2811488,2740428,2742496,274,1,false,false
3167,3,68992,136992,2818204,2820272,2749212,2751280,275,1,false,false
3168,3,68992,136992,2826988,2829056,2757996,2760064,276,1,false,false
3169,3,68992,150274,12444544,12446612,12375552,12377620,1728,1,false,false
3170,3,68992,150274,12448168,12450236,12379176,12381244,1729,1,false,false
3171,3,68992,150274,12451536,12453604,12382544,12384612,1730,1,false,false
3172,3,68992,150274,12454904,12456972,12385912,12387980,1731,1,false,false
3173,0,68992,143616,11731204,11732760,11662212,11663768,1528,1,false,false
3174,0,68992,143616,11734828,11736128,11665836,11667136,1529,1,false,false
3175,0,68992,143616,11738196,11739496,11669204,11670504,1530,1,false,false
3176,0,68992,143616,11741564,11742864,11672572,11673872,1531,1,false,false
3177,1,68992,141857,7196052,7197608,7127060,7128616,732,1,false,false
3178,1,68992,141857,7207396,7208696,7138404,7139704,733,1,false,false
3179,1,68992,141857,7217716,7219016,7148724,7150024,734,1,false,false
3180,1,68992,141857,7228036,7229336,7159044,7160344,735,1,false,false
3181,3,68992,141857,10164612,10166680,10095620,10097688,1161,1,false,false
3182,3,68992,141857,10168768,10170836,10099776,10101844,1162,1,false,false
3183,3,68992,141857,10172668,10174736,10103676,10105744,1163,1,false,false
3184,3,68992,141857,10178104,10180172,10109112,10111180,1164,1,false,false
3185,3,68992,143616,11751136,11753204,11682144,11684212,1533,1,false,false
3186,3,68992,143616,11755272,11757340,11686280,11688348,1534,1,false,false
3187,3,68992,143616,11759408,11761476,11690416,11692484,1535,1,false,false
3188,3,68992,143616,11763032,11765100,11694040,11696108,1536,1,false,false
3189,0,68993,148128,11945356,11946144,11876363,11877151,1588,1,false,false
3190,0,68993,148128,11948212,11949000,11879219,11880007,1589,1,false,false
3191,0,68993,148128,11951068,11951856,11882075,11882863,1590,1,false,false
3192,0,68993,148128,11953924,11954456,11884931,11885463,1591,1,false,false
3193,0,68993,140033,8693844,8697960,8624851,8628967,939,1,false,false
3194,0,68993,140033,8702096,8706212,8633103,8637219,940,1,false,false
3195,0,68993,140033,8711116,8715232,8642123,8646239,941,1,false,false
3196,0,68993,140033,8720136,8723996,8651143,8655003,942,1,false,false
3197,3,69024,143616,11766400,11769236,11697376,11700212,1537,1,false,false
3198,3,69024,143616,11770536,11773372,11701512,11704348,1538,1,false,false
3199,3,69024,143616,11774672,11777252,11705648,11708228,1539,1,false,false
3200,3,69024,143616,11778040,11780620,11709016,11711596,1540,1,false,false
3201,0,69024,239810,12775156,12777224,12706132,12708200,1810,1,false,false
3202,0,69024,239810,12779292,12781360,12710268,12712336,1811,1,false,false
3203,0,69024,239810,12783428,12785496,12714404,12716472,1812,1,false,false
3204,0,69024,239810,12787564,12789632,12718540,12720608,1813,1,false,false
3205,3,69025,135104,416508,418576,347483,349551,33,1,false,false
3206,3,69025,135104,425292,427360,356267,358335,34,1,false,false
3207,3,69025,135104,434332,436400,365307,367375,35,1,false,false
3208,3,69025,135104,443116,445184,374091,376159,36,1,false,false
3209,1,69025,139969,5680724,5682792,5611699,5613767,568,1,false,false
3210,1,69025,139969,5689764,5691832,5620739,5622807,569,1,false,false
3211,1,69025,139969,5698548,5700616,5629523,5631591,570,1,false,false
3212,1,69025,139969,5707076,5709144,5638051,5640119,571,1,false,false
3213,3,69056,137729,4675580,4677648,4606524,4608592,465,1,false,false
3214,3,69056,137729,4685900,4687968,4616844,4618912,466,1,false,false
3215,3,69056,137729,4697756,4699824,4628700,4630768,467,1,false,false
3216,3,69056,137729,4709356,4711424,4640300,4642368,468,1,false,false
3217,3,69056,139424,6291772,6293840,6222716,6224784,629,1,false,false
3218,3,69056,139424,6300044,6302112,6230988,6233056,630,1,false,false
3219,3,69056,139424,6308316,6310384,6239260,6241328,631,1,false,false
3220,3,69056,139424,6316588,6318656,6247532,6249600,632,1,false,false
3221,3,69056,140992,9731972,9734040,9662916,9664984,1098,1,false,false
3222,3,69056,140992,9737920,9739988,9668864,9670932,1099,1,false,false
3223,3,69056,140992,9744124,9746192,9675068,9677136,1100,1,false,false
3224,3,69056,140992,9750328,9752396,9681272,9683340,1101,1,false,false
3225,3,69057,139904,8016504,8018572,7947447,7949515,829,1,false,false
3226,3,69057,139904,8023476,8025544,7954419,7956487,830,1,false,false
3227,3,69057,139904,8030448,8032516,7961391,7963459,831,1,false,false
3228,3,69057,139904,8037164,8039232,7968107,7970175,832,1,false,false
3229,0,69057,139552,7450448,7451236,7381391,7382179,757,1,false,false
3230,0,69057,139552,7458976,7459764,7389919,7390707,758,1,false,false
3231,0,69057,139552,7468016,7468804,7398959,7399747,759,1,false,false
3232,0,69057,139552,7476800,7477332,7407743,7408275,760,1,false,false
3233,3,69088,139488,6721148,6723216,6652060,6654128,681,1,false,false
3234,3,69088,139488,6730444,6732512,6661356,6663424,682,1,false,false
3235,3,69088,139488,6738972,6741040,6669884,6671952,683,1,false,false
3236,3,69088,139488,6747500,6749568,6678412,6680480,684,1,false,false
3237,3,69088,137729,4720444,4722512,4651356,4653424,469,1,false,false
3238,3,69088,137729,4733068,4735136,4663980,4666048,470,1,false,false
3239,3,69088,137729,4744156,4746224,4675068,4677136,471,1,false,false
3240,3,69088,137729,4754988,4757056,4685900,4687968,472,1,false,false
3241,0,69088,139552,7485584,7486372,7416496,7417284,761,1,false,false
3242,0,69088,139552,7494624,7495412,7425536,7426324,762,1,false,false
3243,0,69088,139552,7503408,7504196,7434320,7435108,763,1,false,false
3244,0,69088,139552,7512192,7512724,7443104,7443636,764,1,false,false
3245,3,69089,149473,12143808,12145876,12074719,12076787,1641,1,false,false
3246,3,69089,149473,12146664,12148732,12077575,12079643,1642,1,false,false
3247,3,69089,149473,12149520,12151588,12080431,12082499,1643,1,false,false
3248,3,69089,149473,12152120,12154188,12083031,12085099,1644,1,false,false
3249,3,69089,136193,1657276,1659344,1588187,1590255,157,1,false,false
3250,3,69089,136193,1666828,1668896,1597739,1599807,158,1,false,false
3251,3,69089,136193,1676636,1678704,1607547,1609615,159,1,false,false
3252,3,69089,136193,1686188,1688256,1617099,1619167,160,1,false,false
3253,0,69120,140992,9831828,9833384,9762708,9764264,1115,1,false,false
3254,0,69120,140992,9836752,9838308,9767632,9769188,1116,1,false,false
3255,0,69120,140992,9843980,9845536,9774860,9776416,1117,1,false,false
3256,0,69120,140992,9850952,9852508,9781832,9783388,1118,1,false,false
3257,3,69120,139488,6757308,6759376,6688188,6690256,685,1,false,false
3258,3,69120,139488,6766348,6768416,6697228,6699296,686,1,false,false
3259,3,69120,139488,6775132,6777200,6706012,6708080,687,1,false,false
3260,3,69120,139488,6783916,6785984,6714796,6716864,688,1,false,false
3261,3,69120,137601,3958460,3960528,3889340,3891408,397,1,false,false
3262,3,69120,137601,3967756,3969824,3898636,3900704,398,1,false,false
3263,3,69120,137601,3977564,3979632,3908444,3910512,399,1,false,false
3264,3,69120,137601,3987116,3989184,3917996,3920064,400,1,false,false
3265,3,69152,142016,10638848,10640916,10569696,10571764,1233,1,false,false
3266,3,69152,142016,10641704,10643772,10572552,10574620,1234,1,false,false
3267,3,69152,142016,10644304,10646372,10575152,10577220,1235,1,false,false
3268,3,69152,142016,10647160,10649228,10578008,10580076,1236,1,false,false
3269,3,69153,138784,5223740,5226576,5154587,5157423,517,1,false,false
3270,3,69153,138784,5232524,5235360,5163371,5166207,518,1,false,false
3271,3,69153,138784,5241820,5244400,5172667,5175247,519,1,false,false
3272,3,69153,138784,5250604,5253184,5181451,5184031,520,1,false,false
3273,3,69184,138784,5260412,5263248,5191228,5194064,521,1,false,false
3274,3,69184,138784,5270476,5273312,5201292,5204128,522,1,false,false
3275,3,69184,138784,5281052,5283632,5211868,5214448,523,1,false,false
3276,3,69184,138784,5291372,5293952,5222188,5224768,524,1,false,false
3277,0,69184,136448,2337728,2339284,2268544,2270100,224,1,false,false
3278,0,69184,136448,2349072,2350372,2279888,2281188,225,1,false,false
3279,0,69184,136448,2360160,2361460,2290976,2292276,226,1,false,false
3280,0,69184,136448,2370736,2372036,2301552,2302852,227,1,false,false
3281,0,69184,239810,12791700,12793256,12722516,12724072,1814,1,false,false
3282,0,69184,239810,12795324,12796624,12726140,12727440,1815,1,false,false
3283,0,69184,239810,12798692,12799992,12729508,12730808,1816,1,false,false
3284,0,69184,239810,12802060,12803360,12732876,12734176,1817,1,false,false
3285,0,69184,136448,2380800,2381332,2311616,2312148,228,1,false,false
3286,0,69184,136448,2390864,2391396,2321680,2322212,229,1,false,false
3287,0,69184,136448,2400928,2401460,2331744,2332276,230,1,false,false
3288,0,69184,136448,2410736,2411268,2341552,2342084,231,1,false,false
3289,0,69185,138784,5389632,5390932,5320447,5321747,536,1,false,false
3290,0,69185,138784,5398416,5399716,5329231,5330531,537,1,false,false
3291,0,69185,138784,5406944,5408244,5337759,5339059,538,1,false,false
3292,0,69185,138784,5415728,5416772,5346543,5347587,539,1,false,false
3293,0,69216,136160,1157184,1159252,1087968,1090036,104,1,false,false
3294,0,69216,136160,1168272,1170340,1099056,1101124,105,1,false,false
3295,0,69216,136160,1178848,1180916,1109632,1111700,106,1,false,false
3296,0,69216,136160,1189168,1191236,1119952,1122020,107,1,false,false
3297,1,69216,137601,2761620,2761896,2692404,2692680,268,1,false,false
3298,0,69217,139328,5714560,5716628,5645343,5647411,572,1,false,false
3299,0,69217,139328,5725136,5727204,5655919,5657987,573,1,false,false
3300,0,69217,139328,5735456,5737524,5666239,5668307,574,1,false,false
3301,0,69217,139328,5745264,5747332,5676047,5678115,575,1,false,false
3302,3,69217,141857,10185076,10187144,10115859,10117927,1165,1,false,false
3303,3,69217,141857,10192048,10194116,10122831,10124899,1166,1,false,false
3304,3,69217,141857,10198764,10200832,10129547,10131615,1167,1,false,false
3305,3,69217,141857,10204200,10206268,10134983,10137051,1168,1,false,false
3306,0,69217,139328,5755328,5756116,5686111,5686899,576,1,false,false
3307,0,69217,139328,5764624,5765412,5695407,5696195,577,1,false,false
3308,0,69217,139328,5773664,5774452,5704447,5705235,578,1,false,false
3309,0,69217,139328,5782192,5782724,5712975,5713507,579,1,false,false
3310,3,69248,143456,11496768,11499604,11427520,11430356,1465,1,false,false
3311,3,69248,143456,11501672,11504508,11432424,11435260,1466,1,false,false
3312,3,69248,143456,11506576,11509156,11437328,11439908,1467,1,false,false
3313,3,69248,143456,11509944,11512524,11440696,11443276,1468,1,false,false
3314,3,69248,135104,451132,453200,381884,383952,37,1,false,false
3315,3,69248,135104,459404,461472,390156,392224,38,1,false,false
3316,3,69248,135104,465372,467440,396124,398192,39,1,false,false
3317,3,69248,135104,473388,475456,404140,406208,40,1,false,false
3318,3,69248,149473,12155744,12157812,12086496,12088564,1645,1,false,false
3319,3,69248,149473,12159112,12161180,12089864,12091932,1646,1,false,false
3320,3,69248,149473,12162480,12164548,12093232,12095300,1647,1,false,false
3321,3,69248,149473,12165848,12167916,12096600,12098668,1648,1,false,false
3322,3,69248,239810,12814528,12816596,12745280,12747348,1821,1,false,false
3323,3,69248,239810,12818664,12820732,12749416,12751484,1822,1,false,false
3324,3,69248,239810,12822800,12824868,12753552,12755620,1823,1,false,false
3325,3,69248,239810,12826936,12829004,12757688,12759756,1824,1,false,false
3326,0,69249,137601,4129920,4131476,4060671,4062227,412,1,false,false
3327,0,69249,137601,4139728,4141284,4070479,4072035,413,1,false,false
3328,0,69249,137601,4149280,4150580,4080031,4081331,414,1,false,false
3329,0,69249,137601,4161136,4162436,4091887,4093187,415,1,false,false
3330,2,69249,140768,3756552,3759388,3687303,3690139,378,1,false,false
3331,2,69249,140768,3767384,3770220,3698135,3700971,379,1,false,false
3332,2,69249,140768,3778472,3781308,3709223,3712059,380,1,false,false
3333,2,69249,140768,3789560,3792396,3720311,3723147,381,1,false,false
3334,3,69280,135104,482428,484496,413148,415216,41,1,false,false
3335,3,69280,135104,491212,493280,421932,424000,42,1,false,false
3336,3,69280,135104,499996,502064,430716,432784,43,1,false,false
3337,3,69280,135104,508780,510848,439500,441568,44,1,false,false
3338,0,69312,136160,1198976,1200532,1129664,1131220,108,1,false,false
3339,0,69312,136160,1208784,1210084,1139472,1140772,109,1,false,false
3340,0,69312,136160,1217824,1219124,1148512,1149812,110,1,false,false
3341,0,69312,136160,1226352,1227652,1157040,1158340,111,1,false,false
3342,0,69312,139552,7521744,7523300,7452432,7453988,765,1,false,false
3343,0,69312,139552,7532064,7533364,7462752,7464052,766,1,false,false
3344,0,69312,139552,7542128,7543428,7472816,7474116,767,1,false,false
3345,0,69312,139552,7552192,7553492,7482880,7484180,768,1,false,false
3346,3,69313,143456,11513312,11516148,11443999,11446835,1469,1,false,false
3347,3,69313,143456,11516936,11519772,11447623,11450459,1470,1,false,false
3348,3,69313,143456,11520304,11522884,11450991,11453571,1471,1,false,false
3349,3,69313,143456,11524440,11527020,11455127,11457707,1472,1,false,false
3350,3,69344,137601,3998716,4000784,3929372,3931440,401,1,false,false
3351,3,69344,137601,4010060,4012128,3940716,3942784,402,1,false,false
3352,3,69344,137601,4024476,4026544,3955132,3957200,403,1,false,false
3353,3,69344,137601,4038892,4040960,3969548,3971616,404,1,false,false
3354,3,69344,137601,4051260,4053328,3981916,3983984,405,1,false,false
3355,3,69344,137601,4063372,4065440,3994028,3996096,406,1,false,false
3356,3,69344,137601,4074716,4076784,4005372,4007440,407,1,false,false
3357,3,69344,137601,4085548,4087616,4016204,4018272,408,1,false,false
3358,0,69344,136992,2945984,2946772,2876640,2877428,288,1,false,false
3359,0,69344,136992,2955024,2955812,2885680,2886468,289,1,false,false
3360,0,69344,136992,2964064,2964852,2894720,2895508,290,1,false,false
3361,0,69344,136992,2972848,2973380,2903504,2904036,291,1,false,false
3362,3,69408,136448,2388028,2390864,2318620,2321456,229,1,false,false
3363,3,69408,136448,2398092,2400928,2328684,2331520,230,1,false,false
3364,3,69408,136448,2408156,2410736,2338748,2341328,231,1,false,false
3365,3,69408,136448,2418220,2420800,2348812,2351392,232,1,false,false
3366,1,69409,239810,10163056,10164612,10093647,10095203,1149,1,false,false
3367,1,69409,239810,10167468,10168768,10098059,10099359,1150,1,false,false
3368,1,69409,239810,10171368,10172668,10101959,10103259,1151,1,false,false
3369,1,69409,239810,10176804,10178104,10107395,10108695,1152,1,false,false
3370,0,69440,143362,11302692,11304760,11233252,11235320,1420,1,false,false
3371,0,69440,143362,11306828,11308896,11237388,11239456,1421,1,false,false
3372,0,69440,143362,11312500,11314568,11243060,11245128,1422,1,false,false
3373,0,69440,143362,11317916,11319984,11248476,11250544,1423,1,false,false
3374,0,69441,140033,8729412,8730200,8659971,8660759,943,1,false,false
3375,0,69441,140033,8735616,8736404,8666175,8666963,944,1,false,false
3376,0,69441,140033,8741052,8741840,8671611,8672399,945,1,false,false
3377,0,69441,140033,8746488,8747020,8677047,8677579,946,1,false,false
3378,0,69472,239810,12805428,12806216,12735956,12736744,1818,1,false,false
3379,0,69472,239810,12808284,12809072,12738812,12739600,1819,1,false,false
3380,0,69472,239810,12811140,12811928,12741668,12742456,1820,1,false,false
3381,0,69472,239810,12813996,12814528,12744524,12745056,1821,1,false,false
3382,3,69472,143329,11107072,11109908,11037600,11040436,1361,1,false,false
3383,3,69472,143329,11110696,11113532,11041224,11044060,1362,1,false,false
3384,3,69472,143329,11114064,11116900,11044592,11047428,1363,1,false,false
3385,3,69472,143329,11117688,11120268,11048216,11050796,1364,1,false,false
3386,3,69472,239810,12831072,12833140,12761600,12763668,1825,1,false,false
3387,3,69472,239810,12833928,12835996,12764456,12766524,1826,1,false,false
3388,3,69472,239810,12836784,12838852,12767312,12769380,1827,1,false,false
3389,3,69472,239810,12839640,12841708,12770168,12772236,1828,1,false,false
3390,0,69473,137729,4797056,4799124,4727583,4729651,476,1,false,false
3391,0,69473,137729,4808656,4810724,4739183,4741251,477,1,false,false
3392,0,69473,137729,4817952,4820020,4748479,4750547,478,1,false,false
3393,0,69473,137729,4828528,4830596,4759055,4761123,479,1,false,false
3394,0,69473,239810,12816596,12818664,12747123,12749191,1822,1,false,false
3395,0,69473,239810,12820732,12822800,12751259,12753327,1823,1,false,false
3396,0,69473,239810,12824868,12826936,12755395,12757463,1824,1,false,false
3397,0,69473,239810,12829004,12831072,12759531,12761599,1825,1,false,false
3398,3,69504,139424,6324604,6326672,6255100,6257168,633,1,false,false
3399,3,69504,139424,6334156,6336224,6264652,6266720,634,1,false,false
3400,3,69504,139424,6343708,6345776,6274204,6276272,635,1,false,false
3401,3,69504,139424,6354796,6356864,6285292,6287360,636,1,false,false
3402,0,69504,139328,5789440,5790228,5719936,5720724,580,1,false,false
3403,0,69504,139328,5797200,5797988,5727696,5728484,581,1,false,false
3404,0,69504,139328,5804960,5805748,5735456,5736244,582,1,false,false
3405,0,69504,139328,5812208,5812740,5742704,5743236,583,1,false,false
3406,0,69504,140992,9857924,9861528,9788420,9792024,1119,1,false,false
3407,0,69504,140992,9866944,9870292,9797440,9800788,1120,1,false,false
3408,0,69504,140992,9875964,9879312,9806460,9809808,1121,1,false,false
3409,0,69504,140992,9884728,9888076,9815224,9818572,1122,1,false,false
3410,3,69536,143616,11781408,11784244,11711872,11714708,1541,1,false,false
3411,3,69536,143616,11785032,11787868,11715496,11718332,1542,1,false,false
3412,3,69536,143616,11788400,11791236,11718864,11721700,1543,1,false,false
3413,3,69536,143616,11791512,11794092,11721976,11724556,1544,1,false,false
3414,3,69536,136448,2428284,2431120,2358748,2361584,233,1,false,false
3415,3,69536,136448,2438604,2441440,2369068,2371904,234,1,false,false
3416,3,69536,136448,2448924,2451504,2379388,2381968,235,1,false,false
3417,3,69536,136448,2458988,2461568,2389452,2392032,236,1,false,false
3418,3,69536,140033,8651992,8654060,8582456,8584524,933,1,false,false
3419,3,69536,140033,8658196,8660264,8588660,8590728,934,1,false,false
3420,3,69536,140033,8664400,8666468,8594864,8596932,935,1,false,false
3421,3,69536,140033,8671372,8673440,8601836,8603904,936,1,false,false
3422,0,69537,136992,2981376,2982932,2911839,2913395,292,1,false,false
3423,0,69537,136992,2991184,2992484,2921647,2922947,293,1,false,false
3424,0,69537,136992,3000736,3002036,2931199,2932499,294,1,false,false
3425,0,69537,136992,3010288,3011588,2940751,2942051,295,1,false,false
3426,0,69537,136160,1234880,1235668,1165343,1166131,112,1,false,false
3427,0,69537,136160,1242384,1243172,1172847,1173635,113,1,false,false
3428,0,69537,136160,1248352,1249140,1178815,1179603,114,1,false,false
3429,0,69537,136160,1257392,1257924,1187855,1188387,115,1,false,false
3430,3,69568,148128,11934976,11937044,11865408,11867476,1585,1,false,false
3431,3,69568,148128,11937832,11939900,11868264,11870332,1586,1,false,false
3432,3,69568,148128,11940688,11942756,11871120,11873188,1587,1,false,false
3433,3,69568,148128,11943288,11945356,11873720,11875788,1588,1,false,false
3434,0,69568,139552,7561744,7563300,7492176,7493732,769,1,false,false
3435,0,69568,139552,7571552,7572852,7501984,7503284,770,1,false,false
3436,0,69568,139552,7580848,7582148,7511280,7512580,771,1,false,false
3437,0,69568,139552,7590144,7591444,7520576,7521876,772,1,false,false
3438,3,69600,151105,12593760,12595828,12524160,12526228,1772,1,false,false
3439,3,69600,151105,12596616,12598684,12527016,12529084,1773,1,false,false
3440,3,69600,151105,12599472,12601540,12529872,12531940,1774,1,false,false
3441,3,69600,151105,12602328,12604396,12532728,12534796,1775,1,false,false
3442,0,69601,148128,11956524,11957312,11886923,11887711,1592,1,false,false
3443,0,69601,148128,11958612,11959400,11889011,11889799,1593,1,false,false
3444,0,69601,148128,11960700,11961488,11891099,11891887,1594,1,false,false
3445,0,69601,148128,11962788,11963320,11893187,11893719,1595,1,false,false
3446,3,69601,148128,11946144,11948212,11876543,11878611,1589,1,false,false
3447,3,69601,148128,11949000,11951068,11879399,11881467,1590,1,false,false
3448,3,69601,148128,11951856,11953924,11882255,11884323,1591,1,false,false
3449,3,69601,148128,11954456,11956524,11884855,11886923,1592,1,false,false
3450,0,69632,137601,4172736,4173524,4103104,4103892,416,1,false,false
3451,0,69632,137601,4183824,4184612,4114192,4114980,417,1,false,false
3452,0,69632,137601,4194656,4195444,4125024,4125812,418,1,false,false
3453,0,69632,137601,4206000,4206532,4136368,4136900,419,1,false,false
3454,3,69632,137729,4765308,4767376,4695676,4697744,473,1,false,false
3455,3,69632,137729,4774348,4776416,4704716,4706784,474,1,false,false
3456,3,69632,137729,4784924,4786992,4715292,4717360,475,1,false,false
3457,3,69632,137729,4794988,4797056,4725356,4727424,476,1,false,false
3458,3,69632,137729,4806588,4808656,4736956,4739024,477,1,false,false
3459,3,69632,137729,4815884,4817952,4746252,4748320,478,1,false,false
3460,3,69632,137729,4826460,4828528,4756828,4758896,479,1,false,false
3461,3,69632,137729,4836780,4838848,4767148,4769216,480,1,false,false
3462,3,69664,151105,12604928,12606996,12535264,12537332,1776,1,false,false
3463,3,69664,151105,12609064,12611132,12539400,12541468,1777,1,false,false
3464,3,69664,151105,12613200,12615268,12543536,12545604,1778,1,false,false
3465,3,69664,151105,12617336,12619404,12547672,12549740,1779,1,false,false
3466,3,69664,142369,10876320,10878388,10806656,10808724,1301,1,false,false
3467,3,69664,142369,10879176,10881244,10809512,10811580,1302,1,false,false
3468,3,69664,142369,10881776,10883844,10812112,10814180,1303,1,false,false
3469,3,69664,142369,10885912,10887980,10816248,10818316,1304,1,false,false
3470,3,69664,136160,1205948,1208784,1136284,1139120,109,1,false,false
3471,3,69664,136160,1214988,1217824,1145324,1148160,110,1,false,false
3472,3,69664,136160,1223772,1226352,1154108,1156688,111,1,false,false
3473,3,69664,136160,1232300,1234880,1162636,1165216,112,1,false,false
3474,3,69664,139969,8335016,8337084,8265352,8267420,881,1,false,false
3475,3,69664,139969,8340196,8342264,8270532,8272600,882,1,false,false
3476,3,69664,139969,8346656,8348724,8276992,8279060,883,1,false,false
3477,3,69664,139969,8352860,8354928,8283196,8285264,884,1,false,false
3478,0,69665,143616,11744932,11747000,11675267,11677335,1532,1,false,false
3479,0,69665,143616,11749068,11751136,11679403,11681471,1533,1,false,false
3480,0,69665,143616,11753204,11755272,11683539,11685607,1534,1,false,false
3481,0,69665,143616,11757340,11759408,11687675,11689743,1535,1,false,false
3482,3,69665,137601,4097404,4099472,4027739,4029807,409,1,false,false
3483,3,69665,137601,4108748,4110816,4039083,4041151,410,1,false,false
3484,3,69665,137601,4118300,4120368,4048635,4050703,411,1,false,false
3485,3,69665,137601,4127852,4129920,4058187,4060255,412,1,false,false
3486,3,69696,139969,8358808,8360876,8289112,8291180,885,1,false,false
3487,3,69696,139969,8364756,8366824,8295060,8297128,886,1,false,false
3488,3,69696,139969,8370448,8372516,8300752,8302820,887,1,false,false
3489,3,69696,139969,8376140,8378208,8306444,8308512,888,1,false,false
3490,0,69696,139328,5822272,5825108,5752576,5755412,584,1,false,false
3491,0,69696,139328,5834896,5837732,5765200,5768036,585,1,false,false
3492,0,69696,139328,5847520,5850100,5777824,5780404,586,1,false,false
3493,0,69696,139328,5859376,5861956,5789680,5792260,587,1,false,false
3494,3,69696,140033,8678344,8680412,8608648,8610716,937,1,false,false
3495,3,69696,140033,8685060,8687128,8615364,8617432,938,1,false,false
3496,3,69696,140033,8691776,8693844,8622080,8624148,939,1,false,false
3497,3,69696,140033,8700028,8702096,8630332,8632400,940,1,false,false
3498,0,69696,136448,2420800,2421588,2351104,2351892,232,1,false,false
3499,0,69696,136448,2431120,2431908,2361424,2362212,233,1,false,false
3500,0,69696,136448,2441440,2442228,2371744,2372532,234,1,false,false
3501,0,69696,136448,2451504,2452036,2381808,2382340,235,1,false,false
3502,0,69728,137121,3531008,3532564,3461280,3462836,356,1,false,false
3503,0,69728,137121,3540560,3541860,3470832,3472132,357,1,false,false
3504,0,69728,137121,3549856,3551156,3480128,3481428,358,1,false,false
3505,0,69728,137121,3559664,3560964,3489936,3491236,359,1,false,false
3506,3,69728,139552,7558908,7561744,7489180,7492016,769,1,false,false
3507,3,69728,139552,7568716,7571552,7498988,7501824,770,1,false,false
3508,3,69728,139552,7578268,7580848,7508540,7511120,771,1,false,false
3509,3,69728,139552,7587564,7590144,7517836,7520416,772,1,false,false
3510,3,69728,142016,10650016,10652084,10580288,10582356,1237,1,false,false
3511,3,69728,142016,10652872,10654940,10583144,10585212,1238,1,false,false
3512,3,69728,142016,10655472,10657540,10585744,10587812,1239,1,false,false
3513,3,69728,142016,10659608,10661676,10589880,10591948,1240,1,false,false
3514,0,69729,136992,3019584,3021140,2949855,2951411,296,1,false,false
3515,0,69729,136992,3029392,3030692,2959663,2960963,297,1,false,false
3516,0,69729,136992,3038944,3040244,2969215,2970515,298,1,false,false
3517,0,69729,136992,3048496,3049796,2978767,2980067,299,1,false,false
3518,3,69760,135104,518332,520400,448572,450640,45,1,false,false
3519,3,69760,135104,527372,529440,457612,459680,46,1,false,false
3520,3,69760,135104,536156,538224,466396,468464,47,1,false,false
3521,3,69760,135104,545196,547264,475436,477504,48,1,false,false
3522,3,69792,136193,1696508,1698576,1626716,1628784,161,1,false,false
3523,3,69792,136193,1706828,1708896,1637036,1639104,162,1,false,false
3524,3,69792,136193,1717148,1719216,1647356,1649424,163,1,false,false
3525,3,69792,136193,1727212,1729280,1657420,1659488,164,1,false,false
3526,0,69793,142016,10657540,10659608,10587747,10589815,1240,1,false,false
3527,0,69793,142016,10661676,10663744,10591883,10593951,1241,1,false,false
3528,0,69793,142016,10665812,10667880,10596019,10598087,1242,1,false,false
3529,0,69793,142016,10669948,10672016,10600155,10602223,1243,1,false,false
3530,3,69824,148128,11957312,11958612,11887488,11888788,1593,1,false,false
3531,3,69824,148128,11959400,11960700,11889576,11890876,1594,1,false,false
3532,3,69824,148128,11961488,11962788,11891664,11892964,1595,1,false,false
3533,3,69824,148128,11963320,11964364,11893496,11894540,1596,1,false,false
3534,0,69824,140992,9893492,9896328,9823668,9826504,1123,1,false,false
3535,0,69824,140992,9901744,9904580,9831920,9834756,1124,1,false,false
3536,0,69824,140992,9909996,9912576,9840172,9842752,1125,1,false,false
3537,0,69824,140992,9917992,9920572,9848168,9850748,1126,1,false,false
3538,3,69824,140992,9756532,9758600,9686708,9688776,1102,1,false,false
3539,3,69824,140992,9762480,9764548,9692656,9694724,1103,1,false,false
3540,3,69824,140992,9767916,9769984,9698092,9700160,1104,1,false,false
3541,3,69824,140992,9773608,9775676,9703784,9705852,1105,1,false,false
3542,0,69825,139424,6394128,6394916,6324303,6325091,641,1,false,false
3543,0,69825,139424,6400608,6401396,6330783,6331571,642,1,false,false
3544,0,69825,139424,6406832,6407620,6337007,6337795,643,1,false,false
3545,0,69825,139424,6412800,6413332,6342975,6343507,644,1,false,false
3546,0,69825,139424,6419536,6421092,6349711,6351267,645,1,false,false
3547,0,69825,139424,6427296,6428596,6357471,6358771,646,1,false,false
3548,0,69825,139424,6434544,6435844,6364719,6366019,647,1,false,false
3549,0,69825,139424,6440768,6442068,6370943,6372243,648,1,false,false
3550,1,69825,136448,1462100,1463656,1392275,1393831,136,1,false,false
3551,1,69825,136448,1469092,1470392,1399267,1400567,137,1,false,false
3552,1,69825,136448,1475828,1477128,1406003,1407303,138,1,false,false
3553,1,69825,136448,1482564,1483864,1412739,1414039,139,1,false,false
3554,3,69825,140960,9519124,9521960,9449299,9452135,1062,1,false,false
3555,3,69825,140960,9523536,9526372,9453711,9456547,1063,1,false,false
3556,3,69825,140960,9528972,9531552,9459147,9461727,1064,1,false,false
3557,3,69825,140960,9534152,9536732,9464327,9466907,1065,1,false,false
3558,0,69856,140960,9544532,9545064,9474676,9475208,1067,1,false,false
3559,0,69856,140960,9548432,9548964,9478576,9479108,1068,1,false,false
3560,0,69856,140960,9552076,9552608,9482220,9482752,1069,1,false,false
3561,0,69856,140960,9557512,9558044,9487656,9488188,1070,1,false,false
3562,3,69856,139328,5624060,5626896,5554204,5557040,561,1,false,false
3563,3,69856,139328,5631564,5634400,5561708,5564544,562,1,false,false
3564,3,69856,139328,5639068,5641648,5569212,5571792,563,1,false,false
3565,3,69856,139328,5645036,5647616,5575180,5577760,564,1,false,false
3566,0,69856,149473,12167916,12172032,12098060,12102176,1648,1,false,false
3567,0,69856,149473,12174100,12178216,12104244,12108360,1649,1,false,false
3568,0,69856,149473,12180284,12184400,12110428,12114544,1650,1,false,false
3569,0,69856,149473,12186468,12190328,12116612,12120472,1651,1,false,false
3570,3,69856,135104,554236,556304,484380,486448,49,1,false,false
3571,3,69856,135104,563020,565088,493164,495232,50,1,false,false
3572,3,69856,135104,571804,573872,501948,504016,51,1,false,false
3573,3,69856,135104,580844,582912,510988,513056,52,1,false,false
3574,0,69856,139328,5871488,5875092,5801632,5805236,588,1,false,false
3575,0,69856,139328,5882320,5885668,5812464,5815812,589,1,false,false
3576,0,69856,139328,5895456,5898804,5825600,5828948,590,1,false,false
3577,0,69856,139328,5908592,5911940,5838736,5842084,591,1,false,false
3578,3,69857,137121,3502844,3504400,3432987,3434543,353,1,false,false
3579,3,69857,137121,3509324,3510624,3439467,3440767,354,1,false,false
3580,3,69857,137121,3519644,3520944,3449787,3451087,355,1,false,false
3581,3,69857,137121,3529708,3531008,3459851,3461151,356,1,false,false
3582,3,69857,136193,1735484,1737552,1665627,1667695,165,1,false,false
3583,3,69857,136193,1743756,1745824,1673899,1675967,166,1,false,false
3584,3,69857,136193,1755100,1757168,1685243,1687311,167,1,false,false
3585,3,69857,136193,1765932,1768000,1696075,1698143,168,1,false,false
3586,3,69857,142016,10663744,10665812,10593887,10595955,1241,1,false,false
3587,3,69857,142016,10667880,10669948,10598023,10600091,1242,1,false,false
3588,3,69857,142016,10672016,10674084,10602159,10604227,1243,1,false,false
3589,3,69857,142016,10676920,10678988,10607063,10609131,1244,1,false,false
3590,3,69889,136992,2836796,2838864,2766907,2768975,277,1,false,false
3591,3,69889,136992,2843276,2845344,2773387,2775455,278,1,false,false
3592,3,69889,136992,2852060,2854128,2782171,2784239,279,1,false,false
3593,3,69889,136992,2860844,2862912,2790955,2793023,280,1,false,false
3594,3,69920,140992,9779300,9781368,9709380,9711448,1106,1,false,false
3595,3,69920,140992,9784480,9786548,9714560,9716628,1107,1,false,false
3596,3,69920,140992,9791196,9793264,9721276,9723344,1108,1,false,false
3597,3,69920,140992,9796888,9798956,9726968,9729036,1109,1,false,false
3598,3,69952,139552,7597628,7600464,7527676,7530512,773,1,false,false
3599,3,69952,139552,7607948,7610784,7537996,7540832,774,1,false,false
3600,3,69952,139552,7615708,7618288,7545756,7548336,775,1,false,false
3601,3,69952,139552,7625772,7628352,7555820,7558400,776,1,false,false
3602,1,69952,140768,6421092,6422648,6351140,6352696,645,1,false,false
3603,1,69952,140768,6428596,6429896,6358644,6359944,646,1,false,false
3604,1,69952,140768,6435844,6437144,6365892,6367192,647,1,false,false
3605,1,69952,140768,6442068,6443368,6372116,6373416,648,1,false,false
3606,3,69953,142016,10681824,10683892,10611871,10613939,1245,1,false,false
3607,3,69953,142016,10686472,10688540,10616519,10618587,1246,1,false,false
3608,3,69953,142016,10691120,10693188,10621167,10623235,1247,1,false,false
3609,3,69953,142016,10693976,10696044,10624023,10626091,1248,1,false,false
3610,0,69984,149473,12192396,12194464,12122412,12124480,1652,1,false,false
3611,0,69984,149473,12196532,12198600,12126548,12128616,1653,1,false,false
3612,0,69984,149473,12200668,12202736,12130684,12132752,1654,1,false,false
3613,0,69984,149473,12204804,12206872,12134820,12136888,1655,1,false,false
3614,3,69984,140033,8708280,8711116,8638296,8641132,941,1,false,false
3615,3,69984,140033,8717300,8720136,8647316,8650152,942,1,false,false
3616,3,69984,140033,8726832,8729412,8656848,8659428,943,1,false,false
3617,3,69984,140033,8733036,8735616,8663052,8665632,944,1,false,false
3618,3,69984,149473,12172032,12174100,12102048,12104116,1649,1,false,false
3619,3,69984,149473,12178216,12180284,12108232,12110300,1650,1,false,false
3620,3,69984,149473,12184400,12186468,12114416,12116484,1651,1,false,false
3621,3,69984,149473,12190328,12192396,12120344,12122412,1652,1,false,false
3622,3,69984,149473,12194464,12196532,12124480,12126548,1653,1,false,false
3623,3,69984,149473,12198600,12200668,12128616,12130684,1654,1,false,false
3624,3,69984,149473,12202736,12204804,12132752,12134820,1655,1,false,false
3625,3,69984,149473,12206872,12208940,12136888,12138956,1656,1,false,false
3626,3,69984,139328,5652540,5655376,5582556,5585392,565,1,false,false
3627,3,69984,139328,5660044,5662880,5590060,5592896,566,1,false,false
3628,3,69984,139328,5667548,5670384,5597564,5600400,567,1,false,false
3629,3,69984,139328,5676588,5679168,5606604,5609184,568,1,false,false
3630,0,69985,136160,1265920,1267988,1195935,1198003,116,1,false,false
3631,0,69985,136160,1277008,1279076,1207023,1209091,117,1,false,false
3632,0,69985,136160,1288096,1290164,1218111,1220179,118,1,false,false
3633,0,69985,136160,1299184,1301252,1229199,1231267,119,1,false,false
3634,3,70016,143456,11528320,11531156,11458304,11461140,1473,1,false,false
3635,3,70016,143456,11532456,11535292,11462440,11465276,1474,1,false,false
3636,3,70016,143456,11536592,11539428,11466576,11469412,1475,1,false,false
3637,3,70016,143456,11542776,11545356,11472760,11475340,1476,1,false,false
3638,3,70016,139488,6792956,6795024,6722940,6725008,689,1,false,false
3639,3,70016,139488,6801996,6804064,6731980,6734048,690,1,false,false
3640,3,70016,139488,6811036,6813104,6741020,6743088,691,1,false,false
3641,3,70016,139488,6819820,6821888,6749804,6751872,692,1,false,false
3642,3,70048,140960,9539332,9540632,9469284,9470584,1066,1,false,false
3643,3,70048,140960,9543232,9544532,9473184,9474484,1067,1,false,false
3644,3,70048,140960,9547132,9548432,9477084,9478384,1068,1,false,false
3645,3,70048,140960,9551032,9552076,9480984,9482028,1069,1,false,false
3646,3,70080,136992,2872700,2874768,2802620,2804688,281,1,false,false
3647,3,70080,136992,2884044,2886112,2813964,2816032,282,1,false,false
3648,3,70080,136992,2896156,2898224,2826076,2828144,283,1,false,false
3649,3,70080,136992,2908268,2910336,2838188,2840256,284,1,false,false
3650,3,70080,138784,5299900,5302736,5229820,5232656,525,1,false,false
3651,3,70080,138784,5308684,5311520,5238604,5241440,526,1,false,false
3652,3,70080,138784,5317980,5320560,5247900,5250480,527,1,false,false
3653,3,70080,138784,5326764,5329344,5256684,5259264,528,1,false,false
3654,0,70080,142369,10872676,10873464,10802596,10803384,1300,1,false,false
3655,0,70080,142369,10875532,10876320,10805452,10806240,1301,1,false,false
3656,0,70080,142369,10878388,10879176,10808308,10809096,1302,1,false,false
3657,0,70080,142369,10881244,10881776,10811164,10811696,1303,1,false,false
3658,3,70112,139488,6824252,6826320,6754140,6756208,693,1,false,false
3659,3,70112,139488,6834828,6836896,6764716,6766784,694,1,false,false
3660,3,70112,139488,6844892,6846960,6774780,6776848,695,1,false,false
3661,3,70112,139488,6854956,6857024,6784844,6786912,696,1,false,false
3662,3,70112,140960,9554676,9557512,9484564,9487400,1070,1,false,false
3663,3,70112,140960,9560112,9562948,9490000,9492836,1071,1,false,false
3664,3,70112,140960,9567852,9570432,9497740,9500320,1072,1,false,false
3665,3,70112,140960,9575336,9577916,9505224,9507804,1073,1,false,false
3666,3,70144,136193,1777020,1779088,1706876,1708944,169,1,false,false
3667,3,70144,136193,1788108,1790176,1717964,1720032,170,1,false,false
3668,3,70144,136193,1798172,1800240,1728028,1730096,171,1,false,false
3669,3,70144,136193,1807468,1809536,1737324,1739392,172,1,false,false
3670,3,70144,239810,12842240,12844308,12772096,12774164,1829,1,false,false
3671,3,70144,239810,12845864,12847932,12775720,12777788,1830,1,false,false
3672,3,70144,239810,12849232,12851300,12779088,12781156,1831,1,false,false
3673,3,70144,239810,12852600,12854668,12782456,12784524,1832,1,false,false
3674,3,70144,136193,1818556,1820624,1748412,1750480,173,1,false,false
3675,3,70144,136193,1829644,1831712,1759500,1761568,174,1,false,false
3676,3,70144,136193,1840732,1842800,1770588,1772656,175,1,false,false
3677,3,70144,136193,1851564,1853632,1781420,1783488,176,1,false,false
3678,3,70144,140033,8738984,8741052,8668840,8670908,945,1,false,false
3679,3,70144,140033,8744420,8746488,8674276,8676344,946,1,false,false
3680,3,70144,140033,8749856,8751924,8679712,8681780,947,1,false,false
3681,3,70144,140033,8756828,8758896,8686684,8688752,948,1,false,false
3682,3,70144,141857,10209892,10211960,10139748,10141816,1169,1,false,false
3683,3,70144,141857,10215584,10217652,10145440,10147508,1170,1,false,false
3684,3,70144,141857,10220764,10222832,10150620,10152688,1171,1,false,false
3685,3,70144,141857,10226968,10229036,10156824,10158892,1172,1,false,false
3686,3,70144,138784,5335292,5338128,5265148,5267984,529,1,false,false
3687,3,70144,138784,5344076,5346912,5273932,5276768,530,1,false,false
3688,3,70144,138784,5350812,5353392,5280668,5283248,531,1,false,false
3689,3,70144,138784,5358828,5361408,5288684,5291264,532,1,false,false
3690,3,70145,140033,8763544,8765612,8693399,8695467,949,1,false,false
3691,3,70145,140033,8770260,8772328,8700115,8702183,950,1,false,false
3692,3,70145,140033,8777232,8779300,8707087,8709155,951,1,false,false
3693,3,70145,140033,8782924,8784992,8712779,8714847,952,1,false,false
3694,0,70176,142016,10674084,10676920,10603908,10606744,1244,1,false,false
3695,0,70176,142016,10678988,10681824,10608812,10611648,1245,1,false,false
3696,0,70176,142016,10683892,10686472,10613716,10616296,1246,1,false,false
3697,0,70176,142016,10688540,10691120,10618364,10620944,1247,1,false,false
3698,3,70176,140768,9146100,9148168,9075924,9077992,1006,1,false,false
3699,3,70176,140768,9154096,9156164,9083920,9085988,1007,1,false,false
3700,3,70176,140768,9160300,9162368,9090124,9092192,1008,1,false,false
3701,3,70176,140768,9166504,9168572,9096328,9098396,1009,1,false,false
3702,0,70176,139328,5922752,5924820,5852576,5854644,592,1,false,false
3703,0,70176,139328,5935888,5937956,5865712,5867780,593,1,false,false
3704,0,70176,139328,5949792,5951860,5879616,5881684,594,1,false,false
3705,0,70176,139328,5963184,5965252,5893008,5895076,595,1,false,false
3706,3,70176,136992,2917308,2919376,2847132,2849200,285,1,false,false
3707,3,70176,136992,2926348,2928416,2856172,2858240,286,1,false,false
3708,3,70176,136992,2935388,2937456,2865212,2867280,287,1,false,false
3709,3,70176,136992,2943916,2945984,2873740,2875808,288,1,false,false
3710,0,70176,140768,9156164,9156952,9085988,9086776,1007,1,false,false
3711,0,70176,140768,9162368,9163156,9092192,9092980,1008,1,false,false
3712,0,70176,140768,9168572,9169360,9098396,9099184,1009,1,false,false
3713,0,70176,140768,9174776,9175308,9104600,9105132,1010,1,false,false
3714,0,70208,149473,12208940,12209728,12138732,12139520,1656,1,false,false
3715,0,70208,149473,12211796,12212584,12141588,12142376,1657,1,false,false
3716,0,70208,149473,12214652,12215440,12144444,12145232,1658,1,false,false
3717,0,70208,149473,12217508,12218040,12147300,12147832,1659,1,false,false
3718,3,70240,139424,6365628,6366928,6295388,6296688,637,1,false,false
3719,3,70240,139424,6373388,6374688,6303148,6304448,638,1,false,false
3720,3,70240,139424,6380892,6382192,6310652,6311952,639,1,false,false
3721,3,70240,139424,6387116,6388160,6316876,6317920,640,1,false,false
3722,3,70240,138784,5367612,5368400,5297372,5298160,533,1,false,false
3723,3,70240,138784,5374348,5375136,5304108,5304896,534,1,false,false
3724,3,70240,138784,5381340,5382128,5311100,5311888,535,1,false,false
3725,3,70240,138784,5389100,5389632,5318860,5319392,536,1,false,false
3726,3,70240,140992,9802324,9804392,9732084,9734152,1110,1,false,false
3727,3,70240,140992,9807760,9809828,9737520,9739588,1111,1,false,false
3728,3,70240,140992,9813196,9815264,9742956,9745024,1112,1,false,false
3729,3,70240,140992,9818888,9820956,9748648,9750716,1113,1,false,false
3730,0,70241,143616,11761476,11763032,11691235,11692791,1536,1,false,false
3731,0,70241,143616,11765100,11766400,11694859,11696159,1537,1,false,false
3732,0,70241,143616,11769236,11770536,11698995,11700295,1538,1,false,false
3733,0,70241,143616,11773372,11774672,11703131,11704431,1539,1,false,false
3734,3,70272,137601,4137660,4139728,4067388,4069456,413,1,false,false
3735,3,70272,137601,4147212,4149280,4076940,4079008,414,1,false,false
3736,3,70272,137601,4159068,4161136,4088796,4090864,415,1,false,false
3737,3,70272,137601,4170668,4172736,4100396,4102464,416,1,false,false
3738,3,70272,139328,5685628,5688464,5615356,5618192,569,1,false,false
3739,3,70272,139328,5694412,5697248,5624140,5626976,570,1,false,false
3740,3,70272,139328,5703196,5705776,5632924,5635504,571,1,false,false
3741,3,70272,139328,5711980,5714560,5641708,5644288,572,1,false,false
3742,3,70273,139424,6392828,6394128,6322555,6323855,641,1,false,false
3743,3,70273,139424,6399308,6400608,6329035,6330335,642,1,false,false
3744,3,70273,139424,6405532,6406832,6335259,6336559,643,1,false,false
3745,3,70273,139424,6411756,6412800,6341483,6342527,644,1,false,false
3746,3,70304,151105,12621472,12623540,12551168,12553236,1780,1,false,false
3747,3,70304,151105,12625608,12627676,12555304,12557372,1781,1,false,false
3748,3,70304,151105,12629744,12631812,12559440,12561508,1782,1,false,false
3749,3,70304,151105,12633880,12635948,12563576,12565644,1783,1,false,false
3750,3,70304,139328,5722300,5725136,5651996,5654832,573,1,false,false
3751,3,70304,139328,5732620,5735456,5662316,5665152,574,1,false,false
3752,3,70304,139328,5742684,5745264,5672380,5674960,575,1,false,false
3753,3,70304,139328,5752748,5755328,5682444,5685024,576,1,false,false
3754,3,70305,143616,11794880,11798484,11724575,11728179,1545,1,false,false
3755,3,70305,143616,11799272,11802620,11728967,11732315,1546,1,false,false
3756,3,70305,143616,11803408,11806756,11733103,11736451,1547,1,false,false
3757,3,70305,143616,11807288,11810636,11736983,11740331,1548,1,false,false
3758,3,70336,139424,6417468,6419536,6347132,6349200,645,1,false,false
3759,3,70336,139424,6425228,6427296,6354892,6356960,646,1,false,false
3760,3,70336,139424,6432476,6434544,6362140,6364208,647,1,false,false
3761,3,70336,139424,6438700,6440768,6368364,6370432,648,1,false,false
3762,3,70368,151105,12638016,12640084,12567648,12569716,1784,1,false,false
3763,3,70368,151105,12643688,12645756,12573320,12575388,1785,1,false,false
3764,3,70368,151105,12649104,12651172,12578736,12580804,1786,1,false,false
3765,3,70368,151105,12654520,12656588,12584152,12586220,1787,1,false,false
3766,0,70369,139552,7600464,7602020,7530095,7531651,773,1,false,false
3767,0,70369,139552,7610784,7612084,7540415,7541715,774,1,false,false
3768,0,70369,139552,7618288,7619588,7547919,7549219,775,1,false,false
3769,0,70369,139552,7628352,7629652,7557983,7559283,776,1,false,false
3770,3,70400,139328,5761788,5764624,5691388,5694224,577,1,false,false
3771,3,70400,139328,5770828,5773664,5700428,5703264,578,1,false,false
3772,3,70400,139328,5779612,5782192,5709212,5711792,579,1,false,false
3773,3,70400,139328,5786860,5789440,5716460,5719040,580,1,false,false
3774,3,70400,151105,12659936,12662004,12589536,12591604,1788,1,false,false
3775,3,70400,151105,12663560,12665628,12593160,12595228,1789,1,false,false
3776,3,70400,151105,12666928,12668996,12596528,12598596,1790,1,false,false
3777,3,70400,151105,12670296,12672364,12599896,12601964,1791,1,false,false
3778,0,70432,136193,1853632,1854420,1783200,1783988,176,1,false,false
3779,0,70432,136193,1863440,1864228,1793008,1793796,177,1,false,false
3780,0,70432,136193,1873248,1874036,1802816,1803604,178,1,false,false
3781,0,70432,136193,1883312,1883844,1812880,1813412,179,1,false,false
3782,3,70432,139488,6866556,6868624,6796124,6798192,697,1,false,false
3783,3,70432,139488,6875596,6877664,6805164,6807232,698,1,false,false
3784,3,70432,139488,6884380,6886448,6813948,6816016,699,1,false,false
3785,3,70432,139488,6893164,6895232,6822732,6824800,700,1,false,false
3786,3,70432,141857,10233172,10235240,10162740,10164808,1173,1,false,false
3787,3,70432,141857,10239376,10241444,10168944,10171012,1174,1,false,false
3788,3,70432,141857,10245580,10247648,10175148,10177216,1175,1,false,false
3789,3,70432,141857,10252296,10254364,10181864,10183932,1176,1,false,false
3790,3,70496,239810,12855968,12858036,12785472,12787540,1833,1,false,false
3791,3,70496,239810,12858824,12860892,12788328,12790396,1834,1,false,false
3792,3,70496,239810,12861680,12863748,12791184,12793252,1835,1,false,false
3793,3,70496,239810,12864536,12866604,12794040,12796108,1836,1,false,false
3794,0,70497,136448,2461568,2463124,2391071,2392627,236,1,false,false
3795,0,70497,136448,2472656,2473956,2402159,2403459,237,1,false,false
3796,0,70497,136448,2483488,2484788,2412991,2414291,238,1,false,false
3797,0,70497,136448,2494064,2495364,2423567,2424867,239,1,false,false
3798,0,70561,139969,8320264,8321052,8249703,8250491,878,1,false,false
3799,0,70561,139969,8325956,8326744,8255395,8256183,879,1,false,false
3800,0,70561,139969,8331648,8332436,8261087,8261875,880,1,false,false
3801,0,70561,139969,8337084,8337616,8266523,8267055,881,1,false,false
3802,3,70624,143456,11548704,11551540,11478080,11480916,1477,1,false,false
3803,3,70624,143456,11554632,11557468,11484008,11486844,1478,1,false,false
3804,3,70624,143456,11560560,11563140,11489936,11492516,1479,1,false,false
3805,3,70624,143456,11565208,11567788,11494584,11497164,1480,1,false,false
3806,3,70656,136992,2952956,2955024,2882300,2884368,289,1,false,false
3807,3,70656,136992,2961996,2964064,2891340,2893408,290,1,false,false
3808,3,70656,136992,2970780,2972848,2900124,2902192,291,1,false,false
3809,3,70656,136992,2979308,2981376,2908652,2910720,292,1,false,false
3810,3,70688,149473,12209728,12211796,12139040,12141108,1657,1,false,false
3811,3,70688,149473,12212584,12214652,12141896,12143964,1658,1,false,false
3812,3,70688,149473,12215440,12217508,12144752,12146820,1659,1,false,false
3813,3,70688,149473,12218040,12220108,12147352,12149420,1660,1,false,false
3814,3,70688,135104,589372,594256,518684,523568,53,1,false,false
3815,3,70688,135104,601484,606368,530796,535680,54,1,false,false
3816,3,70688,135104,613596,618224,542908,547536,55,1,false,false
3817,3,70688,135104,625708,630336,555020,559648,56,1,false,false
3818,3,70688,141857,10262084,10264152,10191396,10193464,1177,1,false,false
3819,3,70688,141857,10271872,10273940,10201184,10203252,1178,1,false,false
3820,3,70688,141857,10281404,10283472,10210716,10212784,1179,1,false,false
3821,3,70688,141857,10292472,10294540,10221784,10223852,1180,1,false,false
3822,3,70689,138784,5396348,5398416,5325659,5327727,537,1,false,false
3823,3,70689,138784,5404876,5406944,5334187,5336255,538,1,false,false
3824,3,70689,138784,5413660,5415728,5342971,5345039,539,1,false,false
3825,3,70689,138784,5423980,5426048,5353291,5355359,540,1,false,false
3826,0,70720,135104,630336,631124,559616,560404,57,1,false,false
3827,0,70720,135104,639376,640164,568656,569444,58,1,false,false
3828,0,70720,135104,647648,648436,576928,577716,59,1,false,false
3829,0,70720,135104,655920,656452,585200,585732,60,1,false,false
3830,3,70753,143362,11343520,11345588,11272767,11274835,1429,1,false,false
3831,3,70753,143362,11348168,11350236,11277415,11279483,1430,1,false,false
3832,3,70753,143362,11352816,11354884,11282063,11284131,1431,1,false,false
3833,3,70753,143362,11356952,11359020,11286199,11288267,1432,1,false,false
3834,3,70784,139904,8043880,8045948,7973096,7975164,833,1,false,false
3835,3,70784,139904,8049060,8051128,7978276,7980344,834,1,false,false
3836,3,70784,139904,8055520,8057588,7984736,7986804,835,1,false,false
3837,3,70784,139904,8061468,8063536,7990684,7992752,836,1,false,false
3838,3,70816,136193,1861372,1863440,1790556,1792624,177,1,false,false
3839,3,70816,136193,1871180,1873248,1800364,1802432,178,1,false,false
3840,3,70816,136193,1881244,1883312,1810428,1812496,179,1,false,false
3841,3,70816,136193,1890540,1892608,1819724,1821792,180,1,false,false
3842,3,70816,139969,8381576,8383644,8310760,8312828,889,1,false,false
3843,3,70816,139969,8386756,8388824,8315940,8318008,890,1,false,false
3844,3,70816,139969,8389888,8391956,8319072,8321140,891,1,false,false
3845,3,70816,139969,8394300,8396368,8323484,8325552,892,1,false,false
3846,3,70816,137121,3538492,3540560,3467676,3469744,357,1,false,false
3847,3,70816,137121,3547788,3549856,3476972,3479040,358,1,false,false
3848,3,70816,137121,3557596,3559664,3486780,3488848,359,1,false,false
3849,3,70816,137121,3567148,3569216,3496332,3498400,360,1,false,false
3850,3,70816,139424,6444668,6446736,6373852,6375920,649,1,false,false
3851,3,70816,139424,6452172,6454240,6381356,6383424,650,1,false,false
3852,3,70816,139424,6459676,6461744,6388860,6390928,651,1,false,false
3853,3,70816,139424,6466156,6468224,6395340,6397408,652,1,false,false
3854,3,70816,141857,10300724,10302792,10229908,10231976,1181,1,false,false
3855,3,70816,141857,10308976,10311044,10238160,10240228,1182,1,false,false
3856,3,70816,141857,10316972,10319040,10246156,10248224,1183,1,false,false
3857,3,70816,141857,10322408,10324476,10251592,10253660,1184,1,false,false
3858,3,70848,142016,10696832,10698900,10625984,10628052,1249,1,false,false
3859,3,70848,142016,10699688,10701756,10628840,10630908,1250,1,false,false
3860,3,70848,142016,10702288,10704356,10631440,10633508,1251,1,false,false
3861,3,70848,142016,10705912,10707980,10635064,10637132,1252,1,false,false
3862,3,70848,148128,11965920,11967988,11895072,11897140,1597,1,false,false
3863,3,70848,148128,11969288,11971356,11898440,11900508,1598,1,false,false
3864,3,70848,148128,11972656,11974724,11901808,11903876,1599,1,false,false
3865,3,70848,148128,11976024,11978092,11905176,11907244,1600,1,false,false
3866,3,70912,148128,11980160,11981460,11909248,11910548,1601,1,false,false
3867,3,70912,148128,11983528,11984828,11912616,11913916,1602,1,false,false
3868,3,70912,148128,11986896,11988196,11915984,11917284,1603,1,false,false
3869,3,70912,148128,11990264,11991308,11919352,11920396,1604,1,false,false
3870,0,70913,141857,10283472,10287076,10212559,10216163,1180,1,false,false
3871,0,70913,141857,10294540,10297888,10223627,10226975,1181,1,false,false
3872,0,70913,141857,10302792,10306140,10231879,10235227,1182,1,false,false
3873,0,70913,141857,10311044,10314392,10240131,10243479,1183,1,false,false
3874,0,70944,140033,8751924,8753992,8680980,8683048,947,1,false,false
3875,0,70944,140033,8758896,8760964,8687952,8690020,948,1,false,false
3876,0,70944,140033,8765612,8767680,8694668,8696736,949,1,false,false
3877,0,70944,140033,8772328,8774396,8701384,8703452,950,1,false,false
3878,3,70945,139488,6901948,6904016,6831003,6833071,701,1,false,false
3879,3,70945,139488,6912524,6914592,6841579,6843647,702,1,false,false
3880,3,70945,139488,6922588,6924656,6851643,6853711,703,1,false,false
3881,3,70945,139488,6932652,6934720,6861707,6863775,704,1,false,false
3882,3,70977,136448,2469820,2472656,2398843,2401679,237,1,false,false
3883,3,70977,136448,2480652,2483488,2409675,2412511,238,1,false,false
3884,3,70977,136448,2491484,2494064,2420507,2423087,239,1,false,false
3885,3,70977,136448,2498988,2501568,2428011,2430591,240,1,false,false
3886,3,71008,141857,10328868,10330936,10257860,10259928,1185,1,false,false
3887,3,71008,141857,10335072,10337140,10264064,10266132,1186,1,false,false
3888,3,71008,141857,10341020,10343088,10270012,10272080,1187,1,false,false
3889,3,71008,141857,10349272,10351340,10278264,10280332,1188,1,false,false
3890,3,71008,136160,1239548,1242384,1168540,1171376,113,1,false,false
3891,3,71008,136160,1245516,1248352,1174508,1177344,114,1,false,false
3892,3,71008,136160,1254556,1257392,1183548,1186384,115,1,false,false
3893,3,71008,136160,1263340,1265920,1192332,1194912,116,1,false,false
3894,3,71008,143616,11812192,11814260,11741184,11743252,1549,1,false,false
3895,3,71008,143616,11815560,11817628,11744552,11746620,1550,1,false,false
3896,3,71008,143616,11818928,11820996,11747920,11749988,1551,1,false,false
3897,3,71008,143616,11822296,11824364,11751288,11753356,1552,1,false,false
3898,3,71008,139424,6475196,6477264,6404188,6406256,653,1,false,false
3899,3,71008,139424,6483724,6485792,6412716,6414784,654,1,false,false
3900,3,71008,139424,6491996,6494064,6420988,6423056,655,1,false,false
3901,3,71008,139424,6500012,6502080,6429004,6431072,656,1,false,false
3902,3,71072,139328,5794364,5797200,5723292,5726128,581,1,false,false
3903,3,71072,139328,5802124,5804960,5731052,5733888,582,1,false,false
3904,3,71072,139328,5809628,5812208,5738556,5741136,583,1,false,false
3905,3,71072,139328,5819692,5822272,5748620,5751200,584,1,false,false
3906,3,71072,150274,12458272,12460340,12387200,12389268,1732,1,false,false
3907,3,71072,150274,12461128,12463196,12390056,12392124,1733,1,false,false
3908,3,71072,150274,12463984,12466052,12392912,12394980,1734,1,false,false
3909,3,71072,150274,12466840,12468908,12395768,12397836,1735,1,false,false
3910,3,71072,135104,637308,639376,566236,568304,57,1,false,false
3911,3,71072,135104,645580,647648,574508,576576,58,1,false,false
3912,3,71072,135104,653852,655920,582780,584848,59,1,false,false
3913,3,71072,135104,659564,661632,588492,590560,60,1,false,false
3914,3,71136,239810,12867136,12869204,12796000,12798068,1837,1,false,false
3915,3,71136,239810,12871272,12873340,12800136,12802204,1838,1,false,false
3916,3,71136,239810,12875408,12877476,12804272,12806340,1839,1,false,false
3917,3,71136,239810,12879544,12881612,12808408,12810476,1840,1,false,false
3918,3,71200,239810,12883680,12885748,12812480,12814548,1841,1,false,false
3919,3,71200,239810,12887304,12889372,12816104,12818172,1842,1,false,false
3920,3,71200,239810,12890672,12892740,12819472,12821540,1843,1,false,false
3921,3,71200,239810,12894040,12896108,12822840,12824908,1844,1,false,false
3922,3,71200,143456,11569600,11572436,11498400,11501236,1481,1,false,false
3923,3,71200,143456,11574248,11577084,11503048,11505884,1482,1,false,false
3924,3,71200,143456,11578896,11581476,11507696,11510276,1483,1,false,false
3925,3,71200,143456,11582264,11584844,11511064,11513644,1484,1,false,false
3926,3,71200,140960,9582564,9585400,9511364,9514200,1074,1,false,false
3927,3,71200,140960,9590048,9592884,9518848,9521684,1075,1,false,false
3928,3,71200,140960,9593948,9596528,9522748,9525328,1076,1,false,false
3929,3,71200,140960,9600152,9602732,9528952,9531532,1077,1,false,false
3930,3,71232,136160,1274172,1277008,1202940,1205776,117,1,false,false
3931,3,71232,136160,1285260,1288096,1214028,1216864,118,1,false,false
3932,3,71232,136160,1296348,1299184,1225116,1227952,119,1,false,false
3933,3,71232,136160,1307180,1309760,1235948,1238528,120,1,false,false
3934,3,71232,136992,2989116,2991184,2917884,2919952,293,1,false,false
3935,3,71232,136992,2998668,3000736,2927436,2929504,294,1,false,false
3936,3,71232,136992,3008220,3010288,2936988,2939056,295,1,false,false
3937,3,71232,136992,3017516,3019584,2946284,2948352,296,1,false,false
3938,3,71264,142016,10709280,10711348,10638016,10640084,1253,1,false,false
3939,3,71264,142016,10712648,10714716,10641384,10643452,1254,1,false,false
3940,3,71264,142016,10716016,10718084,10644752,10646820,1255,1,false,false
3941,3,71264,142016,10719640,10721708,10648376,10650444,1256,1,false,false
3942,3,71264,143329,11121056,11123124,11049792,11051860,1365,1,false,false
3943,3,71264,143329,11123912,11125980,11052648,11054716,1366,1,false,false
3944,3,71264,143329,11126512,11128580,11055248,11057316,1367,1,false,false
3945,3,71264,143329,11130136,11132204,11058872,11060940,1368,1,false,false
3946,3,71265,140992,9824324,9826392,9753059,9755127,1114,1,false,false
3947,3,71265,140992,9829760,9831828,9758495,9760563,1115,1,false,false
3948,3,71265,140992,9834684,9836752,9763419,9765487,1116,1,false,false
3949,3,71265,140992,9841912,9843980,9770647,9772715,1117,1,false,false
3950,3,71265,139969,8398456,8400524,8327191,8329259,893,1,false,false
3951,3,71265,139969,8402356,8404424,8331091,8333159,894,1,false,false
3952,3,71265,139969,8408560,8410628,8337295,8339363,895,1,false,false
3953,3,71265,139969,8415532,8417600,8344267,8346335,896,1,false,false
3954,3,71296,149473,12220896,12222964,12149600,12151668,1661,1,false,false
3955,3,71296,149473,12223752,12225820,12152456,12154524,1662,1,false,false
3956,3,71296,149473,12226608,12228676,12155312,12157380,1663,1,false,false
3957,3,71296,149473,12229208,12231276,12157912,12159980,1664,1,false,false
3958,3,71296,143329,11133504,11135572,11062208,11064276,1369,1,false,false
3959,3,71296,143329,11136872,11138940,11065576,11067644,1370,1,false,false
3960,3,71296,143329,11140240,11142308,11068944,11071012,1371,1,false,false
3961,3,71296,143329,11143864,11145932,11072568,11074636,1372,1,false,false
3962,0,71328,143456,11581476,11582264,11510148,11510936,1484,1,false,false
3963,0,71328,143456,11584844,11585632,11513516,11514304,1485,1,false,false
3964,0,71328,143456,11588468,11589256,11517140,11517928,1486,1,false,false
3965,0,71328,143456,11592092,11592624,11520764,11521296,1487,1,false,false
3966,3,71360,143616,11825920,11827988,11754560,11756628,1553,1,false,false
3967,3,71360,143616,11829288,11831356,11757928,11759996,1554,1,false,false
3968,3,71360,143616,11832656,11834724,11761296,11763364,1555,1,false,false
3969,3,71360,143616,11836024,11838092,11764664,11766732,1556,1,false,false
3970,0,71392,139904,8018572,8020640,7947180,7949248,829,1,false,false
3971,0,71392,139904,8025544,8027612,7954152,7956220,830,1,false,false
3972,0,71392,139904,8032516,8034584,7961124,7963192,831,1,false,false
3973,0,71392,139904,8039232,8041300,7967840,7969908,832,1,false,false
3974,3,71456,139904,8067416,8069484,7995960,7998028,837,1,false,false
3975,3,71456,139904,8073620,8075688,8002164,8004232,838,1,false,false
3976,3,71456,139904,8080592,8082660,8009136,8011204,839,1,false,false
3977,3,71456,139904,8087308,8089376,8015852,8017920,840,1,false,false
3978,3,71456,142369,10890048,10892116,10818592,10820660,1305,1,false,false
3979,3,71456,142369,10894184,10896252,10822728,10824796,1306,1,false,false
3980,3,71456,142369,10898320,10900388,10826864,10828932,1307,1,false,false
3981,3,71456,142369,10901176,10903244,10829720,10831788,1308,1,false,false
3982,3,71488,139488,6942972,6945040,6871484,6873552,705,1,false,false
3983,3,71488,139488,6952268,6954336,6880780,6882848,706,1,false,false
3984,3,71488,139488,6961052,6963120,6889564,6891632,707,1,false,false
3985,3,71488,139488,6969836,6971904,6898348,6900416,708,1,false,false
3986,0,71489,148128,11964364,11965920,11892875,11894431,1596,1,false,false
3987,0,71489,148128,11967988,11969288,11896499,11897799,1597,1,false,false
3988,0,71489,148128,11971356,11972656,11899867,11901167,1598,1,false,false
3989,0,71489,148128,11974724,11976024,11903235,11904535,1599,1,false,false
3990,3,71553,149473,12232832,12234900,12161279,12163347,1665,1,false,false
3991,3,71553,149473,12236200,12238268,12164647,12166715,1666,1,false,false
3992,3,71553,149473,12239568,12241636,12168015,12170083,1667,1,false,false
3993,3,71553,149473,12242936,12245004,12171383,12173451,1668,1,false,false
3994,3,71584,140992,9848884,9850952,9777300,9779368,1118,1,false,false
3995,3,71584,140992,9855856,9857924,9784272,9786340,1119,1,false,false
3996,3,71584,140992,9864876,9866944,9793292,9795360,1120,1,false,false
3997,3,71584,140992,9873896,9875964,9802312,9804380,1121,1,false,false
3998,3,71584,141857,10357012,10359080,10285428,10287496,1189,1,false,false
3999,3,71584,141857,10364496,10366564,10292912,10294980,1190,1,false,false
4000,3,71584,141857,10371724,10373792,10300140,10302208,1191,1,false,false
4001,3,71584,141857,10378440,10380508,10306856,10308924,1192,1,false,false
4002,3,71616,137601,4181756,4183824,4110140,4112208,417,1,false,false
4003,3,71616,137601,4192588,4194656,4120972,4123040,418,1,false,false
4004,3,71616,137601,4203932,4206000,4132316,4134384,419,1,false,false
4005,3,71616,137601,4215020,4217088,4143404,4145472,420,1,false,false
4006,0,71648,139424,6446736,6448804,6375088,6377156,649,1,false,false
4007,0,71648,139424,6454240,6456308,6382592,6384660,650,1,false,false
4008,0,71648,139424,6461744,6463812,6390096,6392164,651,1,false,false
4009,0,71648,139424,6468224,6470292,6396576,6398644,652,1,false,false
4010,3,71648,139488,6978620,6980688,6906972,6909040,709,1,false,false
4011,3,71648,139488,6987148,6989216,6915500,6917568,710,1,false,false
4012,3,71648,139488,6995164,6997232,6923516,6925584,711,1,false,false
4013,3,71648,139488,7003180,7005248,6931532,6933600,712,1,false,false
4014,0,71649,139424,6477264,6478052,6405615,6406403,653,1,false,false
4015,0,71649,139424,6485792,6486580,6414143,6414931,654,1,false,false
4016,0,71649,139424,6494064,6494852,6422415,6423203,655,1,false,false
4017,0,71649,139424,6502080,6502612,6430431,6430963,656,1,false,false
4018,3,71712,142369,10904032,10906100,10832320,10834388,1309,1,false,false
4019,3,71712,142369,10906888,10908956,10835176,10837244,1310,1,false,false
4020,3,71712,142369,10909488,10911556,10837776,10839844,1311,1,false,false
4021,3,71712,142369,10913624,10915692,10841912,10843980,1312,1,false,false
4022,3,71712,139424,6506748,6508048,6435036,6436336,657,1,false,false
4023,3,71712,139424,6513740,6515040,6442028,6443328,658,1,false,false
4024,3,71712,139424,6523292,6524592,6451580,6452880,659,1,false,false
4025,3,71712,139424,6532844,6533888,6461132,6462176,660,1,false,false
4026,3,71713,140992,9882660,9884728,9810947,9813015,1122,1,false,false
4027,3,71713,140992,9891424,9893492,9819711,9821779,1123,1,false,false
4028,3,71713,140992,9899676,9901744,9827963,9830031,1124,1,false,false
4029,3,71713,140992,9907928,9909996,9836215,9838283,1125,1,false,false
4030,3,71777,148128,11992096,11994164,11920319,11922387,1605,1,false,false
4031,3,71777,148128,11994952,11997020,11923175,11925243,1606,1,false,false
4032,3,71777,148128,11997808,11999876,11926031,11928099,1607,1,false,false
4033,3,71777,148128,12000408,12002476,11928631,11930699,1608,1,false,false
4034,3,71937,140768,9172708,9174776,9100771,9102839,1010,1,false,false
4035,3,71937,140768,9178144,9180212,9106207,9108275,1011,1,false,false
4036,3,71937,140768,9183836,9185904,9111899,9113967,1012,1,false,false
4037,3,71937,140768,9189272,9191340,9117335,9119403,1013,1,false,false
4038,0,71968,139969,8342264,8343820,8270296,8271852,882,1,false,false
4039,0,71968,139969,8348724,8350024,8276756,8278056,883,1,false,false
4040,0,71968,139969,8354928,8356228,8282960,8284260,884,1,false,false
4041,0,71968,139969,8360876,8362176,8288908,8290208,885,1,false,false
4042,0,72128,149473,12220108,12220896,12147980,12148768,1660,1,false,false
4043,0,72128,149473,12222964,12223752,12150836,12151624,1661,1,false,false
4044,0,72128,149473,12225820,12226608,12153692,12154480,1662,1,false,false
4045,0,72128,149473,12228676,12229208,12156548,12157080,1663,1,false,false
4046,3,72128,140033,8788360,8790428,8716232,8718300,953,1,false,false
4047,3,72128,140033,8793796,8795864,8721668,8723736,954,1,false,false
4048,3,72128,140033,8799232,8801300,8727104,8729172,955,1,false,false
4049,3,72128,140033,8806204,8808272,8734076,8736144,956,1,false,false
4050,3,72129,139328,5832060,5834896,5759931,5762767,585,1,false,false
4051,3,72129,139328,5844684,5847520,5772555,5775391,586,1,false,false
4052,3,72129,139328,5856796,5859376,5784667,5787247,587,1,false,false
4053,3,72129,139328,5868908,5871488,5796779,5799359,588,1,false,false
4054,3,72192,139969,8422248,8424316,8350056,8352124,897,1,false,false
4055,3,72192,139969,8428964,8431032,8356772,8358840,898,1,false,false
4056,3,72192,139969,8435680,8437748,8363488,8365556,899,1,false,false
4057,3,72192,139969,8441372,8443440,8369180,8371248,900,1,false,false
4058,1,72288,140992,6822420,6823976,6750132,6751688,692,1,false,false
4059,1,72288,140992,6829924,6831224,6757636,6758936,693,1,false,false
4060,1,72288,140992,6840244,6841544,6767956,6769256,694,1,false,false
4061,1,72288,140992,6850308,6851608,6778020,6779320,695,1,false,false
4062,0,72352,143362,11323332,11324120,11250980,11251768,1424,1,false,false
4063,0,72352,143362,11327468,11328256,11255116,11255904,1425,1,false,false
4064,0,72352,143362,11330324,11331112,11257972,11258760,1426,1,false,false
4065,0,72352,143362,11333180,11333712,11260828,11261360,1427,1,false,false
4066,3,72352,143456,11585632,11588468,11513280,11516116,1485,1,false,false
4067,3,72352,143456,11589256,11592092,11516904,11519740,1486,1,false,false
4068,3,72352,143456,11592624,11595204,11520272,11522852,1487,1,false,false
4069,3,72352,143456,11596760,11599340,11524408,11526988,1488,1,false,false
4070,3,72384,141857,10385412,10387480,10313028,10315096,1193,1,false,false
4071,3,72384,141857,10392384,10394452,10320000,10322068,1194,1,false,false
4072,3,72384,141857,10399100,10401168,10326716,10328784,1195,1,false,false
4073,3,72384,141857,10406584,10408652,10334200,10336268,1196,1,false,false
4074,0,72448,142369,10883844,10885912,10811396,10813464,1304,1,false,false
4075,0,72448,142369,10887980,10890048,10815532,10817600,1305,1,false,false
4076,0,72448,142369,10892116,10894184,10819668,10821736,1306,1,false,false
4077,0,72448,142369,10896252,10898320,10823804,10825872,1307,1,false,false
4078,3,72480,139328,5879484,5882320,5807004,5809840,589,1,false,false
4079,3,72480,139328,5892620,5895456,5820140,5822976,590,1,false,false
4080,3,72480,139328,5905756,5908592,5833276,5836112,591,1,false,false
4081,3,72480,139328,5920172,5922752,5847692,5850272,592,1,false,false
4082,3,72768,143362,11360832,11362900,11288064,11290132,1433,1,false,false
4083,3,72768,143362,11364712,11366780,11291944,11294012,1434,1,false,false
4084,3,72768,143362,11368592,11370660,11295824,11297892,1435,1,false,false
4085,3,72768,143362,11371448,11373516,11298680,11300748,1436,1,false,false
4086,3,72928,139488,7011452,7013520,6938524,6940592,713,1,false,false
4087,3,72928,139488,7021260,7023328,6948332,6950400,714,1,false,false
4088,3,72928,139488,7030812,7032880,6957884,6959952,715,1,false,false
4089,3,72928,139488,7040108,7042176,6967180,6969248,716,1,false,false
4090,0,72928,148128,11978092,11980160,11905164,11907232,1600,1,false,false
4091,0,72928,148128,11981460,11983528,11908532,11910600,1601,1,false,false
4092,0,72928,148128,11984828,11986896,11911900,11913968,1602,1,false,false
4093,0,72928,148128,11988196,11990264,11915268,11917336,1603,1,false,false
4094,3,73024,140768,9194708,9196264,9121684,9123240,1014,1,false,false
4095,3,73024,140768,9200400,9201700,9127376,9128676,1015,1,false,false
4096,3,73024,140768,9205836,9207136,9132812,9134112,1016,1,false,false
4097,3,73024,140768,9211272,9212572,9138248,9139548,1017,1,false,false
4098,3,73025,1165477,13084752,13086820,13011727,13013795,1809,1,false,false
4099,3,73025,1165477,13086820,13088888,13013795,13015863,1810,1,false,false
4100,3,73025,1165477,13088888,13090956,13015863,13017931,1811,1,false,false
4101,3,73025,1165477,13090956,13093024,13017931,13019999,1812,1,false,false
4102,3,73121,142369,10917760,10919828,10844639,10846707,1313,1,false,false
4103,3,73121,142369,10921896,10923964,10848775,10850843,1314,1,false,false
4104,3,73121,142369,10926032,10928100,10852911,10854979,1315,1,false,false
4105,3,73121,142369,10928888,10930956,10855767,10857835,1316,1,false,false
4106,0,73248,143329,11116900,11117688,11043652,11044440,1364,1,false,false
4107,0,73248,143329,11120268,11121056,11047020,11047808,1365,1,false,false
4108,0,73248,143329,11123124,11123912,11049876,11050664,1366,1,false,false
4109,0,73248,143329,11125980,11126512,11052732,11053264,1367,1,false,false
4110,3,73344,148128,12005312,12007380,11931968,11934036,1609,1,false,false
4111,3,73344,148128,12010216,12012284,11936872,11938940,1610,1,false,false
4112,3,73344,148128,12014864,12016932,11941520,11943588,1611,1,false,false
4113,3,73344,148128,12019512,12021580,11946168,11948236,1612,1,false,false
4114,3,73408,139552,7635324,7638160,7561916,7564752,777,1,false,false
4115,3,73408,139552,7645132,7647968,7571724,7574560,778,1,false,false
4116,3,73408,139552,7654428,7657008,7581020,7583600,779,1,false,false
4117,3,73408,139552,7663724,7666304,7590316,7592896,780,1,false,false
4118,3,74048,140992,9915924,9917992,9841876,9843944,1126,1,false,false
4119,3,74048,140992,9923920,9925988,9849872,9851940,1127,1,false,false
4120,3,74048,140992,9929612,9931680,9855564,9857632,1128,1,false,false
4121,3,74048,140992,9936840,9938908,9862792,9864860,1129,1,false,false
4122,3,74144,148128,12025696,12027764,11951552,11953620,1613,1,false,false
4123,3,74144,148128,12031880,12033948,11957736,11959804,1614,1,false,false
4124,3,74144,148128,12038064,12040132,11963920,11965988,1615,1,false,false
4125,3,74144,148128,12043992,12046060,11969848,11971916,1616,1,false,false
4126,3,74464,151105,12673664,12675732,12599200,12601268,1792,1,false,false
4127,3,74464,151105,12676520,12678588,12602056,12604124,1793,1,false,false
4128,3,74464,151105,12679376,12681444,12604912,12606980,1794,1,false,false
4129,3,74464,151105,12682232,12684300,12607768,12609836,1795,1,false,false
4130,3,74592,143329,11147232,11149300,11072640,11074708,1373,1,false,false
4131,3,74592,143329,11150600,11152668,11076008,11078076,1374,1,false,false
4132,3,74592,143329,11153968,11156036,11079376,11081444,1375,1,false,false
4133,3,74592,143329,11157592,11159660,11083000,11085068,1376,1,false,false
4134,0,74657,151105,12606996,12609064,12532339,12534407,1777,1,false,false
4135,0,74657,151105,12611132,12613200,12536475,12538543,1778,1,false,false
4136,0,74657,151105,12615268,12617336,12540611,12542679,1779,1,false,false
4137,0,74657,151105,12619404,12621472,12544747,12546815,1780,1,false,false
4138,0,75104,139969,8366824,8367612,8291720,8292508,886,1,false,false
4139,0,75104,139969,8372516,8373304,8297412,8298200,887,1,false,false
4140,0,75104,139969,8378208,8378996,8303104,8303892,888,1,false,false
4141,0,75104,139969,8383644,8384176,8308540,8309072,889,1,false,false
4142,3,75328,149473,12245792,12247860,12170464,12172532,1669,1,false,false
4143,3,75328,149473,12248648,12250716,12173320,12175388,1670,1,false,false
4144,3,75328,149473,12251504,12253572,12176176,12178244,1671,1,false,false
4145,3,75328,149473,12254104,12256172,12178776,12180844,1672,1,false,false
4146,3,76096,136992,3027324,3029392,2951228,2953296,297,1,false,false
4147,3,76096,136992,3036876,3038944,2960780,2962848,298,1,false,false
4148,3,76096,136992,3046428,3048496,2970332,2972400,299,1,false,false
4149,3,76096,136992,3055724,3057792,2979628,2981696,300,1,false,false
4150,3,76448,143456,11600640,11603476,11524192,11527028,1489,1,false,false
4151,3,76448,143456,11604776,11607612,11528328,11531164,1490,1,false,false
4152,3,76448,143456,11608912,11611492,11532464,11535044,1491,1,false,false
4153,3,76448,143456,11613560,11616140,11537112,11539692,1492,1,false,false
4154,0,79457,143616,11777252,11778040,11697795,11698583,1540,1,false,false
4155,0,79457,143616,11780620,11781408,11701163,11701951,1541,1,false,false
4156,0,79457,143616,11784244,11785032,11704787,11705575,1542,1,false,false
4157,0,79457,143616,11787868,11788400,11708411,11708943,1543,1,false,false
4158,0,89824,150274,12408204,12408992,12318380,12319168,1716,1,false,false
4159,0,89824,150274,12411060,12411848,12321236,12322024,1717,1,false,false
4160,0,89824,150274,12413916,12414704,12324092,12324880,1718,1,false,false
4161,0,89824,150274,12416772,12417304,12326948,12327480,1719,1,false,false
4162,0,91297,1165477,12844308,12845864,12753011,12754567,1738,1,false,false
4163,0,91297,1165477,12847932,12849232,12756635,12757935,1739,1,false,false
4164,0,91297,1165477,12851300,12852600,12760003,12761303,1740,1,false,false
4165,0,91297,1165477,12854668,12855968,12763371,12764671,1741,1,false,false
4166,0,93505,1165477,12858036,12858824,12764531,12765319,1742,1,false,false
4167,0,93505,1165477,12860892,12861680,12767387,12768175,1743,1,false,false
4168,0,93505,1165477,12863748,12864536,12770243,12771031,1744,1,false,false
4169,0,93505,1165477,12866604,12867136,12773099,12773631,1745,1,false,false
4170,0,95361,1165477,12869204,12871272,12773843,12775911,1746,1,false,false
4171,0,95361,1165477,12873340,12875408,12777979,12780047,1747,1,false,false
4172,0,95361,1165477,12877476,12879544,12782115,12784183,1748,1,false,false
4173,0,95361,1165477,12881612,12883680,12786251,12788319,1749,1,false,false
4174,0,95552,1165477,12885748,12887304,12790196,12791752,1750,1,false,false
4175,0,95552,1165477,12889372,12890672,12793820,12795120,1751,1,false,false
4176,0,95552,1165477,12892740,12894040,12797188,12798488,1752,1,false,false
4177,0,95552,1165477,12896108,12897408,12800556,12801856,1753,1,false,false
4178,0,95744,1165477,12901524,12903080,12805780,12807336,1754,1,false,false
4179,0,95744,1165477,12907196,12908496,12811452,12812752,1755,1,false,false
4180,0,95744,1165477,12912612,12913912,12816868,12818168,1756,1,false,false
4181,0,95744,1165477,12917772,12919072,12822028,12823328,1757,1,false,false
4182,0,95872,1165477,12921140,12923208,12825268,12827336,1758,1,false,false
4183,0,95872,1165477,12925276,12927344,12829404,12831472,1759,1,false,false
4184,0,95872,1165477,12929412,12931480,12833540,12835608,1760,1,false,false
4185,0,95872,1165477,12933548,12935616,12837676,12839744,1761,1,false,false
4186,0,96129,1165477,12937684,12941288,12841555,12845159,1762,1,false,false
4187,0,96129,1165477,12943356,12946704,12847227,12850575,1763,1,false,false
4188,0,96129,1165477,12948772,12952120,12852643,12855991,1764,1,false,false
4189,0,96129,1165477,12954188,12957536,12858059,12861407,1765,1,false,false
4190,1,96736,1165477,10411488,10413044,10314752,10316308,1093,1,false,false
4191,1,96736,1165477,10417692,10418992,10320956,10322256,1094,1,false,false
4192,1,96736,1165477,10423640,10424940,10326904,10328204,1095,1,false,false
4193,1,96736,1165477,10427796,10429096,10331060,10332360,1096,1,false,false
4194,0,96992,1165477,12959604,12960392,12862612,12863400,1766,1,false,false
4195,0,96992,1165477,12962460,12963248,12865468,12866256,1767,1,false,false
4196,0,96992,1165477,12965316,12966104,12868324,12869112,1768,1,false,false
4197,0,96992,1165477,12968172,12968704,12871180,12871712,1769,1,false,false
4198,0,96992,1165477,12970772,12971560,12873780,12874568,1770,1,false,false
4199,0,96992,1165477,12973628,12974416,12876636,12877424,1771,1,false,false
4200,0,96992,1165477,12976484,12977272,12879492,12880280,1772,1,false,false
4201,0,96992,1165477,12979340,12979872,12882348,12882880,1773,1,false,false
4202,0,97120,1165477,12981940,12982728,12884820,12885608,1774,1,false,false
4203,0,97120,1165477,12984796,12985584,12887676,12888464,1775,1,false,false
4204,0,97120,1165477,12987652,12988440,12890532,12891320,1776,1,false,false
4205,0,97120,1165477,12990508,12991040,12893388,12893920,1777,1,false,false
4206,0,98240,1165477,12993108,12993896,12894868,12895656,1778,1,false,false
4207,0,98240,1165477,12995964,12996752,12897724,12898512,1779,1,false,false
4208,0,98240,1165477,12998820,12999608,12900580,12901368,1780,1,false,false
4209,0,98240,1165477,13001676,13002208,12903436,12903968,1781,1,false,false
4210,0,100641,1165477,13004276,13006344,12903635,12905703,1782,1,false,false
4211,0,100641,1165477,13008412,13010480,12907771,12909839,1783,1,false,false
4212,0,100641,1165477,13012548,13014616,12911907,12913975,1784,1,false,false
4213,0,100641,1165477,13016684,13018752,12916043,12918111,1785,1,false,false
4214,0,102625,1165477,13020820,13022888,12918195,12920263,1786,1,false,false
4215,0,102625,1165477,13024956,13027024,12922331,12924399,1787,1,false,false
4216,0,102625,1165477,13029092,13031160,12926467,12928535,1788,1,false,false
4217,0,102625,1165477,13033228,13035040,12930603,12932415,1789,1,false,false
4218,0,104289,1165477,13037108,13038664,12932819,12934375,1790,1,false,false
4219,0,104289,1165477,13040732,13042032,12936443,12937743,1791,1,false,false
4220,0,104289,1165477,13044100,13045400,12939811,12941111,1792,1,false,false
4221,0,104289,1165477,13047468,13048768,12943179,12944479,1793,1,false,false
4222,2,128033,137121,794808,801228,666775,673195,74,1,false,false
4223,2,128033,137121,808200,814620,680167,686587,75,1,false,false
4224,2,128033,137121,821080,827244,693047,699211,76,1,false,false
4225,2,128033,137121,834216,840380,706183,712347,77,1,false,false
4226,1,128738,143456,8405724,8408560,8276986,8279822,894,1,false,false
4227,1,128738,143456,8412696,8415532,8283958,8286794,895,1,false,false
4228,1,128738,143456,8419668,8422248,8290930,8293510,896,1,false,false
4229,1,128738,143456,8426384,8428964,8297646,8300226,897,1,false,false
4230,1,129504,151105,9838308,9841912,9708804,9712408,1115,1,false,false
4231,1,129504,151105,9845536,9848884,9716032,9719380,1116,1,false,false
4232,1,129504,151105,9852508,9855856,9723004,9726352,1117,1,false,false
4233,1,129504,151105,9861528,9864876,9732024,9735372,1118,1,false,false
4234,1,129569,135104,242916,247288,113347,117719,14,1,false,false
4235,1,129569,135104,254260,258376,124691,128807,15,1,false,false
4236,1,129569,135104,265348,269464,135779,139895,16,1,false,false
4237,1,129569,135104,274900,279016,145331,149447,17,1,false,false
4238,1,129569,150274,9565016,9567852,9435447,9438283,1070,1,false,false
4239,1,129569,150274,9572500,9575336,9442931,9445767,1071,1,false,false
4240,1,129569,150274,9579984,9582564,9450415,9452995,1072,1,false,false
4241,1,129569,150274,9587468,9590048,9457899,9460479,1073,1,false,false
4242,1,129728,137601,2767588,2771192,2637860,2641464,269,1,false,false
4243,1,129728,137601,2776884,2780232,2647156,2650504,270,1,false,false
4244,1,129728,137601,2785412,2788760,2655684,2659032,271,1,false,false
4245,1,129728,137601,2795476,2798824,2665748,2669096,272,1,false,false
4246,1,129857,143362,8297260,8300096,8167403,8170239,874,1,false,false
4247,1,129857,143362,8303464,8306300,8173607,8176443,875,1,false,false
4248,1,129857,143362,8309668,8312248,8179811,8182391,876,1,false,false
4249,1,129857,143362,8315616,8318196,8185759,8188339,877,1,false,false
4250,1,129985,142369,7920548,7923384,7790563,7793399,812,1,false,false
4251,1,129985,142369,7926240,7929076,7796255,7799091,813,1,false,false
4252,1,129985,142369,7931932,7934512,7801947,7804527,814,1,false,false
4253,1,129985,142369,7937368,7939948,7807383,7809963,815,1,false,false
4254,2,130145,136160,350392,353740,220247,223595,26,1,false,false
4255,2,130145,136160,359432,362780,229287,232635,27,1,false,false
4256,2,130145,136160,368216,371564,238071,241419,28,1,false,false
4257,2,130145,136160,377768,381116,247623,250971,29,1,false,false
4258,2,130176,137121,847352,853004,717176,722828,78,1,false,false
4259,2,130176,137121,859720,865116,729544,734940,79,1,false,false
4260,2,130176,137121,871576,876972,741400,746796,80,1,false,false
4261,2,130176,137121,883688,889084,753512,758908,81,1,false,false
4262,1,130273,135104,284452,287288,154179,157015,18,1,false,false
4263,1,130273,135104,292980,295816,162707,165543,19,1,false,false
4264,1,130273,135104,301252,303832,170979,173559,20,1,false,false
4265,1,130273,135104,309268,311848,178995,181575,21,1,false,false
4266,1,130273,135104,317284,317560,187011,187287,22,1,false,false
4267,2,130305,137729,1414792,1417628,1284487,1287323,131,1,false,false
4268,2,130305,137729,1423576,1426412,1293271,1296107,132,1,false,false
4269,2,130305,137729,1432104,1434684,1301799,1304379,133,1,false,false
4270,2,130305,137729,1440376,1442956,1310071,1312651,134,1,false,false
4271,1,130400,142016,7553492,7556328,7423092,7425928,768,1,false,false
4272,1,130400,142016,7563300,7566136,7432900,7435736,769,1,false,false
4273,1,130400,142016,7572852,7575432,7442452,7445032,770,1,false,false
4274,1,130400,142016,7582148,7584728,7451748,7454328,771,1,false,false
4275,0,130401,150274,12419372,12419648,12288971,12289247,1720,1,false,false
4276,2,130496,140768,3799368,3803740,3668872,3673244,382,1,false,false
4277,2,130496,140768,3810456,3814572,3679960,3684076,383,1,false,false
4278,2,130496,140768,3820008,3824124,3689512,3693628,384,1,false,false
4279,2,130496,140768,3829560,3833676,3699064,3703180,385,1,false,false
4280,1,130528,149473,9241052,9244400,9110524,9113872,1021,1,false,false
4281,1,130528,149473,9248024,9251372,9117496,9120844,1022,1,false,false
4282,1,130528,149473,9254484,9257832,9123956,9127304,1023,1,false,false
4283,1,130528,149473,9260944,9264292,9130416,9133764,1024,1,false,false
4284,1,130560,136448,1490836,1493672,1360276,1363112,140,1,false,false
4285,1,130560,136448,1500388,1503224,1369828,1372664,141,1,false,false
4286,1,130560,136448,1509940,1512520,1379380,1381960,142,1,false,false
4287,1,130560,136448,1519492,1522072,1388932,1391512,143,1,false,false
4288,1,130625,139904,5383428,5386264,5252803,5255639,535,1,false,false
4289,1,130625,139904,5390932,5393768,5260307,5263143,536,1,false,false
4290,1,130625,139904,5399716,5402296,5269091,5271671,537,1,false,false
4291,1,130625,139904,5408244,5410824,5277619,5280199,538,1,false,false
4292,1,130625,150274,9593672,9593948,9463047,9463323,1074,1,false,false
4293,1,130689,143329,8102060,8104896,7971371,7974207,842,1,false,false
4294,1,130689,143329,8108264,8111100,7977575,7980411,843,1,false,false
4295,1,130689,143329,8114468,8117048,7983779,7986359,844,1,false,false
4296,1,130689,143329,8120416,8122996,7989727,7992307,845,1,false,false
4297,2,130754,137121,896056,901708,765302,770954,82,1,false,false
4298,2,130754,137121,908680,914076,777926,783322,83,1,false,false
4299,2,130754,137121,920792,926188,790038,795434,84,1,false,false
4300,2,130754,137121,933928,939324,803174,808570,85,1,false,false
4301,1,130816,135104,323252,326088,192436,195272,23,1,false,false
4302,1,130816,135104,331524,334360,200708,203544,24,1,false,false
4303,1,130816,135104,339796,342376,208980,211560,25,1,false,false
4304,1,130816,135104,347812,350392,216996,219576,26,1,false,false
4305,1,130880,143362,8321052,8323888,8190172,8193008,878,1,false,false
4306,1,130880,143362,8326744,8329580,8195864,8198700,879,1,false,false
4307,1,130880,143362,8332436,8335016,8201556,8204136,880,1,false,false
4308,1,130880,143362,8337616,8340196,8206736,8209316,881,1,false,false
4309,2,130944,143362,5815320,5819692,5684376,5688748,583,1,false,false
4310,2,130944,143362,5827944,5832060,5697000,5701116,584,1,false,false
4311,2,130944,143362,5840568,5844684,5709624,5713740,585,1,false,false
4312,2,130944,143362,5852680,5856796,5721736,5725852,586,1,false,false
4313,2,130945,143362,5864536,5868908,5733591,5737963,587,1,false,false
4314,2,130945,143362,5875368,5879484,5744423,5748539,588,1,false,false
4315,2,130945,143362,5888504,5892620,5757559,5761675,589,1,false,false
4316,2,130945,143362,5901640,5905756,5770695,5774811,590,1,false,false
4317,1,130976,151105,9870292,9873896,9739316,9742920,1119,1,false,false
4318,1,130976,151105,9879312,9882660,9748336,9751684,1120,1,false,false
4319,1,130976,151105,9888076,9891424,9757100,9760448,1121,1,false,false
4320,1,130976,151105,9896328,9899676,9765352,9768700,1122,1,false,false
4321,2,130977,143362,5914520,5920172,5783543,5789195,591,1,false,false
4322,2,130977,143362,5927400,5933052,5796423,5802075,592,1,false,false
4323,2,130977,143362,5941560,5946956,5810583,5815979,593,1,false,false
4324,2,130977,143362,5955208,5960604,5824231,5829627,594,1,false,false
4325,2,131041,140033,3516808,3519644,3385767,3388603,354,1,false,false
4326,2,131041,140033,3526872,3529708,3395831,3398667,355,1,false,false
4327,2,131041,140033,3535912,3538492,3404871,3407451,356,1,false,false
4328,2,131041,140033,3545208,3547788,3414167,3416747,357,1,false,false
4329,2,131105,138784,1793800,1798172,1662695,1667067,170,1,false,false
4330,2,131105,138784,1803352,1807468,1672247,1676363,171,1,false,false
4331,2,131105,138784,1814440,1818556,1683335,1687451,172,1,false,false
4332,2,131105,138784,1825528,1829644,1694423,1698539,173,1,false,false
4333,1,131201,142016,7591444,7595048,7460243,7463847,772,1,false,false
4334,1,131201,142016,7602020,7605368,7470819,7474167,773,1,false,false
4335,1,131201,142016,7612084,7615432,7480883,7484231,774,1,false,false
4336,1,131201,142016,7619588,7622936,7488387,7491735,775,1,false,false
4337,1,131201,140960,6512164,6512440,6380963,6381239,657,1,false,false
4338,1,131232,136193,881620,883688,750388,752456,80,1,false,false
4339,1,131232,136193,893988,896056,762756,764824,81,1,false,false
4340,1,131232,136193,906612,908680,775380,777448,82,1,false,false
4341,1,131232,136193,918724,920792,787492,789560,83,1,false,false
4342,1,131233,139424,4014708,4018824,3883475,3887591,402,1,false,false
4343,1,131233,139424,4029124,4033240,3897891,3902007,403,1,false,false
4344,1,131233,139424,4041748,4045864,3910515,3914631,404,1,false,false
4345,1,131233,139424,4054116,4057976,3922883,3926743,405,1,false,false
4346,1,131296,140960,6519156,6521992,6387860,6390696,658,1,false,false
4347,1,131296,140960,6528708,6531544,6397412,6400248,659,1,false,false
4348,1,131296,140960,6537748,6540328,6406452,6409032,660,1,false,false
4349,1,131296,140960,6545508,6548088,6414212,6416792,661,1,false,false
4350,1,131393,143329,8125852,8128688,7994459,7997295,846,1,false,false
4351,1,131393,143329,8131544,8134380,8000151,8002987,847,1,false,false
4352,1,131393,143329,8137236,8139816,8005843,8008423,848,1,false,false
4353,1,131393,143329,8142416,8144996,8011023,8013603,849,1,false,false
4354,2,131393,143362,5968600,5972972,5837207,5841579,595,1,false,false
4355,2,131393,143362,5979176,5983292,5847783,5851899,596,1,false,false
4356,2,131393,143362,5989752,5993868,5858359,5862475,597,1,false,false
4357,2,131393,143362,6000072,6004188,5868679,5872795,598,1,false,false
4358,2,131489,140960,4516424,4519772,4384935,4388283,446,1,false,false
4359,2,131489,140960,4527256,4530604,4395767,4399115,447,1,false,false
4360,2,131489,140960,4537576,4540924,4406087,4409435,448,1,false,false
4361,2,131489,140960,4547640,4550988,4416151,4419499,449,1,false,false
4362,1,131552,140960,6552756,6555592,6421204,6424040,662,1,false,false
4363,1,131552,140960,6560260,6563096,6428708,6431544,663,1,false,false
4364,1,131552,140960,6567764,6570344,6436212,6438792,664,1,false,false
4365,1,131552,140960,6576804,6579384,6445252,6447832,665,1,false,false
4366,1,131584,140033,6029476,6032312,5897892,5900728,601,1,false,false
4367,1,131584,140033,6041332,6044168,5909748,5912584,602,1,false,false
4368,1,131584,140033,6052932,6055512,5921348,5923928,603,1,false,false
4369,1,131584,140033,6064276,6066856,5932692,5935272,604,1,false,false
4370,2,131585,137729,1448392,1451228,1316807,1319643,135,1,false,false
4371,2,131585,137729,1456408,1459244,1324823,1327659,136,1,false,false
4372,2,131585,137729,1463656,1466236,1332071,1334651,137,1,false,false
4373,2,131585,137729,1470392,1472972,1338807,1341387,138,1,false,false
4374,1,131586,139424,4066228,4070344,3934642,3938758,406,1,false,false
4375,1,131586,139424,4077316,4081432,3945730,3949846,407,1,false,false
4376,1,131586,139424,4089172,4093288,3957586,3961702,408,1,false,false
4377,1,131586,139424,4100772,4104632,3969186,3973046,409,1,false,false
4378,2,131617,137601,1245240,1245516,1113623,1113899,114,1,false,false
4379,1,131648,151105,9904580,9907928,9772932,9776280,1123,1,false,false
4380,1,131648,151105,9912576,9915924,9780928,9784276,1124,1,false,false
4381,1,131648,151105,9920572,9923920,9788924,9792272,1125,1,false,false
4382,1,131648,151105,9926264,9929612,9794616,9797964,1126,1,false,false
4383,1,131648,142369,7942548,7945384,7810900,7813736,816,1,false,false
4384,1,131648,142369,7949008,7951844,7817360,7820196,817,1,false,false
4385,1,131648,142369,7955212,7957792,7823564,7826144,818,1,false,false
4386,1,131648,142369,7961160,7963740,7829512,7832092,819,1,false,false
4387,1,131648,136448,1529812,1533160,1398164,1401512,144,1,false,false
4388,1,131648,136448,1540644,1543992,1408996,1412344,145,1,false,false
4389,1,131648,136448,1551220,1554568,1419572,1422920,146,1,false,false
4390,1,131648,136448,1562052,1565400,1430404,1433752,147,1,false,false
4391,1,131649,142016,7629652,7632488,7498003,7500839,776,1,false,false
4392,1,131649,142016,7639716,7642552,7508067,7510903,777,1,false,false
4393,1,131649,142016,7649268,7651848,7517619,7520199,778,1,false,false
4394,1,131649,142016,7658308,7660888,7526659,7529239,779,1,false,false
4395,2,131712,137729,1477128,1479964,1345416,1348252,139,1,false,false
4396,2,131712,137729,1483864,1486700,1352152,1354988,140,1,false,false
4397,2,131712,137729,1493672,1496252,1361960,1364540,141,1,false,false
4398,2,131712,137729,1503224,1505804,1371512,1374092,142,1,false,false
4399,1,131713,138784,3280052,3282888,3148339,3151175,326,1,false,false
4400,1,131713,138784,3288836,3291672,3157123,3159959,327,1,false,false
4401,1,131713,138784,3297108,3299688,3165395,3167975,328,1,false,false
4402,1,131713,138784,3305124,3307704,3173411,3175991,329,1,false,false
4403,1,131713,143362,8343820,8346656,8212107,8214943,882,1,false,false
4404,1,131713,143362,8350024,8352860,8218311,8221147,883,1,false,false
4405,1,131713,143362,8356228,8358808,8224515,8227095,884,1,false,false
4406,1,131713,143362,8362176,8364756,8230463,8233043,885,1,false,false
4407,1,131713,239810,10182240,10185076,10050527,10053363,1153,1,false,false
4408,1,131713,239810,10189212,10192048,10057499,10060335,1154,1,false,false
4409,1,131713,239810,10196184,10198764,10064471,10067051,1155,1,false,false
4410,1,131713,239810,10201620,10204200,10069907,10072487,1156,1,false,false
4411,1,131776,140992,6860372,6863208,6728596,6731432,696,1,false,false
4412,1,131776,140992,6869412,6872248,6737636,6740472,697,1,false,false
4413,1,131776,140992,6878452,6881032,6746676,6749256,698,1,false,false
4414,1,131776,140992,6887236,6889816,6755460,6758040,699,1,false,false
4415,1,131776,136193,930324,933928,798548,802152,84,1,false,false
4416,1,131776,136193,943460,946808,811684,815032,85,1,false,false
4417,1,131776,136193,954548,957896,822772,826120,86,1,false,false
4418,1,131776,136193,965124,968472,833348,836696,87,1,false,false
4419,2,131808,142369,5347976,5350812,5216168,5219004,530,1,false,false
4420,2,131808,142369,5355992,5358828,5224184,5227020,531,1,false,false
4421,2,131808,142369,5365032,5367612,5233224,5235804,532,1,false,false
4422,2,131808,142369,5371768,5374348,5239960,5242540,533,1,false,false
4423,1,131809,143456,8432844,8435680,8301035,8303871,898,1,false,false
4424,1,131809,143456,8438536,8441372,8306727,8309563,899,1,false,false
4425,1,131809,143456,8444228,8446808,8312419,8314999,900,1,false,false
4426,1,131809,143456,8449664,8452244,8317855,8320435,901,1,false,false
4427,1,131872,139969,5716628,5719464,5584756,5587592,572,1,false,false
4428,1,131872,139969,5727204,5730040,5595332,5598168,573,1,false,false
4429,1,131872,139969,5737524,5740104,5605652,5608232,574,1,false,false
4430,1,131872,139969,5747332,5749912,5615460,5618040,575,1,false,false
4431,1,131872,136448,1572372,1575208,1440500,1443336,148,1,false,false
4432,1,131872,136448,1581924,1584760,1450052,1452888,149,1,false,false
4433,1,131872,136448,1591476,1594312,1459604,1462440,150,1,false,false
4434,1,131872,136448,1601284,1603864,1469412,1471992,151,1,false,false
4435,2,131873,139904,2914472,2917308,2782599,2785435,284,1,false,false
4436,2,131873,139904,2923512,2926348,2791639,2794475,285,1,false,false
4437,2,131873,139904,2932808,2935388,2800935,2803515,286,1,false,false
4438,2,131873,139904,2941336,2943916,2809463,2812043,287,1,false,false
4439,2,131904,141857,4823624,4826460,4691720,4694556,478,1,false,false
4440,2,131904,141857,4833944,4836780,4702040,4704876,479,1,false,false
4441,2,131904,141857,4844264,4846844,4712360,4714940,480,1,false,false
4442,2,131904,141857,4853048,4855628,4721144,4723724,481,1,false,false
4443,2,131905,239810,7386440,7390812,7254535,7258907,738,1,false,false
4444,2,131905,239810,7399064,7403180,7267159,7271275,739,1,false,false
4445,2,131905,239810,7408616,7412732,7276711,7280827,740,1,false,false
4446,2,131905,239810,7419192,7423308,7287287,7291403,741,1,false,false
4447,2,131936,136992,709432,712780,577496,580844,66,1,false,false
4448,2,131936,136992,720264,723612,588328,591676,67,1,false,false
4449,2,131936,136992,730840,734188,598904,602252,68,1,false,false
4450,2,131936,136992,741672,745020,609736,613084,69,1,false,false
4451,1,131968,139424,4112116,4116232,3980148,3984264,410,1,false,false
4452,1,131968,139424,4121668,4125784,3989700,3993816,411,1,false,false
4453,1,131968,139424,4131476,4135592,3999508,4003624,412,1,false,false
4454,1,131968,139424,4141284,4145144,4009316,4013176,413,1,false,false
4455,1,131969,140033,6075108,6077944,5943139,5945975,605,1,false,false
4456,1,131969,140033,6086196,6089032,5954227,5957063,606,1,false,false
4457,1,131969,140033,6097284,6099864,5965315,5967895,607,1,false,false
4458,1,131969,140033,6108372,6110952,5976403,5978983,608,1,false,false
4459,2,132001,139552,2505704,2508540,2373703,2376539,240,1,false,false
4460,2,132001,139552,2514744,2517580,2382743,2385579,241,1,false,false
4461,2,132001,139552,2523784,2526364,2391783,2394363,242,1,false,false
4462,2,132001,139552,2532312,2534892,2400311,2402891,243,1,false,false
4463,2,132002,140768,3839368,3843740,3707366,3711738,386,1,false,false
4464,2,132002,140768,3849176,3853292,3717174,3721290,387,1,false,false
4465,2,132002,140768,3860008,3864124,3728006,3732122,388,1,false,false
4466,2,132002,140768,3870840,3874956,3738838,3742954,389,1,false,false
4467,1,132033,139969,5756116,5758952,5624083,5626919,576,1,false,false
4468,1,132033,139969,5765412,5768248,5633379,5636215,577,1,false,false
4469,1,132033,139969,5774452,5777032,5642419,5644999,578,1,false,false
4470,1,132033,139969,5782724,5785304,5650691,5653271,579,1,false,false
4471,2,132064,148128,6754472,6757308,6622408,6625244,683,1,false,false
4472,2,132064,148128,6763512,6766348,6631448,6634284,684,1,false,false
4473,2,132064,148128,6772552,6775132,6640488,6643068,685,1,false,false
4474,2,132064,148128,6781336,6783916,6649272,6651852,686,1,false,false
4475,2,132064,136448,598136,601484,466072,469420,54,1,false,false
4476,2,132064,136448,610248,613596,478184,481532,55,1,false,false
4477,2,132064,136448,622360,625708,490296,493644,56,1,false,false
4478,2,132064,136448,633960,637308,501896,505244,57,1,false,false
4479,2,132064,140768,3881928,3886300,3749864,3754236,390,1,false,false
4480,2,132064,140768,3893016,3897132,3760952,3765068,391,1,false,false
4481,2,132064,140768,3902568,3906684,3770504,3774620,392,1,false,false
4482,2,132064,140768,3915448,3919564,3783384,3787500,393,1,false,false
4483,2,132066,139328,2136920,2139756,2004854,2007690,203,1,false,false
4484,2,132066,139328,2147240,2150076,2015174,2018010,204,1,false,false
4485,2,132066,139328,2157816,2160396,2025750,2028330,205,1,false,false
4486,2,132066,139328,2167880,2170460,2035814,2038394,206,1,false,false
4487,2,132097,142369,5378504,5381340,5246407,5249243,534,1,false,false
4488,2,132097,142369,5386264,5389100,5254167,5257003,535,1,false,false
4489,2,132097,142369,5393768,5396348,5261671,5264251,536,1,false,false
4490,2,132097,142369,5402296,5404876,5270199,5272779,537,1,false,false
4491,2,132161,142369,5410824,5413660,5278663,5281499,538,1,false,false
4492,2,132161,142369,5421144,5423980,5288983,5291819,539,1,false,false
4493,2,132161,142369,5431720,5434300,5299559,5302139,540,1,false,false
4494,2,132161,142369,5442552,5445132,5310391,5312971,541,1,false,false
4495,1,132161,143362,8367612,8370448,8235451,8238287,886,1,false,false
4496,1,132161,143362,8373304,8376140,8241143,8243979,887,1,false,false
4497,1,132161,143362,8378996,8381576,8246835,8249415,888,1,false,false
4498,1,132161,143362,8384176,8386756,8252015,8254595,889,1,false,false
4499,1,132161,136992,2266708,2269544,2134547,2137383,216,1,false,false
4500,1,132161,136992,2273956,2276792,2141795,2144631,217,1,false,false
4501,1,132161,136992,2281204,2283784,2149043,2151623,218,1,false,false
4502,1,132161,136992,2287684,2290264,2155523,2158103,219,1,false,false
4503,1,132192,137601,2804516,2808120,2672324,2675928,273,1,false,false
4504,1,132192,137601,2813556,2816904,2681364,2684712,274,1,false,false
4505,1,132192,137601,2822340,2825688,2690148,2693496,275,1,false,false
4506,1,132192,137601,2830612,2833960,2698420,2701768,276,1,false,false
4507,1,132192,139904,5416772,5421144,5284580,5288952,539,1,false,false
4508,1,132192,139904,5427604,5431720,5295412,5299528,540,1,false,false
4509,1,132192,139904,5438436,5442552,5306244,5310360,541,1,false,false
4510,1,132192,139904,5449268,5453384,5317076,5321192,542,1,false,false
4511,2,132194,139904,2950120,2952956,2817926,2820762,288,1,false,false
4512,2,132194,139904,2959160,2961996,2826966,2829802,289,1,false,false
4513,2,132194,139904,2968200,2970780,2836006,2838586,290,1,false,false
4514,2,132194,139904,2976728,2979308,2844534,2847114,291,1,false,false
4515,2,132288,239810,7429512,7431580,7297224,7299292,742,1,false,false
4516,2,132288,239810,7437528,7439596,7305240,7307308,743,1,false,false
4517,2,132288,239810,7445544,7447612,7313256,7315324,744,1,false,false
4518,2,132288,239810,7454072,7456140,7321784,7323852,745,1,false,false
4519,2,132289,138784,1836360,1840732,1704071,1708443,174,1,false,false
4520,2,132289,138784,1847448,1851564,1715159,1719275,175,1,false,false
4521,2,132289,138784,1857256,1861372,1724967,1729083,176,1,false,false
4522,2,132289,138784,1867064,1871180,1734775,1738891,177,1,false,false
4523,1,132320,143616,8723996,8726832,8591676,8594512,942,1,false,false
4524,1,132320,143616,8730200,8733036,8597880,8600716,943,1,false,false
4525,1,132320,143616,8736404,8738984,8604084,8606664,944,1,false,false
4526,1,132320,143616,8741840,8744420,8609520,8612100,945,1,false,false
4527,1,132352,143329,8149132,8153504,8016780,8021152,850,1,false,false
4528,1,132352,143329,8157640,8161756,8025288,8029404,851,1,false,false
4529,1,132352,143329,8165892,8170008,8033540,8037656,852,1,false,false
4530,1,132352,143329,8174144,8178260,8041792,8045908,853,1,false,false
4531,1,132352,135104,356596,359432,224244,227080,27,1,false,false
4532,1,132352,135104,365380,368216,233028,235864,28,1,false,false
4533,1,132352,135104,375188,377768,242836,245416,29,1,false,false
4534,1,132352,135104,384484,387064,252132,254712,30,1,false,false
4535,2,132353,142016,5203336,5206172,5070983,5073819,514,1,false,false
4536,2,132353,142016,5212376,5215212,5080023,5082859,515,1,false,false
4537,2,132353,142016,5221160,5223740,5088807,5091387,516,1,false,false
4538,2,132353,142016,5229944,5232524,5097591,5100171,517,1,false,false
4539,1,132353,135104,393268,396104,260915,263751,31,1,false,false
4540,1,132353,135104,402308,405144,269955,272791,32,1,false,false
4541,1,132353,135104,411348,413928,278995,281575,33,1,false,false
4542,1,132353,135104,419876,422456,287523,290103,34,1,false,false
4543,2,132354,136193,525304,527372,392950,395018,46,1,false,false
4544,2,132354,136193,534088,536156,401734,403802,47,1,false,false
4545,2,132354,136193,543128,545196,410774,412842,48,1,false,false
4546,2,132354,136193,552168,554236,419814,421882,49,1,false,false
4547,2,132384,140768,3929864,3932700,3797480,3800316,394,1,false,false
4548,2,132384,140768,3942744,3945580,3810360,3813196,395,1,false,false
4549,2,132384,140768,3955880,3958460,3823496,3826076,396,1,false,false
4550,2,132384,140768,3965176,3967756,3832792,3835372,397,1,false,false
4551,1,132416,150274,9597316,9600152,9464900,9467736,1075,1,false,false
4552,1,132416,150274,9603520,9606356,9471104,9473940,1076,1,false,false
4553,1,132416,150274,9608956,9611536,9476540,9479120,1077,1,false,false
4554,1,132416,150274,9615160,9617740,9482744,9485324,1078,1,false,false
4555,2,132417,143362,6010392,6014764,5877975,5882347,599,1,false,false
4556,2,132417,143362,6020456,6024572,5888039,5892155,600,1,false,false
4557,2,132417,143362,6032312,6036428,5899895,5904011,601,1,false,false
4558,2,132417,143362,6044168,6048284,5911751,5915867,602,1,false,false
4559,2,132448,139904,2986280,2989116,2853832,2856668,292,1,false,false
4560,2,132448,139904,2995832,2998668,2863384,2866220,293,1,false,false
4561,2,132448,139904,3005640,3008220,2873192,2875772,294,1,false,false
4562,2,132448,139904,3014936,3017516,2882488,2885068,295,1,false,false
4563,2,132480,135104,238504,238780,106024,106300,13,1,false,false
4564,1,132480,142016,7667604,7670440,7535124,7537960,780,1,false,false
4565,1,132480,142016,7676132,7678968,7543652,7546488,781,1,false,false
4566,1,132480,142016,7684404,7687240,7551924,7554760,782,1,false,false
4567,1,132480,142016,7692676,7695256,7560196,7562776,783,1,false,false
4568,1,132481,140960,6585588,6585864,6453107,6453383,666,1,false,false
4569,2,132513,143616,6570344,6573180,6437831,6440667,664,1,false,false
4570,2,132513,143616,6579384,6582220,6446871,6449707,665,1,false,false
4571,2,132513,143616,6585864,6588444,6453351,6455931,666,1,false,false
4572,2,132513,143616,6595416,6597996,6462903,6465483,667,1,false,false
4573,1,132544,143456,8454844,8459216,8322300,8326672,902,1,false,false
4574,1,132544,143456,8463352,8467468,8330808,8334924,903,1,false,false
4575,1,132544,143456,8471604,8475720,8339060,8343176,904,1,false,false
4576,1,132544,143456,8479856,8483972,8347312,8351428,905,1,false,false
4577,1,132544,137121,2463124,2466472,2330580,2333928,236,1,false,false
4578,1,132544,137121,2473956,2477304,2341412,2344760,237,1,false,false
4579,1,132544,137121,2484788,2488136,2352244,2355592,238,1,false,false
4580,1,132544,137121,2495364,2498712,2362820,2366168,239,1,false,false
4581,2,132608,140768,3974728,3977564,3842120,3844956,398,1,false,false
4582,2,132608,140768,3984280,3987116,3851672,3854508,399,1,false,false
4583,2,132608,140768,3996136,3998716,3863528,3866108,400,1,false,false
4584,2,132608,140768,4007480,4010060,3874872,3877452,401,1,false,false
4585,2,132609,139552,2542376,2545212,2409767,2412603,244,1,false,false
4586,2,132609,139552,2552696,2555532,2420087,2422923,245,1,false,false
4587,2,132609,139552,2563016,2565596,2430407,2432987,246,1,false,false
4588,2,132609,139552,2573080,2575660,2440471,2443051,247,1,false,false
4589,2,132609,136160,387064,389900,254455,257291,30,1,false,false
4590,2,132609,136160,396104,398940,263495,266331,31,1,false,false
4591,2,132609,136160,405144,407724,272535,275115,32,1,false,false
4592,2,132609,136160,413928,416508,281319,283899,33,1,false,false
4593,1,132640,137601,2840164,2840440,2707524,2707800,277,1,false,false
4594,2,132640,140768,4018824,4024476,3886184,3891836,402,1,false,false
4595,2,132640,140768,4033240,4038892,3900600,3906252,403,1,false,false
4596,2,132640,140768,4045864,4051260,3913224,3918620,404,1,false,false
4597,2,132640,140768,4057976,4063372,3925336,3930732,405,1,false,false
4598,1,132673,136448,1611604,1614440,1478931,1481767,152,1,false,false
4599,1,132673,136448,1621924,1624760,1489251,1492087,153,1,false,false
4600,1,132673,136448,1631988,1634824,1499315,1502151,154,1,false,false
4601,1,132673,136448,1642308,1644888,1509635,1512215,155,1,false,false
4602,1,132737,136992,2297236,2300840,2164499,2168103,220,1,false,false
4603,1,132737,136992,2307812,2311160,2175075,2178423,221,1,false,false
4604,1,132737,136992,2317876,2321224,2185139,2188487,222,1,false,false
4605,1,132737,136992,2327684,2331032,2194947,2198295,223,1,false,false
4606,0,132737,139969,8388824,8389100,8256087,8256363,890,1,false,false
4607,1,132800,142016,7700692,7704296,7567892,7571496,784,1,false,false
4608,1,132800,142016,7711268,7714616,7578468,7581816,785,1,false,false
4609,1,132800,142016,7721332,7724680,7588532,7591880,786,1,false,false
4610,1,132800,142016,7731396,7734744,7598596,7601944,787,1,false,false
4611,2,132800,138784,1876872,1881244,1744072,1748444,178,1,false,false
4612,2,132800,138784,1886424,1890540,1753624,1757740,179,1,false,false
4613,2,132800,138784,1896232,1900348,1763432,1767548,180,1,false,false
4614,2,132800,138784,1906808,1910924,1774008,1778124,181,1,false,false
4615,1,132833,135104,428660,431496,295827,298663,35,1,false,false
4616,1,132833,135104,437700,440536,304867,307703,36,1,false,false
4617,1,132833,135104,445972,448552,313139,315719,37,1,false,false
4618,1,132833,135104,453988,456568,321155,323735,38,1,false,false
4619,1,132833,137121,2502356,2505704,2369523,2372871,240,1,false,false
4620,1,132833,137121,2511396,2514744,2378563,2381911,241,1,false,false
4621,1,132833,137121,2520436,2523784,2387603,2390951,242,1,false,false
4622,1,132833,137121,2528964,2532312,2396131,2399479,243,1,false,false
4623,1,132833,136193,975188,978024,842355,845191,88,1,false,false
4624,1,132833,136193,984996,987832,852163,854999,89,1,false,false
4625,1,132833,136193,997108,999688,864275,866855,90,1,false,false
4626,1,132833,136193,1008452,1011032,875619,878199,91,1,false,false
4627,1,132865,150274,9621108,9623944,9488243,9491079,1079,1,false,false
4628,1,132865,150274,9627312,9630148,9494447,9497283,1080,1,false,false
4629,1,132865,150274,9633516,9636096,9500651,9503231,1081,1,false,false
4630,1,132865,150274,9638952,9641532,9506087,9508667,1082,1,false,false
4631,2,132896,143362,6055512,6059884,5922616,5926988,603,1,false,false
4632,2,132896,143362,6066856,6070972,5933960,5938076,604,1,false,false
4633,2,132896,143362,6077944,6082060,5945048,5949164,605,1,false,false
4634,2,132896,143362,6089032,6093148,5956136,5960252,606,1,false,false
4635,1,132960,139904,5460356,5463192,5327396,5330232,543,1,false,false
4636,1,132960,139904,5469396,5472232,5336436,5339272,544,1,false,false
4637,1,132960,139904,5478436,5481016,5345476,5348056,545,1,false,false
4638,1,132960,139904,5487220,5489800,5354260,5356840,546,1,false,false
4639,2,132960,142369,5453384,5456220,5320424,5323260,542,1,false,false
4640,2,132960,142369,5463192,5466028,5330232,5333068,543,1,false,false
4641,2,132960,142369,5472232,5474812,5339272,5341852,544,1,false,false
4642,2,132960,142369,5481016,5483596,5348056,5350636,545,1,false,false
4643,2,132960,136160,422456,425292,289496,292332,34,1,false,false
4644,2,132960,136160,431496,434332,298536,301372,35,1,false,false
4645,2,132960,136160,440536,443116,307576,310156,36,1,false,false
4646,2,132960,136160,448552,451132,315592,318172,37,1,false,false
4647,2,132992,138784,1917128,1921500,1784136,1788508,182,1,false,false
4648,2,132992,138784,1927192,1931308,1794200,1798316,183,1,false,false
4649,2,132992,138784,1938280,1942396,1805288,1809404,184,1,false,false
4650,2,132992,138784,1949368,1953484,1816376,1820492,185,1,false,false
4651,1,132993,149473,9268428,9272032,9135435,9139039,1025,1,false,false
4652,1,132993,149473,9276168,9279516,9143175,9146523,1026,1,false,false
4653,1,132993,149473,9283396,9286744,9150403,9153751,1027,1,false,false
4654,1,132993,149473,9290624,9293972,9157631,9160979,1028,1,false,false
4655,2,132994,140768,4070344,4074716,3937350,3941722,406,1,false,false
4656,2,132994,140768,4081432,4085548,3948438,3952554,407,1,false,false
4657,2,132994,140768,4093288,4097404,3960294,3964410,408,1,false,false
4658,2,132994,140768,4104632,4108748,3971638,3975754,409,1,false,false
4659,1,132994,150274,9644388,9647224,9511394,9514230,1083,1,false,false
4660,1,132994,150274,9650080,9652916,9517086,9519922,1084,1,false,false
4661,1,132994,150274,9655516,9658096,9522522,9525102,1085,1,false,false
4662,1,132994,150274,9662232,9664812,9529238,9531818,1086,1,false,false
4663,1,133024,139488,4583860,4587464,4450836,4454440,454,1,false,false
4664,1,133024,139488,4593668,4597016,4460644,4463992,455,1,false,false
4665,1,133024,139488,4603220,4606568,4470196,4473544,456,1,false,false
4666,1,133024,139488,4612772,4616120,4479748,4483096,457,1,false,false
4667,1,133057,140768,6448804,6450872,6315747,6317815,649,1,false,false
4668,1,133057,140768,6456308,6458376,6323251,6325319,650,1,false,false
4669,1,133057,140768,6463812,6465880,6330755,6332823,651,1,false,false
4670,1,133057,140768,6470292,6472360,6337235,6339303,652,1,false,false
4671,2,133089,139969,3342584,3345420,3209495,3212331,333,1,false,false
4672,2,133089,139969,3351624,3354460,3218535,3221371,334,1,false,false
4673,2,133089,139969,3360664,3363244,3227575,3230155,335,1,false,false
4674,2,133089,139969,3368424,3371004,3235335,3237915,336,1,false,false
4675,1,133089,142369,7967108,7969944,7834019,7836855,820,1,false,false
4676,1,133089,142369,7973568,7976404,7840479,7843315,821,1,false,false
4677,1,133089,142369,7979772,7982352,7846683,7849263,822,1,false,false
4678,1,133089,142369,7985720,7988300,7852631,7855211,823,1,false,false
4679,2,133120,151105,7290744,7294348,7157624,7161228,740,1,false,false
4680,2,133120,151105,7300552,7303900,7167432,7170780,741,1,false,false
4681,2,133120,151105,7310104,7313452,7176984,7180332,742,1,false,false
4682,2,133120,151105,7319400,7322748,7186280,7189628,743,1,false,false
4683,1,133153,139328,3587572,3590408,3454419,3457255,362,1,false,false
4684,1,133153,139328,3595844,3598680,3462691,3465527,363,1,false,false
4685,1,133153,139328,3606420,3609000,3473267,3475847,364,1,false,false
4686,1,133153,139328,3616484,3619064,3483331,3485911,365,1,false,false
4687,2,133153,139552,2581864,2584700,2448711,2451547,248,1,false,false
4688,2,133153,139552,2590904,2593740,2457751,2460587,249,1,false,false
4689,2,133153,139552,2599944,2602524,2466791,2469371,250,1,false,false
4690,2,133153,139552,2608728,2611308,2475575,2478155,251,1,false,false
4691,1,133154,139488,4622324,4625672,4489170,4492518,458,1,false,false
4692,1,133154,139488,4628548,4631896,4495394,4498742,459,1,false,false
4693,1,133154,139488,4635028,4638376,4501874,4505222,460,1,false,false
4694,1,133154,139488,4641508,4644856,4508354,4511702,461,1,false,false
4695,1,133184,139424,4150580,4154696,4017396,4021512,414,1,false,false
4696,1,133184,139424,4162436,4166552,4029252,4033368,415,1,false,false
4697,1,133184,139424,4173524,4177640,4040340,4044456,416,1,false,false
4698,1,133184,139424,4184612,4188472,4051428,4055288,417,1,false,false
4699,1,133216,136193,1020564,1023400,887348,890184,92,1,false,false
4700,1,133216,136193,1032932,1035768,899716,902552,93,1,false,false
4701,1,133216,136193,1045556,1048136,912340,914920,94,1,false,false
4702,1,133216,136193,1057668,1060248,924452,927032,95,1,false,false
4703,1,133217,140960,6591812,6595416,6458595,6462199,667,1,false,false
4704,1,133217,140960,6601364,6604712,6468147,6471495,668,1,false,false
4705,1,133217,140960,6610404,6613752,6477187,6480535,669,1,false,false
4706,1,133217,140960,6619444,6622792,6486227,6489575,670,1,false,false
4707,1,133248,136193,1069012,1071848,935764,938600,96,1,false,false
4708,1,133248,136193,1080868,1083704,947620,950456,97,1,false,false
4709,1,133248,136193,1093492,1096072,960244,962824,98,1,false,false
4710,1,133248,136193,1105348,1107928,972100,974680,99,1,false,false
4711,1,133280,137601,2846644,2849480,2713364,2716200,278,1,false,false
4712,1,133280,137601,2855428,2858264,2722148,2724984,279,1,false,false
4713,1,133280,137601,2866516,2869096,2733236,2735816,280,1,false,false
4714,1,133280,137601,2878116,2880696,2744836,2747416,281,1,false,false
4715,1,133281,137121,2539028,2542376,2405747,2409095,244,1,false,false
4716,1,133281,137121,2549348,2552696,2416067,2419415,245,1,false,false
4717,1,133281,137121,2559668,2563016,2426387,2429735,246,1,false,false
4718,1,133281,137121,2569732,2573080,2436451,2439799,247,1,false,false
4719,2,133281,143616,6604712,6607548,6471431,6474267,668,1,false,false
4720,2,133281,143616,6613752,6616588,6480471,6483307,669,1,false,false
4721,2,133281,143616,6622792,6625372,6489511,6492091,670,1,false,false
4722,2,133281,143616,6631832,6634412,6498551,6501131,671,1,false,false
4723,1,133312,137729,3121012,3123848,2987700,2990536,306,1,false,false
4724,1,133312,137729,3131332,3134168,2998020,3000856,307,1,false,false
4725,1,133312,137729,3138580,3141160,3005268,3007848,308,1,false,false
4726,1,133312,137729,3146596,3149176,3013284,3015864,309,1,false,false
4727,2,133344,137601,1251208,1254556,1117864,1121212,115,1,false,false
4728,2,133344,137601,1259992,1263340,1126648,1129996,116,1,false,false
4729,2,133344,137601,1270824,1274172,1137480,1140828,117,1,false,false
4730,2,133344,137601,1281912,1285260,1148568,1151916,118,1,false,false
4731,2,133345,139488,2374616,2378220,2241271,2244875,227,1,false,false
4732,2,133345,139488,2384680,2388028,2251335,2254683,228,1,false,false
4733,2,133345,139488,2394744,2398092,2261399,2264747,229,1,false,false
4734,2,133345,139488,2404808,2408156,2271463,2274811,230,1,false,false
4735,2,133377,143616,6640360,6643196,6506983,6509819,672,1,false,false
4736,2,133377,143616,6650680,6653516,6517303,6520139,673,1,false,false
4737,2,133377,143616,6661000,6663580,6527623,6530203,674,1,false,false
4738,2,133377,143616,6671832,6674412,6538455,6541035,675,1,false,false
4739,2,133409,136160,456568,459404,323159,325995,38,1,false,false
4740,2,133409,136160,462536,465372,329127,331963,39,1,false,false
4741,2,133409,136160,470808,473388,337399,339979,40,1,false,false
4742,2,133409,136160,479848,482428,346439,349019,41,1,false,false
4743,2,133409,138784,1960456,1963804,1827047,1830395,186,1,false,false
4744,2,133409,138784,1970264,1973612,1836855,1840203,187,1,false,false
4745,2,133409,138784,1980584,1983932,1847175,1850523,188,1,false,false
4746,2,133409,138784,1990904,1994252,1857495,1860843,189,1,false,false
4747,1,133410,149473,9297852,9301456,9164442,9168046,1029,1,false,false
4748,1,133410,149473,9304824,9308172,9171414,9174762,1030,1,false,false
4749,1,133410,149473,9311284,9314632,9177874,9181222,1031,1,false,false
4750,1,133410,149473,9317744,9321092,9184334,9187682,1032,1,false,false
4751,2,133442,139552,2617000,2619836,2483558,2486394,252,1,false,false
4752,2,133442,139552,2625528,2628364,2492086,2494922,253,1,false,false
4753,2,133442,139552,2634056,2636636,2500614,2503194,254,1,false,false
4754,2,133442,139552,2641816,2644396,2508374,2510954,255,1,false,false
4755,1,133473,139328,3626292,3629128,3492819,3495655,366,1,false,false
4756,1,133473,139328,3636612,3639448,3503139,3505975,367,1,false,false
4757,1,133473,139328,3647188,3649768,3513715,3516295,368,1,false,false
4758,1,133473,139328,3657252,3659832,3523779,3526359,369,1,false,false
4759,1,133473,136193,1117204,1120040,983731,986567,100,1,false,false
4760,1,133473,136193,1129572,1132408,996099,998935,101,1,false,false
4761,1,133473,136193,1139636,1142216,1006163,1008743,102,1,false,false
4762,1,133473,136193,1148676,1151256,1015203,1017783,103,1,false,false
4763,1,133474,143456,8488108,8490176,8354634,8356702,906,1,false,false
4764,1,133474,143456,8494312,8496380,8360838,8362906,907,1,false,false
4765,1,133474,143456,8500516,8502584,8367042,8369110,908,1,false,false
4766,1,133474,143456,8506720,8508788,8373246,8375314,909,1,false,false
4767,2,133504,143456,6280408,6283244,6146904,6149740,627,1,false,false
4768,2,133504,143456,6288936,6291772,6155432,6158268,628,1,false,false
4769,2,133504,143456,6297464,6300044,6163960,6166540,629,1,false,false
4770,2,133504,143456,6305736,6308316,6172232,6174812,630,1,false,false
4771,1,133536,136160,540292,543128,406756,409592,47,1,false,false
4772,1,133536,136160,549332,552168,415796,418632,48,1,false,false
4773,1,133536,136160,558372,560952,424836,427416,49,1,false,false
4774,1,133536,136160,567156,569736,433620,436200,50,1,false,false
4775,1,133537,142369,7991668,7991944,7858131,7858407,824,1,false,false
4776,2,133537,139552,2652136,2654972,2518599,2521435,256,1,false,false
4777,2,133537,139552,2662456,2665292,2528919,2531755,257,1,false,false
4778,2,133537,139552,2672776,2675356,2539239,2541819,258,1,false,false
4779,2,133537,139552,2682840,2685420,2549303,2551883,259,1,false,false
4780,1,133538,136193,1159252,1162088,1025714,1028550,104,1,false,false
4781,1,133538,136193,1170340,1173176,1036802,1039638,105,1,false,false
4782,1,133538,136193,1180916,1183496,1047378,1049958,106,1,false,false
4783,1,133538,136193,1191236,1193816,1057698,1060278,107,1,false,false
4784,2,133570,137121,946808,950412,813238,816842,86,1,false,false
4785,2,133570,137121,957896,961244,824326,827674,87,1,false,false
4786,2,133570,137121,968472,971820,834902,838250,88,1,false,false
4787,2,133570,137121,978024,981372,844454,847802,89,1,false,false
4788,1,133600,136160,575940,578776,442340,445176,51,1,false,false
4789,1,133600,136160,584468,587304,450868,453704,52,1,false,false
4790,1,133600,136160,595556,598136,461956,464536,53,1,false,false
4791,1,133600,136160,607668,610248,474068,476648,54,1,false,false
4792,1,133601,143616,8747020,8749856,8613419,8616255,946,1,false,false
4793,1,133601,143616,8753992,8756828,8620391,8623227,947,1,false,false
4794,1,133601,143616,8760964,8763544,8627363,8629943,948,1,false,false
4795,1,133601,143616,8767680,8770260,8634079,8636659,949,1,false,false
4796,2,133632,137729,1512520,1515356,1378888,1381724,143,1,false,false
4797,2,133632,137729,1522072,1524908,1388440,1391276,144,1,false,false
4798,2,133632,137729,1533160,1535740,1399528,1402108,145,1,false,false
4799,2,133632,137729,1543992,1546572,1410360,1412940,146,1,false,false
4800,1,133664,148128,9008492,9011328,8874828,8877664,985,1,false,false
4801,1,133664,148128,9016232,9019068,8882568,8885404,986,1,false,false
4802,1,133664,148128,9023972,9026552,8890308,8892888,987,1,false,false
4803,1,133664,148128,9031456,9034036,8897792,8900372,988,1,false,false
4804,2,133664,137121,987832,993484,854168,859820,90,1,false,false
4805,2,133664,137121,999688,1005340,866024,871676,91,1,false,false
4806,2,133664,137121,1011032,1016428,877368,882764,92,1,false,false
4807,2,133664,137121,1023400,1028796,889736,895132,93,1,false,false
4808,2,133665,140992,4644856,4647692,4511191,4514027,461,1,false,false
4809,2,133665,140992,4654152,4656988,4520487,4523323,462,1,false,false
4810,2,133665,140992,4662936,4665516,4529271,4531851,463,1,false,false
4811,2,133665,140992,4673000,4675580,4539335,4541915,464,1,false,false
4812,1,133696,150274,9668948,9673320,9535252,9539624,1087,1,false,false
4813,1,133696,150274,9677456,9681572,9543760,9547876,1088,1,false,false
4814,1,133696,150274,9685708,9689824,9552012,9556128,1089,1,false,false
4815,1,133696,150274,9692680,9696796,9558984,9563100,1090,1,false,false
4816,1,133696,140960,6628228,6631832,6494532,6498136,671,1,false,false
4817,1,133696,140960,6637012,6640360,6503316,6506664,672,1,false,false
4818,1,133696,140960,6647332,6650680,6513636,6516984,673,1,false,false
4819,1,133696,140960,6657652,6661000,6523956,6527304,674,1,false,false
4820,2,133697,143329,5673752,5676588,5540055,5542891,567,1,false,false
4821,2,133697,143329,5682792,5685628,5549095,5551931,568,1,false,false
4822,2,133697,143329,5691832,5694412,5558135,5560715,569,1,false,false
4823,2,133697,143329,5700616,5703196,5566919,5569499,570,1,false,false
4824,1,133697,136193,1200532,1203368,1066835,1069671,108,1,false,false
4825,1,133697,136193,1210084,1212920,1076387,1079223,109,1,false,false
4826,1,133697,136193,1219124,1221704,1085427,1088007,110,1,false,false
4827,1,133697,136193,1227652,1230232,1093955,1096535,111,1,false,false
4828,2,133728,136448,642744,645580,509016,511852,58,1,false,false
4829,2,133728,136448,651016,653852,517288,520124,59,1,false,false
4830,2,133728,136448,656728,659564,523000,525836,60,1,false,false
4831,2,133728,136448,665256,667836,531528,534108,61,1,false,false
4832,1,133729,139552,5031028,5033864,4897299,4900135,498,1,false,false
4833,1,133729,139552,5042628,5045464,4908899,4911735,499,1,false,false
4834,1,133729,139552,5054484,5057064,4920755,4923335,500,1,false,false
4835,1,133729,139552,5065828,5068408,4932099,4934679,501,1,false,false
4836,1,133729,151105,9933236,9936840,9799507,9803111,1127,1,false,false
4837,1,133729,151105,9940208,9943556,9806479,9809827,1128,1,false,false
4838,1,133729,151105,9946924,9950272,9813195,9816543,1129,1,false,false
4839,1,133729,151105,9953640,9956988,9819911,9823259,1130,1,false,false
4840,2,133729,149473,6831224,6834828,6697495,6701099,692,1,false,false
4841,2,133729,149473,6841544,6844892,6707815,6711163,693,1,false,false
4842,2,133729,149473,6851608,6854956,6717879,6721227,694,1,false,false
4843,2,133729,149473,6863208,6866556,6729479,6732827,695,1,false,false
4844,1,133760,139424,4195444,4199560,4061684,4065800,418,1,false,false
4845,1,133760,139424,4206532,4210648,4072772,4076888,419,1,false,false
4846,1,133760,139424,4219156,4223272,4085396,4089512,420,1,false,false
4847,1,133760,139424,4231524,4235384,4097764,4101624,421,1,false,false
4848,3,133760,140992,9943556,9945624,9809796,9811864,1130,1,false,false
4849,3,133760,140992,9950272,9952340,9816512,9818580,1131,1,false,false
4850,3,133760,140992,9956988,9959056,9823228,9825296,1132,1,false,false
4851,3,133760,140992,9966008,9968076,9832248,9834316,1133,1,false,false
4852,2,133760,139488,2414616,2418220,2280856,2284460,231,1,false,false
4853,2,133760,139488,2424936,2428284,2291176,2294524,232,1,false,false
4854,2,133760,139488,2435256,2438604,2301496,2304844,233,1,false,false
4855,2,133760,139488,2445576,2448924,2311816,2315164,234,1,false,false
4856,1,133761,150274,9699652,9702488,9565891,9568727,1091,1,false,false
4857,1,133761,150274,9705344,9708180,9571583,9574419,1092,1,false,false
4858,1,133761,150274,9710780,9713360,9577019,9579599,1093,1,false,false
4859,1,133761,150274,9716984,9719564,9583223,9585803,1094,1,false,false
4860,2,133792,140960,4555912,4558748,4422120,4424956,450,1,false,false
4861,2,133792,140960,4563416,4566252,4429624,4432460,451,1,false,false
4862,2,133792,140960,4571176,4573756,4437384,4439964,452,1,false,false
4863,2,133792,140960,4578424,4581004,4444632,4447212,453,1,false,false
4864,1,133792,148128,9038684,9041520,8904892,8907728,989,1,false,false
4865,1,133792,148128,9045144,9047980,8911352,8914188,990,1,false,false
4866,1,133792,148128,9051348,9053928,8917556,8920136,991,1,false,false
4867,1,133792,148128,9057296,9059876,8923504,8926084,992,1,false,false
4868,1,133793,149473,9324460,9330112,9190667,9196319,1033,1,false,false
4869,1,133793,149473,9333480,9339132,9199687,9205339,1034,1,false,false
4870,1,133793,149473,9342244,9347640,9208451,9213847,1035,1,false,false
4871,1,133793,149473,9350752,9356148,9216959,9222355,1036,1,false,false
4872,2,133824,239810,7462344,7465180,7328520,7331356,746,1,false,false
4873,2,133824,239810,7471384,7474220,7337560,7340396,747,1,false,false
4874,2,133824,239810,7480168,7482748,7346344,7348924,748,1,false,false
4875,2,133824,239810,7489208,7491788,7355384,7357964,749,1,false,false
4876,2,133824,148128,6790120,6792956,6656296,6659132,687,1,false,false
4877,2,133824,148128,6799160,6801996,6665336,6668172,688,1,false,false
4878,2,133824,148128,6808200,6811036,6674376,6677212,689,1,false,false
4879,2,133824,148128,6817240,6819820,6683416,6685996,690,1,false,false
4880,2,133825,137121,1035768,1041420,901943,907595,94,1,false,false
4881,2,133825,137121,1048136,1053788,914311,919963,95,1,false,false
4882,2,133825,137121,1060248,1065644,926423,931819,96,1,false,false
4883,2,133825,137121,1071848,1077244,938023,943419,97,1,false,false
4884,1,133825,136448,1651860,1654696,1518035,1520871,156,1,false,false
4885,1,133825,136448,1661412,1664248,1527587,1530423,157,1,false,false
4886,1,133825,136448,1670964,1673800,1537139,1539975,158,1,false,false
4887,1,133825,136448,1680772,1683352,1546947,1549527,159,1,false,false
4888,1,133856,139552,5077172,5080008,4943316,4946152,502,1,false,false
4889,1,133856,139552,5089796,5092632,4955940,4958776,503,1,false,false
4890,1,133856,139552,5099348,5101928,4965492,4968072,504,1,false,false
4891,1,133856,139552,5108900,5111480,4975044,4977624,505,1,false,false
4892,2,133856,143362,6099864,6104236,5966008,5970380,607,1,false,false
4893,2,133856,143362,6110952,6115068,5977096,5981212,608,1,false,false
4894,2,133856,143362,6120760,6124876,5986904,5991020,609,1,false,false
4895,2,133856,143362,6130312,6134428,5996456,6000572,610,1,false,false
4896,2,133857,137601,1292744,1296348,1158887,1162491,119,1,false,false
4897,2,133857,137601,1303832,1307180,1169975,1173323,120,1,false,false
4898,2,133857,137601,1315432,1318780,1181575,1184923,121,1,false,false
4899,2,133857,137601,1326520,1329868,1192663,1196011,122,1,false,false
4900,1,133920,139552,5118452,5121288,4984532,4987368,506,1,false,false
4901,1,133920,139552,5128260,5131096,4994340,4997176,507,1,false,false
4902,1,133920,139552,5139860,5142440,5005940,5008520,508,1,false,false
4903,1,133920,139552,5151460,5154040,5017540,5020120,509,1,false,false
4904,0,133921,239810,12833140,12833928,12699219,12700007,1826,1,false,false
4905,0,133921,239810,12835996,12836784,12702075,12702863,1827,1,false,false
4906,0,133921,239810,12838852,12839640,12704931,12705719,1828,1,false,false
4907,0,133921,239810,12841708,12842240,12707787,12708319,1829,1,false,false
4908,1,133921,143616,8774396,8777232,8640475,8643311,950,1,false,false
4909,1,133921,143616,8780088,8782924,8646167,8649003,951,1,false,false
4910,1,133921,143616,8785780,8788360,8651859,8654439,952,1,false,false
4911,1,133921,143616,8791216,8793796,8657295,8659875,953,1,false,false
4912,1,133952,141857,7237844,7240680,7103892,7106728,736,1,false,false
4913,1,133952,141857,7248164,7251000,7114212,7117048,737,1,false,false
4914,1,133952,141857,7258740,7261320,7124788,7127368,738,1,false,false
4915,1,133952,141857,7268804,7271384,7134852,7137432,739,1,false,false
4916,2,133984,140960,4587464,4591068,4453480,4457084,454,1,false,false
4917,2,133984,140960,4597016,4600364,4463032,4466380,455,1,false,false
4918,2,133984,140960,4606568,4609916,4472584,4475932,456,1,false,false
4919,2,133984,140960,4616120,4619468,4482136,4485484,457,1,false,false
4920,1,133984,139488,4650548,4654152,4516564,4520168,462,1,false,false
4921,1,133984,139488,4659588,4662936,4525604,4528952,463,1,false,false
4922,1,133984,139488,4669652,4673000,4535668,4539016,464,1,false,false
4923,1,133984,139488,4679716,4683064,4545732,4549080,465,1,false,false
4924,1,133984,136160,619524,622360,485540,488376,55,1,false,false
4925,1,133984,136160,631124,633960,497140,499976,56,1,false,false
4926,1,133984,136160,640164,642744,506180,508760,57,1,false,false
4927,1,133984,136160,648436,651016,514452,517032,58,1,false,false
4928,2,133984,137729,1554568,1557404,1420584,1423420,147,1,false,false
4929,2,133984,137729,1565400,1568236,1431416,1434252,148,1,false,false
4930,2,133984,137729,1575208,1577788,1441224,1443804,149,1,false,false
4931,2,133984,137729,1584760,1587340,1450776,1453356,150,1,false,false
4932,0,134017,141857,10319040,10319828,10185023,10185811,1184,1,false,false
4933,0,134017,141857,10324476,10325264,10190459,10191247,1185,1,false,false
4934,0,134017,141857,10330936,10331724,10196919,10197707,1186,1,false,false
4935,0,134017,141857,10337140,10337672,10203123,10203655,1187,1,false,false
4936,1,134049,136448,1691092,1693928,1557043,1559879,160,1,false,false
4937,1,134049,136448,1701412,1704248,1567363,1570199,161,1,false,false
4938,1,134049,136448,1711476,1714312,1577427,1580263,162,1,false,false
4939,1,134049,136448,1721796,1724376,1587747,1590327,163,1,false,false
4940,1,134049,139424,4243636,4247752,4109587,4113703,422,1,false,false
4941,1,134049,139424,4256004,4260120,4121955,4126071,423,1,false,false
4942,1,134049,139424,4268372,4272488,4134323,4138439,424,1,false,false
4943,1,134049,139424,4280484,4284344,4146435,4150295,425,1,false,false
4944,2,134081,142369,5489800,5490076,5355719,5355995,546,1,false,false
4945,1,134081,239810,10207056,10209892,10072975,10075811,1157,1,false,false
4946,1,134081,239810,10212748,10215584,10078667,10081503,1158,1,false,false
4947,1,134081,239810,10218184,10220764,10084103,10086683,1159,1,false,false
4948,1,134081,239810,10224388,10226968,10090307,10092887,1160,1,false,false
4949,1,134081,151105,9963172,9966008,9829091,9831927,1131,1,false,false
4950,1,134081,151105,9972192,9975028,9838111,9840947,1132,1,false,false
4951,1,134081,151105,9982748,9985584,9848667,9851503,1133,1,false,false
4952,1,134081,151105,9992792,9995372,9858711,9861291,1134,1,false,false
4953,1,134112,143329,8182396,8185232,8048284,8051120,854,1,false,false
4954,1,134112,143329,8189368,8192204,8055256,8058092,855,1,false,false
4955,1,134112,143329,8196340,8198920,8062228,8064808,856,1,false,false
4956,1,134112,143329,8203056,8205636,8068944,8071524,857,1,false,false
4957,0,134112,139328,5975552,5975828,5841440,5841716,596,1,false,false
4958,1,134113,140033,6117924,6120760,5983811,5986647,609,1,false,false
4959,1,134113,140033,6127476,6130312,5993363,5996199,610,1,false,false
4960,1,134113,140033,6137028,6139608,6002915,6005495,611,1,false,false
4961,1,134113,140033,6144788,6147368,6010675,6013255,612,1,false,false
4962,1,134114,140992,6895764,6898600,6761650,6764486,700,1,false,false
4963,1,134114,140992,6906084,6908920,6771970,6774806,701,1,false,false
4964,1,134114,140992,6916660,6919240,6782546,6785126,702,1,false,false
4965,1,134114,140992,6926724,6929304,6792610,6795190,703,1,false,false
4966,3,134144,139488,7049660,7051728,6915516,6917584,717,1,false,false
4967,3,134144,139488,7059468,7061536,6925324,6927392,718,1,false,false
4968,3,134144,139488,7069020,7071088,6934876,6936944,719,1,false,false
4969,3,134144,139488,7078316,7080384,6944172,6946240,720,1,false,false
4970,1,134144,137601,2889460,2892808,2755316,2758664,282,1,false,false
4971,1,134144,137601,2901572,2904920,2767428,2770776,283,1,false,false
4972,1,134144,137601,2911124,2914472,2776980,2780328,284,1,false,false
4973,1,134144,137601,2920164,2923512,2786020,2789368,285,1,false,false
4974,1,134145,148128,9063244,9066848,8929099,8932703,993,1,false,false
4975,1,134145,148128,9070984,9074332,8936839,8940187,994,1,false,false
4976,1,134145,148128,9078468,9081816,8944323,8947671,995,1,false,false
4977,1,134145,148128,9085952,9089300,8951807,8955155,996,1,false,false
4978,1,134176,136193,1235668,1237736,1101492,1103560,112,1,false,false
4979,1,134176,136193,1243172,1245240,1108996,1111064,113,1,false,false
4980,1,134176,136193,1249140,1251208,1114964,1117032,114,1,false,false
4981,1,134176,136193,1257924,1259992,1123748,1125816,115,1,false,false
4982,1,134177,136448,1730068,1732904,1595891,1598727,164,1,false,false
4983,1,134177,136448,1738340,1741176,1604163,1606999,165,1,false,false
4984,1,134177,136448,1746612,1749448,1612435,1615271,166,1,false,false
4985,1,134177,136448,1757700,1760280,1623523,1626103,167,1,false,false
4986,2,134177,143616,6682664,6685500,6548487,6551323,676,1,false,false
4987,2,134177,143616,6693240,6696076,6559063,6561899,677,1,false,false
4988,2,134177,143616,6703304,6705884,6569127,6571707,678,1,false,false
4989,2,134177,143616,6709528,6712108,6575351,6577931,679,1,false,false
4990,1,134209,239810,10230336,10233172,10096127,10098963,1161,1,false,false
4991,1,134209,239810,10236540,10239376,10102331,10105167,1162,1,false,false
4992,1,134209,239810,10242744,10245580,10108535,10111371,1163,1,false,false
4993,1,134209,239810,10249716,10252296,10115507,10118087,1164,1,false,false
4994,2,134304,239810,7497992,7500828,7363688,7366524,750,1,false,false
4995,2,134304,239810,7506776,7509612,7372472,7375308,751,1,false,false
4996,2,134304,239810,7516328,7518908,7382024,7384604,752,1,false,false
4997,2,134304,239810,7526648,7529228,7392344,7394924,753,1,false,false
4998,2,134304,139552,2691880,2694716,2557576,2560412,260,1,false,false
4999,2,134304,139552,2700920,2703756,2566616,2569452,261,1,false,false
5000,2,134304,139552,2709704,2712284,2575400,2577980,262,1,false,false
5001,2,134304,139552,2718232,2720812,2583928,2586508,263,1,false,false
5002,3,134305,143456,11618208,11621044,11483903,11486739,1493,1,false,false
5003,3,134305,143456,11623112,11625948,11488807,11491643,1494,1,false,false
5004,3,134305,143456,11628016,11630852,11493711,11496547,1495,1,false,false
5005,3,134305,143456,11632408,11634988,11498103,11500683,1496,1,false,false
5006,1,134305,135104,462260,462536,327955,328231,39,1,false,false
5007,2,134306,143329,5709144,5711980,5574838,5577674,571,1,false,false
5008,2,134306,143329,5719464,5722300,5585158,5587994,572,1,false,false
5009,2,134306,143329,5730040,5732620,5595734,5598314,573,1,false,false
5010,2,134306,143329,5740104,5742684,5605798,5608378,574,1,false,false
5011,1,134336,136193,1267988,1270824,1133652,1136488,116,1,false,false
5012,1,134336,136193,1279076,1281912,1144740,1147576,117,1,false,false
5013,1,134336,136193,1290164,1292744,1155828,1158408,118,1,false,false
5014,1,134336,136193,1301252,1303832,1166916,1169496,119,1,false,false
5015,2,134368,135104,247288,250124,112920,115756,14,1,false,false
5016,2,134368,135104,258376,261212,124008,126844,15,1,false,false
5017,2,134368,135104,269464,272044,135096,137676,16,1,false,false
5018,2,134368,135104,279016,281596,144648,147228,17,1,false,false
5019,1,134368,136448,1768788,1771624,1634420,1637256,168,1,false,false
5020,1,134368,136448,1779876,1782712,1645508,1648344,169,1,false,false
5021,1,134368,136448,1790964,1793800,1656596,1659432,170,1,false,false
5022,1,134368,136448,1800772,1803352,1666404,1668984,171,1,false,false
5023,1,134368,143329,8208492,8211328,8074124,8076960,858,1,false,false
5024,1,134368,143329,8214184,8217020,8079816,8082652,859,1,false,false
5025,1,134368,143329,8219876,8222456,8085508,8088088,860,1,false,false
5026,1,134368,143329,8225056,8227636,8090688,8093268,861,1,false,false
5027,1,134369,142016,7741716,7744552,7607347,7610183,788,1,false,false
5028,1,134369,142016,7750244,7753080,7615875,7618711,789,1,false,false
5029,1,134369,142016,7758516,7761096,7624147,7626727,790,1,false,false
5030,1,134369,142016,7766532,7769112,7632163,7634743,791,1,false,false
5031,1,134369,139328,3667060,3669896,3532691,3535527,370,1,false,false
5032,1,134369,139328,3678148,3680984,3543779,3546615,371,1,false,false
5033,1,134369,139328,3689236,3691816,3554867,3557447,372,1,false,false
5034,1,134369,139328,3700068,3702648,3565699,3568279,373,1,false,false
5035,3,134400,140033,8812920,8814988,8678520,8680588,957,1,false,false
5036,3,134400,140033,8819636,8821704,8685236,8687304,958,1,false,false
5037,3,134400,140033,8826608,8828676,8692208,8694276,959,1,false,false
5038,3,134400,140033,8833580,8835648,8699180,8701248,960,1,false,false
5039,1,134432,139552,5163060,5165896,5028628,5031464,510,1,false,false
5040,1,134432,139552,5173892,5176728,5039460,5042296,511,1,false,false
5041,1,134432,139552,5182932,5185512,5048500,5051080,512,1,false,false
5042,1,134432,139552,5191716,5194296,5057284,5059864,513,1,false,false
5043,1,134432,139488,4690036,4694920,4555604,4560488,466,1,false,false
5044,1,134432,139488,4701892,4706776,4567460,4572344,467,1,false,false
5045,1,134432,139488,4712980,4717864,4578548,4583432,468,1,false,false
5046,1,134432,139488,4723812,4728696,4589380,4594264,469,1,false,false
5047,1,134433,136992,2339284,2342120,2204851,2207687,224,1,false,false
5048,1,134433,136992,2350372,2353208,2215939,2218775,225,1,false,false
5049,1,134433,136992,2361460,2364040,2227027,2229607,226,1,false,false
5050,1,134433,136992,2372036,2374616,2237603,2240183,227,1,false,false
5051,1,134433,137121,2579796,2581864,2445363,2447431,248,1,false,false
5052,1,134433,137121,2588836,2590904,2454403,2456471,249,1,false,false
5053,1,134433,137121,2597876,2599944,2463443,2465511,250,1,false,false
5054,1,134433,137121,2606660,2608728,2472227,2474295,251,1,false,false
5055,1,134433,136193,1312596,1315432,1178163,1180999,120,1,false,false
5056,1,134433,136193,1323684,1326520,1189251,1192087,121,1,false,false
5057,1,134433,136193,1334516,1337096,1200083,1202663,122,1,false,false
5058,1,134433,136193,1345092,1347672,1210659,1213239,123,1,false,false
5059,1,134465,140033,6153828,6156664,6019363,6022199,613,1,false,false
5060,1,134465,140033,6162612,6165448,6028147,6030983,614,1,false,false
5061,1,134465,140033,6171396,6173976,6036931,6039511,615,1,false,false
5062,1,134465,140033,6181716,6184296,6047251,6049831,616,1,false,false
5063,1,134496,150274,9722932,9725768,9588436,9591272,1095,1,false,false
5064,1,134496,150274,9729136,9731972,9594640,9597476,1096,1,false,false
5065,1,134496,150274,9735340,9737920,9600844,9603424,1097,1,false,false
5066,1,134496,150274,9741544,9744124,9607048,9609628,1098,1,false,false
5067,1,134497,149473,9359516,9362864,9225019,9228367,1037,1,false,false
5068,1,134497,149473,9367000,9370348,9232503,9235851,1038,1,false,false
5069,1,134497,149473,9374228,9377576,9239731,9243079,1039,1,false,false
5070,1,134497,149473,9381456,9384804,9246959,9250307,1040,1,false,false
5071,2,134528,137729,1594312,1597148,1459784,1462620,151,1,false,false
5072,2,134528,137729,1603864,1606700,1469336,1472172,152,1,false,false
5073,2,134528,137729,1614440,1617020,1479912,1482492,153,1,false,false
5074,2,134528,137729,1624760,1627340,1490232,1492812,154,1,false,false
5075,1,134529,139904,5493188,5497560,5358659,5363031,547,1,false,false
5076,1,134529,139904,5505044,5509160,5370515,5374631,548,1,false,false
5077,1,134529,139904,5516900,5521016,5382371,5386487,549,1,false,false
5078,1,134529,139904,5528500,5532616,5393971,5398087,550,1,false,false
5079,2,134560,139904,3024488,3027324,2889928,2892764,296,1,false,false
5080,2,134560,139904,3034040,3036876,2899480,2902316,297,1,false,false
5081,2,134560,139904,3043848,3046428,2909288,2911868,298,1,false,false
5082,2,134560,139904,3053144,3055724,2918584,2921164,299,1,false,false
5083,1,134561,136193,1353876,1357480,1219315,1222919,124,1,false,false
5084,1,134561,136193,1363684,1367032,1229123,1232471,125,1,false,false
5085,1,134561,136193,1373236,1376584,1238675,1242023,126,1,false,false
5086,1,134561,136193,1382788,1386136,1248227,1251575,127,1,false,false
5087,2,134562,141857,4862088,4864924,4727526,4730362,482,1,false,false
5088,2,134562,141857,4871128,4873964,4736566,4739402,483,1,false,false
5089,2,134562,141857,4879400,4881980,4744838,4747418,484,1,false,false
5090,2,134562,141857,4889464,4892044,4754902,4757482,485,1,false,false
5091,1,134592,143616,8796396,8799232,8661804,8664640,954,1,false,false
5092,1,134592,143616,8803368,8806204,8668776,8671612,955,1,false,false
5093,1,134592,143616,8810340,8812920,8675748,8678328,956,1,false,false
5094,1,134592,143616,8817056,8819636,8682464,8685044,957,1,false,false
5095,1,134593,136448,1811604,1814440,1677011,1679847,172,1,false,false
5096,1,134593,136448,1822692,1825528,1688099,1690935,173,1,false,false
5097,1,134593,136448,1833780,1836360,1699187,1701767,174,1,false,false
5098,1,134593,136448,1844868,1847448,1710275,1712855,175,1,false,false
5099,1,134624,149473,9388684,9392288,9254060,9257664,1041,1,false,false
5100,1,134624,149473,9395656,9399004,9261032,9264380,1042,1,false,false
5101,1,134624,149473,9402116,9405464,9267492,9270840,1043,1,false,false
5102,1,134624,149473,9408576,9411924,9273952,9277300,1044,1,false,false
5103,2,134657,140768,4116232,4118300,3981575,3983643,410,1,false,false
5104,2,134657,140768,4125784,4127852,3991127,3993195,411,1,false,false
5105,2,134657,140768,4135592,4137660,4000935,4003003,412,1,false,false
5106,2,134657,140768,4145144,4147212,4010487,4012555,413,1,false,false
5107,2,134657,136160,488376,491212,353719,356555,42,1,false,false
5108,2,134657,136160,497160,499996,362503,365339,43,1,false,false
5109,2,134657,136160,506200,508780,371543,374123,44,1,false,false
5110,2,134657,136160,515752,518332,381095,383675,45,1,false,false
5111,2,134657,137121,1083704,1089868,949047,955211,98,1,false,false
5112,2,134657,137121,1096072,1101980,961415,967323,99,1,false,false
5113,2,134657,137121,1107928,1113836,973271,979179,100,1,false,false
5114,2,134657,137121,1120040,1125948,985383,991291,101,1,false,false
5115,1,134689,141857,7278868,7281704,7144179,7147015,740,1,false,false
5116,1,134689,141857,7287908,7290744,7153219,7156055,741,1,false,false
5117,1,134689,141857,7297972,7300552,7163283,7165863,742,1,false,false
5118,1,134689,141857,7307524,7310104,7172835,7175415,743,1,false,false
5119,1,134689,137729,3154868,3157704,3020179,3023015,310,1,false,false
5120,1,134689,137729,3163140,3165976,3028451,3031287,311,1,false,false
5121,1,134689,137729,3172692,3175272,3038003,3040583,312,1,false,false
5122,1,134689,137729,3181988,3184568,3047299,3049879,313,1,false,false
5123,1,134721,137729,3190260,3193096,3055539,3058375,314,1,false,false
5124,1,134721,137729,3198532,3201368,3063811,3066647,315,1,false,false
5125,1,134721,137729,3205524,3208104,3070803,3073383,316,1,false,false
5126,1,134721,137729,3210980,3213560,3076259,3078839,317,1,false,false
5127,2,134754,139969,3376952,3382604,3242198,3247850,337,1,false,false
5128,2,134754,139969,3388040,3393692,3253286,3258938,338,1,false,false
5129,2,134754,139969,3399128,3404524,3264374,3269770,339,1,false,false
5130,2,134754,139969,3409448,3414844,3274694,3280090,340,1,false,false
5131,2,134816,139488,2455384,2458988,2320568,2324172,235,1,false,false
5132,2,134816,139488,2466472,2469820,2331656,2335004,236,1,false,false
5133,2,134816,139488,2477304,2480652,2342488,2345836,237,1,false,false
5134,2,134816,139488,2488136,2491484,2353320,2356668,238,1,false,false
5135,1,134816,135104,467972,470808,333156,335992,40,1,false,false
5136,1,134816,135104,477012,479848,342196,345032,41,1,false,false
5137,1,134816,135104,485796,488376,350980,353560,42,1,false,false
5138,1,134816,135104,494580,497160,359764,362344,43,1,false,false
5139,1,134913,139488,4736436,4740040,4601523,4605127,470,1,false,false
5140,1,134913,139488,4747524,4750872,4612611,4615959,471,1,false,false
5141,1,134913,139488,4757844,4761192,4622931,4626279,472,1,false,false
5142,1,134913,139488,4768164,4771512,4633251,4636599,473,1,false,false
5143,2,134944,139552,2727784,2730620,2592840,2595676,264,1,false,false
5144,2,134944,139552,2737336,2740172,2602392,2605228,265,1,false,false
5145,2,134944,139552,2746888,2749468,2611944,2614524,266,1,false,false
5146,2,134944,139552,2756184,2758764,2621240,2623820,267,1,false,false
5147,1,135008,139424,4292340,4295944,4157332,4160936,426,1,false,false
5148,1,135008,139424,4302916,4306264,4167908,4171256,427,1,false,false
5149,1,135008,139424,4312724,4316072,4177716,4181064,428,1,false,false
5150,1,135008,139424,4322020,4325368,4187012,4190360,429,1,false,false
5151,2,135009,137729,1634824,1637660,1499815,1502651,155,1,false,false
5152,2,135009,137729,1644888,1647724,1509879,1512715,156,1,false,false
5153,2,135009,137729,1654696,1657276,1519687,1522267,157,1,false,false
5154,2,135009,137729,1664248,1666828,1529239,1531819,158,1,false,false
5155,1,135009,143456,8512924,8517296,8377915,8382287,910,1,false,false
5156,1,135009,143456,8520920,8525036,8385911,8390027,911,1,false,false
5157,1,135009,143456,8528404,8532520,8393395,8397511,912,1,false,false
5158,1,135009,143456,8535888,8540004,8400879,8404995,913,1,false,false
5159,1,135009,148128,9092924,9095760,8957915,8960751,997,1,false,false
5160,1,135009,148128,9099128,9101964,8964119,8966955,998,1,false,false
5161,1,135009,148128,9105332,9107912,8970323,8972903,999,1,false,false
5162,1,135009,148128,9111280,9113860,8976271,8978851,1000,1,false,false
5163,1,135040,139552,5200500,5203336,5065460,5068296,514,1,false,false
5164,1,135040,139552,5209540,5212376,5074500,5077336,515,1,false,false
5165,1,135040,139552,5218580,5221160,5083540,5086120,516,1,false,false
5166,1,135040,139552,5227364,5229944,5092324,5094904,517,1,false,false
5167,1,135040,140033,6192036,6194872,6056996,6059832,617,1,false,false
5168,1,135040,140033,6202356,6205192,6067316,6070152,618,1,false,false
5169,1,135040,140033,6212676,6215256,6077636,6080216,619,1,false,false
5170,1,135040,140033,6221460,6224040,6086420,6089000,620,1,false,false
5171,1,135040,137601,2929204,2932808,2794164,2797768,286,1,false,false
5172,1,135040,137601,2937988,2941336,2802948,2806296,287,1,false,false
5173,1,135040,137601,2946772,2950120,2811732,2815080,288,1,false,false
5174,1,135040,137601,2955812,2959160,2820772,2824120,289,1,false,false
5175,2,135040,140033,3554760,3557596,3419720,3422556,358,1,false,false
5176,2,135040,140033,3564312,3567148,3429272,3432108,359,1,false,false
5177,2,135040,140033,3573352,3575932,3438312,3440892,360,1,false,false
5178,2,135040,140033,3582136,3584716,3447096,3449676,361,1,false,false
5179,1,135041,136992,2381332,2384680,2246291,2249639,228,1,false,false
5180,1,135041,136992,2391396,2394744,2256355,2259703,229,1,false,false
5181,1,135041,136992,2401460,2404808,2266419,2269767,230,1,false,false
5182,1,135041,136992,2411268,2414616,2276227,2279575,231,1,false,false
5183,1,135041,142016,7774548,7777384,7639507,7642343,792,1,false,false
5184,1,135041,142016,7783076,7785912,7648035,7650871,793,1,false,false
5185,1,135041,142016,7791348,7793928,7656307,7658887,794,1,false,false
5186,1,135041,142016,7799364,7801944,7664323,7666903,795,1,false,false
5187,1,135104,135104,503364,506200,368260,371096,44,1,false,false
5188,1,135104,135104,512916,515752,377812,380648,45,1,false,false
5189,1,135104,135104,522468,525304,387364,390200,46,1,false,false
5190,1,135104,135104,531508,534088,396404,398984,47,1,false,false
5191,1,135105,140960,6667716,6671832,6532611,6536727,675,1,false,false
5192,1,135105,140960,6678548,6682664,6543443,6547559,676,1,false,false
5193,1,135105,140960,6689124,6693240,6554019,6558135,677,1,false,false
5194,1,135105,140960,6699444,6703304,6564339,6568199,678,1,false,false
5195,1,135137,137601,2964852,2968200,2829715,2833063,290,1,false,false
5196,1,135137,137601,2973380,2976728,2838243,2841591,291,1,false,false
5197,1,135137,137601,2982932,2986280,2847795,2851143,292,1,false,false
5198,1,135137,137601,2992484,2995832,2857347,2860695,293,1,false,false
5199,2,135200,239810,7536712,7539548,7401512,7404348,754,1,false,false
5200,2,135200,239810,7546776,7549612,7411576,7414412,755,1,false,false
5201,2,135200,239810,7556328,7558908,7421128,7423708,756,1,false,false
5202,2,135200,239810,7566136,7568716,7430936,7433516,757,1,false,false
5203,1,135200,139488,4777204,4782088,4642004,4646888,474,1,false,false
5204,1,135200,139488,4787524,4792408,4652324,4657208,475,1,false,false
5205,1,135200,139488,4799124,4804008,4663924,4668808,476,1,false,false
5206,1,135200,139488,4810724,4815608,4675524,4680408,477,1,false,false
5207,1,135201,136448,1854420,1857256,1719219,1722055,176,1,false,false
5208,1,135201,136448,1864228,1867064,1729027,1731863,177,1,false,false
5209,1,135201,136448,1874036,1876872,1738835,1741671,178,1,false,false
5210,1,135201,136448,1883844,1886424,1748643,1751223,179,1,false,false
5211,3,135201,139328,5933052,5935888,5797851,5800687,593,1,false,false
5212,3,135201,139328,5946956,5949792,5811755,5814591,594,1,false,false
5213,3,135201,139328,5960604,5963184,5825403,5827983,595,1,false,false
5214,3,135201,139328,5972972,5975552,5837771,5840351,596,1,false,false
5215,1,135232,137601,3002036,3005640,2866804,2870408,294,1,false,false
5216,1,135232,137601,3011588,3014936,2876356,2879704,295,1,false,false
5217,1,135232,137601,3021140,3024488,2885908,2889256,296,1,false,false
5218,1,135232,137601,3030692,3034040,2895460,2898808,297,1,false,false
5219,2,135234,139328,2177688,2180524,2042454,2045290,207,1,false,false
5220,2,135234,139328,2188520,2191356,2053286,2056122,208,1,false,false
5221,2,135234,139328,2199608,2202188,2064374,2066954,209,1,false,false
5222,2,135234,139328,2210440,2213020,2075206,2077786,210,1,false,false
5223,2,135264,139904,3063976,3066812,2928712,2931548,300,1,false,false
5224,2,135264,139904,3075064,3077900,2939800,2942636,301,1,false,false
5225,2,135264,139904,3085384,3087964,2950120,2952700,302,1,false,false
5226,2,135264,139904,3095448,3098028,2960184,2962764,303,1,false,false
5227,1,135265,140033,6230500,6233336,6095235,6098071,621,1,false,false
5228,1,135265,140033,6239284,6242120,6104019,6106855,622,1,false,false
5229,1,135265,140033,6248068,6250648,6112803,6115383,623,1,false,false
5230,1,135265,140033,6255572,6258152,6120307,6122887,624,1,false,false
5231,1,135265,151105,9999508,10002856,9864243,9867591,1135,1,false,false
5232,1,135265,151105,10006992,10010340,9871727,9875075,1136,1,false,false
5233,1,135265,151105,10013196,10016544,9877931,9881279,1137,1,false,false
5234,1,135265,151105,10019144,10022492,9883879,9887227,1138,1,false,false
5235,1,135296,139552,5236148,5238984,5100852,5103688,518,1,false,false
5236,1,135296,139552,5244932,5247768,5109636,5112472,519,1,false,false
5237,1,135296,139552,5255252,5257832,5119956,5122536,520,1,false,false
5238,1,135296,139552,5265316,5267896,5130020,5132600,521,1,false,false
5239,1,135329,136160,656452,656728,521123,521399,59,1,false,false
5240,1,135330,138784,3313908,3316744,3178578,3181414,330,1,false,false
5241,1,135330,138784,3322948,3325784,3187618,3190454,331,1,false,false
5242,1,135330,138784,3331988,3334568,3196658,3199238,332,1,false,false
5243,1,135330,138784,3340004,3342584,3204674,3207254,333,1,false,false
5244,2,135360,139904,3106024,3106300,2970664,2970940,304,1,false,false
5245,2,135361,143616,6718312,6721148,6582951,6585787,680,1,false,false
5246,2,135361,143616,6727608,6730444,6592247,6595083,681,1,false,false
5247,2,135361,143616,6736392,6738972,6601031,6603611,682,1,false,false
5248,2,135361,143616,6744920,6747500,6609559,6612139,683,1,false,false
5249,1,135361,139328,3710644,3713480,3575283,3578119,374,1,false,false
5250,1,135361,139328,3721732,3724568,3586371,3589207,375,1,false,false
5251,1,135361,139328,3732052,3734632,3596691,3599271,376,1,false,false
5252,1,135361,139328,3742116,3744696,3606755,3609335,377,1,false,false
5253,0,135361,140992,9925988,9926264,9790627,9790903,1127,1,false,false
5254,1,135393,148128,9117996,9121600,8982603,8986207,1001,1,false,false
5255,1,135393,148128,9126504,9129852,8991111,8994459,1002,1,false,false
5256,1,135393,148128,9134756,9138104,8999363,9002711,1003,1,false,false
5257,1,135393,148128,9142752,9146100,9007359,9010707,1004,1,false,false
5258,1,135425,140033,6262820,6265656,6127395,6130231,625,1,false,false
5259,1,135425,140033,6270324,6273160,6134899,6137735,626,1,false,false
5260,1,135425,140033,6277828,6280408,6142403,6144983,627,1,false,false
5261,1,135425,140033,6286356,6288936,6150931,6153511,628,1,false,false
5262,1,135425,140768,6478052,6480888,6342627,6345463,653,1,false,false
5263,1,135425,140768,6486580,6489416,6351155,6353991,654,1,false,false
5264,1,135425,140768,6494852,6497432,6359427,6362007,655,1,false,false
5265,1,135425,140768,6502612,6505192,6367187,6369767,656,1,false,false
5266,2,135457,143456,6313752,6316588,6178295,6181131,631,1,false,false
5267,2,135457,143456,6321768,6324604,6186311,6189147,632,1,false,false
5268,2,135457,143456,6331576,6334156,6196119,6198699,633,1,false,false
5269,2,135457,143456,6341128,6343708,6205671,6208251,634,1,false,false
5270,2,135488,151105,7330488,7334092,7195000,7198604,744,1,false,false
5271,2,135488,151105,7341576,7344924,7206088,7209436,745,1,false,false
5272,2,135488,151105,7352152,7355500,7216664,7220012,746,1,false,false
5273,2,135488,151105,7365800,7369148,7230312,7233660,747,1,false,false
5274,1,135489,138784,3348788,3351624,3213299,3216135,334,1,false,false
5275,1,135489,138784,3357828,3360664,3222339,3225175,335,1,false,false
5276,1,135489,138784,3365844,3368424,3230355,3232935,336,1,false,false
5277,1,135489,138784,3374372,3376952,3238883,3241463,337,1,false,false
5278,2,135520,143362,6139608,6142444,6004088,6006924,611,1,false,false
5279,2,135520,143362,6147368,6150204,6011848,6014684,612,1,false,false
5280,2,135520,143362,6156664,6159244,6021144,6023724,613,1,false,false
5281,2,135520,143362,6165448,6168028,6029928,6032508,614,1,false,false
5282,1,135521,139328,3752180,3756552,3616659,3621031,378,1,false,false
5283,1,135521,139328,3763268,3767384,3627747,3631863,379,1,false,false
5284,1,135521,139328,3774356,3778472,3638835,3642951,380,1,false,false
5285,1,135521,139328,3785444,3789560,3649923,3654039,381,1,false,false
5286,1,135553,142016,7808916,7812264,7673363,7676711,796,1,false,false
5287,1,135553,142016,7819492,7822840,7683939,7687287,797,1,false,false
5288,1,135553,142016,7829812,7833160,7694259,7697607,798,1,false,false
5289,1,135553,142016,7840132,7843480,7704579,7707927,799,1,false,false
5290,2,135584,139488,2498712,2498988,2363128,2363404,239,1,false,false
5291,1,135584,136160,662420,665256,526836,529672,60,1,false,false
5292,1,135584,136160,671460,674296,535876,538712,61,1,false,false
5293,1,135584,136160,679988,682568,544404,546984,62,1,false,false
5294,1,135584,136160,687748,690328,552164,554744,63,1,false,false
5295,1,135648,140033,6294628,6297464,6158980,6161816,629,1,false,false
5296,1,135648,140033,6302900,6305736,6167252,6170088,630,1,false,false
5297,1,135648,140033,6311172,6313752,6175524,6178104,631,1,false,false
5298,1,135648,140033,6319188,6321768,6183540,6186120,632,1,false,false
5299,2,135648,140992,4683064,4685900,4547416,4550252,465,1,false,false
5300,2,135648,140992,4694920,4697756,4559272,4562108,466,1,false,false
5301,2,135648,140992,4706776,4709356,4571128,4573708,467,1,false,false
5302,2,135648,140992,4717864,4720444,4582216,4584796,468,1,false,false
5303,1,135649,139904,5539844,5542680,5404195,5407031,551,1,false,false
5304,1,135649,139904,5549652,5552488,5414003,5416839,552,1,false,false
5305,1,135649,139904,5559460,5562040,5423811,5426391,553,1,false,false
5306,1,135649,139904,5568756,5571336,5433107,5435687,554,1,false,false
5307,1,135713,137121,2614164,2617000,2478451,2481287,252,1,false,false
5308,1,135713,137121,2622692,2625528,2486979,2489815,253,1,false,false
5309,1,135713,137121,2631220,2634056,2495507,2498343,254,1,false,false
5310,1,135713,137121,2639236,2641816,2503523,2506103,255,1,false,false
5311,1,135714,239810,10256432,10262084,10120718,10126370,1165,1,false,false
5312,1,135714,239810,10266220,10271872,10130506,10136158,1166,1,false,false
5313,1,135714,239810,10276008,10281404,10140294,10145690,1167,1,false,false
5314,1,135714,239810,10287076,10292472,10151362,10156758,1168,1,false,false
5315,2,135777,143456,6350424,6354796,6214647,6219019,635,1,false,false
5316,2,135777,143456,6361512,6365628,6225735,6229851,636,1,false,false
5317,2,135777,143456,6369272,6373388,6233495,6237611,637,1,false,false
5318,2,135777,143456,6376776,6380892,6240999,6245115,638,1,false,false
5319,2,135808,139969,3419768,3422604,3283960,3286796,341,1,false,false
5320,2,135808,139969,3427528,3430364,3291720,3294556,342,1,false,false
5321,2,135808,139969,3435032,3437612,3299224,3301804,343,1,false,false
5322,2,135808,139969,3443304,3445884,3307496,3310076,344,1,false,false
5323,1,135809,137729,3217972,3220808,3082163,3084999,318,1,false,false
5324,1,135809,137729,3224964,3227800,3089155,3091991,319,1,false,false
5325,1,135809,137729,3231700,3234280,3095891,3098471,320,1,false,false
5326,1,135809,137729,3239716,3242296,3103907,3106487,321,1,false,false
5327,2,135840,141857,4899528,4902364,4763688,4766524,486,1,false,false
5328,2,135840,141857,4909592,4912428,4773752,4776588,487,1,false,false
5329,2,135840,141857,4920424,4923004,4784584,4787164,488,1,false,false
5330,2,135840,141857,4931256,4933836,4795416,4797996,489,1,false,false
5331,1,135840,136160,696532,699880,560692,564040,64,1,false,false
5332,1,135840,136160,706084,709432,570244,573592,65,1,false,false
5333,1,135840,136160,716916,720264,581076,584424,66,1,false,false
5334,1,135840,136160,727492,730840,591652,595000,67,1,false,false
5335,1,135841,136193,1393620,1395688,1257779,1259847,128,1,false,false
5336,1,135841,136193,1403172,1405240,1267331,1269399,129,1,false,false
5337,1,135841,136193,1412724,1414792,1276883,1278951,130,1,false,false
5338,1,135841,136193,1421508,1423576,1285667,1287735,131,1,false,false
5339,2,135872,137601,1337096,1340444,1201224,1204572,123,1,false,false
5340,2,135872,137601,1347672,1351020,1211800,1215148,124,1,false,false
5341,2,135872,137601,1357480,1360828,1221608,1224956,125,1,false,false
5342,2,135872,137601,1367032,1370380,1231160,1234508,126,1,false,false
5343,2,135872,139328,2221016,2225388,2085144,2089516,211,1,false,false
5344,2,135872,139328,2231592,2235708,2095720,2099836,212,1,false,false
5345,2,135872,139328,2241912,2246028,2106040,2110156,213,1,false,false
5346,2,135872,139328,2252232,2256348,2116360,2120476,214,1,false,false
5347,1,135904,142369,7995568,7998404,7859664,7862500,825,1,false,false
5348,1,135904,142369,8001772,8004608,7865868,7868704,826,1,false,false
5349,1,135904,142369,8007976,8010556,7872072,7874652,827,1,false,false
5350,1,135904,142369,8013924,8016504,7878020,7880600,828,1,false,false
5351,1,135905,138784,3385972,3388040,3250067,3252135,338,1,false,false
5352,1,135905,138784,3397060,3399128,3261155,3263223,339,1,false,false
5353,1,135905,138784,3407380,3409448,3271475,3273543,340,1,false,false
5354,1,135905,138784,3417700,3419768,3281795,3283863,341,1,false,false
5355,1,135906,151105,10025348,10028952,9889442,9893046,1139,1,false,false
5356,1,135906,151105,10031808,10035156,9895902,9899250,1140,1,false,false
5357,1,135906,151105,10038012,10041360,9902106,9905454,1141,1,false,false
5358,1,135906,151105,10043960,10047308,9908054,9911402,1142,1,false,false
5359,1,135936,136160,738836,741672,602900,605736,68,1,false,false
5360,1,135936,136160,749924,752760,613988,616824,69,1,false,false
5361,1,135936,136160,761012,763592,625076,627656,70,1,false,false
5362,1,135936,136160,771588,774168,635652,638232,71,1,false,false
5363,2,135937,136448,674296,676364,538359,540427,62,1,false,false
5364,2,135937,136448,682568,684636,546631,548699,63,1,false,false
5365,2,135937,136448,690328,692396,554391,556459,64,1,false,false
5366,2,135937,136448,699880,701948,563943,566011,65,1,false,false
5367,1,136000,138784,3425460,3427528,3289460,3291528,342,1,false,false
5368,1,136000,138784,3432964,3435032,3296964,3299032,343,1,false,false
5369,1,136000,138784,3441236,3443304,3305236,3307304,344,1,false,false
5370,1,136000,138784,3449252,3451320,3313252,3315320,345,1,false,false
5371,2,136001,140992,4728696,4733068,4592695,4597067,469,1,false,false
5372,2,136001,140992,4740040,4744156,4604039,4608155,470,1,false,false
5373,2,136001,140992,4750872,4754988,4614871,4618987,471,1,false,false
5374,2,136001,140992,4761192,4765308,4625191,4629307,472,1,false,false
5375,1,136002,143456,8543372,8546208,8407370,8410206,914,1,false,false
5376,1,136002,143456,8550600,8553436,8414598,8417434,915,1,false,false
5377,1,136002,143456,8557828,8560408,8421826,8424406,916,1,false,false
5378,1,136002,143456,8564800,8567380,8428798,8431378,917,1,false,false
5379,2,136002,143329,5749912,5752748,5613910,5616746,575,1,false,false
5380,2,136002,143329,5758952,5761788,5622950,5625786,576,1,false,false
5381,2,136002,143329,5768248,5770828,5632246,5634826,577,1,false,false
5382,2,136002,143329,5777032,5779612,5641030,5643610,578,1,false,false
5383,1,136032,151105,10050932,10054280,9914900,9918248,1143,1,false,false
5384,1,136032,151105,10057648,10060996,9921616,9924964,1144,1,false,false
5385,1,136032,151105,10064364,10067712,9928332,9931680,1145,1,false,false
5386,1,136032,151105,10071080,10074428,9935048,9938396,1146,1,false,false
5387,0,136032,139904,8045948,8046224,7909916,7910192,833,1,false,false
5388,1,136033,140992,6936788,6939624,6800755,6803591,704,1,false,false
5389,1,136033,140992,6945828,6948664,6809795,6812631,705,1,false,false
5390,1,136033,140992,6955124,6957704,6819091,6821671,706,1,false,false
5391,1,136033,140992,6963908,6966488,6827875,6830455,707,1,false,false
5392,1,136064,139488,4820020,4823624,4683956,4687560,478,1,false,false
5393,1,136064,139488,4830596,4833944,4694532,4697880,479,1,false,false
5394,1,136064,139488,4840916,4844264,4704852,4708200,480,1,false,false
5395,1,136064,139488,4849700,4853048,4713636,4716984,481,1,false,false
5396,1,136065,136160,780884,784488,644819,648423,72,1,false,false
5397,1,136065,136160,791460,794808,655395,658743,73,1,false,false
5398,1,136065,136160,804852,808200,668787,672135,74,1,false,false
5399,1,136065,136160,817732,821080,681667,685015,75,1,false,false
5400,1,136160,136160,831380,834216,695220,698056,76,1,false,false
5401,1,136160,136160,844516,847352,708356,711192,77,1,false,false
5402,1,136160,136160,857140,859720,720980,723560,78,1,false,false
5403,1,136160,136160,868996,871576,732836,735416,79,1,false,false
5404,2,136160,143456,6384280,6387116,6248120,6250956,639,1,false,false
5405,2,136160,143456,6389992,6392828,6253832,6256668,640,1,false,false
5406,2,136160,143456,6396472,6399308,6260312,6263148,641,1,false,false
5407,2,136160,143456,6402696,6405532,6266536,6269372,642,1,false,false
5408,1,136193,136193,1429268,1432104,1293075,1295911,132,1,false,false
5409,1,136193,136193,1437540,1440376,1301347,1304183,133,1,false,false
5410,1,136193,136193,1445812,1448392,1309619,1312199,134,1,false,false
5411,1,136193,136193,1453828,1456408,1317635,1320215,135,1,false,false
5412,1,136193,139424,4331316,4335432,4195123,4199239,430,1,false,false
5413,1,136193,139424,4343172,4347288,4206979,4211095,431,1,false,false
5414,1,136193,139424,4355284,4359400,4219091,4223207,432,1,false,false
5415,1,136193,139424,4367140,4371000,4230947,4234807,433,1,false,false
5416,1,136225,148128,9150748,9154096,9014523,9017871,1005,1,false,false
5417,1,136225,148128,9156952,9160300,9020727,9024075,1006,1,false,false
5418,1,136225,148128,9163156,9166504,9026931,9030279,1007,1,false,false
5419,1,136225,148128,9169360,9172708,9033135,9036483,1008,1,false,false
5420,1,136256,139488,4858484,4862088,4722228,4725832,482,1,false,false
5421,1,136256,139488,4867780,4871128,4731524,4734872,483,1,false,false
5422,1,136256,139488,4876052,4879400,4739796,4743144,484,1,false,false
5423,1,136256,139488,4886116,4889464,4749860,4753208,485,1,false,false
5424,2,136257,143362,6173976,6178348,6037719,6042091,615,1,false,false
5425,2,136257,143362,6184296,6188412,6048039,6052155,616,1,false,false
5426,2,136257,143362,6194872,6198988,6058615,6062731,617,1,false,false
5427,2,136257,143362,6205192,6209308,6068935,6073051,618,1,false,false
5428,2,136257,149473,6872248,6875596,6735991,6739339,696,1,false,false
5429,2,136257,149473,6881032,6884380,6744775,6748123,697,1,false,false
5430,2,136257,149473,6889816,6893164,6753559,6756907,698,1,false,false
5431,2,136257,149473,6898600,6901948,6762343,6765691,699,1,false,false
5432,1,136288,139969,5790228,5793064,5653940,5656776,580,1,false,false
5433,1,136288,139969,5797988,5800824,5661700,5664536,581,1,false,false
5434,1,136288,139969,5805748,5808328,5669460,5672040,582,1,false,false
5435,1,136288,139969,5812740,5815320,5676452,5679032,583,1,false,false
5436,1,136320,137121,2648532,2652136,2512212,2515816,256,1,false,false
5437,1,136320,137121,2659108,2662456,2522788,2526136,257,1,false,false
5438,1,136320,137121,2669428,2672776,2533108,2536456,258,1,false,false
5439,1,136320,137121,2679492,2682840,2543172,2546520,259,1,false,false
5440,2,136352,149473,6908920,6912524,6772568,6776172,700,1,false,false
5441,2,136352,149473,6919240,6922588,6782888,6786236,701,1,false,false
5442,2,136352,149473,6929304,6932652,6792952,6796300,702,1,false,false
5443,2,136352,149473,6939624,6942972,6803272,6806620,703,1,false,false
5444,2,136353,139969,3451320,3454156,3314967,3317803,345,1,false,false
5445,2,136353,139969,3460360,3463196,3324007,3326843,346,1,false,false
5446,2,136353,139969,3469400,3472236,3333047,3335883,347,1,false,false
5447,2,136353,139969,3477672,3480252,3341319,3343899,348,1,false,false
5448,2,136353,149473,6948664,6952268,6812311,6815915,704,1,false,false
5449,2,136353,149473,6957704,6961052,6821351,6824699,705,1,false,false
5450,2,136353,149473,6966488,6969836,6830135,6833483,706,1,false,false
5451,2,136353,149473,6975272,6978620,6838919,6842267,707,1,false,false
5452,2,136384,138784,2001224,2005596,1864840,1869212,190,1,false,false
5453,2,136384,138784,2012056,2016172,1875672,1879788,191,1,false,false
5454,2,136384,138784,2023144,2027260,1886760,1890876,192,1,false,false
5455,2,136384,138784,2034232,2038348,1897848,1901964,193,1,false,false
5456,1,136385,139488,4896180,4899528,4759795,4763143,486,1,false,false
5457,1,136385,139488,4906244,4909592,4769859,4773207,487,1,false,false
5458,1,136385,139488,4917076,4920424,4780691,4784039,488,1,false,false
5459,1,136385,139488,4927908,4931256,4791523,4794871,489,1,false,false
5460,2,136386,137121,1132408,1136012,996022,999626,102,1,false,false
5461,2,136386,137121,1142216,1145564,1005830,1009178,103,1,false,false
5462,2,136386,137121,1151256,1154604,1014870,1018218,104,1,false,false
5463,2,136386,137121,1162088,1165436,1025702,1029050,105,1,false,false
5464,1,136417,139424,4378740,4382856,4242323,4246439,434,1,false,false
5465,1,136417,139424,4389828,4393944,4253411,4257527,435,1,false,false
5466,1,136417,139424,4400148,4404264,4263731,4267847,436,1,false,false
5467,1,136417,139424,4410468,4414328,4274051,4277911,437,1,false,false
5468,1,136448,136448,1893396,1896232,1756948,1759784,180,1,false,false
5469,1,136448,136448,1903972,1906808,1767524,1770360,181,1,false,false
5470,1,136448,136448,1914548,1917128,1778100,1780680,182,1,false,false
5471,1,136448,136448,1924612,1927192,1788164,1790744,183,1,false,false
5472,1,136449,140992,6972436,6975272,6835987,6838823,708,1,false,false
5473,1,136449,140992,6982756,6985592,6846307,6849143,709,1,false,false
5474,1,136449,140992,6991284,6993864,6854835,6857415,710,1,false,false
5475,1,136449,140992,6999300,7001880,6862851,6865431,711,1,false,false
5476,3,136450,140992,9975028,9978632,9838578,9842182,1134,1,false,false
5477,3,136450,140992,9985584,9988932,9849134,9852482,1135,1,false,false
5478,3,136450,140992,9995372,9998720,9858922,9862270,1136,1,false,false
5479,3,136450,140992,10002856,10006204,9866406,9869754,1137,1,false,false
5480,2,136544,150274,7169720,7173324,7033176,7036780,728,1,false,false
5481,2,136544,150274,7179528,7182876,7042984,7046332,729,1,false,false
5482,2,136544,150274,7188824,7192172,7052280,7055628,730,1,false,false
5483,2,136544,150274,7197608,7200956,7061064,7064412,731,1,false,false
5484,1,136544,141857,7316564,7319400,7180020,7182856,744,1,false,false
5485,1,136544,141857,7327652,7330488,7191108,7193944,745,1,false,false
5486,1,136544,141857,7338996,7341576,7202452,7205032,746,1,false,false
5487,1,136544,141857,7349572,7352152,7213028,7215608,747,1,false,false
5488,1,136673,136992,2421588,2424936,2284915,2288263,232,1,false,false
5489,1,136673,136992,2431908,2435256,2295235,2298583,233,1,false,false
5490,1,136673,136992,2442228,2445576,2305555,2308903,234,1,false,false
5491,1,136673,136992,2452036,2455384,2315363,2318711,235,1,false,false
5492,1,136705,137729,3246708,3249544,3110003,3112839,322,1,false,false
5493,1,136705,137729,3253444,3256280,3116739,3119575,323,1,false,false
5494,1,136705,137729,3262484,3265064,3125779,3128359,324,1,false,false
5495,1,136705,137729,3271268,3273848,3134563,3137143,325,1,false,false
5496,1,136705,142369,8020640,8023476,7883935,7886771,829,1,false,false
5497,1,136705,142369,8027612,8030448,7890907,7893743,830,1,false,false
5498,1,136705,142369,8034584,8037164,7897879,7900459,831,1,false,false
5499,1,136705,142369,8041300,8043880,7904595,7907175,832,1,false,false
5500,1,136737,139488,4938740,4942344,4802003,4805607,490,1,false,false
5501,1,136737,139488,4951620,4954968,4814883,4818231,491,1,false,false
5502,1,136737,139488,4962452,4965800,4825715,4829063,492,1,false,false
5503,1,136737,139488,4973540,4976888,4836803,4840151,493,1,false,false
5504,1,136864,140033,6328740,6331576,6191876,6194712,633,1,false,false
5505,1,136864,140033,6338292,6341128,6201428,6204264,634,1,false,false
5506,1,136864,140033,6347844,6350424,6210980,6213560,635,1,false,false
5507,1,136864,140033,6358932,6361512,6222068,6224648,636,1,false,false
5508,3,136865,139328,5983292,5987408,5846427,5850543,597,1,false,false
5509,3,136865,139328,5993868,5997984,5857003,5861119,598,1,false,false
5510,3,136865,139328,6004188,6008304,5867323,5871439,599,1,false,false
5511,3,136865,139328,6014764,6018624,5877899,5881759,600,1,false,false
5512,2,136960,141857,4942344,4946716,4805384,4809756,490,1,false,false
5513,2,136960,141857,4954968,4959084,4818008,4822124,491,1,false,false
5514,2,136960,141857,4965800,4969916,4828840,4832956,492,1,false,false
5515,2,136960,141857,4976888,4981004,4839928,4844044,493,1,false,false
5516,1,136961,239810,10297888,10300724,10160927,10163763,1169,1,false,false
5517,1,136961,239810,10306140,10308976,10169179,10172015,1170,1,false,false
5518,1,136961,239810,10314392,10316972,10177431,10180011,1171,1,false,false
5519,1,136961,239810,10319828,10322408,10182867,10185447,1172,1,false,false
5520,2,136992,136992,752760,756108,615768,619116,70,1,false,false
5521,2,136992,136992,763592,766940,626600,629948,71,1,false,false
5522,2,136992,136992,774168,777516,637176,640524,72,1,false,false
5523,2,136992,136992,784488,787836,647496,650844,73,1,false,false
5524,0,136992,143616,11791236,11791512,11654244,11654520,1544,1,false,false
5525,2,136992,140033,3590408,3593244,3453416,3456252,362,1,false,false
5526,2,136992,140033,3598680,3601516,3461688,3464524,363,1,false,false
5527,2,136992,140033,3609000,3611580,3472008,3474588,364,1,false,false
5528,2,136992,140033,3619064,3621644,3482072,3484652,365,1,false,false
5529,1,137025,140992,7007316,7010152,6870291,6873127,712,1,false,false
5530,1,137025,140992,7015588,7018424,6878563,6881399,713,1,false,false
5531,1,137025,140992,7025396,7027976,6888371,6890951,714,1,false,false
5532,1,137025,140992,7034948,7037528,6897923,6900503,715,1,false,false
5533,1,137025,239810,10325264,10328868,10188239,10191843,1173,1,false,false
5534,1,137025,239810,10331724,10335072,10194699,10198047,1174,1,false,false
5535,1,137025,239810,10337672,10341020,10200647,10203995,1175,1,false,false
5536,1,137025,239810,10345924,10349272,10208899,10212247,1176,1,false,false
5537,1,137056,141857,7360148,7365800,7223092,7228744,748,1,false,false
5538,1,137056,141857,7372004,7377656,7234948,7240600,749,1,false,false
5539,1,137056,141857,7380788,7386440,7243732,7249384,750,1,false,false
5540,1,137056,141857,7393668,7399064,7256612,7262008,751,1,false,false
5541,1,137121,137121,2689044,2691880,2551923,2554759,260,1,false,false
5542,1,137121,137121,2698084,2700920,2560963,2563799,261,1,false,false
5543,1,137121,137121,2707124,2709704,2570003,2572583,262,1,false,false
5544,1,137121,137121,2715652,2718232,2578531,2581111,263,1,false,false
5545,1,137216,148128,9175308,9178144,9038092,9040928,1009,1,false,false
5546,1,137216,148128,9181000,9183836,9043784,9046620,1010,1,false,false
5547,1,137216,148128,9186692,9189272,9049476,9052056,1011,1,false,false
5548,1,137216,148128,9192128,9194708,9054912,9057492,1012,1,false,false
5549,1,137217,143329,8230492,8233328,8093275,8096111,862,1,false,false
5550,1,137217,143329,8236184,8239020,8098967,8101803,863,1,false,false
5551,1,137217,143329,8241876,8244456,8104659,8107239,864,1,false,false
5552,1,137217,143329,8247056,8249636,8109839,8112419,865,1,false,false
5553,1,137249,137601,3040244,3043848,2902995,2906599,298,1,false,false
5554,1,137249,137601,3049796,3053144,2912547,2915895,299,1,false,false
5555,1,137249,137601,3060628,3063976,2923379,2926727,300,1,false,false
5556,1,137249,137601,3071716,3075064,2934467,2937815,301,1,false,false
5557,2,137280,138784,2045064,2049436,1907784,1912156,194,1,false,false
5558,2,137280,138784,2055896,2060012,1918616,1922732,195,1,false,false
5559,2,137280,138784,2066728,2070844,1929448,1933564,196,1,false,false
5560,2,137280,138784,2077816,2081932,1940536,1944652,197,1,false,false
5561,1,137281,139328,3796532,3799368,3659251,3662087,382,1,false,false
5562,1,137281,139328,3807620,3810456,3670339,3673175,383,1,false,false
5563,1,137281,139328,3817428,3820008,3680147,3682727,384,1,false,false
5564,1,137281,139328,3826980,3829560,3689699,3692279,385,1,false,false
5565,1,137313,143616,8823772,8826608,8686459,8689295,958,1,false,false
5566,1,137313,143616,8830744,8833580,8693431,8696267,959,1,false,false
5567,1,137313,143616,8837716,8840296,8700403,8702983,960,1,false,false
5568,1,137313,143616,8843152,8845732,8705839,8708419,961,1,false,false
5569,1,137408,139424,4420532,4425928,4283124,4288520,438,1,false,false
5570,1,137408,139424,4432900,4438296,4295492,4300888,439,1,false,false
5571,1,137408,139424,4446036,4451432,4308628,4314024,440,1,false,false
5572,1,137408,139424,4458916,4464056,4321508,4326648,441,1,false,false
5573,1,137408,139969,5825108,5827944,5687700,5690536,584,1,false,false
5574,1,137408,139969,5837732,5840568,5700324,5703160,585,1,false,false
5575,1,137408,139969,5850100,5852680,5712692,5715272,586,1,false,false
5576,1,137408,139969,5861956,5864536,5724548,5727128,587,1,false,false
5577,1,137440,151105,10078564,10081400,9941124,9943960,1147,1,false,false
5578,1,137440,151105,10085536,10088372,9948096,9950932,1148,1,false,false
5579,1,137440,151105,10092508,10095344,9955068,9957904,1149,1,false,false
5580,1,137440,151105,10099480,10102060,9962040,9964620,1150,1,false,false
5581,1,137472,151105,10106196,10109800,9968724,9972328,1151,1,false,false
5582,1,137472,151105,10113936,10117284,9976464,9979812,1152,1,false,false
5583,1,137472,151105,10121420,10124768,9983948,9987296,1153,1,false,false
5584,1,137472,151105,10128904,10132252,9991432,9994780,1154,1,false,false
5585,1,137472,142016,7846356,7848424,7708884,7710952,800,1,false,false
5586,1,137472,142016,7851280,7853348,7713808,7715876,801,1,false,false
5587,1,137472,142016,7856204,7858272,7718732,7720800,802,1,false,false
5588,1,137472,142016,7861128,7863196,7723656,7725724,803,1,false,false
5589,1,137473,141857,7405780,7408616,7268307,7271143,752,1,false,false
5590,1,137473,141857,7416356,7419192,7278883,7281719,753,1,false,false
5591,1,137473,141857,7426932,7429512,7289459,7292039,754,1,false,false
5592,1,137473,141857,7434948,7437528,7297475,7300055,755,1,false,false
5593,1,137505,142369,8046224,8049060,7908719,7911555,833,1,false,false
5594,1,137505,142369,8052684,8055520,7915179,7918015,834,1,false,false
5595,1,137505,142369,8058888,8061468,7921383,7923963,835,1,false,false
5596,1,137505,142369,8064836,8067416,7927331,7929911,836,1,false,false
5597,1,137568,143456,8571516,8574352,8433948,8436784,918,1,false,false
5598,1,137568,143456,8577208,8580044,8439640,8442476,919,1,false,false
5599,1,137568,143456,8582900,8585480,8445332,8447912,920,1,false,false
5600,1,137568,143456,8588336,8590916,8450768,8453348,921,1,false,false
5601,2,137570,137729,1673800,1676636,1536230,1539066,159,1,false,false
5602,2,137570,137729,1683352,1686188,1545782,1548618,160,1,false,false
5603,2,137570,137729,1693928,1696508,1556358,1558938,161,1,false,false
5604,2,137570,137729,1704248,1706828,1566678,1569258,162,1,false,false
5605,2,137601,137601,1376584,1380188,1238983,1242587,127,1,false,false
5606,2,137601,137601,1386136,1389484,1248535,1251883,128,1,false,false
5607,2,137601,137601,1395688,1399036,1258087,1261435,129,1,false,false
5608,2,137601,137601,1405240,1408588,1267639,1270987,130,1,false,false
5609,1,137728,139424,4471540,4475656,4333812,4337928,442,1,false,false
5610,1,137728,139424,4481860,4485976,4344132,4348248,443,1,false,false
5611,1,137728,139424,4492436,4496552,4354708,4358824,444,1,false,false
5612,1,137728,139424,4502500,4506360,4364772,4368632,445,1,false,false
5613,2,137729,137729,1714312,1717148,1576583,1579419,163,1,false,false
5614,2,137729,137729,1724376,1727212,1586647,1589483,164,1,false,false
5615,2,137729,137729,1732904,1735484,1595175,1597755,165,1,false,false
5616,2,137729,137729,1741176,1743756,1603447,1606027,166,1,false,false
5617,1,137729,140960,6709252,6709528,6571523,6571799,679,1,false,false
5618,1,137857,138784,3457524,3460360,3319667,3322503,346,1,false,false
5619,1,137857,138784,3466564,3469400,3328707,3331543,347,1,false,false
5620,1,137857,138784,3475092,3477672,3337235,3339815,348,1,false,false
5621,1,137857,138784,3483108,3485688,3345251,3347831,349,1,false,false
5622,1,137920,140992,7044244,7047080,6906324,6909160,716,1,false,false
5623,1,137920,140992,7053796,7056632,6915876,6918712,717,1,false,false
5624,1,137920,140992,7063604,7066184,6925684,6928264,718,1,false,false
5625,1,137920,140992,7073156,7075736,6935236,6937816,719,1,false,false
5626,2,137920,141857,4988232,4991068,4850312,4853148,494,1,false,false
5627,2,137920,141857,4997784,5000620,4859864,4862700,495,1,false,false
5628,2,137920,141857,5010152,5012732,4872232,4874812,496,1,false,false
5629,2,137920,141857,5022264,5024844,4884344,4886924,497,1,false,false
5630,2,138080,140768,4154696,4159068,4016616,4020988,414,1,false,false
5631,2,138080,140768,4166552,4170668,4028472,4032588,415,1,false,false
5632,2,138080,140768,4177640,4181756,4039560,4043676,416,1,false,false
5633,2,138080,140768,4188472,4192588,4050392,4054508,417,1,false,false
5634,2,138177,139328,2262552,2263340,2124375,2125163,215,1,false,false
5635,2,138177,139328,2269544,2270332,2131367,2132155,216,1,false,false
5636,2,138177,139328,2276792,2277580,2138615,2139403,217,1,false,false
5637,2,138177,139328,2283784,2284572,2145607,2146395,218,1,false,false
5638,1,138240,141857,7442708,7445544,7304468,7307304,756,1,false,false
5639,1,138240,141857,7451236,7454072,7312996,7315832,757,1,false,false
5640,1,138240,141857,7459764,7462344,7321524,7324104,758,1,false,false
5641,1,138240,141857,7468804,7471384,7330564,7333144,759,1,false,false
5642,2,138304,239810,7575432,7578268,7437128,7439964,758,1,false,false
5643,2,138304,239810,7584728,7587564,7446424,7449260,759,1,false,false
5644,2,138304,239810,7595048,7597628,7456744,7459324,760,1,false,false
5645,2,138304,239810,7605368,7607948,7467064,7469644,761,1,false,false
5646,1,138496,139328,3836532,3839368,3698036,3700872,386,1,false,false
5647,1,138496,139328,3846340,3849176,3707844,3710680,387,1,false,false
5648,1,138496,139328,3857428,3860008,3718932,3721512,388,1,false,false
5649,1,138496,139328,3868260,3870840,3729764,3732344,389,1,false,false
5650,2,138561,141857,5033864,5036700,4895303,4898139,498,1,false,false
5651,2,138561,141857,5045464,5048300,4906903,4909739,499,1,false,false
5652,2,138561,141857,5057064,5059644,4918503,4921083,500,1,false,false
5653,2,138561,141857,5068408,5070988,4929847,4932427,501,1,false,false
5654,1,138625,149473,9415292,9418128,9276667,9279503,1045,1,false,false
5655,1,138625,149473,9422520,9425356,9283895,9286731,1046,1,false,false
5656,1,138625,149473,9429236,9432072,9290611,9293447,1047,1,false,false
5657,1,138625,149473,9435952,9438532,9297327,9299907,1048,1,false,false
5658,1,138657,139328,3879092,3881928,3740435,3743271,390,1,false,false
5659,1,138657,139328,3890180,3893016,3751523,3754359,391,1,false,false
5660,1,138657,139328,3899988,3902568,3761331,3763911,392,1,false,false
5661,1,138657,139328,3912868,3915448,3774211,3776791,393,1,false,false
5662,1,138689,140992,7082452,7085288,6943763,6946599,720,1,false,false
5663,1,138689,140992,7092260,7095096,6953571,6956407,721,1,false,false
5664,1,138689,140992,7100788,7103368,6962099,6964679,722,1,false,false
5665,1,138689,140992,7108548,7111128,6969859,6972439,723,1,false,false
5666,2,138784,138784,2088904,2091740,1950120,1952956,198,1,false,false
5667,2,138784,138784,2098456,2101292,1959672,1962508,199,1,false,false
5668,2,138784,138784,2108776,2111356,1969992,1972572,200,1,false,false
5669,2,138784,138784,2119096,2121676,1980312,1982892,201,1,false,false
5670,1,139040,140992,7116308,7119144,6977268,6980104,724,1,false,false
5671,1,139040,140992,7125348,7128184,6986308,6989144,725,1,false,false
5672,1,139040,140992,7136692,7139272,6997652,7000232,726,1,false,false
5673,1,139040,140992,7147268,7149848,7008228,7010808,727,1,false,false
5674,2,139040,139552,2761896,2764732,2622856,2625692,268,1,false,false
5675,2,139040,139552,2771192,2774028,2632152,2634988,269,1,false,false
5676,2,139040,139552,2780232,2782812,2641192,2643772,270,1,false,false
5677,2,139040,139552,2788760,2791340,2649720,2652300,271,1,false,false
5678,1,139072,149473,9441900,9445504,9302828,9306432,1049,1,false,false
5679,1,139072,149473,9448872,9452220,9309800,9313148,1050,1,false,false
5680,1,139072,149473,9455332,9458680,9316260,9319608,1051,1,false,false
5681,1,139072,149473,9461792,9465140,9322720,9326068,1052,1,false,false
5682,1,139232,150274,9747492,9750328,9608260,9611096,1099,1,false,false
5683,1,139232,150274,9753696,9756532,9614464,9617300,1100,1,false,false
5684,1,139232,150274,9759900,9762480,9620668,9623248,1101,1,false,false
5685,1,139232,150274,9765336,9767916,9626104,9628684,1102,1,false,false
5686,1,139234,143456,8593516,8596352,8454282,8457118,922,1,false,false
5687,1,139234,143456,8599208,8602044,8459974,8462810,923,1,false,false
5688,1,139234,143456,8604900,8607480,8465666,8468246,924,1,false,false
5689,1,139234,143456,8610336,8612916,8471102,8473682,925,1,false,false
5690,2,139328,139328,2290264,2293100,2150936,2153772,219,1,false,false
5691,2,139328,139328,2300840,2303676,2161512,2164348,220,1,false,false
5692,2,139328,139328,2311160,2313740,2171832,2174412,221,1,false,false
5693,2,139328,139328,2321224,2323804,2181896,2184476,222,1,false,false
5694,1,139392,139969,5875092,5875368,5735700,5735976,588,1,false,false
5695,1,139424,139424,4512308,4516424,4372884,4377000,446,1,false,false
5696,1,139424,139424,4523140,4527256,4383716,4387832,447,1,false,false
5697,1,139424,139424,4533460,4537576,4394036,4398152,448,1,false,false
5698,1,139424,139424,4543780,4547640,4404356,4408216,449,1,false,false
5699,1,139488,139488,4984628,4988232,4845140,4848744,494,1,false,false
5700,1,139488,139488,4994436,4997784,4854948,4858296,495,1,false,false
5701,1,139488,139488,5006804,5010152,4867316,4870664,496,1,false,false
5702,1,139488,139488,5018916,5022264,4879428,4882776,497,1,false,false
5703,1,139552,139552,5275380,5278216,5135828,5138664,522,1,false,false
5704,1,139552,139552,5285700,5288536,5146148,5148984,523,1,false,false
5705,1,139552,139552,5294740,5297320,5155188,5157768,524,1,false,false
5706,1,139552,139552,5303524,5306104,5163972,5166552,525,1,false,false
5707,1,139553,149473,9468252,9471856,9328699,9332303,1053,1,false,false
5708,1,139553,149473,9475224,9478572,9335671,9339019,1054,1,false,false
5709,1,139553,149473,9481940,9485288,9342387,9345735,1055,1,false,false
5710,1,139553,149473,9488656,9492004,9349103,9352451,1056,1,false,false
5711,2,139904,139904,3113528,3116364,2973624,2976460,305,1,false,false
5712,2,139904,139904,3123848,3126684,2983944,2986780,306,1,false,false
5713,2,139904,139904,3134168,3136748,2994264,2996844,307,1,false,false
5714,2,139904,139904,3141160,3143740,3001256,3003836,308,1,false,false
5715,1,139969,139969,5885668,5888504,5745699,5748535,589,1,false,false
5716,1,139969,139969,5898804,5901640,5758835,5761671,590,1,false,false
5717,1,139969,139969,5911940,5914520,5771971,5774551,591,1,false,false
5718,1,139969,139969,5924820,5927400,5784851,5787431,592,1,false,false
5719,2,140033,140033,3629128,3631964,3489095,3491931,366,1,false,false
5720,2,140033,140033,3639448,3642284,3499415,3502251,367,1,false,false
5721,2,140033,140033,3649768,3652348,3509735,3512315,368,1,false,false
5722,2,140033,140033,3659832,3662412,3519799,3522379,369,1,false,false
5723,2,140768,140768,4199560,4203932,4058792,4063164,418,1,false,false
5724,2,140768,140768,4210648,4215020,4069880,4074252,419,1,false,false
5725,2,140768,140768,4223272,4227388,4082504,4086620,420,1,false,false
5726,2,140768,140768,4235384,4239500,4094616,4098732,421,1,false,false
5727,1,140960,140960,6715476,6718312,6574516,6577352,680,1,false,false
5728,1,140960,140960,6724772,6727608,6583812,6586648,681,1,false,false
5729,1,140960,140960,6733812,6736392,6592852,6595432,682,1,false,false
5730,1,140960,140960,6742340,6744920,6601380,6603960,683,1,false,false
5731,2,140992,140992,4771512,4774348,4630520,4633356,473,1,false,false
5732,2,140992,140992,4782088,4784924,4641096,4643932,474,1,false,false
5733,2,140992,140992,4792408,4794988,4651416,4653996,475,1,false,false
5734,2,140992,140992,4804008,4806588,4663016,4665596,476,1,false,false
5735,1,141025,143456,8615516,8617584,8474491,8476559,926,1,false,false
5736,1,141025,143456,8620440,8622508,8479415,8481483,927,1,false,false
5737,1,141025,143456,8625364,8627432,8484339,8486407,928,1,false,false
5738,1,141025,143456,8631056,8633124,8490031,8492099,929,1,false,false
5739,3,141440,149473,12257728,12259796,12116288,12118356,1673,1,false,false
5740,3,141440,149473,12261096,12263164,12119656,12121724,1674,1,false,false
5741,3,141440,149473,12264464,12266532,12123024,12125092,1675,1,false,false
5742,3,141440,149473,12267832,12269900,12126392,12128460,1676,1,false,false
5743,1,141857,141857,7477332,7480168,7335475,7338311,760,1,false,false
5744,1,141857,141857,7486372,7489208,7344515,7347351,761,1,false,false
5745,1,141857,141857,7495412,7497992,7353555,7356135,762,1,false,false
5746,1,141857,141857,7504196,7506776,7362339,7364919,763,1,false,false
5747,2,142016,142016,5238984,5241820,5096968,5099804,518,1,false,false
5748,2,142016,142016,5247768,5250604,5105752,5108588,519,1,false,false
5749,2,142016,142016,5257832,5260412,5115816,5118396,520,1,false,false
5750,2,142016,142016,5267896,5270476,5125880,5128460,521,1,false,false
5751,2,142369,142369,5497560,5500396,5355191,5358027,547,1,false,false
5752,2,142369,142369,5509160,5511996,5366791,5369627,548,1,false,false
5753,2,142369,142369,5521016,5523596,5378647,5381227,549,1,false,false
5754,2,142369,142369,5532616,5535196,5390247,5392827,550,1,false,false
5755,1,143329,143329,8253260,8256096,8109931,8112767,866,1,false,false
5756,1,143329,143329,8259464,8262300,8116135,8118971,867,1,false,false
5757,1,143329,143329,8265668,8268248,8122339,8124919,868,1,false,false
5758,1,143329,143329,8273152,8275732,8129823,8132403,869,1,false,false
5759,2,143362,143362,6215256,6218092,6071894,6074730,619,1,false,false
5760,2,143362,143362,6224040,6226876,6080678,6083514,620,1,false,false
5761,2,143362,143362,6233336,6235916,6089974,6092554,621,1,false,false
5762,2,143362,143362,6242120,6244700,6098758,6101338,622,1,false,false
5763,2,143456,143456,6408920,6411756,6265464,6268300,643,1,false,false
5764,2,143456,143456,6414632,6417468,6271176,6274012,644,1,false,false
5765,2,143456,143456,6422648,6425228,6279192,6281772,645,1,false,false
5766,2,143456,143456,6429896,6432476,6286440,6289020,646,1,false,false
5767,1,143616,143616,8848588,8851424,8704972,8707808,962,1,false,false
5768,1,143616,143616,8853000,8855836,8709384,8712220,963,1,false,false
5769,1,143616,143616,8857156,8859736,8713540,8716120,964,1,false,false
5770,1,143616,143616,8862592,8865172,8718976,8721556,965,1,false,false
5771,1,148128,148128,9196796,9200400,9048668,9052272,1013,1,false,false
5772,1,148128,148128,9202488,9205836,9054360,9057708,1014,1,false,false
5773,1,148128,148128,9207924,9211272,9059796,9063144,1015,1,false,false
5774,1,148128,148128,9213360,9216708,9065232,9068580,1016,1,false,false
5775,1,149473,149473,9495116,9498720,9345643,9349247,1057,1,false,false
5776,1,149473,149473,9502344,9505692,9352871,9356219,1058,1,false,false
5777,1,149473,149473,9509060,9512408,9359587,9362935,1059,1,false,false
5778,1,149473,149473,9515776,9519124,9366303,9369651,1060,1,false,false
5779,1,150274,150274,9770772,9773608,9620498,9623334,1103,1,false,false
5780,1,150274,150274,9776464,9779300,9626190,9629026,1104,1,false,false
5781,1,150274,150274,9781900,9784480,9631626,9634206,1105,1,false,false
5782,1,150274,150274,9788616,9791196,9638342,9640922,1106,1,false,false
5783,1,151105,151105,10135876,10138712,9984771,9987607,1155,1,false,false
5784,1,151105,151105,10142080,10144916,9990975,9993811,1156,1,false,false
5785,1,151105,151105,10148284,10151120,9997179,10000015,1157,1,false,false
5786,1,151105,151105,10154488,10157068,10003383,10005963,1158,1,false,false
5787,1,158176,1165477,10431952,10436324,10273776,10278148,1097,1,false,false
5788,1,158176,1165477,10439180,10443552,10281004,10285376,1098,1,false,false
5789,1,158176,1165477,10446152,10450268,10287976,10292092,1099,1,false,false
5790,1,158176,1165477,10453124,10457240,10294948,10299064,1100,1,false,false
5791,1,159649,1165477,10460096,10464468,10300447,10304819,1101,1,false,false
5792,1,159649,1165477,10467324,10471696,10307675,10312047,1102,1,false,false
5793,1,159649,1165477,10474296,10478412,10314647,10318763,1103,1,false,false
5794,1,159649,1165477,10481268,10485384,10321619,10325735,1104,1,false,false
5795,1,161664,1165477,10488240,10489796,10326576,10328132,1105,1,false,false
5796,1,161664,1165477,10492652,10493952,10330988,10332288,1106,1,false,false
5797,1,161664,1165477,10496552,10497852,10334888,10336188,1107,1,false,false
5798,1,161664,1165477,10501988,10503288,10340324,10341624,1108,1,false,false
5799,1,161696,1165477,10507424,10513076,10345728,10351380,1109,1,false,false
5800,1,161696,1165477,10517212,10522864,10355516,10361168,1110,1,false,false
5801,1,161696,1165477,10526744,10532396,10365048,10370700,1111,1,false,false
5802,1,161696,1165477,10536532,10541928,10374836,10380232,1112,1,false,false
5803,2,161761,1165477,7622936,7625772,7461175,7464011,671,1,false,false
5804,2,161761,1165477,7632488,7635324,7470727,7473563,672,1,false,false
5805,2,161761,1165477,7642552,7645132,7480791,7483371,673,1,false,false
5806,2,161761,1165477,7651848,7654428,7490087,7492667,674,1,false,false
5807,2,161762,1165477,7660888,7663724,7499126,7501962,675,1,false,false
5808,2,161762,1165477,7670440,7673276,7508678,7511514,676,1,false,false
5809,2,161762,1165477,7678968,7681548,7517206,7519786,677,1,false,false
5810,2,161762,1165477,7687240,7689820,7525478,7528058,678,1,false,false
5811,2,162144,1165477,7695256,7698092,7533112,7535948,679,1,false,false
5812,2,162144,1165477,7704296,7707132,7542152,7544988,680,1,false,false
5813,2,162144,1165477,7714616,7717196,7552472,7555052,681,1,false,false
5814,2,162144,1165477,7724680,7727260,7562536,7565116,682,1,false,false
5815,2,162400,1165477,7734744,7737580,7572344,7575180,683,1,false,false
5816,2,162400,1165477,7744552,7747388,7582152,7584988,684,1,false,false
5817,2,162400,1165477,7753080,7755660,7590680,7593260,685,1,false,false
5818,2,162400,1165477,7761096,7763676,7598696,7601276,686,1,false,false
5819,1,162657,1165477,10546064,10548900,10383407,10386243,1113,1,false,false
5820,1,162657,1165477,10553036,10555872,10390379,10393215,1114,1,false,false
5821,1,162657,1165477,10559752,10562332,10397095,10399675,1115,1,false,false
5822,1,162657,1165477,10566468,10569048,10403811,10406391,1116,1,false,false
5823,2,163330,1165477,7769112,7771948,7605782,7608618,687,1,false,false
5824,2,163330,1165477,7777384,7780220,7614054,7616890,688,1,false,false
5825,2,163330,1165477,7785912,7788492,7622582,7625162,689,1,false,false
5826,2,163330,1165477,7793928,7796508,7630598,7633178,690,1,false,false
5827,2,165889,1165477,7801944,7806316,7636055,7640427,691,1,false,false
5828,2,165889,1165477,7812264,7816636,7646375,7650747,692,1,false,false
5829,2,165889,1165477,7822840,7826956,7656951,7661067,693,1,false,false
5830,2,165889,1165477,7833160,7837276,7667271,7671387,694,1,false,false
5831,1,167424,1165477,10573184,10576020,10405760,10408596,1117,1,false,false
5832,1,167424,1165477,10580156,10582992,10412732,10415568,1118,1,false,false
5833,1,167424,1165477,10586872,10589452,10419448,10422028,1119,1,false,false
5834,1,167424,1165477,10592308,10594888,10424884,10427464,1120,1,false,false
5835,1,168512,1165477,10597744,10600580,10429232,10432068,1121,1,false,false
5836,1,168512,1165477,10603436,10606272,10434924,10437760,1122,1,false,false
5837,1,168512,1165477,10608872,10611452,10440360,10442940,1123,1,false,false
5838,1,168512,1165477,10616356,10618936,10447844,10450424,1124,1,false,false
5839,1,239810,239810,10354176,10357012,10114366,10117202,1177,1,false,false
5840,1,239810,239810,10361660,10364496,10121850,10124686,1178,1,false,false
5841,1,239810,239810,10369144,10371724,10129334,10131914,1179,1,false,false
5842,1,239810,239810,10375860,10378440,10136050,10138630,1180,1,false,false
5843,0,940133,1165477,13050836,13051624,12110703,12111491,1794,1,false,false
5844,0,940133,1165477,13053692,13054480,12113559,12114347,1795,1,false,false
5845,0,940133,1165477,13056548,13057336,12116415,12117203,1796,1,false,false
5846,0,940133,1165477,13059404,13059936,12119271,12119803,1797,1,false,false
5847,2,1165477,1165477,7843480,7843756,6678003,6678279,695,1,false,false
